pembayaran_id,nim,semester_id,tanggal_bayar_raw,nominal_tagihan,nominal_bayar,status_pembayaran,kanal
PAY0009501,21TI0001,2025G,2025-09-03,5500000,5500000,Lunas,Loket Kampus
PAY0009502,21TI0015,2025G,2025-09-10,5500000,5500000,Lunas,Loket Kampus
PAY0009503,21TI0017,2025G,2025-09-02,5500000,5500000,Lunas,Transfer Bank
PAY0009504,21TI0039,2025G,12-Sep-2025,5500000,3400000,Cicilan,Loket Kampus
PAY0009505,21TI0040,2025G,2025-09-20,5500000,5500000,Lunas,Transfer Bank
PAY0009506,21TI0041,2025G,2025-09-26,5500000,3000000,Cicilan,E-Wallet
PAY0009507,21TI0054,2025G,2025-09-04,5500000,5500000,Lunas,Loket Kampus
PAY0009508,21TI0055,2025G,2025-09-02,5500000,5500000,Lunas,VA Bank
PAY0009509,21TI0056,2025G,2025-09-11,5500000,5500000,Lunas,Transfer Bank
PAY0009510,21TI0058,2025G,2025-08-27,5500000,5500000,Lunas,E-Wallet
PAY0009511,21TI0069,2025G,2025-08-25,5500000,5500000,Lunas,VA Bank
PAY0009512,21TI0071,2025G,2025-09-10,5500000,5500000,Lunas,VA Bank
PAY0009513,21TI0073,2025G,2025-09-30,5500000,5500000,Lunas,VA Bank
PAY0009514,21TI0074,2025G,2025-08-23,5500000,5500000,Lunas,Transfer Bank
PAY0009515,21TI0079,2025G,2025-08-25,5500000,5500000,Lunas,VA Bank
PAY0009516,21SI0007,2025G,24-Aug-2025,5250000,5250000,Lunas,Loket Kampus
PAY0009517,21SI0008,2025G,2025-10-02,5250000,5250000,Lunas,VA Bank
PAY0009518,21SI0009,2025G,20/08/2025,5250000,5250000,Lunas,Transfer Bank
PAY0009519,21SI0010,2025G,2025-08-23,5250000,5250000,Lunas,Transfer Bank
PAY0009520,21SI0014,2025G,2025-09-27,5250000,5250000,Lunas,E-Wallet
PAY0009521,21SI0018,2025G,2025-09-21,5250000,5250000,Lunas,Loket Kampus
PAY0009522,21SI0022,2025G,27/08/2025,5250000,3000000,Cicilan,E-Wallet
PAY0009523,21SI0030,2025G,2025-08-31,5250000,5250000,Lunas,Transfer Bank
PAY0009524,21SI0032,2025G,04-Sep-2025,5250000,5250000,Lunas,VA Bank
PAY0009525,21SI0037,2025G,2025-10-03,5250000,5250000,Lunas,E-Wallet
PAY0009526,21SI0040,2025G,2025-09-22,5250000,2100000,Cicilan,VA Bank
PAY0009527,21SI0043,2025G,19/09/2025,5250000,5250000,Lunas,Transfer Bank
PAY0009528,21SI0045,2025G,01-Oct-2025,5250000,5250000,Lunas,VA Bank
PAY0009529,21SI0048,2025G,2025-09-02,5250000,5250000,Lunas,Loket Kampus
PAY0009530,21SI0049,2025G,2025-09-16,5250000,5250000,Lunas,Loket Kampus
PAY0009531,21SI0052,2025G,2025-09-13,5250000,5250000,Lunas,VA Bank
PAY0009532,21SI0061,2025G,2025-09-11,5250000,5250000,Lunas,Transfer Bank
PAY0009533,21SI0063,2025G,11-Sep-2025,5250000,5250000,Lunas,E-Wallet
PAY0009534,21SI0065,2025G,26/09/2025,5250000,5250000,Lunas,E-Wallet
PAY0009535,21SI0071,2025G,2025-08-28,5250000,5250000,Lunas,E-Wallet
PAY0009536,21SI0074,2025G,2025-09-21,5250000,5250000,Lunas,Transfer Bank
PAY0009537,21SI0075,2025G,2025-09-16,5250000,5250000,Lunas,Transfer Bank
PAY0009538,21IF0015,2025G,2025-08-31,5750000,3800000,Cicilan,Loket Kampus
PAY0009539,21IF0016,2025G,23/08/2025,5750000,5750000,Lunas,E-Wallet
PAY0009540,21IF0018,2025G,2025-09-12,5750000,5750000,Lunas,VA Bank
PAY0009541,21IF0024,2025G,02/10/2025,5750000,3800000,Cicilan,VA Bank
PAY0009542,21IF0025,2025G,2025-09-15,5750000,5750000,Lunas,VA Bank
PAY0009543,21IF0030,2025G,2025-09-22,5750000,5750000,Lunas,Transfer Bank
PAY0009544,21IF0040,2025G,2025-09-19,5750000,5750000,Lunas,Loket Kampus
PAY0009545,21IF0041,2025G,2025-09-10,5750000,5750000,Lunas,Loket Kampus
PAY0009546,21IF0053,2025G,19/09/2025,5750000,5750000,Lunas,E-Wallet
PAY0009547,21IF0058,2025G,2025-09-20,5750000,5750000,Lunas,Transfer Bank
PAY0009548,21IF0062,2025G,2025-10-03,5750000,5750000,Lunas,Loket Kampus
PAY0009549,21IF0065,2025G,20/09/2025,5750000,5750000,Lunas,VA Bank
PAY0009550,21IF0070,2025G,2025-09-26,5750000,5750000,Lunas,VA Bank
PAY0009551,21IF0072,2025G,2025-08-22,5750000,5750000,Lunas,E-Wallet
PAY0009552,21IF0083,2025G,2025-09-11,5750000,5750000,Lunas,E-Wallet
PAY0009553,21DS0001,2025G,22/08/2025,6000000,6000000,Lunas,Transfer Bank
PAY0009554,21DS0002,2025G,2025-09-18,6000000,4500000,Cicilan,VA Bank
PAY0009555,21DS0008,2025G,2025-08-27,6000000,6000000,Lunas,Transfer Bank
PAY0009556,21DS0011,2025G,,6000000,0,Belum Lunas,Transfer Bank
PAY0009557,21DS0013,2025G,2025-10-04,6000000,6000000,Lunas,E-Wallet
PAY0009558,21DS0016,2025G,04/10/2025,6000000,6000000,Lunas,E-Wallet
PAY0009559,21DS0018,2025G,2025-08-25,6000000,6000000,Lunas,E-Wallet
PAY0009560,21DS0024,2025G,18-Sep-2025,6000000,6000000,Lunas,VA Bank
PAY0009561,21DS0029,2025G,04/10/2025,6000000,6000000,Lunas,VA Bank
PAY0009562,21DS0036,2025G,22-Aug-2025,6000000,6000000,Lunas,E-Wallet
PAY0009563,21DS0038,2025G,2025-10-03,6000000,6000000,Lunas,VA Bank
PAY0009564,21DS0042,2025G,02-Sep-2025,6000000,6000000,Lunas,Loket Kampus
PAY0009565,21DS0045,2025G,22-Aug-2025,6000000,6000000,Lunas,Transfer Bank
PAY0009566,21DS0050,2025G,10-Sep-2025,6000000,6000000,Lunas,VA Bank
PAY0009567,21DS0061,2025G,2025-08-24,6000000,6000000,Lunas,Loket Kampus
PAY0009568,21TR0004,2025G,2025-09-30,5700000,5700000,Lunas,E-Wallet
PAY0009569,21TR0007,2025G,2025-08-30,5700000,4200000,Cicilan,E-Wallet
PAY0009570,21TR0010,2025G,2025-09-10,5700000,5700000,Lunas,Transfer Bank
PAY0009571,21TR0013,2025G,2025-08-20,5700000,5700000,Lunas,Transfer Bank
PAY0009572,21TR0014,2025G,2025-09-29,5700000,5700000,Lunas,E-Wallet
PAY0009573,21TR0016,2025G,2025-09-08,5700000,5700000,Lunas,Loket Kampus
PAY0009574,21TR0021,2025G,18-Sep-2025,5700000,5700000,Lunas,VA Bank
PAY0009575,21TR0023,2025G,04/09/2025,5700000,5700000,Lunas,VA Bank
PAY0009576,21TR0024,2025G,2025-09-27,5700000,5700000,Lunas,Transfer Bank
PAY0009577,21TR0025,2025G,2025-09-29,5700000,3000000,Cicilan,E-Wallet
PAY0009578,21TR0026,2025G,2025-08-29,5700000,5700000,Lunas,E-Wallet
PAY0009579,21TR0027,2025G,2025-08-22,5700000,5700000,Lunas,Loket Kampus
PAY0009580,21TR0035,2025G,2025-10-03,5700000,5700000,Lunas,Loket Kampus
PAY0009581,21TR0042,2025G,2025-08-22,5700000,5700000,Lunas,E-Wallet
PAY0009582,21TR0043,2025G,2025-09-08,5700000,5700000,Lunas,E-Wallet
PAY0009583,21TR0044,2025G,2025-09-11,5700000,5700000,Lunas,VA Bank
PAY0009584,21TR0046,2025G,26/09/2025,5700000,5700000,Lunas,E-Wallet
PAY0009585,21TR0048,2025G,2025-09-03,5700000,5700000,Lunas,Loket Kampus
PAY0009586,21TR0049,2025G,14/09/2025,5700000,5700000,Lunas,VA Bank
PAY0009587,21TR0061,2025G,2025-09-03,5700000,5700000,Lunas,E-Wallet
PAY0009588,21BD0002,2025G,2025-08-25,5000000,5000000,Lunas,E-Wallet
PAY0009589,21BD0008,2025G,2025-09-18,5000000,5000000,Lunas,Transfer Bank
PAY0009590,21BD0011,2025G,2025-10-04,5000000,3300000,Cicilan,E-Wallet
PAY0009591,21BD0012,2025G,,5000000,0,Belum Lunas,Loket Kampus
PAY0009592,21BD0019,2025G,20/08/2025,5000000,5000000,Lunas,Loket Kampus
PAY0009593,21BD0020,2025G,30/09/2025,5000000,5000000,Lunas,VA Bank
PAY0009594,21BD0022,2025G,2025-09-04,5000000,2000000,Cicilan,Transfer Bank
PAY0009595,21BD0026,2025G,2025-09-30,5000000,5000000,Lunas,VA Bank
PAY0009596,21BD0032,2025G,2025-09-21,5000000,5000000,Lunas,E-Wallet
PAY0009597,21BD0036,2025G,2025-09-14,5000000,5000000,Lunas,VA Bank
PAY0009598,21BD0040,2025G,2025-09-06,5000000,5000000,Lunas,E-Wallet
PAY0009599,21BD0046,2025G,2025-09-28,5000000,5000000,Lunas,VA Bank
PAY0009600,21BD0054,2025G,2025-08-23,5000000,5000000,Lunas,Transfer Bank
PAY0009601,21BD0057,2025G,2025-10-04,5000000,5000000,Lunas,Loket Kampus
PAY0009602,21BD0059,2025G,2025-09-14,5000000,5000000,Lunas,Transfer Bank
PAY0009603,21BD0062,2025G,2025-09-10,5000000,5000000,Lunas,Transfer Bank
PAY0009604,21BD0066,2025G,,5000000,0,Belum Lunas,E-Wallet
PAY0009605,21BD0067,2025G,2025-08-27,5000000,5000000,Lunas,Loket Kampus
PAY0009606,22TI0001,2025G,2025-09-18,5500000,5500000,Lunas,Loket Kampus
PAY0009607,22TI0002,2025G,2025-09-02,5500000,5500000,Lunas,Transfer Bank
PAY0009608,22TI0003,2025G,2025-10-04,5500000,5500000,Lunas,Loket Kampus
PAY0009609,22TI0004,2025G,13/09/2025,5500000,5500000,Lunas,Loket Kampus
PAY0009610,22TI0005,2025G,2025-10-04,5500000,5500000,Lunas,Transfer Bank
PAY0009611,22TI0006,2025G,,5500000,0,Belum Lunas,E-Wallet
PAY0009612,22TI0007,2025G,2025-09-27,5500000,5500000,Lunas,E-Wallet
PAY0009613,22TI0008,2025G,2025-08-31,5500000,5500000,Lunas,E-Wallet
PAY0009614,22TI0009,2025G,2025-09-04,5500000,5500000,Lunas,E-Wallet
PAY0009615,22TI0010,2025G,30-Aug-2025,5500000,5500000,Lunas,Loket Kampus
PAY0009616,22TI0011,2025G,2025-09-09,5500000,5500000,Lunas,Loket Kampus
PAY0009617,22TI0012,2025G,09/09/2025,5500000,5500000,Lunas,Loket Kampus
PAY0009618,22TI0013,2025G,2025-08-24,5500000,5500000,Lunas,VA Bank
PAY0009619,22TI0014,2025G,2025-09-26,5500000,5500000,Lunas,E-Wallet
PAY0009620,22TI0015,2025G,2025-09-06,5500000,5500000,Lunas,VA Bank
PAY0009621,22TI0016,2025G,2025-09-18,5500000,5500000,Lunas,VA Bank
PAY0009622,22TI0017,2025G,2025-09-05,5500000,5500000,Lunas,E-Wallet
PAY0009623,22TI0018,2025G,2025-09-29,5500000,5500000,Lunas,Loket Kampus
PAY0009624,22TI0019,2025G,2025-09-15,5500000,5500000,Lunas,VA Bank
PAY0009625,22TI0020,2025G,02-Oct-2025,5500000,5500000,Lunas,Loket Kampus
PAY0009626,22TI0021,2025G,2025-09-29,5500000,5500000,Lunas,Transfer Bank
PAY0009627,22TI0022,2025G,2025-10-04,5500000,5500000,Lunas,Loket Kampus
PAY0009628,22TI0023,2025G,2025-09-06,5500000,5500000,Lunas,VA Bank
PAY0009629,22TI0024,2025G,2025-08-25,5500000,5500000,Lunas,Loket Kampus
PAY0009630,22TI0025,2025G,2025-09-24,5500000,5500000,Lunas,Transfer Bank
PAY0009631,22TI0026,2025G,2025-09-18,5500000,5500000,Lunas,E-Wallet
PAY0009632,22TI0027,2025G,2025-08-28,5500000,2600000,Cicilan,E-Wallet
PAY0009633,22TI0028,2025G,05/09/2025,5500000,5500000,Lunas,E-Wallet
PAY0009634,22TI0029,2025G,2025-09-23,5500000,5500000,Lunas,Loket Kampus
PAY0009635,22TI0030,2025G,2025-09-16,5500000,3100000,Cicilan,VA Bank
PAY0009636,22TI0031,2025G,2025-09-10,5500000,5500000,Lunas,Transfer Bank
PAY0009637,22TI0032,2025G,31/08/2025,5500000,5500000,Lunas,Transfer Bank
PAY0009638,22TI0033,2025G,2025-10-04,5500000,5500000,Lunas,E-Wallet
PAY0009639,22TI0034,2025G,2025-09-17,5500000,5500000,Lunas,Transfer Bank
PAY0009640,22TI0035,2025G,2025-08-31,5500000,5500000,Lunas,VA Bank
PAY0009641,22TI0036,2025G,2025-09-18,5500000,5500000,Lunas,VA Bank
PAY0009642,22TI0037,2025G,2025-09-25,5500000,5500000,Lunas,VA Bank
PAY0009643,22TI0038,2025G,2025-09-07,5500000,5500000,Lunas,VA Bank
PAY0009644,22TI0039,2025G,2025-09-21,5500000,3600000,Cicilan,Loket Kampus
PAY0009645,22TI0040,2025G,2025-09-29,5500000,5500000,Lunas,Transfer Bank
PAY0009646,22TI0041,2025G,2025-08-29,5500000,5500000,Lunas,E-Wallet
PAY0009647,22TI0042,2025G,,5500000,0,Belum Lunas,VA Bank
PAY0009648,22TI0043,2025G,11-Sep-2025,5500000,2900000,Cicilan,Loket Kampus
PAY0009649,22TI0044,2025G,2025-09-28,5500000,5500000,Lunas,Transfer Bank
PAY0009650,22TI0045,2025G,2025-09-27,5500000,5500000,Lunas,Loket Kampus
PAY0009651,22TI0046,2025G,2025-09-04,5500000,5500000,Lunas,Transfer Bank
PAY0009652,22TI0047,2025G,2025-09-28,5500000,5500000,Lunas,Loket Kampus
PAY0009653,22TI0048,2025G,08/09/2025,5500000,5500000,Lunas,Loket Kampus
PAY0009654,22TI0049,2025G,2025-09-16,5500000,5500000,Lunas,Loket Kampus
PAY0009655,22TI0050,2025G,2025-10-04,5500000,5500000,Lunas,Transfer Bank
PAY0009656,22TI0051,2025G,19/09/2025,5500000,2700000,Cicilan,E-Wallet
PAY0009657,22TI0052,2025G,2025-10-04,5500000,5500000,Lunas,E-Wallet
PAY0009658,22TI0053,2025G,2025-09-10,5500000,5500000,Lunas,Transfer Bank
PAY0009659,22TI0054,2025G,2025-09-06,5500000,5500000,Lunas,Loket Kampus
PAY0009660,22TI0055,2025G,2025-08-21,5500000,5500000,Lunas,Loket Kampus
PAY0009661,22TI0056,2025G,28-Aug-2025,5500000,5500000,Lunas,Transfer Bank
PAY0009662,22TI0057,2025G,2025-08-27,5500000,5500000,Lunas,Transfer Bank
PAY0009663,22TI0058,2025G,2025-09-11,5500000,5500000,Lunas,VA Bank
PAY0009664,22TI0059,2025G,2025-09-25,5500000,5500000,Lunas,Transfer Bank
PAY0009665,22TI0060,2025G,2025-09-24,5500000,5500000,Lunas,VA Bank
PAY0009666,22TI0061,2025G,2025-09-21,5500000,5500000,Lunas,E-Wallet
PAY0009667,22TI0062,2025G,14-Sep-2025,5500000,2500000,Cicilan,E-Wallet
PAY0009668,22TI0063,2025G,2025-08-30,5500000,5500000,Lunas,VA Bank
PAY0009669,22TI0064,2025G,26-Sep-2025,5500000,5500000,Lunas,Loket Kampus
PAY0009670,22TI0065,2025G,2025-08-20,5500000,5500000,Lunas,Transfer Bank
PAY0009671,22TI0066,2025G,2025-08-21,5500000,5500000,Lunas,Transfer Bank
PAY0009672,22TI0067,2025G,2025-09-25,5500000,5500000,Lunas,Transfer Bank
PAY0009673,22TI0068,2025G,2025-08-29,5500000,5500000,Lunas,Loket Kampus
PAY0009674,22TI0069,2025G,2025-10-03,5500000,5500000,Lunas,Loket Kampus
PAY0009675,22TI0070,2025G,2025-08-26,5500000,5500000,Lunas,VA Bank
PAY0009676,22TI0071,2025G,2025-09-30,5500000,5500000,Lunas,VA Bank
PAY0009677,22TI0072,2025G,13-Sep-2025,5500000,5500000,Lunas,E-Wallet
PAY0009678,22TI0073,2025G,2025-09-28,5500000,3700000,Cicilan,Loket Kampus
PAY0009679,22TI0074,2025G,2025-09-04,5500000,5500000,Lunas,VA Bank
PAY0009680,22TI0075,2025G,20/09/2025,5500000,5500000,Lunas,VA Bank
PAY0009681,22TI0076,2025G,2025-09-19,5500000,5500000,Lunas,VA Bank
PAY0009682,22TI0077,2025G,2025-08-25,5500000,5500000,Lunas,E-Wallet
PAY0009683,22TI0078,2025G,2025-09-22,5500000,5500000,Lunas,Loket Kampus
PAY0009684,22TI0079,2025G,2025-10-01,5500000,5500000,Lunas,E-Wallet
PAY0009685,22TI0080,2025G,2025-10-03,5500000,5500000,Lunas,E-Wallet
PAY0009686,22TI0081,2025G,2025-09-12,5500000,5500000,Lunas,E-Wallet
PAY0009687,22TI0082,2025G,2025-09-27,5500000,3800000,Cicilan,E-Wallet
PAY0009688,22TI0083,2025G,10/09/2025,5500000,5500000,Lunas,Loket Kampus
PAY0009689,22TI0084,2025G,2025-10-03,5500000,5500000,Lunas,Transfer Bank
PAY0009690,22TI0085,2025G,2025-08-24,5500000,5500000,Lunas,Transfer Bank
PAY0009691,22TI0086,2025G,10-Sep-2025,5500000,5500000,Lunas,Loket Kampus
PAY0009692,22TI0087,2025G,2025-10-03,5500000,5500000,Lunas,Transfer Bank
PAY0009693,22TI0088,2025G,2025-09-04,5500000,5500000,Lunas,Loket Kampus
PAY0009694,22TI0089,2025G,12/09/2025,5500000,5500000,Lunas,E-Wallet
PAY0009695,22TI0090,2025G,14/09/2025,5500000,5500000,Lunas,Transfer Bank
PAY0009696,22SI0001,2025G,2025-09-16,5250000,3900000,Cicilan,Transfer Bank
PAY0009697,22SI0002,2025G,,5250000,0,Belum Lunas,VA Bank
PAY0009698,22SI0003,2025G,2025-09-07,5250000,5250000,Lunas,Transfer Bank
PAY0009699,22SI0004,2025G,27/09/2025,5250000,5250000,Lunas,VA Bank
PAY0009700,22SI0005,2025G,2025-09-05,5250000,5250000,Lunas,Loket Kampus
PAY0009701,22SI0006,2025G,2025-09-07,5250000,5250000,Lunas,Loket Kampus
PAY0009702,22SI0007,2025G,21/08/2025,5250000,5250000,Lunas,Transfer Bank
PAY0009703,22SI0008,2025G,,5250000,0,Belum Lunas,E-Wallet
PAY0009704,22SI0009,2025G,2025-09-11,5250000,5250000,Lunas,Loket Kampus
PAY0009705,22SI0010,2025G,2025-10-03,5250000,5250000,Lunas,Loket Kampus
PAY0009706,22SI0011,2025G,2025-09-08,5250000,5250000,Lunas,E-Wallet
PAY0009707,22SI0012,2025G,17/09/2025,5250000,5250000,Lunas,E-Wallet
PAY0009708,22SI0013,2025G,2025-09-24,5250000,5250000,Lunas,Loket Kampus
PAY0009709,22SI0014,2025G,,5250000,0,Belum Lunas,Loket Kampus
PAY0009710,22SI0015,2025G,,5250000,0,Belum Lunas,VA Bank
PAY0009711,22SI0016,2025G,2025-08-21,5250000,5250000,Lunas,Transfer Bank
PAY0009712,22SI0017,2025G,2025-09-20,5250000,5250000,Lunas,VA Bank
PAY0009713,22SI0018,2025G,2025-10-01,5250000,5250000,Lunas,E-Wallet
PAY0009714,22SI0019,2025G,2025-08-27,5250000,5250000,Lunas,Loket Kampus
PAY0009715,22SI0020,2025G,2025-09-15,5250000,5250000,Lunas,VA Bank
PAY0009716,22SI0021,2025G,13-Sep-2025,5250000,5250000,Lunas,VA Bank
PAY0009717,22SI0022,2025G,24-Aug-2025,5250000,5250000,Lunas,Loket Kampus
PAY0009718,22SI0023,2025G,2025-09-16,5250000,5250000,Lunas,VA Bank
PAY0009719,22SI0024,2025G,02-Oct-2025,5250000,5250000,Lunas,Loket Kampus
PAY0009720,22SI0025,2025G,2025-08-23,5250000,5250000,Lunas,Loket Kampus
PAY0009721,22SI0026,2025G,2025-08-20,5250000,5250000,Lunas,Transfer Bank
PAY0009722,22SI0027,2025G,2025-09-14,5250000,5250000,Lunas,E-Wallet
PAY0009723,22SI0028,2025G,2025-09-08,5250000,5250000,Lunas,VA Bank
PAY0009724,22SI0029,2025G,2025-10-01,5250000,5250000,Lunas,VA Bank
PAY0009725,22SI0030,2025G,2025-09-01,5250000,5250000,Lunas,Transfer Bank
PAY0009726,22SI0031,2025G,,5250000,0,Belum Lunas,VA Bank
PAY0009727,22SI0032,2025G,24/08/2025,5250000,5250000,Lunas,Transfer Bank
PAY0009728,22SI0033,2025G,2025-09-09,5250000,5250000,Lunas,Loket Kampus
PAY0009729,22SI0034,2025G,2025-08-28,5250000,5250000,Lunas,VA Bank
PAY0009730,22SI0035,2025G,2025-08-29,5250000,2800000,Cicilan,Transfer Bank
PAY0009731,22SI0036,2025G,2025-09-16,5250000,5250000,Lunas,E-Wallet
PAY0009732,22SI0037,2025G,2025-08-29,5250000,5250000,Lunas,Loket Kampus
PAY0009733,22SI0038,2025G,2025-10-02,5250000,5250000,Lunas,VA Bank
PAY0009734,22SI0039,2025G,2025-09-18,5250000,5250000,Lunas,Transfer Bank
PAY0009735,22SI0040,2025G,2025-09-26,5250000,5250000,Lunas,VA Bank
PAY0009736,22SI0041,2025G,2025-09-05,5250000,5250000,Lunas,VA Bank
PAY0009737,22SI0042,2025G,2025-08-26,5250000,5250000,Lunas,VA Bank
PAY0009738,22SI0043,2025G,28/09/2025,5250000,5250000,Lunas,Transfer Bank
PAY0009739,22SI0044,2025G,21/08/2025,5250000,5250000,Lunas,E-Wallet
PAY0009740,22SI0045,2025G,2025-09-14,5250000,5250000,Lunas,Transfer Bank
PAY0009741,22SI0046,2025G,21/08/2025,5250000,5250000,Lunas,Transfer Bank
PAY0009742,22SI0047,2025G,2025-09-04,5250000,5250000,Lunas,Transfer Bank
PAY0009743,22SI0048,2025G,2025-08-24,5250000,5250000,Lunas,Transfer Bank
PAY0009744,22SI0049,2025G,2025-08-26,5250000,5250000,Lunas,Loket Kampus
PAY0009745,22SI0050,2025G,2025-09-15,5250000,5250000,Lunas,Transfer Bank
PAY0009746,22SI0051,2025G,,5250000,0,Belum Lunas,Transfer Bank
PAY0009747,22SI0052,2025G,03-Oct-2025,5250000,5250000,Lunas,Loket Kampus
PAY0009748,22SI0053,2025G,2025-08-31,5250000,5250000,Lunas,E-Wallet
PAY0009749,22SI0054,2025G,2025-09-07,5250000,5250000,Lunas,Transfer Bank
PAY0009750,22SI0055,2025G,01/10/2025,5250000,5250000,Lunas,Loket Kampus
PAY0009751,22SI0056,2025G,2025-08-22,5250000,5250000,Lunas,VA Bank
PAY0009752,22SI0057,2025G,2025-09-06,5250000,5250000,Lunas,Transfer Bank
PAY0009753,22SI0058,2025G,25/09/2025,5250000,5250000,Lunas,VA Bank
PAY0009754,22SI0059,2025G,2025-09-14,5250000,5250000,Lunas,VA Bank
PAY0009755,22SI0060,2025G,2025-09-06,5250000,5250000,Lunas,Transfer Bank
PAY0009756,22SI0061,2025G,2025-09-16,5250000,5250000,Lunas,Transfer Bank
PAY0009757,22SI0062,2025G,2025-08-27,5250000,5250000,Lunas,E-Wallet
PAY0009758,22SI0063,2025G,26/09/2025,5250000,5250000,Lunas,Loket Kampus
PAY0009759,22SI0064,2025G,2025-08-27,5250000,5250000,Lunas,E-Wallet
PAY0009760,22SI0065,2025G,29-Aug-2025,5250000,5250000,Lunas,Loket Kampus
PAY0009761,22SI0066,2025G,2025-09-28,5250000,5250000,Lunas,E-Wallet
PAY0009762,22SI0067,2025G,2025-08-21,5250000,5250000,Lunas,Transfer Bank
PAY0009763,22SI0068,2025G,2025-09-10,5250000,3400000,Cicilan,E-Wallet
PAY0009764,22SI0069,2025G,2025-08-28,5250000,5250000,Lunas,E-Wallet
PAY0009765,22SI0070,2025G,2025-10-03,5250000,5250000,Lunas,E-Wallet
PAY0009766,22SI0071,2025G,09/09/2025,5250000,5250000,Lunas,E-Wallet
PAY0009767,22SI0072,2025G,2025-10-03,5250000,5250000,Lunas,VA Bank
PAY0009768,22SI0073,2025G,2025-09-01,5250000,5250000,Lunas,E-Wallet
PAY0009769,22SI0074,2025G,2025-08-23,5250000,5250000,Lunas,E-Wallet
PAY0009770,22SI0075,2025G,2025-10-01,5250000,5250000,Lunas,VA Bank
PAY0009771,22SI0076,2025G,04/09/2025,5250000,5250000,Lunas,E-Wallet
PAY0009772,22SI0077,2025G,2025-09-26,5250000,5250000,Lunas,E-Wallet
PAY0009773,22SI0078,2025G,2025-08-28,5250000,5250000,Lunas,Loket Kampus
PAY0009774,22SI0079,2025G,2025-09-03,5250000,5250000,Lunas,VA Bank
PAY0009775,22SI0080,2025G,2025-09-22,5250000,5250000,Lunas,VA Bank
PAY0009776,22SI0081,2025G,2025-08-31,5250000,2900000,Cicilan,VA Bank
PAY0009777,22SI0082,2025G,2025-10-03,5250000,5250000,Lunas,VA Bank
PAY0009778,22SI0083,2025G,2025-09-07,5250000,5250000,Lunas,VA Bank
PAY0009779,22SI0084,2025G,2025-09-04,5250000,5250000,Lunas,E-Wallet
PAY0009780,22SI0085,2025G,2025-09-17,5250000,5250000,Lunas,Loket Kampus
PAY0009781,22IF0001,2025G,2025-09-14,5750000,5750000,Lunas,VA Bank
PAY0009782,22IF0002,2025G,2025-08-29,5750000,5750000,Lunas,E-Wallet
PAY0009783,22IF0003,2025G,2025-09-06,5750000,5750000,Lunas,Transfer Bank
PAY0009784,22IF0004,2025G,2025-10-04,5750000,5750000,Lunas,VA Bank
PAY0009785,22IF0005,2025G,2025-09-19,5750000,5750000,Lunas,Transfer Bank
PAY0009786,22IF0006,2025G,2025-08-26,5750000,5750000,Lunas,Transfer Bank
PAY0009787,22IF0007,2025G,2025-08-28,5750000,5750000,Lunas,E-Wallet
PAY0009788,22IF0008,2025G,2025-09-24,6000000,2500000,Cicilan,VA Bank
PAY0009789,22IF0009,2025G,2025-09-27,5750000,5750000,Lunas,VA Bank
PAY0009790,22IF0010,2025G,2025-08-23,5750000,3900000,Cicilan,VA Bank
PAY0009791,22IF0011,2025G,13/09/2025,5750000,5750000,Lunas,E-Wallet
PAY0009792,22IF0012,2025G,2025-09-19,5750000,5750000,Lunas,E-Wallet
PAY0009793,22IF0013,2025G,23/09/2025,5750000,5750000,Lunas,Transfer Bank
PAY0009794,22IF0014,2025G,2025-09-06,5750000,5750000,Lunas,Loket Kampus
PAY0009795,22IF0015,2025G,2025-09-27,5750000,5750000,Lunas,Loket Kampus
PAY0009796,22IF0016,2025G,25-Sep-2025,5750000,5750000,Lunas,VA Bank
PAY0009797,22IF0017,2025G,2025-09-23,5750000,5750000,Lunas,VA Bank
PAY0009798,22IF0018,2025G,2025-09-01,5750000,5750000,Lunas,E-Wallet
PAY0009799,22IF0019,2025G,24/09/2025,5750000,5750000,Lunas,VA Bank
PAY0009800,22IF0020,2025G,2025-09-15,5750000,5750000,Lunas,Transfer Bank
PAY0009801,22IF0021,2025G,2025-09-27,5750000,5750000,Lunas,Transfer Bank
PAY0009802,22IF0022,2025G,2025-09-21,5750000,3400000,Cicilan,Loket Kampus
PAY0009803,22IF0023,2025G,2025-09-09,5750000,5750000,Lunas,E-Wallet
PAY0009804,22IF0024,2025G,2025-09-06,5750000,5750000,Lunas,Transfer Bank
PAY0009805,22IF0025,2025G,2025-09-12,5750000,5750000,Lunas,E-Wallet
PAY0009806,22IF0026,2025G,2025-09-10,5750000,4000000,Cicilan,Transfer Bank
PAY0009807,22IF0027,2025G,,5750000,0,Belum Lunas,Loket Kampus
PAY0009808,22IF0028,2025G,26-Aug-2025,5750000,5750000,Lunas,E-Wallet
PAY0009809,22IF0029,2025G,2025-08-24,5750000,5750000,Lunas,VA Bank
PAY0009810,22IF0030,2025G,18/09/2025,5750000,5750000,Lunas,E-Wallet
PAY0009811,22IF0031,2025G,2025-08-28,5750000,5750000,Lunas,E-Wallet
PAY0009812,22IF0032,2025G,2025-09-08,5750000,5750000,Lunas,Transfer Bank
PAY0009813,22IF0033,2025G,22/09/2025,5750000,5750000,Lunas,E-Wallet
PAY0009814,22IF0034,2025G,2025-09-08,5750000,2300000,Cicilan,Loket Kampus
PAY0009815,22IF0035,2025G,2025-09-02,5750000,5750000,Lunas,Loket Kampus
PAY0009816,22IF0036,2025G,2025-09-13,5750000,5750000,Lunas,Transfer Bank
PAY0009817,22IF0037,2025G,2025-09-10,5750000,5750000,Lunas,E-Wallet
PAY0009818,22IF0038,2025G,2025-09-25,5750000,5750000,Lunas,Transfer Bank
PAY0009819,22IF0039,2025G,28/09/2025,5750000,2400000,Cicilan,E-Wallet
PAY0009820,22IF0040,2025G,30/09/2025,5750000,5750000,Lunas,Transfer Bank
PAY0009821,22IF0041,2025G,2025-08-30,5750000,5750000,Lunas,VA Bank
PAY0009822,22IF0042,2025G,2025-09-24,5750000,4100000,Cicilan,Loket Kampus
PAY0009823,22IF0043,2025G,2025-09-03,5750000,3700000,Cicilan,E-Wallet
PAY0009824,22IF0044,2025G,2025-09-26,5750000,5750000,Lunas,Transfer Bank
PAY0009825,22IF0045,2025G,2025-08-23,5750000,5750000,Lunas,E-Wallet
PAY0009826,22IF0046,2025G,2025-08-27,5750000,5750000,Lunas,VA Bank
PAY0009827,22IF0047,2025G,20/09/2025,5750000,5750000,Lunas,Loket Kampus
PAY0009828,22IF0048,2025G,2025-09-26,5750000,5750000,Lunas,E-Wallet
PAY0009829,22IF0049,2025G,08-Sep-2025,5750000,3400000,Cicilan,E-Wallet
PAY0009830,22IF0050,2025G,2025-08-30,5750000,5750000,Lunas,Transfer Bank
PAY0009831,22IF0051,2025G,06-Sep-2025,5750000,5750000,Lunas,Transfer Bank
PAY0009832,22IF0052,2025G,2025-10-04,5750000,5750000,Lunas,Transfer Bank
PAY0009833,22IF0053,2025G,2025-09-01,5750000,5750000,Lunas,Transfer Bank
PAY0009834,22IF0054,2025G,2025-08-21,5750000,5750000,Lunas,VA Bank
PAY0009835,22IF0055,2025G,2025-09-30,5750000,5750000,Lunas,E-Wallet
PAY0009836,22IF0056,2025G,2025-09-01,5750000,5750000,Lunas,Transfer Bank
PAY0009837,22IF0057,2025G,22/09/2025,5750000,3300000,Cicilan,E-Wallet
PAY0009838,22IF0058,2025G,2025-08-23,5750000,5750000,Lunas,Transfer Bank
PAY0009839,22IF0059,2025G,2025-10-02,5750000,2200000,Cicilan,Transfer Bank
PAY0009840,22IF0060,2025G,2025-09-21,5750000,5750000,Lunas,VA Bank
PAY0009841,22IF0061,2025G,2025-09-27,5750000,5750000,Lunas,VA Bank
PAY0009842,22IF0062,2025G,2025-09-09,5750000,5750000,Lunas,VA Bank
PAY0009843,22IF0063,2025G,2025-08-21,5750000,3400000,Cicilan,Transfer Bank
PAY0009844,22IF0064,2025G,02-Sep-2025,5750000,4000000,Cicilan,Loket Kampus
PAY0009845,22IF0065,2025G,2025-09-17,5750000,5750000,Lunas,Loket Kampus
PAY0009846,22IF0066,2025G,2025-09-14,5750000,3300000,Cicilan,E-Wallet
PAY0009847,22IF0067,2025G,2025-09-04,5750000,5750000,Lunas,Transfer Bank
PAY0009848,22IF0068,2025G,21-Sep-2025,5750000,5750000,Lunas,VA Bank
PAY0009849,22IF0069,2025G,24-Aug-2025,5750000,5750000,Lunas,Loket Kampus
PAY0009850,22IF0070,2025G,,5750000,0,Belum Lunas,Transfer Bank
PAY0009851,22IF0071,2025G,2025-08-30,5750000,5750000,Lunas,VA Bank
PAY0009852,22IF0072,2025G,2025-08-28,5750000,5750000,Lunas,VA Bank
PAY0009853,22IF0073,2025G,2025-09-26,5750000,5750000,Lunas,Loket Kampus
PAY0009854,22IF0074,2025G,2025-09-27,5750000,5750000,Lunas,Transfer Bank
PAY0009855,22IF0075,2025G,2025-09-25,5750000,5750000,Lunas,E-Wallet
PAY0009856,22IF0076,2025G,2025-09-25,5750000,5750000,Lunas,VA Bank
PAY0009857,22IF0077,2025G,2025-09-08,5750000,5750000,Lunas,Loket Kampus
PAY0009858,22IF0078,2025G,27/09/2025,5750000,5750000,Lunas,VA Bank
PAY0009859,22IF0079,2025G,2025-08-30,5750000,5750000,Lunas,Transfer Bank
PAY0009860,22IF0080,2025G,2025-10-02,5750000,5750000,Lunas,E-Wallet
PAY0009861,22IF0081,2025G,2025-09-11,5750000,5750000,Lunas,Loket Kampus
PAY0009862,22IF0082,2025G,2025-09-27,5750000,5750000,Lunas,VA Bank
PAY0009863,22IF0083,2025G,2025-09-16,5750000,5750000,Lunas,VA Bank
PAY0009864,22IF0084,2025G,08/09/2025,5750000,5750000,Lunas,E-Wallet
PAY0009865,22IF0085,2025G,2025-08-24,5750000,3200000,Cicilan,E-Wallet
PAY0009866,22IF0086,2025G,2025-09-13,5750000,5750000,Lunas,Loket Kampus
PAY0009867,22IF0087,2025G,2025-09-15,5750000,5750000,Lunas,E-Wallet
PAY0009868,22IF0088,2025G,2025-09-28,5750000,2800000,Cicilan,E-Wallet
PAY0009869,22IF0089,2025G,31/08/2025,5750000,5750000,Lunas,Loket Kampus
PAY0009870,22IF0090,2025G,2025-08-20,5750000,5750000,Lunas,Loket Kampus
PAY0009871,22DS0001,2025G,2025-08-27,6000000,6000000,Lunas,VA Bank
PAY0009872,22DS0002,2025G,2025-09-01,6000000,6000000,Lunas,VA Bank
PAY0009873,22DS0003,2025G,15/09/2025,6000000,6000000,Lunas,E-Wallet
PAY0009874,22DS0004,2025G,2025-09-28,6000000,6000000,Lunas,E-Wallet
PAY0009875,22DS0005,2025G,2025-09-02,6000000,6000000,Lunas,E-Wallet
PAY0009876,22DS0006,2025G,2025-10-04,6000000,6000000,Lunas,E-Wallet
PAY0009877,22DS0007,2025G,2025-08-23,6000000,3100000,Cicilan,E-Wallet
PAY0009878,22DS0008,2025G,2025-09-17,6000000,6000000,Lunas,Loket Kampus
PAY0009879,22DS0009,2025G,19/09/2025,6000000,6000000,Lunas,Transfer Bank
PAY0009880,22DS0010,2025G,2025-08-28,6000000,2400000,Cicilan,Loket Kampus
PAY0009881,22DS0011,2025G,02-Oct-2025,6000000,6000000,Lunas,Transfer Bank
PAY0009882,22DS0012,2025G,2025-09-06,6000000,6000000,Lunas,Transfer Bank
PAY0009883,22DS0013,2025G,2025-09-26,6000000,6000000,Lunas,VA Bank
PAY0009884,22DS0014,2025G,2025-09-24,6000000,6000000,Lunas,Transfer Bank
PAY0009885,22DS0015,2025G,20/09/2025,6000000,6000000,Lunas,Transfer Bank
PAY0009886,22DS0016,2025G,2025-09-19,6000000,6000000,Lunas,Transfer Bank
PAY0009887,22DS0017,2025G,2025-09-07,6000000,6000000,Lunas,VA Bank
PAY0009888,22DS0018,2025G,26/09/2025,6000000,6000000,Lunas,VA Bank
PAY0009889,22DS0019,2025G,29/09/2025,6000000,6000000,Lunas,Transfer Bank
PAY0009890,22DS0020,2025G,2025-08-20,6000000,6000000,Lunas,Loket Kampus
PAY0009891,22DS0021,2025G,,6000000,0,Belum Lunas,Loket Kampus
PAY0009892,22DS0022,2025G,2025-09-17,6000000,6000000,Lunas,Loket Kampus
PAY0009893,22DS0023,2025G,2025-09-16,6000000,6000000,Lunas,Loket Kampus
PAY0009894,22DS0024,2025G,2025-09-03,6000000,6000000,Lunas,E-Wallet
PAY0009895,22DS0025,2025G,04-Oct-2025,6000000,6000000,Lunas,E-Wallet
PAY0009896,22DS0026,2025G,2025-09-15,6000000,6000000,Lunas,Transfer Bank
PAY0009897,22DS0027,2025G,02/10/2025,6000000,6000000,Lunas,Transfer Bank
PAY0009898,22DS0028,2025G,11/09/2025,6000000,6000000,Lunas,E-Wallet
PAY0009899,22DS0029,2025G,04-Sep-2025,6000000,2600000,Cicilan,Loket Kampus
PAY0009900,22DS0030,2025G,2025-09-07,6000000,6000000,Lunas,Transfer Bank
PAY0009901,22DS0031,2025G,10-Sep-2025,6000000,6000000,Lunas,E-Wallet
PAY0009902,22DS0032,2025G,2025-09-26,6000000,6000000,Lunas,VA Bank
PAY0009903,22DS0033,2025G,2025-09-19,6000000,6000000,Lunas,Loket Kampus
PAY0009904,22DS0034,2025G,06/09/2025,6000000,6000000,Lunas,VA Bank
PAY0009905,22DS0035,2025G,2025-09-09,6000000,6000000,Lunas,E-Wallet
PAY0009906,22DS0036,2025G,2025-08-30,6000000,6000000,Lunas,E-Wallet
PAY0009907,22DS0037,2025G,29-Aug-2025,6000000,6000000,Lunas,Loket Kampus
PAY0009908,22DS0038,2025G,21/09/2025,6000000,6000000,Lunas,VA Bank
PAY0009909,22DS0039,2025G,2025-09-16,6000000,6000000,Lunas,Loket Kampus
PAY0009910,22DS0040,2025G,2025-09-27,6000000,6000000,Lunas,Transfer Bank
PAY0009911,22DS0041,2025G,2025-09-17,6000000,6000000,Lunas,Loket Kampus
PAY0009912,22DS0042,2025G,06/09/2025,6000000,3100000,Cicilan,Loket Kampus
PAY0009913,22DS0043,2025G,2025-09-19,6000000,6000000,Lunas,VA Bank
PAY0009914,22DS0044,2025G,29/09/2025,6000000,6000000,Lunas,VA Bank
PAY0009915,22DS0045,2025G,23-Sep-2025,6000000,6000000,Lunas,E-Wallet
PAY0009916,22DS0046,2025G,,6000000,0,Belum Lunas,E-Wallet
PAY0009917,22DS0047,2025G,2025-10-03,6000000,4000000,Cicilan,VA Bank
PAY0009918,22DS0048,2025G,2025-09-22,6000000,6000000,Lunas,E-Wallet
PAY0009919,22DS0049,2025G,27/09/2025,6000000,6000000,Lunas,Loket Kampus
PAY0009920,22DS0050,2025G,2025-09-09,6000000,6000000,Lunas,VA Bank
PAY0009921,22DS0051,2025G,2025-09-06,6000000,6000000,Lunas,E-Wallet
PAY0009922,22DS0052,2025G,2025-09-13,6000000,6000000,Lunas,VA Bank
PAY0009923,22DS0053,2025G,2025-09-13,6000000,6000000,Lunas,VA Bank
PAY0009924,22DS0054,2025G,,6000000,0,Belum Lunas,E-Wallet
PAY0009925,22DS0055,2025G,,6000000,0,Belum Lunas,VA Bank
PAY0009926,22DS0056,2025G,2025-08-23,6000000,6000000,Lunas,VA Bank
PAY0009927,22DS0057,2025G,26/09/2025,6000000,6000000,Lunas,E-Wallet
PAY0009928,22DS0058,2025G,2025-09-22,6000000,6000000,Lunas,VA Bank
PAY0009929,22DS0059,2025G,26/08/2025,6000000,2300000,Cicilan,VA Bank
PAY0009930,22DS0060,2025G,2025-09-07,6000000,6000000,Lunas,Loket Kampus
PAY0009931,22DS0061,2025G,19-Sep-2025,6000000,6000000,Lunas,VA Bank
PAY0009932,22DS0062,2025G,2025-09-21,6000000,6000000,Lunas,VA Bank
PAY0009933,22DS0063,2025G,01/10/2025,6000000,6000000,Lunas,Loket Kampus
PAY0009934,22DS0064,2025G,09-Sep-2025,6000000,6000000,Lunas,E-Wallet
PAY0009935,22DS0065,2025G,20/08/2025,6000000,6000000,Lunas,VA Bank
PAY0009936,22DS0066,2025G,30/09/2025,6000000,6000000,Lunas,Transfer Bank
PAY0009937,22DS0067,2025G,2025-09-09,6000000,6000000,Lunas,E-Wallet
PAY0009938,22DS0068,2025G,2025-09-20,6000000,6000000,Lunas,Transfer Bank
PAY0009939,22DS0069,2025G,2025-09-27,6000000,6000000,Lunas,VA Bank
PAY0009940,22DS0070,2025G,2025-09-20,6000000,6000000,Lunas,VA Bank
PAY0009941,22DS0071,2025G,03-Oct-2025,6000000,6000000,Lunas,Transfer Bank
PAY0009942,22TR0001,2025G,02/10/2025,5700000,5700000,Lunas,Transfer Bank
PAY0009943,22TR0002,2025G,2025-09-18,5250000,5250000,Lunas,VA Bank
PAY0009944,22TR0003,2025G,2025-08-23,5700000,5700000,Lunas,E-Wallet
PAY0009945,22TR0004,2025G,2025-10-03,5700000,5700000,Lunas,Transfer Bank
PAY0009946,22TR0005,2025G,2025-08-30,5700000,5700000,Lunas,E-Wallet
PAY0009947,22TR0006,2025G,2025-09-14,5700000,5700000,Lunas,Transfer Bank
PAY0009948,22TR0007,2025G,2025-09-25,5700000,5700000,Lunas,Loket Kampus
PAY0009949,22TR0008,2025G,2025-08-30,5700000,5700000,Lunas,VA Bank
PAY0009950,22TR0009,2025G,2025-09-07,5700000,5700000,Lunas,Transfer Bank
PAY0009951,22TR0010,2025G,30/09/2025,5700000,5700000,Lunas,Transfer Bank
PAY0009952,22TR0011,2025G,2025-09-06,5700000,5700000,Lunas,Transfer Bank
PAY0009953,22TR0012,2025G,2025-08-22,5700000,5700000,Lunas,Loket Kampus
PAY0009954,22TR0013,2025G,2025-08-25,5700000,5700000,Lunas,Transfer Bank
PAY0009955,22TR0014,2025G,04/10/2025,5700000,5700000,Lunas,Transfer Bank
PAY0009956,22TR0015,2025G,2025-09-23,5700000,5700000,Lunas,E-Wallet
PAY0009957,22TR0016,2025G,2025-09-17,5700000,5700000,Lunas,E-Wallet
PAY0009958,22TR0017,2025G,2025-09-28,5700000,5700000,Lunas,E-Wallet
PAY0009959,22TR0018,2025G,2025-09-21,5700000,5700000,Lunas,E-Wallet
PAY0009960,22TR0019,2025G,2025-09-08,5700000,2700000,Cicilan,Loket Kampus
PAY0009961,22TR0020,2025G,2025-08-31,5700000,5700000,Lunas,Loket Kampus
PAY0009962,22TR0021,2025G,2025-10-03,5700000,5700000,Lunas,VA Bank
PAY0009963,22TR0022,2025G,2025-09-09,5700000,2700000,Cicilan,E-Wallet
PAY0009964,22TR0023,2025G,2025-10-03,5700000,5700000,Lunas,Transfer Bank
PAY0009965,22TR0024,2025G,2025-08-26,5700000,5700000,Lunas,Transfer Bank
PAY0009966,22TR0025,2025G,2025-09-30,5700000,5700000,Lunas,Loket Kampus
PAY0009967,22TR0026,2025G,2025-09-28,5700000,5700000,Lunas,E-Wallet
PAY0009968,22TR0027,2025G,2025-08-30,5700000,5700000,Lunas,Transfer Bank
PAY0009969,22TR0028,2025G,2025-09-09,5700000,5700000,Lunas,VA Bank
PAY0009970,22TR0029,2025G,2025-09-17,5700000,5700000,Lunas,Loket Kampus
PAY0009971,22TR0030,2025G,2025-09-08,5700000,5700000,Lunas,Loket Kampus
PAY0009972,22TR0031,2025G,23/08/2025,5700000,5700000,Lunas,E-Wallet
PAY0009973,22TR0032,2025G,2025-10-02,5700000,5700000,Lunas,VA Bank
PAY0009974,22TR0033,2025G,2025-09-09,5700000,5700000,Lunas,Loket Kampus
PAY0009975,22TR0034,2025G,,5700000,0,Belum Lunas,Transfer Bank
PAY0009976,22TR0035,2025G,2025-09-23,5700000,5700000,Lunas,E-Wallet
PAY0009977,22TR0036,2025G,23/09/2025,5700000,5700000,Lunas,Transfer Bank
PAY0009978,22TR0037,2025G,2025-09-04,5700000,5700000,Lunas,E-Wallet
PAY0009979,22TR0038,2025G,2025-08-27,5700000,5700000,Lunas,VA Bank
PAY0009980,22TR0039,2025G,01-Sep-2025,5700000,5700000,Lunas,Transfer Bank
PAY0009981,22TR0040,2025G,2025-09-25,5700000,5700000,Lunas,Transfer Bank
PAY0009982,22TR0041,2025G,2025-09-09,5700000,5700000,Lunas,VA Bank
PAY0009983,22TR0042,2025G,2025-10-02,5700000,5700000,Lunas,Loket Kampus
PAY0009984,22TR0043,2025G,2025-08-29,5700000,2100000,Cicilan,E-Wallet
PAY0009985,22TR0044,2025G,28-Aug-2025,5700000,5700000,Lunas,Loket Kampus
PAY0009986,22TR0045,2025G,29/09/2025,5700000,5700000,Lunas,VA Bank
PAY0009987,22TR0046,2025G,2025-08-21,5700000,5700000,Lunas,Transfer Bank
PAY0009988,22TR0047,2025G,2025-09-07,5700000,5700000,Lunas,Transfer Bank
PAY0009989,22TR0048,2025G,2025-08-27,5700000,2700000,Cicilan,Loket Kampus
PAY0009990,22TR0049,2025G,2025-09-07,5700000,5700000,Lunas,Transfer Bank
PAY0009991,22TR0050,2025G,30/09/2025,5700000,5700000,Lunas,VA Bank
PAY0009992,22TR0051,2025G,15/09/2025,5700000,5700000,Lunas,E-Wallet
PAY0009993,22TR0052,2025G,2025-09-16,5700000,5700000,Lunas,Transfer Bank
PAY0009994,22TR0053,2025G,2025-09-13,5700000,5700000,Lunas,E-Wallet
PAY0009995,22TR0054,2025G,2025-09-01,5700000,5700000,Lunas,VA Bank
PAY0009996,22TR0055,2025G,,5700000,0,Belum Lunas,Loket Kampus
PAY0009997,22TR0056,2025G,2025-09-11,5700000,5700000,Lunas,Transfer Bank
PAY0009998,22TR0057,2025G,2025-09-06,5700000,5700000,Lunas,E-Wallet
PAY0009999,22TR0058,2025G,2025-09-27,5700000,5700000,Lunas,Transfer Bank
PAY0010000,22TR0059,2025G,2025-08-24,5700000,2700000,Cicilan,Transfer Bank
PAY0010001,22TR0060,2025G,24/08/2025,5700000,3700000,Cicilan,VA Bank
PAY0010002,22TR0061,2025G,05-Sep-2025,5700000,5700000,Lunas,Loket Kampus
PAY0010003,22TR0062,2025G,2025-08-24,5700000,5700000,Lunas,Transfer Bank
PAY0010004,22TR0063,2025G,2025-10-02,5700000,5700000,Lunas,E-Wallet
PAY0010005,22TR0064,2025G,29/08/2025,5700000,5700000,Lunas,VA Bank
PAY0010006,22TR0065,2025G,27/08/2025,5700000,2300000,Cicilan,Loket Kampus
PAY0010007,22TR0066,2025G,2025-09-01,5700000,5700000,Lunas,Transfer Bank
PAY0010008,22TR0067,2025G,2025-08-28,5700000,2700000,Cicilan,Transfer Bank
PAY0010009,22TR0068,2025G,2025-09-17,5700000,5700000,Lunas,Transfer Bank
PAY0010010,22BD0001,2025G,2025-09-28,5000000,3300000,Cicilan,E-Wallet
PAY0010011,22BD0002,2025G,26/09/2025,5000000,5000000,Lunas,E-Wallet
PAY0010012,22BD0003,2025G,,5000000,0,Belum Lunas,Loket Kampus
PAY0010013,22BD0004,2025G,2025-09-03,5000000,5000000,Lunas,Loket Kampus
PAY0010014,22BD0005,2025G,2025-09-19,5000000,5000000,Lunas,Loket Kampus
PAY0010015,22BD0006,2025G,,5000000,0,Belum Lunas,VA Bank
PAY0010016,22BD0007,2025G,2025-08-24,5000000,5000000,Lunas,Loket Kampus
PAY0010017,22BD0008,2025G,2025-09-21,5000000,5000000,Lunas,E-Wallet
PAY0010018,22BD0009,2025G,2025-08-22,5000000,5000000,Lunas,E-Wallet
PAY0010019,22BD0010,2025G,15-Sep-2025,5000000,5000000,Lunas,E-Wallet
PAY0010020,22BD0011,2025G,2025-09-04,5000000,5000000,Lunas,Loket Kampus
PAY0010021,22BD0012,2025G,2025-10-03,5000000,5000000,Lunas,VA Bank
PAY0010022,22BD0013,2025G,2025-09-05,5000000,3700000,Cicilan,Loket Kampus
PAY0010023,22BD0014,2025G,2025-10-01,5000000,2100000,Cicilan,Transfer Bank
PAY0010024,22BD0015,2025G,2025-09-29,5000000,5000000,Lunas,E-Wallet
PAY0010025,22BD0016,2025G,2025-09-11,5000000,5000000,Lunas,VA Bank
PAY0010026,22BD0017,2025G,29/09/2025,5000000,5000000,Lunas,Transfer Bank
PAY0010027,22BD0018,2025G,2025-09-26,5000000,5000000,Lunas,Loket Kampus
PAY0010028,22BD0019,2025G,25-Aug-2025,5000000,5000000,Lunas,Loket Kampus
PAY0010029,22BD0020,2025G,01/09/2025,5000000,5000000,Lunas,VA Bank
PAY0010030,22BD0021,2025G,30-Sep-2025,5000000,5000000,Lunas,VA Bank
PAY0010031,22BD0022,2025G,2025-08-21,5000000,5000000,Lunas,Loket Kampus
PAY0010032,22BD0023,2025G,01/10/2025,5000000,5000000,Lunas,VA Bank
PAY0010033,22BD0024,2025G,2025-09-25,5000000,5000000,Lunas,Transfer Bank
PAY0010034,22BD0025,2025G,,5000000,0,Belum Lunas,Loket Kampus
PAY0010035,22BD0026,2025G,2025-09-13,5000000,5000000,Lunas,VA Bank
PAY0010036,22BD0027,2025G,2025-08-20,5000000,5000000,Lunas,E-Wallet
PAY0010037,22BD0028,2025G,24/08/2025,5000000,5000000,Lunas,VA Bank
PAY0010038,22BD0029,2025G,29-Aug-2025,5000000,5000000,Lunas,VA Bank
PAY0010039,22BD0030,2025G,2025-08-25,5000000,5000000,Lunas,Loket Kampus
PAY0010040,22BD0031,2025G,2025-09-06,5000000,5000000,Lunas,Loket Kampus
PAY0010041,22BD0032,2025G,2025-09-05,5000000,5000000,Lunas,Transfer Bank
PAY0010042,22BD0033,2025G,2025-09-01,5000000,5000000,Lunas,VA Bank
PAY0010043,22BD0034,2025G,27/08/2025,5000000,5000000,Lunas,E-Wallet
PAY0010044,22BD0035,2025G,2025-09-28,5000000,5000000,Lunas,E-Wallet
PAY0010045,22BD0036,2025G,18/09/2025,5000000,5000000,Lunas,Loket Kampus
PAY0010046,22BD0037,2025G,23-Sep-2025,5000000,5000000,Lunas,VA Bank
PAY0010047,22BD0038,2025G,2025-09-05,5000000,5000000,Lunas,Loket Kampus
PAY0010048,22BD0039,2025G,02-Oct-2025,5000000,5000000,Lunas,Transfer Bank
PAY0010049,22BD0040,2025G,03/09/2025,5000000,5000000,Lunas,Loket Kampus
PAY0010050,22BD0041,2025G,25/08/2025,5000000,5000000,Lunas,VA Bank
PAY0010051,22BD0042,2025G,22/08/2025,5500000,5500000,Lunas,E-Wallet
PAY0010052,22BD0043,2025G,2025-10-04,5000000,5000000,Lunas,VA Bank
PAY0010053,22BD0044,2025G,2025-09-12,5000000,5000000,Lunas,E-Wallet
PAY0010054,22BD0045,2025G,02-Sep-2025,5000000,5000000,Lunas,E-Wallet
PAY0010055,22BD0046,2025G,17/09/2025,5000000,5000000,Lunas,Loket Kampus
PAY0010056,22BD0047,2025G,28/08/2025,5000000,5000000,Lunas,E-Wallet
PAY0010057,22BD0048,2025G,2025-08-25,5000000,5000000,Lunas,VA Bank
PAY0010058,22BD0049,2025G,2025-09-01,5000000,2700000,Cicilan,E-Wallet
PAY0010059,22BD0050,2025G,16/09/2025,5000000,3300000,Cicilan,VA Bank
PAY0010060,22BD0051,2025G,2025-10-03,5000000,5000000,Lunas,Transfer Bank
PAY0010061,22BD0052,2025G,2025-09-14,5000000,5000000,Lunas,E-Wallet
PAY0010062,22BD0053,2025G,20/08/2025,5000000,5000000,Lunas,E-Wallet
PAY0010063,22BD0054,2025G,2025-08-27,5000000,5000000,Lunas,VA Bank
PAY0010064,22BD0055,2025G,17/09/2025,5000000,5000000,Lunas,E-Wallet
PAY0010065,22BD0056,2025G,2025-09-23,5000000,5000000,Lunas,VA Bank
PAY0010066,22BD0057,2025G,2025-09-04,5000000,5000000,Lunas,Transfer Bank
PAY0010067,22BD0058,2025G,2025-09-26,5000000,5000000,Lunas,VA Bank
PAY0010068,22BD0059,2025G,2025-09-28,5000000,5000000,Lunas,Transfer Bank
PAY0010069,22BD0060,2025G,2025-09-03,5000000,5000000,Lunas,VA Bank
PAY0010070,22BD0061,2025G,30/09/2025,5000000,5000000,Lunas,E-Wallet
PAY0010071,22BD0062,2025G,2025-08-31,5000000,5000000,Lunas,E-Wallet
PAY0010072,22BD0063,2025G,2025-09-06,6000000,6000000,Lunas,VA Bank
PAY0010073,22BD0064,2025G,2025-08-25,5000000,5000000,Lunas,VA Bank
PAY0010074,22BD0065,2025G,30-Aug-2025,5000000,5000000,Lunas,Transfer Bank
PAY0010075,22BD0066,2025G,2025-09-12,5000000,5000000,Lunas,VA Bank
PAY0010076,22BD0067,2025G,2025-08-22,5000000,5000000,Lunas,Loket Kampus
PAY0010077,22BD0068,2025G,2025-08-28,5000000,5000000,Lunas,E-Wallet
PAY0010078,22BD0069,2025G,20/08/2025,5000000,5000000,Lunas,Transfer Bank
PAY0010079,22BD0070,2025G,2025-09-24,5000000,5000000,Lunas,Transfer Bank
PAY0010080,22BD0071,2025G,2025-09-17,5000000,5000000,Lunas,Transfer Bank
PAY0010081,23TI0001,2025G,29/09/2025,5500000,5500000,Lunas,Transfer Bank
PAY0010082,23TI0002,2025G,,5500000,0,Belum Lunas,E-Wallet
PAY0010083,23TI0003,2025G,07-Sep-2025,5500000,5500000,Lunas,Transfer Bank
PAY0010084,23TI0004,2025G,2025-09-07,5500000,5500000,Lunas,Loket Kampus
PAY0010085,23TI0005,2025G,2025-09-03,5500000,5500000,Lunas,E-Wallet
PAY0010086,23TI0006,2025G,27-Aug-2025,5500000,5500000,Lunas,VA Bank
PAY0010087,23TI0007,2025G,2025-08-22,5500000,5500000,Lunas,Transfer Bank
PAY0010088,23TI0008,2025G,2025-08-28,5500000,5500000,Lunas,Loket Kampus
PAY0010089,23TI0009,2025G,,5500000,0,Belum Lunas,VA Bank
PAY0010090,23TI0010,2025G,2025-09-01,5500000,5500000,Lunas,Loket Kampus
PAY0010091,23TI0011,2025G,13/09/2025,5500000,5500000,Lunas,Transfer Bank
PAY0010092,23TI0012,2025G,05-Sep-2025,5500000,5500000,Lunas,Transfer Bank
PAY0010093,23TI0013,2025G,2025-08-29,5500000,5500000,Lunas,Loket Kampus
PAY0010094,23TI0014,2025G,12-Sep-2025,5500000,5500000,Lunas,VA Bank
PAY0010095,23TI0015,2025G,2025-09-15,5500000,5500000,Lunas,Transfer Bank
PAY0010096,23TI0016,2025G,2025-09-02,5500000,5500000,Lunas,Transfer Bank
PAY0010097,23TI0017,2025G,2025-10-02,5500000,4000000,Cicilan,Transfer Bank
PAY0010098,23TI0018,2025G,2025-09-08,5500000,5500000,Lunas,Transfer Bank
PAY0010099,23TI0019,2025G,2025-09-05,5500000,2100000,Cicilan,Loket Kampus
PAY0010100,23TI0020,2025G,2025-09-27,5500000,5500000,Lunas,VA Bank
PAY0010101,23TI0021,2025G,16-Sep-2025,5500000,5500000,Lunas,Loket Kampus
PAY0010102,23TI0022,2025G,23/09/2025,5500000,5500000,Lunas,Loket Kampus
PAY0010103,23TI0023,2025G,2025-09-05,5500000,5500000,Lunas,Loket Kampus
PAY0010104,23TI0024,2025G,2025-09-01,5500000,5500000,Lunas,Transfer Bank
PAY0010105,23TI0025,2025G,2025-08-26,5500000,5500000,Lunas,E-Wallet
PAY0010106,23TI0026,2025G,2025-10-04,5500000,5500000,Lunas,Loket Kampus
PAY0010107,23TI0027,2025G,2025-09-15,5500000,5500000,Lunas,E-Wallet
PAY0010108,23TI0028,2025G,2025-08-30,5500000,5500000,Lunas,VA Bank
PAY0010109,23TI0029,2025G,20-Sep-2025,5500000,3700000,Cicilan,Transfer Bank
PAY0010110,23TI0030,2025G,2025-09-09,5500000,5500000,Lunas,E-Wallet
PAY0010111,23TI0031,2025G,2025-09-03,5500000,5500000,Lunas,E-Wallet
PAY0010112,23TI0032,2025G,2025-09-27,5500000,5500000,Lunas,Loket Kampus
PAY0010113,23TI0033,2025G,2025-09-05,5500000,3400000,Cicilan,Transfer Bank
PAY0010114,23TI0034,2025G,2025-10-04,5500000,5500000,Lunas,Loket Kampus
PAY0010115,23TI0035,2025G,25/09/2025,5500000,5500000,Lunas,Transfer Bank
PAY0010116,23TI0036,2025G,27-Aug-2025,5500000,5500000,Lunas,Transfer Bank
PAY0010117,23TI0037,2025G,20/09/2025,5500000,5500000,Lunas,VA Bank
PAY0010118,23TI0038,2025G,04-Oct-2025,5500000,5500000,Lunas,E-Wallet
PAY0010119,23TI0039,2025G,01/10/2025,5500000,5500000,Lunas,VA Bank
PAY0010120,23TI0040,2025G,08-Sep-2025,5500000,5500000,Lunas,VA Bank
PAY0010121,23TI0041,2025G,2025-09-20,5500000,5500000,Lunas,E-Wallet
PAY0010122,23TI0042,2025G,2025-09-09,5500000,5500000,Lunas,VA Bank
PAY0010123,23TI0043,2025G,2025-09-22,5500000,5500000,Lunas,VA Bank
PAY0010124,23TI0044,2025G,2025-08-20,5500000,5500000,Lunas,Transfer Bank
PAY0010125,23TI0045,2025G,2025-09-26,5500000,5500000,Lunas,VA Bank
PAY0010126,23TI0046,2025G,2025-09-03,5500000,5500000,Lunas,E-Wallet
PAY0010127,23TI0047,2025G,23-Aug-2025,5500000,5500000,Lunas,VA Bank
PAY0010128,23TI0048,2025G,28/08/2025,5500000,5500000,Lunas,VA Bank
PAY0010129,23TI0049,2025G,2025-08-23,5500000,5500000,Lunas,Loket Kampus
PAY0010130,23TI0050,2025G,,5500000,0,Belum Lunas,Transfer Bank
PAY0010131,23TI0051,2025G,,5500000,0,Belum Lunas,VA Bank
PAY0010132,23TI0052,2025G,2025-09-02,5500000,5500000,Lunas,Loket Kampus
PAY0010133,23TI0053,2025G,2025-09-14,5500000,5500000,Lunas,Loket Kampus
PAY0010134,23TI0054,2025G,02-Sep-2025,5500000,5500000,Lunas,VA Bank
PAY0010135,23TI0055,2025G,2025-09-22,5500000,5500000,Lunas,Loket Kampus
PAY0010136,23TI0056,2025G,2025-10-01,5500000,5500000,Lunas,Transfer Bank
PAY0010137,23TI0057,2025G,,5500000,0,Belum Lunas,VA Bank
PAY0010138,23TI0058,2025G,2025-09-12,5500000,5500000,Lunas,VA Bank
PAY0010139,23TI0059,2025G,25-Sep-2025,5500000,5500000,Lunas,E-Wallet
PAY0010140,23TI0060,2025G,2025-09-12,5500000,5500000,Lunas,E-Wallet
PAY0010141,23TI0061,2025G,28/09/2025,5500000,5500000,Lunas,Loket Kampus
PAY0010142,23TI0062,2025G,2025-09-30,5500000,5500000,Lunas,E-Wallet
PAY0010143,23TI0063,2025G,2025-09-05,5500000,5500000,Lunas,E-Wallet
PAY0010144,23TI0064,2025G,2025-09-04,5500000,5500000,Lunas,Transfer Bank
PAY0010145,23TI0065,2025G,2025-09-15,5500000,5500000,Lunas,Loket Kampus
PAY0010146,23TI0066,2025G,27/09/2025,5500000,5500000,Lunas,Loket Kampus
PAY0010147,23TI0067,2025G,2025-09-05,5500000,5500000,Lunas,Loket Kampus
PAY0010148,23TI0068,2025G,2025-08-29,5500000,5500000,Lunas,VA Bank
PAY0010149,23TI0069,2025G,2025-09-26,5500000,5500000,Lunas,E-Wallet
PAY0010150,23TI0070,2025G,2025-09-29,5500000,5500000,Lunas,Transfer Bank
PAY0010151,23TI0071,2025G,2025-09-30,5500000,5500000,Lunas,Loket Kampus
PAY0010152,23TI0072,2025G,2025-09-22,5500000,5500000,Lunas,Loket Kampus
PAY0010153,23TI0073,2025G,2025-09-08,5500000,5500000,Lunas,VA Bank
PAY0010154,23TI0074,2025G,30-Aug-2025,5500000,5500000,Lunas,Loket Kampus
PAY0010155,23TI0075,2025G,2025-08-25,5500000,5500000,Lunas,Loket Kampus
PAY0010156,23TI0076,2025G,2025-10-04,5500000,5500000,Lunas,E-Wallet
PAY0010157,23TI0077,2025G,2025-09-18,5500000,5500000,Lunas,Loket Kampus
PAY0010158,23TI0078,2025G,2025-09-11,5500000,3300000,Cicilan,Loket Kampus
PAY0010159,23TI0079,2025G,29-Sep-2025,5500000,5500000,Lunas,E-Wallet
PAY0010160,23TI0080,2025G,2025-08-31,5500000,2000000,Cicilan,Loket Kampus
PAY0010161,23TI0081,2025G,2025-09-15,5500000,5500000,Lunas,VA Bank
PAY0010162,23TI0082,2025G,2025-10-02,5500000,5500000,Lunas,Loket Kampus
PAY0010163,23TI0083,2025G,15-Sep-2025,5500000,5500000,Lunas,E-Wallet
PAY0010164,23TI0084,2025G,2025-09-06,5500000,5500000,Lunas,E-Wallet
PAY0010165,23TI0085,2025G,2025-09-13,5500000,5500000,Lunas,E-Wallet
PAY0010166,23TI0086,2025G,2025-09-19,5500000,5500000,Lunas,VA Bank
PAY0010167,23TI0087,2025G,2025-08-24,5500000,5500000,Lunas,Loket Kampus
PAY0010168,23TI0088,2025G,2025-09-10,5500000,4100000,Cicilan,Loket Kampus
PAY0010169,23TI0089,2025G,02/09/2025,5500000,5500000,Lunas,VA Bank
PAY0010170,23TI0090,2025G,2025-09-25,5500000,5500000,Lunas,E-Wallet
PAY0010171,23TI0091,2025G,10/09/2025,5500000,5500000,Lunas,E-Wallet
PAY0010172,23TI0092,2025G,2025-08-21,5500000,5500000,Lunas,VA Bank
PAY0010173,23TI0093,2025G,2025-09-01,5500000,5500000,Lunas,Transfer Bank
PAY0010174,23TI0094,2025G,2025-08-25,5500000,5500000,Lunas,E-Wallet
PAY0010175,23TI0095,2025G,09-Sep-2025,5500000,5500000,Lunas,Transfer Bank
PAY0010176,23SI0001,2025G,20/08/2025,5250000,5250000,Lunas,Transfer Bank
PAY0010177,23SI0002,2025G,2025-09-13,5250000,5250000,Lunas,VA Bank
PAY0010178,23SI0003,2025G,2025-09-22,5250000,5250000,Lunas,E-Wallet
PAY0010179,23SI0004,2025G,2025-08-27,5250000,5250000,Lunas,Loket Kampus
PAY0010180,23SI0005,2025G,2025-09-13,5250000,5250000,Lunas,Transfer Bank
PAY0010181,23SI0006,2025G,2025-09-20,5250000,2700000,Cicilan,Loket Kampus
PAY0010182,23SI0007,2025G,2025-08-21,5250000,2100000,Cicilan,Transfer Bank
PAY0010183,23SI0008,2025G,2025-09-19,5700000,5700000,Lunas,VA Bank
PAY0010184,23SI0009,2025G,2025-08-30,5250000,3800000,Cicilan,VA Bank
PAY0010185,23SI0010,2025G,2025-09-15,5250000,5250000,Lunas,E-Wallet
PAY0010186,23SI0011,2025G,21-Aug-2025,5250000,3500000,Cicilan,Loket Kampus
PAY0010187,23SI0012,2025G,02/10/2025,5250000,5250000,Lunas,Transfer Bank
PAY0010188,23SI0013,2025G,2025-10-01,5250000,5250000,Lunas,Transfer Bank
PAY0010189,23SI0014,2025G,2025-09-13,5250000,5250000,Lunas,E-Wallet
PAY0010190,23SI0015,2025G,02-Oct-2025,6000000,6000000,Lunas,E-Wallet
PAY0010191,23SI0016,2025G,2025-09-02,5250000,5250000,Lunas,Transfer Bank
PAY0010192,23SI0017,2025G,2025-08-20,5250000,3300000,Cicilan,VA Bank
PAY0010193,23SI0018,2025G,2025-08-23,5250000,5250000,Lunas,VA Bank
PAY0010194,23SI0019,2025G,2025-08-25,5250000,5250000,Lunas,E-Wallet
PAY0010195,23SI0020,2025G,2025-09-23,5250000,5250000,Lunas,Loket Kampus
PAY0010196,23SI0021,2025G,08/09/2025,5250000,5250000,Lunas,VA Bank
PAY0010197,23SI0022,2025G,2025-09-20,5250000,5250000,Lunas,Transfer Bank
PAY0010198,23SI0023,2025G,2025-09-23,5250000,5250000,Lunas,VA Bank
PAY0010199,23SI0024,2025G,2025-09-21,5250000,5250000,Lunas,Transfer Bank
PAY0010200,23SI0025,2025G,11/09/2025,5250000,2500000,Cicilan,Loket Kampus
PAY0010201,23SI0026,2025G,2025-09-08,5250000,5250000,Lunas,Loket Kampus
PAY0010202,23SI0027,2025G,2025-09-14,5250000,2900000,Cicilan,Loket Kampus
PAY0010203,23SI0028,2025G,2025-09-29,5250000,5250000,Lunas,E-Wallet
PAY0010204,23SI0029,2025G,26/08/2025,5250000,5250000,Lunas,VA Bank
PAY0010205,23SI0030,2025G,2025-09-11,5250000,5250000,Lunas,Loket Kampus
PAY0010206,23SI0031,2025G,2025-09-27,5250000,5250000,Lunas,E-Wallet
PAY0010207,23SI0032,2025G,2025-08-23,5250000,5250000,Lunas,Loket Kampus
PAY0010208,23SI0033,2025G,2025-09-25,5250000,3300000,Cicilan,E-Wallet
PAY0010209,23SI0034,2025G,2025-08-20,5250000,5250000,Lunas,Transfer Bank
PAY0010210,23SI0035,2025G,2025-09-17,5250000,5250000,Lunas,VA Bank
PAY0010211,23SI0036,2025G,2025-10-02,5250000,5250000,Lunas,Transfer Bank
PAY0010212,23SI0037,2025G,2025-09-08,5250000,5250000,Lunas,Loket Kampus
PAY0010213,23SI0038,2025G,15/09/2025,5250000,2800000,Cicilan,Transfer Bank
PAY0010214,23SI0039,2025G,2025-09-21,5250000,5250000,Lunas,VA Bank
PAY0010215,23SI0040,2025G,2025-09-15,5250000,5250000,Lunas,Transfer Bank
PAY0010216,23SI0041,2025G,2025-09-16,5250000,5250000,Lunas,VA Bank
PAY0010217,23SI0042,2025G,2025-09-06,5250000,5250000,Lunas,Loket Kampus
PAY0010218,23SI0043,2025G,2025-09-25,5250000,5250000,Lunas,Loket Kampus
PAY0010219,23SI0044,2025G,2025-09-01,5250000,2100000,Cicilan,E-Wallet
PAY0010220,23SI0045,2025G,2025-09-11,5250000,5250000,Lunas,Loket Kampus
PAY0010221,23SI0046,2025G,21-Sep-2025,5250000,5250000,Lunas,E-Wallet
PAY0010222,23SI0047,2025G,26/09/2025,5250000,5250000,Lunas,VA Bank
PAY0010223,23SI0048,2025G,2025-08-22,5250000,5250000,Lunas,Loket Kampus
PAY0010224,23SI0049,2025G,2025-08-27,5250000,5250000,Lunas,Loket Kampus
PAY0010225,23SI0050,2025G,21/09/2025,5250000,5250000,Lunas,Transfer Bank
PAY0010226,23SI0051,2025G,2025-08-20,5250000,5250000,Lunas,Loket Kampus
PAY0010227,23SI0052,2025G,2025-09-04,5250000,5250000,Lunas,VA Bank
PAY0010228,23SI0053,2025G,2025-08-21,5250000,5250000,Lunas,E-Wallet
PAY0010229,23SI0054,2025G,18-Sep-2025,5250000,5250000,Lunas,E-Wallet
PAY0010230,23SI0055,2025G,,5250000,0,Belum Lunas,VA Bank
PAY0010231,23SI0056,2025G,2025-09-22,5250000,5250000,Lunas,VA Bank
PAY0010232,23SI0057,2025G,2025-08-26,5250000,5250000,Lunas,Loket Kampus
PAY0010233,23SI0058,2025G,04/09/2025,5250000,5250000,Lunas,VA Bank
PAY0010234,23SI0059,2025G,,5250000,0,Belum Lunas,Loket Kampus
PAY0010235,23SI0060,2025G,2025-08-24,5250000,5250000,Lunas,Transfer Bank
PAY0010236,23SI0061,2025G,2025-08-22,5250000,5250000,Lunas,Loket Kampus
PAY0010237,23SI0062,2025G,2025-09-18,5250000,5250000,Lunas,VA Bank
PAY0010238,23SI0063,2025G,2025-09-21,5250000,5250000,Lunas,VA Bank
PAY0010239,23SI0064,2025G,2025-08-31,5250000,5250000,Lunas,VA Bank
PAY0010240,23SI0065,2025G,2025-09-15,5250000,3600000,Cicilan,VA Bank
PAY0010241,23SI0066,2025G,28-Sep-2025,5250000,5250000,Lunas,Loket Kampus
PAY0010242,23SI0067,2025G,2025-08-23,5250000,5250000,Lunas,VA Bank
PAY0010243,23SI0068,2025G,2025-09-20,5250000,5250000,Lunas,Loket Kampus
PAY0010244,23SI0069,2025G,24/09/2025,5250000,5250000,Lunas,E-Wallet
PAY0010245,23SI0070,2025G,2025-08-20,5250000,5250000,Lunas,E-Wallet
PAY0010246,23SI0071,2025G,2025-09-30,5250000,5250000,Lunas,Transfer Bank
PAY0010247,23SI0072,2025G,2025-09-08,5250000,5250000,Lunas,VA Bank
PAY0010248,23SI0073,2025G,2025-09-08,5250000,5250000,Lunas,VA Bank
PAY0010249,23SI0074,2025G,2025-08-21,5250000,5250000,Lunas,Transfer Bank
PAY0010250,23SI0075,2025G,2025-09-02,5250000,5250000,Lunas,Transfer Bank
PAY0010251,23SI0076,2025G,2025-09-29,5250000,5250000,Lunas,Transfer Bank
PAY0010252,23SI0077,2025G,2025-09-10,5250000,3800000,Cicilan,VA Bank
PAY0010253,23SI0078,2025G,2025-08-31,5250000,5250000,Lunas,Loket Kampus
PAY0010254,23SI0079,2025G,2025-08-22,5250000,5250000,Lunas,Loket Kampus
PAY0010255,23SI0080,2025G,,5250000,0,Belum Lunas,VA Bank
PAY0010256,23SI0081,2025G,2025-09-26,5250000,5250000,Lunas,Loket Kampus
PAY0010257,23SI0082,2025G,2025-09-04,5250000,5250000,Lunas,E-Wallet
PAY0010258,23SI0083,2025G,14-Sep-2025,5250000,5250000,Lunas,Loket Kampus
PAY0010259,23SI0084,2025G,2025-09-15,5250000,5250000,Lunas,Transfer Bank
PAY0010260,23SI0085,2025G,2025-08-28,5250000,2600000,Cicilan,Loket Kampus
PAY0010261,23SI0086,2025G,2025-09-10,5250000,5250000,Lunas,E-Wallet
PAY0010262,23SI0087,2025G,05-Sep-2025,5250000,5250000,Lunas,Transfer Bank
PAY0010263,23SI0088,2025G,2025-09-13,5250000,5250000,Lunas,VA Bank
PAY0010264,23SI0089,2025G,2025-09-25,5250000,5250000,Lunas,Transfer Bank
PAY0010265,23SI0090,2025G,13-Sep-2025,5250000,5250000,Lunas,E-Wallet
PAY0010266,23IF0001,2025G,2025-09-22,5750000,5750000,Lunas,Transfer Bank
PAY0010267,23IF0002,2025G,2025-09-25,5750000,3500000,Cicilan,Loket Kampus
PAY0010268,23IF0003,2025G,19/09/2025,5750000,5750000,Lunas,Loket Kampus
PAY0010269,23IF0004,2025G,2025-08-21,5750000,5750000,Lunas,Transfer Bank
PAY0010270,23IF0005,2025G,20/08/2025,5750000,5750000,Lunas,E-Wallet
PAY0010271,23IF0006,2025G,2025-09-21,5750000,5750000,Lunas,VA Bank
PAY0010272,23IF0007,2025G,2025-09-22,5750000,5750000,Lunas,VA Bank
PAY0010273,23IF0008,2025G,2025-08-22,5750000,5750000,Lunas,Loket Kampus
PAY0010274,23IF0009,2025G,2025-09-28,5750000,5750000,Lunas,Transfer Bank
PAY0010275,23IF0010,2025G,,5750000,0,Belum Lunas,VA Bank
PAY0010276,23IF0011,2025G,2025-09-11,5750000,5750000,Lunas,Transfer Bank
PAY0010277,23IF0012,2025G,2025-08-27,5750000,5750000,Lunas,Loket Kampus
PAY0010278,23IF0013,2025G,2025-09-24,5750000,5750000,Lunas,Loket Kampus
PAY0010279,23IF0014,2025G,2025-09-19,5750000,3800000,Cicilan,Transfer Bank
PAY0010280,23IF0015,2025G,2025-09-25,5750000,5750000,Lunas,Loket Kampus
PAY0010281,23IF0016,2025G,2025-08-20,5750000,5750000,Lunas,E-Wallet
PAY0010282,23IF0017,2025G,2025-09-15,5750000,5750000,Lunas,Transfer Bank
PAY0010283,23IF0018,2025G,,5750000,0,Belum Lunas,E-Wallet
PAY0010284,23IF0019,2025G,2025-08-27,5750000,5750000,Lunas,Transfer Bank
PAY0010285,23IF0020,2025G,2025-09-02,5750000,5750000,Lunas,E-Wallet
PAY0010286,23IF0021,2025G,20/09/2025,5750000,5750000,Lunas,VA Bank
PAY0010287,23IF0022,2025G,,5750000,0,Belum Lunas,VA Bank
PAY0010288,23IF0023,2025G,2025-09-10,5750000,5750000,Lunas,VA Bank
PAY0010289,23IF0024,2025G,,5750000,0,Belum Lunas,VA Bank
PAY0010290,23IF0025,2025G,28-Aug-2025,5750000,2400000,Cicilan,Transfer Bank
PAY0010291,23IF0026,2025G,2025-09-03,5750000,5750000,Lunas,Transfer Bank
PAY0010292,23IF0027,2025G,2025-09-04,5750000,5750000,Lunas,E-Wallet
PAY0010293,23IF0028,2025G,2025-09-11,5750000,5750000,Lunas,VA Bank
PAY0010294,23IF0029,2025G,11/09/2025,5750000,3100000,Cicilan,E-Wallet
PAY0010295,23IF0030,2025G,17-Sep-2025,5750000,5750000,Lunas,Loket Kampus
PAY0010296,23IF0031,2025G,2025-08-22,5750000,5750000,Lunas,VA Bank
PAY0010297,23IF0032,2025G,2025-09-23,5750000,2600000,Cicilan,Transfer Bank
PAY0010298,23IF0033,2025G,28/08/2025,5750000,5750000,Lunas,VA Bank
PAY0010299,23IF0034,2025G,2025-08-20,5750000,5750000,Lunas,VA Bank
PAY0010300,23IF0035,2025G,2025-08-23,5750000,5750000,Lunas,Transfer Bank
PAY0010301,23IF0036,2025G,21/09/2025,5750000,5750000,Lunas,Loket Kampus
PAY0010302,23IF0037,2025G,10/09/2025,5750000,5750000,Lunas,Transfer Bank
PAY0010303,23IF0038,2025G,2025-09-18,5750000,5750000,Lunas,Loket Kampus
PAY0010304,23IF0039,2025G,28/08/2025,5750000,5750000,Lunas,Loket Kampus
PAY0010305,23IF0040,2025G,13/09/2025,5750000,5750000,Lunas,Transfer Bank
PAY0010306,23IF0041,2025G,2025-09-18,5750000,5750000,Lunas,Loket Kampus
PAY0010307,23IF0042,2025G,2025-09-28,5750000,5750000,Lunas,VA Bank
PAY0010308,23IF0043,2025G,,5750000,0,Belum Lunas,VA Bank
PAY0010309,23IF0044,2025G,,5750000,0,Belum Lunas,Transfer Bank
PAY0010310,23IF0045,2025G,2025-09-26,5750000,2700000,Cicilan,Transfer Bank
PAY0010311,23IF0046,2025G,2025-08-26,5750000,4100000,Cicilan,E-Wallet
PAY0010312,23IF0047,2025G,2025-09-12,5750000,5750000,Lunas,E-Wallet
PAY0010313,23IF0048,2025G,2025-09-14,5750000,5750000,Lunas,Loket Kampus
PAY0010314,23IF0049,2025G,2025-09-05,5750000,5750000,Lunas,VA Bank
PAY0010315,23IF0050,2025G,2025-09-18,5750000,5750000,Lunas,Transfer Bank
PAY0010316,23IF0051,2025G,2025-10-01,5750000,2400000,Cicilan,Transfer Bank
PAY0010317,23IF0052,2025G,09/09/2025,5750000,5750000,Lunas,Transfer Bank
PAY0010318,23IF0053,2025G,20/08/2025,5750000,5750000,Lunas,Transfer Bank
PAY0010319,23IF0054,2025G,2025-08-21,5750000,5750000,Lunas,E-Wallet
PAY0010320,23IF0055,2025G,2025-09-11,5750000,5750000,Lunas,VA Bank
PAY0010321,23IF0056,2025G,,5750000,0,Belum Lunas,VA Bank
PAY0010322,23IF0057,2025G,2025-09-14,5750000,5750000,Lunas,E-Wallet
PAY0010323,23IF0058,2025G,24-Aug-2025,5750000,5750000,Lunas,Transfer Bank
PAY0010324,23IF0059,2025G,05/09/2025,5750000,5750000,Lunas,VA Bank
PAY0010325,23IF0060,2025G,08/09/2025,5750000,5750000,Lunas,E-Wallet
PAY0010326,23IF0061,2025G,,5750000,0,Belum Lunas,Loket Kampus
PAY0010327,23IF0062,2025G,2025-08-20,5750000,4300000,Cicilan,Loket Kampus
PAY0010328,23IF0063,2025G,2025-09-05,5750000,5750000,Lunas,E-Wallet
PAY0010329,23IF0064,2025G,2025-09-25,5750000,5750000,Lunas,E-Wallet
PAY0010330,23IF0065,2025G,20/08/2025,5750000,5750000,Lunas,Loket Kampus
PAY0010331,23IF0066,2025G,04-Sep-2025,5750000,5750000,Lunas,VA Bank
PAY0010332,23IF0067,2025G,25/09/2025,5750000,5750000,Lunas,Loket Kampus
PAY0010333,23IF0068,2025G,2025-09-01,5750000,5750000,Lunas,VA Bank
PAY0010334,23IF0069,2025G,2025-08-24,5750000,5750000,Lunas,VA Bank
PAY0010335,23IF0070,2025G,2025-09-28,5750000,5750000,Lunas,VA Bank
PAY0010336,23IF0071,2025G,22-Aug-2025,5750000,5750000,Lunas,E-Wallet
PAY0010337,23IF0072,2025G,03/09/2025,5750000,5750000,Lunas,E-Wallet
PAY0010338,23IF0073,2025G,2025-09-11,5750000,2100000,Cicilan,Loket Kampus
PAY0010339,23IF0074,2025G,23/08/2025,5750000,5750000,Lunas,VA Bank
PAY0010340,23IF0075,2025G,2025-08-29,5750000,5750000,Lunas,Loket Kampus
PAY0010341,23IF0076,2025G,26-Aug-2025,5750000,5750000,Lunas,Transfer Bank
PAY0010342,23IF0077,2025G,2025-08-20,5750000,3400000,Cicilan,Transfer Bank
PAY0010343,23IF0078,2025G,2025-09-28,5750000,5750000,Lunas,E-Wallet
PAY0010344,23IF0079,2025G,2025-09-04,5750000,5750000,Lunas,E-Wallet
PAY0010345,23IF0080,2025G,2025-09-07,5750000,3900000,Cicilan,Loket Kampus
PAY0010346,23IF0081,2025G,2025-09-06,5750000,5750000,Lunas,VA Bank
PAY0010347,23IF0082,2025G,2025-09-15,5750000,5750000,Lunas,E-Wallet
PAY0010348,23IF0083,2025G,2025-08-24,5750000,5750000,Lunas,E-Wallet
PAY0010349,23IF0084,2025G,12/09/2025,5750000,5750000,Lunas,Transfer Bank
PAY0010350,23IF0085,2025G,2025-08-31,5750000,5750000,Lunas,VA Bank
PAY0010351,23IF0086,2025G,02-Sep-2025,5750000,5750000,Lunas,Loket Kampus
PAY0010352,23IF0087,2025G,18/09/2025,5750000,5750000,Lunas,VA Bank
PAY0010353,23IF0088,2025G,25-Aug-2025,5750000,5750000,Lunas,Transfer Bank
PAY0010354,23IF0089,2025G,2025-09-17,5750000,5750000,Lunas,Transfer Bank
PAY0010355,23IF0090,2025G,2025-09-17,5750000,5750000,Lunas,Transfer Bank
PAY0010356,23IF0091,2025G,2025-10-01,5750000,5750000,Lunas,VA Bank
PAY0010357,23IF0092,2025G,2025-09-11,5750000,5750000,Lunas,Loket Kampus
PAY0010358,23IF0093,2025G,12/09/2025,5750000,5750000,Lunas,E-Wallet
PAY0010359,23IF0094,2025G,2025-09-09,5750000,5750000,Lunas,Loket Kampus
PAY0010360,23IF0095,2025G,30/09/2025,5750000,5750000,Lunas,Transfer Bank
PAY0010361,23DS0001,2025G,2025-08-25,6000000,6000000,Lunas,E-Wallet
PAY0010362,23DS0002,2025G,2025-08-23,6000000,6000000,Lunas,Transfer Bank
PAY0010363,23DS0003,2025G,2025-09-03,6000000,6000000,Lunas,VA Bank
PAY0010364,23DS0004,2025G,2025-09-26,6000000,6000000,Lunas,Loket Kampus
PAY0010365,23DS0005,2025G,2025-09-02,6000000,6000000,Lunas,Loket Kampus
PAY0010366,23DS0006,2025G,02/09/2025,6000000,6000000,Lunas,Loket Kampus
PAY0010367,23DS0007,2025G,2025-09-07,6000000,6000000,Lunas,Transfer Bank
PAY0010368,23DS0008,2025G,2025-09-10,6000000,6000000,Lunas,E-Wallet
PAY0010369,23DS0009,2025G,2025-08-27,6000000,6000000,Lunas,Transfer Bank
PAY0010370,23DS0010,2025G,20-Aug-2025,6000000,6000000,Lunas,Transfer Bank
PAY0010371,23DS0011,2025G,2025-08-31,6000000,6000000,Lunas,Transfer Bank
PAY0010372,23DS0012,2025G,2025-08-31,6000000,6000000,Lunas,Loket Kampus
PAY0010373,23DS0013,2025G,2025-09-24,6000000,6000000,Lunas,Transfer Bank
PAY0010374,23DS0014,2025G,2025-09-08,6000000,6000000,Lunas,Transfer Bank
PAY0010375,23DS0015,2025G,2025-09-11,6000000,6000000,Lunas,Loket Kampus
PAY0010376,23DS0016,2025G,2025-08-27,6000000,6000000,Lunas,E-Wallet
PAY0010377,23DS0017,2025G,2025-09-18,6000000,6000000,Lunas,VA Bank
PAY0010378,23DS0018,2025G,2025-10-04,6000000,6000000,Lunas,Loket Kampus
PAY0010379,23DS0019,2025G,2025-09-17,6000000,6000000,Lunas,Loket Kampus
PAY0010380,23DS0020,2025G,2025-08-31,6000000,6000000,Lunas,VA Bank
PAY0010381,23DS0021,2025G,2025-08-30,6000000,6000000,Lunas,Loket Kampus
PAY0010382,23DS0022,2025G,2025-08-20,6000000,6000000,Lunas,E-Wallet
PAY0010383,23DS0023,2025G,2025-09-16,6000000,6000000,Lunas,Loket Kampus
PAY0010384,23DS0024,2025G,2025-09-04,6000000,6000000,Lunas,Loket Kampus
PAY0010385,23DS0025,2025G,04-Sep-2025,6000000,2700000,Cicilan,VA Bank
PAY0010386,23DS0026,2025G,2025-09-25,6000000,6000000,Lunas,Transfer Bank
PAY0010387,23DS0027,2025G,2025-09-26,6000000,6000000,Lunas,Transfer Bank
PAY0010388,23DS0028,2025G,29/08/2025,6000000,6000000,Lunas,Transfer Bank
PAY0010389,23DS0029,2025G,2025-09-25,6000000,6000000,Lunas,Transfer Bank
PAY0010390,23DS0030,2025G,,6000000,0,Belum Lunas,Transfer Bank
PAY0010391,23DS0031,2025G,24/08/2025,6000000,6000000,Lunas,Transfer Bank
PAY0010392,23DS0032,2025G,2025-08-31,6000000,6000000,Lunas,Transfer Bank
PAY0010393,23DS0033,2025G,2025-08-28,6000000,6000000,Lunas,E-Wallet
PAY0010394,23DS0034,2025G,,6000000,0,Belum Lunas,E-Wallet
PAY0010395,23DS0035,2025G,2025-09-14,6000000,6000000,Lunas,Transfer Bank
PAY0010396,23DS0036,2025G,2025-08-25,6000000,6000000,Lunas,Transfer Bank
PAY0010397,23DS0037,2025G,2025-09-09,6000000,6000000,Lunas,Transfer Bank
PAY0010398,23DS0038,2025G,2025-10-02,6000000,6000000,Lunas,Loket Kampus
PAY0010399,23DS0039,2025G,23-Aug-2025,6000000,6000000,Lunas,Loket Kampus
PAY0010400,23DS0040,2025G,2025-09-15,6000000,6000000,Lunas,E-Wallet
PAY0010401,23DS0041,2025G,,6000000,0,Belum Lunas,Transfer Bank
PAY0010402,23DS0042,2025G,2025-09-13,6000000,6000000,Lunas,Loket Kampus
PAY0010403,23DS0043,2025G,06-Sep-2025,6000000,3400000,Cicilan,Transfer Bank
PAY0010404,23DS0044,2025G,2025-09-30,6000000,6000000,Lunas,Transfer Bank
PAY0010405,23DS0045,2025G,2025-08-31,6000000,6000000,Lunas,Transfer Bank
PAY0010406,23DS0046,2025G,2025-08-23,6000000,6000000,Lunas,Transfer Bank
PAY0010407,23DS0047,2025G,,6000000,0,Belum Lunas,Transfer Bank
PAY0010408,23DS0048,2025G,02-Oct-2025,6000000,6000000,Lunas,E-Wallet
PAY0010409,23DS0049,2025G,2025-09-15,6000000,4200000,Cicilan,E-Wallet
PAY0010410,23DS0050,2025G,2025-09-27,6000000,6000000,Lunas,E-Wallet
PAY0010411,23DS0051,2025G,,6000000,0,Belum Lunas,VA Bank
PAY0010412,23DS0052,2025G,02/10/2025,6000000,6000000,Lunas,Loket Kampus
PAY0010413,23DS0053,2025G,2025-08-25,6000000,6000000,Lunas,Transfer Bank
PAY0010414,23DS0054,2025G,2025-09-01,6000000,6000000,Lunas,Loket Kampus
PAY0010415,23DS0055,2025G,2025-09-04,6000000,6000000,Lunas,Loket Kampus
PAY0010416,23DS0056,2025G,24/08/2025,6000000,6000000,Lunas,Loket Kampus
PAY0010417,23DS0057,2025G,2025-09-24,6000000,6000000,Lunas,E-Wallet
PAY0010418,23DS0058,2025G,2025-09-14,6000000,-6000000,Lunas,Loket Kampus
PAY0010419,23DS0059,2025G,25-Sep-2025,6000000,6000000,Lunas,Transfer Bank
PAY0010420,23DS0060,2025G,2025-08-20,6000000,6000000,Lunas,Loket Kampus
PAY0010421,23DS0061,2025G,2025-09-25,6000000,6000000,Lunas,E-Wallet
PAY0010422,23DS0062,2025G,2025-09-07,6000000,6000000,Lunas,E-Wallet
PAY0010423,23DS0063,2025G,2025-10-03,6000000,6000000,Lunas,Transfer Bank
PAY0010424,23DS0064,2025G,2025-09-08,6000000,6000000,Lunas,Transfer Bank
PAY0010425,23DS0065,2025G,2025-09-04,6000000,6000000,Lunas,VA Bank
PAY0010426,23DS0066,2025G,2025-09-23,6000000,6000000,Lunas,VA Bank
PAY0010427,23DS0067,2025G,2025-09-20,6000000,6000000,Lunas,VA Bank
PAY0010428,23DS0068,2025G,2025-09-10,6000000,6000000,Lunas,Transfer Bank
PAY0010429,23DS0069,2025G,2025-10-02,6000000,3100000,Cicilan,E-Wallet
PAY0010430,23DS0070,2025G,2025-09-08,6000000,6000000,Lunas,VA Bank
PAY0010431,23DS0071,2025G,17/09/2025,6000000,6000000,Lunas,E-Wallet
PAY0010432,23DS0072,2025G,2025-09-01,6000000,2800000,Cicilan,VA Bank
PAY0010433,23DS0073,2025G,2025-09-15,6000000,6000000,Lunas,E-Wallet
PAY0010434,23DS0074,2025G,2025-08-23,6000000,6000000,Lunas,E-Wallet
PAY0010435,23DS0075,2025G,16/09/2025,6000000,6000000,Lunas,Loket Kampus
PAY0010436,23TR0001,2025G,2025-09-01,5700000,5700000,Lunas,VA Bank
PAY0010437,23TR0002,2025G,2025-10-02,5700000,5700000,Lunas,Loket Kampus
PAY0010438,23TR0003,2025G,2025-09-11,5700000,5700000,Lunas,Loket Kampus
PAY0010439,23TR0004,2025G,2025-09-11,5700000,5700000,Lunas,E-Wallet
PAY0010440,23TR0005,2025G,2025-08-27,5700000,5700000,Lunas,Loket Kampus
PAY0010441,23TR0006,2025G,2025-08-20,5700000,5700000,Lunas,Loket Kampus
PAY0010442,23TR0007,2025G,21/08/2025,5700000,5700000,Lunas,VA Bank
PAY0010443,23TR0008,2025G,2025-09-25,5700000,5700000,Lunas,VA Bank
PAY0010444,23TR0009,2025G,20/09/2025,5700000,5700000,Lunas,Transfer Bank
PAY0010445,23TR0010,2025G,2025-09-14,5700000,5700000,Lunas,E-Wallet
PAY0010446,23TR0011,2025G,2025-08-28,5700000,5700000,Lunas,E-Wallet
PAY0010447,23TR0012,2025G,28/09/2025,5700000,5700000,Lunas,Transfer Bank
PAY0010448,23TR0013,2025G,27/08/2025,6000000,6000000,Lunas,Loket Kampus
PAY0010449,23TR0014,2025G,2025-09-08,5700000,4000000,Cicilan,Transfer Bank
PAY0010450,23TR0015,2025G,26-Aug-2025,5700000,4200000,Cicilan,VA Bank
PAY0010451,23TR0016,2025G,2025-08-25,5700000,5700000,Lunas,E-Wallet
PAY0010452,23TR0017,2025G,2025-09-12,5700000,2500000,Cicilan,E-Wallet
PAY0010453,23TR0018,2025G,2025-09-03,5700000,3600000,Cicilan,Transfer Bank
PAY0010454,23TR0019,2025G,2025-09-23,5700000,5700000,Lunas,VA Bank
PAY0010455,23TR0020,2025G,,5700000,0,Belum Lunas,E-Wallet
PAY0010456,23TR0021,2025G,2025-09-20,5700000,5700000,Lunas,E-Wallet
PAY0010457,23TR0022,2025G,2025-08-23,5700000,5700000,Lunas,Transfer Bank
PAY0010458,23TR0023,2025G,11/09/2025,5700000,5700000,Lunas,E-Wallet
PAY0010459,23TR0024,2025G,2025-09-29,5700000,4200000,Cicilan,Transfer Bank
PAY0010460,23TR0025,2025G,2025-08-20,5700000,2200000,Cicilan,E-Wallet
PAY0010461,23TR0026,2025G,,5700000,0,Belum Lunas,Loket Kampus
PAY0010462,23TR0027,2025G,2025-08-21,5700000,5700000,Lunas,VA Bank
PAY0010463,23TR0028,2025G,2025-09-12,5700000,5700000,Lunas,Transfer Bank
PAY0010464,23TR0029,2025G,2025-09-29,5700000,5700000,Lunas,VA Bank
PAY0010465,23TR0030,2025G,24/08/2025,5700000,5700000,Lunas,E-Wallet
PAY0010466,23TR0031,2025G,26/09/2025,5700000,5700000,Lunas,E-Wallet
PAY0010467,23TR0032,2025G,06-Sep-2025,5700000,5700000,Lunas,E-Wallet
PAY0010468,23TR0033,2025G,,5700000,0,Belum Lunas,E-Wallet
PAY0010469,23TR0034,2025G,2025-08-31,5700000,3900000,Cicilan,VA Bank
PAY0010470,23TR0035,2025G,2025-08-30,5700000,5700000,Lunas,Transfer Bank
PAY0010471,23TR0036,2025G,2025-09-02,5700000,2100000,Cicilan,VA Bank
PAY0010472,23TR0037,2025G,2025-10-01,5700000,5700000,Lunas,E-Wallet
PAY0010473,23TR0038,2025G,2025-08-20,5700000,5700000,Lunas,E-Wallet
PAY0010474,23TR0039,2025G,19/09/2025,5700000,5700000,Lunas,E-Wallet
PAY0010475,23TR0040,2025G,2025-09-13,5700000,5700000,Lunas,Loket Kampus
PAY0010476,23TR0041,2025G,2025-10-01,5700000,5700000,Lunas,VA Bank
PAY0010477,23TR0042,2025G,2025-08-26,5700000,5700000,Lunas,VA Bank
PAY0010478,23TR0043,2025G,2025-09-21,5700000,5700000,Lunas,E-Wallet
PAY0010479,23TR0044,2025G,2025-08-22,5700000,5700000,Lunas,E-Wallet
PAY0010480,23TR0045,2025G,24/08/2025,5700000,4100000,Cicilan,Loket Kampus
PAY0010481,23TR0046,2025G,2025-09-16,5700000,5700000,Lunas,Loket Kampus
PAY0010482,23TR0047,2025G,2025-09-06,5700000,5700000,Lunas,E-Wallet
PAY0010483,23TR0048,2025G,2025-08-27,5700000,5700000,Lunas,E-Wallet
PAY0010484,23TR0049,2025G,2025-09-02,5700000,2600000,Cicilan,Loket Kampus
PAY0010485,23TR0050,2025G,2025-09-04,5700000,5700000,Lunas,E-Wallet
PAY0010486,23TR0051,2025G,2025-09-13,5700000,5700000,Lunas,Loket Kampus
PAY0010487,23TR0052,2025G,2025-09-27,5700000,5700000,Lunas,Transfer Bank
PAY0010488,23TR0053,2025G,2025-10-01,5700000,5700000,Lunas,E-Wallet
PAY0010489,23TR0054,2025G,2025-08-29,5700000,2200000,Cicilan,VA Bank
PAY0010490,23TR0055,2025G,2025-09-01,5700000,5700000,Lunas,Transfer Bank
PAY0010491,23TR0056,2025G,,5700000,0,Belum Lunas,E-Wallet
PAY0010492,23TR0057,2025G,,5700000,0,Belum Lunas,Transfer Bank
PAY0010493,23TR0058,2025G,2025-08-21,5700000,3500000,Cicilan,Transfer Bank
PAY0010494,23TR0059,2025G,2025-08-21,5700000,5700000,Lunas,Loket Kampus
PAY0010495,23TR0060,2025G,29/09/2025,5700000,3200000,Cicilan,Loket Kampus
PAY0010496,23TR0061,2025G,2025-09-21,5700000,5700000,Lunas,VA Bank
PAY0010497,23TR0062,2025G,2025-09-12,5700000,5700000,Lunas,E-Wallet
PAY0010498,23TR0063,2025G,2025-09-21,5700000,5700000,Lunas,VA Bank
PAY0010499,23TR0064,2025G,04-Oct-2025,5700000,2200000,Cicilan,E-Wallet
PAY0010500,23TR0065,2025G,27/09/2025,5700000,5700000,Lunas,E-Wallet
PAY0010501,23TR0066,2025G,2025-08-20,5700000,5700000,Lunas,E-Wallet
PAY0010502,23TR0067,2025G,2025-09-07,5700000,5700000,Lunas,E-Wallet
PAY0010503,23TR0068,2025G,2025-09-05,5700000,5700000,Lunas,E-Wallet
PAY0010504,23TR0069,2025G,2025-09-13,5700000,5700000,Lunas,Transfer Bank
PAY0010505,23TR0070,2025G,2025-09-21,5700000,2200000,Cicilan,Transfer Bank
PAY0010506,23BD0001,2025G,2025-09-18,5000000,5000000,Lunas,Loket Kampus
PAY0010507,23BD0002,2025G,2025-09-03,5000000,2700000,Cicilan,Loket Kampus
PAY0010508,23BD0003,2025G,02/09/2025,5000000,5000000,Lunas,Loket Kampus
PAY0010509,23BD0004,2025G,08/09/2025,5000000,5000000,Lunas,Transfer Bank
PAY0010510,23BD0005,2025G,2025-09-06,5000000,5000000,Lunas,Loket Kampus
PAY0010511,23BD0006,2025G,,5000000,0,Belum Lunas,Loket Kampus
PAY0010512,23BD0007,2025G,2025-09-08,5000000,5000000,Lunas,VA Bank
PAY0010513,23BD0008,2025G,2025-09-13,5000000,5000000,Lunas,E-Wallet
PAY0010514,23BD0009,2025G,2025-09-05,5000000,5000000,Lunas,E-Wallet
PAY0010515,23BD0010,2025G,2025-09-18,5000000,5000000,Lunas,VA Bank
PAY0010516,23BD0011,2025G,08/09/2025,5000000,5000000,Lunas,Loket Kampus
PAY0010517,23BD0012,2025G,2025-09-19,5000000,5000000,Lunas,Transfer Bank
PAY0010518,23BD0013,2025G,2025-09-07,5000000,5000000,Lunas,Transfer Bank
PAY0010519,23BD0014,2025G,2025-09-06,5000000,5000000,Lunas,Loket Kampus
PAY0010520,23BD0015,2025G,2025-09-13,5000000,5000000,Lunas,Transfer Bank
PAY0010521,23BD0016,2025G,2025-09-09,5000000,5000000,Lunas,Loket Kampus
PAY0010522,23BD0017,2025G,04-Sep-2025,5000000,5000000,Lunas,VA Bank
PAY0010523,23BD0018,2025G,2025-09-25,5000000,3600000,Cicilan,Transfer Bank
PAY0010524,23BD0019,2025G,19-Sep-2025,5000000,5000000,Lunas,Transfer Bank
PAY0010525,23BD0020,2025G,15-Sep-2025,5000000,5000000,Lunas,Loket Kampus
PAY0010526,23BD0021,2025G,14/09/2025,5000000,5000000,Lunas,Loket Kampus
PAY0010527,23BD0022,2025G,2025-08-30,5000000,5000000,Lunas,E-Wallet
PAY0010528,23BD0023,2025G,21-Aug-2025,5000000,5000000,Lunas,Loket Kampus
PAY0010529,23BD0024,2025G,2025-09-07,5000000,5000000,Lunas,E-Wallet
PAY0010530,23BD0025,2025G,2025-09-11,5000000,5000000,Lunas,Loket Kampus
PAY0010531,23BD0026,2025G,2025-09-15,5000000,5000000,Lunas,E-Wallet
PAY0010532,23BD0027,2025G,2025-09-15,5000000,5000000,Lunas,VA Bank
PAY0010533,23BD0028,2025G,03-Oct-2025,5000000,5000000,Lunas,VA Bank
PAY0010534,23BD0029,2025G,2025-08-31,5000000,5000000,Lunas,VA Bank
PAY0010535,23BD0030,2025G,21/08/2025,5000000,5000000,Lunas,E-Wallet
PAY0010536,23BD0031,2025G,25-Sep-2025,5000000,5000000,Lunas,E-Wallet
PAY0010537,23BD0032,2025G,2025-08-24,5000000,5000000,Lunas,E-Wallet
PAY0010538,23BD0033,2025G,2025-09-21,5000000,5000000,Lunas,Loket Kampus
PAY0010539,23BD0034,2025G,2025-09-14,5000000,5000000,Lunas,Loket Kampus
PAY0010540,23BD0035,2025G,2025-10-01,5000000,5000000,Lunas,VA Bank
PAY0010541,23BD0036,2025G,30-Sep-2025,5000000,5000000,Lunas,Loket Kampus
PAY0010542,23BD0037,2025G,2025-08-21,5000000,3400000,Cicilan,Loket Kampus
PAY0010543,23BD0038,2025G,2025-08-30,5000000,5000000,Lunas,E-Wallet
PAY0010544,23BD0039,2025G,2025-09-21,5000000,5000000,Lunas,VA Bank
PAY0010545,23BD0040,2025G,2025-09-22,5000000,5000000,Lunas,VA Bank
PAY0010546,23BD0041,2025G,2025-09-19,5000000,2000000,Cicilan,VA Bank
PAY0010547,23BD0042,2025G,2025-09-28,5000000,5000000,Lunas,Loket Kampus
PAY0010548,23BD0043,2025G,2025-08-27,5000000,5000000,Lunas,Loket Kampus
PAY0010549,23BD0044,2025G,2025-08-29,5000000,5000000,Lunas,E-Wallet
PAY0010550,23BD0045,2025G,2025-08-23,5000000,5000000,Lunas,Transfer Bank
PAY0010551,23BD0046,2025G,2025-09-05,5000000,5000000,Lunas,VA Bank
PAY0010552,23BD0047,2025G,2025-09-24,5000000,3300000,Cicilan,Loket Kampus
PAY0010553,23BD0048,2025G,14/09/2025,5000000,5000000,Lunas,VA Bank
PAY0010554,23BD0049,2025G,2025-09-23,5000000,5000000,Lunas,E-Wallet
PAY0010555,23BD0050,2025G,2025-08-27,5000000,5000000,Lunas,Transfer Bank
PAY0010556,23BD0051,2025G,,5000000,0,Belum Lunas,E-Wallet
PAY0010557,23BD0052,2025G,2025-09-03,5000000,5000000,Lunas,E-Wallet
PAY0010558,23BD0053,2025G,20/09/2025,5000000,5000000,Lunas,Transfer Bank
PAY0010559,23BD0054,2025G,30/09/2025,5000000,5000000,Lunas,E-Wallet
PAY0010560,23BD0055,2025G,22/09/2025,5000000,5000000,Lunas,Loket Kampus
PAY0010561,23BD0056,2025G,07/09/2025,5000000,5000000,Lunas,VA Bank
PAY0010562,23BD0057,2025G,2025-09-13,5000000,5000000,Lunas,VA Bank
PAY0010563,23BD0058,2025G,16/09/2025,5000000,5000000,Lunas,Loket Kampus
PAY0010564,23BD0059,2025G,30-Sep-2025,5000000,5000000,Lunas,Loket Kampus
PAY0010565,23BD0060,2025G,2025-10-03,5000000,5000000,Lunas,Loket Kampus
PAY0010566,23BD0061,2025G,2025-09-09,5000000,5000000,Lunas,E-Wallet
PAY0010567,23BD0062,2025G,,5000000,0,Belum Lunas,VA Bank
PAY0010568,23BD0063,2025G,2025-09-14,5000000,5000000,Lunas,VA Bank
PAY0010569,23BD0064,2025G,2025-09-15,5000000,5000000,Lunas,E-Wallet
PAY0010570,23BD0065,2025G,02/09/2025,5000000,2400000,Cicilan,E-Wallet
PAY0010571,23BD0066,2025G,2025-09-30,5000000,5000000,Lunas,VA Bank
PAY0010572,23BD0067,2025G,2025-08-29,5000000,5000000,Lunas,Transfer Bank
PAY0010573,23BD0068,2025G,25/09/2025,5000000,5000000,Lunas,Loket Kampus
PAY0010574,23BD0069,2025G,2025-08-26,5000000,5000000,Lunas,Loket Kampus
PAY0010575,23BD0070,2025G,2025-09-17,5000000,5000000,Lunas,Loket Kampus
PAY0010576,23BD0071,2025G,05/09/2025,5000000,5000000,Lunas,E-Wallet
PAY0010577,23BD0072,2025G,2025-09-15,5000000,2300000,Cicilan,Transfer Bank
PAY0010578,23BD0073,2025G,08-Sep-2025,5000000,5000000,Lunas,E-Wallet
PAY0010579,23BD0074,2025G,20/08/2025,5000000,5000000,Lunas,E-Wallet
PAY0010580,23BD0075,2025G,2025-10-03,5000000,3200000,Cicilan,Transfer Bank
PAY0010581,24TI0001,2025G,,5500000,0,Belum Lunas,Loket Kampus
PAY0010582,24TI0002,2025G,2025-08-22,5500000,5500000,Lunas,Loket Kampus
PAY0010583,24TI0003,2025G,22-Sep-2025,5500000,5500000,Lunas,E-Wallet
PAY0010584,24TI0004,2025G,2025-09-20,5500000,5500000,Lunas,Transfer Bank
PAY0010585,24TI0005,2025G,27/09/2025,5500000,5500000,Lunas,Transfer Bank
PAY0010586,24TI0006,2025G,2025-08-20,5500000,5500000,Lunas,Loket Kampus
PAY0010587,24TI0007,2025G,28/08/2025,5500000,5500000,Lunas,Loket Kampus
PAY0010588,24TI0008,2025G,2025-09-14,5500000,5500000,Lunas,E-Wallet
PAY0010589,24TI0009,2025G,2025-09-08,5500000,5500000,Lunas,VA Bank
PAY0010590,24TI0010,2025G,2025-09-28,5500000,5500000,Lunas,E-Wallet
PAY0010591,24TI0011,2025G,28-Aug-2025,5500000,5500000,Lunas,E-Wallet
PAY0010592,24TI0012,2025G,21/09/2025,5500000,5500000,Lunas,E-Wallet
PAY0010593,24TI0013,2025G,2025-09-30,5500000,5500000,Lunas,E-Wallet
PAY0010594,24TI0014,2025G,29/08/2025,5500000,5500000,Lunas,Transfer Bank
PAY0010595,24TI0015,2025G,2025-09-15,5500000,5500000,Lunas,E-Wallet
PAY0010596,24TI0016,2025G,2025-09-24,5500000,5500000,Lunas,VA Bank
PAY0010597,24TI0017,2025G,23-Sep-2025,5500000,5500000,Lunas,Loket Kampus
PAY0010598,24TI0018,2025G,08/09/2025,5500000,5500000,Lunas,VA Bank
PAY0010599,24TI0019,2025G,2025-09-30,5500000,5500000,Lunas,VA Bank
PAY0010600,24TI0020,2025G,2025-09-28,5500000,5500000,Lunas,Transfer Bank
PAY0010601,24TI0021,2025G,2025-08-22,5500000,5500000,Lunas,VA Bank
PAY0010602,24TI0022,2025G,11/09/2025,5500000,5500000,Lunas,Transfer Bank
PAY0010603,24TI0023,2025G,2025-08-27,5500000,5500000,Lunas,VA Bank
PAY0010604,24TI0024,2025G,2025-09-26,5500000,5500000,Lunas,E-Wallet
PAY0010605,24TI0025,2025G,2025-09-04,5500000,5500000,Lunas,Transfer Bank
PAY0010606,24TI0026,2025G,2025-09-29,5500000,5500000,Lunas,Loket Kampus
PAY0010607,24TI0027,2025G,2025-09-08,5500000,5500000,Lunas,Transfer Bank
PAY0010608,24TI0028,2025G,2025-09-12,5500000,5500000,Lunas,Loket Kampus
PAY0010609,24TI0029,2025G,31/08/2025,5500000,5500000,Lunas,E-Wallet
PAY0010610,24TI0030,2025G,2025-08-29,5500000,5500000,Lunas,Transfer Bank
PAY0010611,24TI0031,2025G,2025-08-26,5500000,5500000,Lunas,Loket Kampus
PAY0010612,24TI0032,2025G,2025-09-19,5500000,5500000,Lunas,VA Bank
PAY0010613,24TI0033,2025G,2025-08-25,5500000,5500000,Lunas,Loket Kampus
PAY0010614,24TI0034,2025G,2025-09-02,5500000,5500000,Lunas,Loket Kampus
PAY0010615,24TI0035,2025G,2025-08-30,5500000,5500000,Lunas,E-Wallet
PAY0010616,24TI0036,2025G,20/09/2025,5700000,5700000,Lunas,Transfer Bank
PAY0010617,24TI0037,2025G,2025-08-24,5500000,5500000,Lunas,VA Bank
PAY0010618,24TI0038,2025G,2025-09-11,5500000,5500000,Lunas,Transfer Bank
PAY0010619,24TI0039,2025G,2025-09-27,5500000,5500000,Lunas,Transfer Bank
PAY0010620,24TI0040,2025G,2025-08-22,5500000,5500000,Lunas,VA Bank
PAY0010621,24TI0041,2025G,2025-09-09,5500000,5500000,Lunas,Transfer Bank
PAY0010622,24TI0042,2025G,2025-09-01,5500000,5500000,Lunas,Loket Kampus
PAY0010623,24TI0043,2025G,,5500000,0,Belum Lunas,Transfer Bank
PAY0010624,24TI0044,2025G,21/09/2025,5500000,5500000,Lunas,VA Bank
PAY0010625,24TI0045,2025G,2025-10-04,5500000,5500000,Lunas,Loket Kampus
PAY0010626,24TI0046,2025G,2025-09-16,5500000,5500000,Lunas,E-Wallet
PAY0010627,24TI0047,2025G,2025-08-23,5500000,5500000,Lunas,Loket Kampus
PAY0010628,24TI0048,2025G,2025-09-26,5500000,5500000,Lunas,VA Bank
PAY0010629,24TI0049,2025G,2025-09-28,5500000,5500000,Lunas,VA Bank
PAY0010630,24TI0050,2025G,2025-09-18,5500000,5500000,Lunas,VA Bank
PAY0010631,24TI0051,2025G,2025-09-02,5500000,5500000,Lunas,E-Wallet
PAY0010632,24TI0052,2025G,2025-08-28,5500000,5500000,Lunas,Loket Kampus
PAY0010633,24TI0053,2025G,07-Sep-2025,5500000,5500000,Lunas,Loket Kampus
PAY0010634,24TI0054,2025G,2025-09-21,5500000,5500000,Lunas,E-Wallet
PAY0010635,24TI0055,2025G,2025-09-27,5500000,5500000,Lunas,VA Bank
PAY0010636,24TI0056,2025G,2025-09-19,5500000,5500000,Lunas,VA Bank
PAY0010637,24TI0057,2025G,2025-08-23,5500000,5500000,Lunas,VA Bank
PAY0010638,24TI0058,2025G,2025-09-30,5500000,5500000,Lunas,Transfer Bank
PAY0010639,24TI0059,2025G,2025-09-25,5500000,5500000,Lunas,VA Bank
PAY0010640,24TI0060,2025G,2025-09-15,5500000,5500000,Lunas,Loket Kampus
PAY0010641,24TI0061,2025G,03/10/2025,5500000,5500000,Lunas,VA Bank
PAY0010642,24TI0062,2025G,,5500000,0,Belum Lunas,E-Wallet
PAY0010643,24TI0063,2025G,2025-09-02,5500000,5500000,Lunas,E-Wallet
PAY0010644,24TI0064,2025G,2025-09-24,5500000,5500000,Lunas,VA Bank
PAY0010645,24TI0065,2025G,2025-09-03,5500000,5500000,Lunas,Loket Kampus
PAY0010646,24TI0066,2025G,2025-09-18,5500000,5500000,Lunas,VA Bank
PAY0010647,24TI0067,2025G,2025-09-28,5500000,5500000,Lunas,E-Wallet
PAY0010648,24TI0068,2025G,2025-08-20,5500000,5500000,Lunas,E-Wallet
PAY0010649,24TI0069,2025G,2025-08-23,5500000,5500000,Lunas,E-Wallet
PAY0010650,24TI0070,2025G,24-Aug-2025,5500000,5500000,Lunas,VA Bank
PAY0010651,24TI0071,2025G,21-Aug-2025,5500000,5500000,Lunas,Transfer Bank
PAY0010652,24TI0072,2025G,2025-09-09,5500000,5500000,Lunas,E-Wallet
PAY0010653,24TI0073,2025G,2025-09-15,5500000,5500000,Lunas,VA Bank
PAY0010654,24TI0074,2025G,2025-08-27,5500000,5500000,Lunas,Loket Kampus
PAY0010655,24TI0075,2025G,2025-10-03,5500000,5500000,Lunas,E-Wallet
PAY0010656,24TI0076,2025G,03/09/2025,5500000,4000000,Cicilan,Loket Kampus
PAY0010657,24TI0077,2025G,24/08/2025,5500000,3400000,Cicilan,Transfer Bank
PAY0010658,24TI0078,2025G,,5500000,0,Belum Lunas,Loket Kampus
PAY0010659,24TI0079,2025G,2025-08-26,5500000,5500000,Lunas,E-Wallet
PAY0010660,24TI0080,2025G,2025-09-04,5500000,5500000,Lunas,VA Bank
PAY0010661,24TI0081,2025G,03-Sep-2025,5500000,5500000,Lunas,E-Wallet
PAY0010662,24TI0082,2025G,2025-08-20,5500000,5500000,Lunas,Transfer Bank
PAY0010663,24TI0083,2025G,2025-10-02,5500000,5500000,Lunas,VA Bank
PAY0010664,24TI0084,2025G,2025-09-20,5500000,5500000,Lunas,E-Wallet
PAY0010665,24TI0085,2025G,2025-09-18,5500000,5500000,Lunas,Transfer Bank
PAY0010666,24TI0086,2025G,2025-09-15,5500000,5500000,Lunas,Loket Kampus
PAY0010667,24TI0087,2025G,2025-09-16,5500000,5500000,Lunas,VA Bank
PAY0010668,24TI0088,2025G,2025-09-07,5500000,5500000,Lunas,VA Bank
PAY0010669,24TI0089,2025G,2025-09-20,5500000,5500000,Lunas,VA Bank
PAY0010670,24TI0090,2025G,2025-08-29,5500000,5500000,Lunas,E-Wallet
PAY0010671,24TI0091,2025G,2025-09-01,5500000,2100000,Cicilan,E-Wallet
PAY0010672,24TI0092,2025G,04/10/2025,5500000,5500000,Lunas,Transfer Bank
PAY0010673,24TI0093,2025G,20-Sep-2025,5250000,5250000,Lunas,Loket Kampus
PAY0010674,24TI0094,2025G,2025-08-29,5500000,5500000,Lunas,Loket Kampus
PAY0010675,24TI0095,2025G,2025-09-13,5500000,5500000,Lunas,E-Wallet
PAY0010676,24TI0096,2025G,2025-09-26,5500000,5500000,Lunas,VA Bank
PAY0010677,24TI0097,2025G,,5500000,0,Belum Lunas,Loket Kampus
PAY0010678,24TI0098,2025G,09/09/2025,5500000,5500000,Lunas,E-Wallet
PAY0010679,24TI0099,2025G,11/09/2025,5500000,5500000,Lunas,Loket Kampus
PAY0010680,24SI0001,2025G,2025-08-22,5250000,5250000,Lunas,E-Wallet
PAY0010681,24SI0002,2025G,23-Aug-2025,5250000,5250000,Lunas,VA Bank
PAY0010682,24SI0003,2025G,30/09/2025,5250000,5250000,Lunas,Transfer Bank
PAY0010683,24SI0004,2025G,2025-09-26,5250000,5250000,Lunas,VA Bank
PAY0010684,24SI0005,2025G,2025-09-01,5250000,5250000,Lunas,VA Bank
PAY0010685,24SI0006,2025G,25/08/2025,5250000,3200000,Cicilan,Transfer Bank
PAY0010686,24SI0007,2025G,2025-08-21,5250000,5250000,Lunas,Loket Kampus
PAY0010687,24SI0008,2025G,2025-08-27,5250000,5250000,Lunas,Loket Kampus
PAY0010688,24SI0009,2025G,2025-09-24,5250000,5250000,Lunas,VA Bank
PAY0010689,24SI0010,2025G,10/09/2025,5250000,5250000,Lunas,VA Bank
PAY0010690,24SI0011,2025G,2025-10-01,5250000,5250000,Lunas,VA Bank
PAY0010691,24SI0012,2025G,03/10/2025,5250000,5250000,Lunas,Loket Kampus
PAY0010692,24SI0013,2025G,2025-10-04,5250000,5250000,Lunas,Transfer Bank
PAY0010693,24SI0014,2025G,03-Sep-2025,5250000,5250000,Lunas,Loket Kampus
PAY0010694,24SI0015,2025G,2025-09-25,5250000,5250000,Lunas,VA Bank
PAY0010695,24SI0016,2025G,2025-08-26,5250000,5250000,Lunas,Loket Kampus
PAY0010696,24SI0017,2025G,2025-09-10,5250000,3800000,Cicilan,Loket Kampus
PAY0010697,24SI0018,2025G,2025-09-24,5250000,5250000,Lunas,Loket Kampus
PAY0010698,24SI0019,2025G,27/08/2025,5250000,5250000,Lunas,VA Bank
PAY0010699,24SI0020,2025G,2025-09-09,5250000,5250000,Lunas,VA Bank
PAY0010700,24SI0021,2025G,2025-10-04,5250000,5250000,Lunas,VA Bank
PAY0010701,24SI0022,2025G,2025-09-14,5250000,2000000,Cicilan,E-Wallet
PAY0010702,24SI0023,2025G,2025-10-03,5250000,5250000,Lunas,E-Wallet
PAY0010703,24SI0024,2025G,28/08/2025,5250000,5250000,Lunas,VA Bank
PAY0010704,24SI0025,2025G,2025-09-26,5250000,5250000,Lunas,E-Wallet
PAY0010705,24SI0026,2025G,2025-10-02,5250000,5250000,Lunas,Transfer Bank
PAY0010706,24SI0027,2025G,2025-09-22,5250000,5250000,Lunas,E-Wallet
PAY0010707,24SI0028,2025G,2025-09-21,5250000,5250000,Lunas,Loket Kampus
PAY0010708,24SI0029,2025G,06/09/2025,5250000,5250000,Lunas,Loket Kampus
PAY0010709,24SI0030,2025G,18/09/2025,5250000,5250000,Lunas,VA Bank
PAY0010710,24SI0031,2025G,2025-08-25,5250000,5250000,Lunas,Transfer Bank
PAY0010711,24SI0032,2025G,2025-10-02,5250000,2900000,Cicilan,Transfer Bank
PAY0010712,24SI0033,2025G,2025-09-06,5250000,5250000,Lunas,Transfer Bank
PAY0010713,24SI0034,2025G,2025-09-09,5250000,5250000,Lunas,VA Bank
PAY0010714,24SI0035,2025G,14/09/2025,5250000,5250000,Lunas,Transfer Bank
PAY0010715,24SI0036,2025G,2025-08-31,5250000,5250000,Lunas,VA Bank
PAY0010716,24SI0037,2025G,2025-08-27,5250000,5250000,Lunas,Loket Kampus
PAY0010717,24SI0038,2025G,2025-08-26,5250000,5250000,Lunas,E-Wallet
PAY0010718,24SI0039,2025G,21-Aug-2025,5250000,5250000,Lunas,E-Wallet
PAY0010719,24SI0040,2025G,2025-09-01,5250000,5250000,Lunas,E-Wallet
PAY0010720,24SI0041,2025G,2025-09-02,5250000,5250000,Lunas,Transfer Bank
PAY0010721,24SI0042,2025G,2025-09-13,5250000,5250000,Lunas,Loket Kampus
PAY0010722,24SI0043,2025G,2025-10-02,5250000,3000000,Cicilan,VA Bank
PAY0010723,24SI0044,2025G,2025-09-13,5250000,5250000,Lunas,VA Bank
PAY0010724,24SI0045,2025G,2025-09-16,5250000,5250000,Lunas,Loket Kampus
PAY0010725,24SI0046,2025G,27-Sep-2025,5250000,5250000,Lunas,E-Wallet
PAY0010726,24SI0047,2025G,15/09/2025,5250000,5250000,Lunas,Loket Kampus
PAY0010727,24SI0048,2025G,,5250000,0,Belum Lunas,Loket Kampus
PAY0010728,24SI0049,2025G,01/09/2025,5250000,5250000,Lunas,Transfer Bank
PAY0010729,24SI0050,2025G,2025-10-04,5250000,5250000,Lunas,Transfer Bank
PAY0010730,24SI0051,2025G,2025-08-21,5250000,5250000,Lunas,Transfer Bank
PAY0010731,24SI0052,2025G,2025-09-16,5250000,5250000,Lunas,Transfer Bank
PAY0010732,24SI0053,2025G,2025-09-18,5250000,5250000,Lunas,VA Bank
PAY0010733,24SI0054,2025G,2025-09-06,5250000,5250000,Lunas,Loket Kampus
PAY0010734,24SI0055,2025G,19/09/2025,5250000,5250000,Lunas,Loket Kampus
PAY0010735,24SI0056,2025G,2025-09-27,5250000,5250000,Lunas,VA Bank
PAY0010736,24SI0057,2025G,04-Sep-2025,5250000,5250000,Lunas,E-Wallet
PAY0010737,24SI0058,2025G,2025-08-22,5250000,5250000,Lunas,Loket Kampus
PAY0010738,24SI0059,2025G,2025-08-22,5250000,5250000,Lunas,Transfer Bank
PAY0010739,24SI0060,2025G,02-Sep-2025,5250000,3900000,Cicilan,VA Bank
PAY0010740,24SI0061,2025G,2025-09-05,5250000,5250000,Lunas,VA Bank
PAY0010741,24SI0062,2025G,26-Sep-2025,5250000,5250000,Lunas,E-Wallet
PAY0010742,24SI0063,2025G,2025-09-03,6000000,6000000,Lunas,VA Bank
PAY0010743,24SI0064,2025G,2025-08-28,5250000,3500000,Cicilan,Loket Kampus
PAY0010744,24SI0065,2025G,21/08/2025,5250000,3200000,Cicilan,VA Bank
PAY0010745,24SI0066,2025G,29-Sep-2025,5250000,5250000,Lunas,Loket Kampus
PAY0010746,24SI0067,2025G,2025-09-07,5250000,5250000,Lunas,Loket Kampus
PAY0010747,24SI0068,2025G,,5250000,0,Belum Lunas,Transfer Bank
PAY0010748,24SI0069,2025G,2025-08-28,5250000,5250000,Lunas,VA Bank
PAY0010749,24SI0070,2025G,04/10/2025,5250000,5250000,Lunas,Transfer Bank
PAY0010750,24SI0071,2025G,27-Sep-2025,5250000,5250000,Lunas,Transfer Bank
PAY0010751,24SI0072,2025G,2025-08-27,5250000,5250000,Lunas,Loket Kampus
PAY0010752,24SI0073,2025G,24-Aug-2025,5250000,5250000,Lunas,VA Bank
PAY0010753,24SI0074,2025G,2025-09-09,5250000,5250000,Lunas,VA Bank
PAY0010754,24SI0075,2025G,2025-10-01,5250000,5250000,Lunas,Transfer Bank
PAY0010755,24SI0076,2025G,2025-08-21,5250000,5250000,Lunas,Transfer Bank
PAY0010756,24SI0077,2025G,07/09/2025,5250000,5250000,Lunas,VA Bank
PAY0010757,24SI0078,2025G,2025-09-02,5250000,5250000,Lunas,Transfer Bank
PAY0010758,24SI0079,2025G,2025-09-04,5250000,5250000,Lunas,E-Wallet
PAY0010759,24SI0080,2025G,2025-09-03,5250000,5250000,Lunas,VA Bank
PAY0010760,24SI0081,2025G,2025-09-01,5250000,5250000,Lunas,Transfer Bank
PAY0010761,24SI0082,2025G,2025-09-27,5250000,5250000,Lunas,Transfer Bank
PAY0010762,24SI0083,2025G,26-Sep-2025,5250000,5250000,Lunas,VA Bank
PAY0010763,24SI0084,2025G,2025-09-13,5250000,5250000,Lunas,Transfer Bank
PAY0010764,24SI0085,2025G,2025-09-10,5250000,5250000,Lunas,E-Wallet
PAY0010765,24SI0086,2025G,2025-09-07,5250000,3100000,Cicilan,E-Wallet
PAY0010766,24SI0087,2025G,27-Aug-2025,5250000,2700000,Cicilan,E-Wallet
PAY0010767,24SI0088,2025G,2025-09-12,5250000,5250000,Lunas,Loket Kampus
PAY0010768,24SI0089,2025G,2025-08-22,5250000,5250000,Lunas,Transfer Bank
PAY0010769,24SI0090,2025G,2025-08-27,5250000,5250000,Lunas,Transfer Bank
PAY0010770,24SI0091,2025G,01-Oct-2025,5250000,5250000,Lunas,VA Bank
PAY0010771,24SI0092,2025G,2025-09-20,5250000,5250000,Lunas,E-Wallet
PAY0010772,24SI0093,2025G,2025-09-13,5250000,5250000,Lunas,Transfer Bank
PAY0010773,24SI0094,2025G,11/09/2025,5250000,2900000,Cicilan,Transfer Bank
PAY0010774,24IF0001,2025G,2025-09-16,5750000,5750000,Lunas,E-Wallet
PAY0010775,24IF0002,2025G,2025-09-06,5750000,5750000,Lunas,E-Wallet
PAY0010776,24IF0003,2025G,2025-09-09,5750000,3100000,Cicilan,Loket Kampus
PAY0010777,24IF0004,2025G,,5750000,0,Belum Lunas,Loket Kampus
PAY0010778,24IF0005,2025G,,5750000,0,Belum Lunas,VA Bank
PAY0010779,24IF0006,2025G,2025-09-14,5750000,2900000,Cicilan,E-Wallet
PAY0010780,24IF0007,2025G,03-Oct-2025,5750000,2700000,Cicilan,Loket Kampus
PAY0010781,24IF0008,2025G,2025-09-13,5750000,5750000,Lunas,VA Bank
PAY0010782,24IF0009,2025G,2025-10-04,5750000,5750000,Lunas,Loket Kampus
PAY0010783,24IF0010,2025G,2025-08-27,5750000,5750000,Lunas,VA Bank
PAY0010784,24IF0011,2025G,08/09/2025,5750000,5750000,Lunas,Transfer Bank
PAY0010785,24IF0012,2025G,14/09/2025,5750000,5750000,Lunas,Transfer Bank
PAY0010786,24IF0013,2025G,2025-09-07,5750000,5750000,Lunas,Transfer Bank
PAY0010787,24IF0014,2025G,20-Sep-2025,5750000,5750000,Lunas,Loket Kampus
PAY0010788,24IF0015,2025G,2025-09-01,5750000,5750000,Lunas,E-Wallet
PAY0010789,24IF0016,2025G,2025-09-17,5750000,5750000,Lunas,VA Bank
PAY0010790,24IF0017,2025G,2025-09-02,5750000,5750000,Lunas,Loket Kampus
PAY0010791,24IF0018,2025G,03/09/2025,5750000,5750000,Lunas,Transfer Bank
PAY0010792,24IF0019,2025G,2025-10-02,5750000,5750000,Lunas,Loket Kampus
PAY0010793,24IF0020,2025G,09-Sep-2025,5750000,5750000,Lunas,Transfer Bank
PAY0010794,24IF0021,2025G,12/09/2025,5750000,5750000,Lunas,Loket Kampus
PAY0010795,24IF0022,2025G,2025-08-30,5750000,3300000,Cicilan,Transfer Bank
PAY0010796,24IF0023,2025G,03-Oct-2025,5750000,5750000,Lunas,Loket Kampus
PAY0010797,24IF0024,2025G,2025-09-11,5750000,5750000,Lunas,Transfer Bank
PAY0010798,24IF0025,2025G,2025-08-22,5750000,5750000,Lunas,VA Bank
PAY0010799,24IF0026,2025G,2025-09-18,5750000,5750000,Lunas,VA Bank
PAY0010800,24IF0027,2025G,2025-08-28,5750000,2100000,Cicilan,E-Wallet
PAY0010801,24IF0028,2025G,04/10/2025,5750000,5750000,Lunas,Transfer Bank
PAY0010802,24IF0029,2025G,2025-08-30,5750000,5750000,Lunas,E-Wallet
PAY0010803,24IF0030,2025G,21/09/2025,5750000,5750000,Lunas,VA Bank
PAY0010804,24IF0031,2025G,,5750000,0,Belum Lunas,Transfer Bank
PAY0010805,24IF0032,2025G,23/08/2025,5750000,5750000,Lunas,Transfer Bank
PAY0010806,24IF0033,2025G,2025-09-15,5750000,5750000,Lunas,Transfer Bank
PAY0010807,24IF0034,2025G,2025-08-20,5750000,5750000,Lunas,Transfer Bank
PAY0010808,24IF0035,2025G,2025-08-29,5750000,5750000,Lunas,E-Wallet
PAY0010809,24IF0036,2025G,07-Sep-2025,5750000,5750000,Lunas,Transfer Bank
PAY0010810,24IF0037,2025G,29-Aug-2025,5750000,5750000,Lunas,Transfer Bank
PAY0010811,24IF0038,2025G,2025-09-27,5750000,5750000,Lunas,E-Wallet
PAY0010812,24IF0039,2025G,2025-09-06,5750000,5750000,Lunas,VA Bank
PAY0010813,24IF0040,2025G,2025-08-23,5750000,5750000,Lunas,Transfer Bank
PAY0010814,24IF0041,2025G,25/08/2025,5750000,5750000,Lunas,E-Wallet
PAY0010815,24IF0042,2025G,2025-08-22,5750000,2600000,Cicilan,VA Bank
PAY0010816,24IF0043,2025G,11/09/2025,5750000,5750000,Lunas,E-Wallet
PAY0010817,24IF0044,2025G,2025-08-25,5750000,2200000,Cicilan,VA Bank
PAY0010818,24IF0045,2025G,2025-09-28,5750000,4000000,Cicilan,Loket Kampus
PAY0010819,24IF0046,2025G,2025-09-01,5750000,5750000,Lunas,VA Bank
PAY0010820,24IF0047,2025G,2025-08-30,5750000,5750000,Lunas,Loket Kampus
PAY0010821,24IF0048,2025G,2025-09-08,5750000,5750000,Lunas,VA Bank
PAY0010822,24IF0049,2025G,02-Oct-2025,5750000,5750000,Lunas,E-Wallet
PAY0010823,24IF0050,2025G,2025-09-23,5750000,5750000,Lunas,Transfer Bank
PAY0010824,24IF0051,2025G,2025-09-24,5750000,5750000,Lunas,Transfer Bank
PAY0010825,24IF0052,2025G,2025-09-10,5750000,5750000,Lunas,Loket Kampus
PAY0010826,24IF0053,2025G,2025-09-23,5750000,5750000,Lunas,Transfer Bank
PAY0010827,24IF0054,2025G,2025-08-22,5750000,5750000,Lunas,VA Bank
PAY0010828,24IF0055,2025G,2025-08-26,5750000,5750000,Lunas,VA Bank
PAY0010829,24IF0056,2025G,2025-09-25,5750000,5750000,Lunas,VA Bank
PAY0010830,24IF0057,2025G,2025-09-26,5750000,5750000,Lunas,Transfer Bank
PAY0010831,24IF0058,2025G,2025-09-01,5750000,5750000,Lunas,E-Wallet
PAY0010832,24IF0059,2025G,28-Sep-2025,5750000,5750000,Lunas,E-Wallet
PAY0010833,24IF0060,2025G,2025-09-16,5750000,5750000,Lunas,Loket Kampus
PAY0010834,24IF0061,2025G,09/09/2025,5750000,5750000,Lunas,VA Bank
PAY0010835,24IF0062,2025G,21/08/2025,5750000,5750000,Lunas,VA Bank
PAY0010836,24IF0063,2025G,19/09/2025,5750000,5750000,Lunas,Transfer Bank
PAY0010837,24IF0064,2025G,01/09/2025,5750000,5750000,Lunas,Transfer Bank
PAY0010838,24IF0065,2025G,2025-09-25,5750000,5750000,Lunas,E-Wallet
PAY0010839,24IF0066,2025G,28/09/2025,5750000,2700000,Cicilan,Loket Kampus
PAY0010840,24IF0067,2025G,2025-09-22,5750000,3300000,Cicilan,Loket Kampus
PAY0010841,24IF0068,2025G,04/10/2025,5750000,5750000,Lunas,Loket Kampus
PAY0010842,24IF0069,2025G,16/09/2025,5750000,5750000,Lunas,E-Wallet
PAY0010843,24IF0070,2025G,2025-09-06,5750000,5750000,Lunas,VA Bank
PAY0010844,24IF0071,2025G,2025-08-22,5750000,5750000,Lunas,Loket Kampus
PAY0010845,24IF0072,2025G,2025-09-29,5750000,5750000,Lunas,Transfer Bank
PAY0010846,24IF0073,2025G,2025-08-28,5750000,5750000,Lunas,E-Wallet
PAY0010847,24IF0074,2025G,2025-08-31,5750000,5750000,Lunas,VA Bank
PAY0010848,24IF0075,2025G,2025-10-03,5750000,5750000,Lunas,Loket Kampus
PAY0010849,24IF0076,2025G,2025-10-03,5750000,5750000,Lunas,Transfer Bank
PAY0010850,24IF0077,2025G,2025-08-26,5750000,5750000,Lunas,VA Bank
PAY0010851,24IF0078,2025G,,5750000,0,Belum Lunas,Loket Kampus
PAY0010852,24IF0079,2025G,,5750000,0,Belum Lunas,Loket Kampus
PAY0010853,24IF0080,2025G,2025-09-03,5750000,5750000,Lunas,Transfer Bank
PAY0010854,24IF0081,2025G,21-Aug-2025,5750000,5750000,Lunas,Loket Kampus
PAY0010855,24IF0082,2025G,04/10/2025,5750000,5750000,Lunas,Transfer Bank
PAY0010856,24IF0083,2025G,11-Sep-2025,5750000,5750000,Lunas,VA Bank
PAY0010857,24IF0084,2025G,09/09/2025,5750000,5750000,Lunas,Loket Kampus
PAY0010858,24IF0085,2025G,01/09/2025,5750000,5750000,Lunas,Loket Kampus
PAY0010859,24IF0086,2025G,21/08/2025,5750000,5750000,Lunas,E-Wallet
PAY0010860,24IF0087,2025G,2025-09-15,5750000,5750000,Lunas,Transfer Bank
PAY0010861,24IF0088,2025G,02/09/2025,5750000,5750000,Lunas,E-Wallet
PAY0010862,24IF0089,2025G,11/09/2025,5750000,5750000,Lunas,Transfer Bank
PAY0010863,24IF0090,2025G,2025-09-12,5750000,5750000,Lunas,Transfer Bank
PAY0010864,24IF0091,2025G,2025-08-27,5750000,5750000,Lunas,VA Bank
PAY0010865,24IF0092,2025G,2025-09-11,5750000,5750000,Lunas,E-Wallet
PAY0010866,24IF0093,2025G,2025-08-25,5750000,5750000,Lunas,Transfer Bank
PAY0010867,24IF0094,2025G,2025-09-18,5750000,5750000,Lunas,E-Wallet
PAY0010868,24IF0095,2025G,10-Sep-2025,5750000,2200000,Cicilan,VA Bank
PAY0010869,24IF0096,2025G,2025-09-16,5750000,5750000,Lunas,Transfer Bank
PAY0010870,24IF0097,2025G,2025-09-22,5750000,5750000,Lunas,VA Bank
PAY0010871,24IF0098,2025G,02/10/2025,5750000,5750000,Lunas,E-Wallet
PAY0010872,24IF0099,2025G,2025-09-11,5750000,5750000,Lunas,VA Bank
PAY0010873,24DS0001,2025G,,6000000,0,Belum Lunas,Transfer Bank
PAY0010874,24DS0002,2025G,2025-09-03,6000000,6000000,Lunas,VA Bank
PAY0010875,24DS0003,2025G,03/09/2025,6000000,6000000,Lunas,Transfer Bank
PAY0010876,24DS0004,2025G,2025-09-14,6000000,6000000,Lunas,Transfer Bank
PAY0010877,24DS0005,2025G,2025-10-02,6000000,6000000,Lunas,VA Bank
PAY0010878,24DS0006,2025G,2025-08-28,6000000,6000000,Lunas,Transfer Bank
PAY0010879,24DS0007,2025G,2025-09-11,6000000,6000000,Lunas,Loket Kampus
PAY0010880,24DS0008,2025G,2025-09-05,6000000,6000000,Lunas,E-Wallet
PAY0010881,24DS0009,2025G,04-Sep-2025,6000000,6000000,Lunas,Transfer Bank
PAY0010882,24DS0010,2025G,2025-09-15,6000000,6000000,Lunas,Loket Kampus
PAY0010883,24DS0011,2025G,2025-09-20,6000000,6000000,Lunas,Transfer Bank
PAY0010884,24DS0012,2025G,2025-09-12,6000000,6000000,Lunas,VA Bank
PAY0010885,24DS0013,2025G,2025-09-17,6000000,6000000,Lunas,Transfer Bank
PAY0010886,24DS0014,2025G,2025-09-26,6000000,6000000,Lunas,VA Bank
PAY0010887,24DS0015,2025G,2025-09-22,6000000,6000000,Lunas,E-Wallet
PAY0010888,24DS0016,2025G,2025-08-30,6000000,6000000,Lunas,VA Bank
PAY0010889,24DS0017,2025G,2025-09-21,6000000,6000000,Lunas,Loket Kampus
PAY0010890,24DS0018,2025G,24/08/2025,6000000,4200000,Cicilan,Transfer Bank
PAY0010891,24DS0019,2025G,2025-10-04,6000000,6000000,Lunas,Loket Kampus
PAY0010892,24DS0020,2025G,2025-09-24,6000000,6000000,Lunas,E-Wallet
PAY0010893,24DS0021,2025G,2025-09-05,6000000,6000000,Lunas,VA Bank
PAY0010894,24DS0022,2025G,2025-08-29,6000000,3800000,Cicilan,E-Wallet
PAY0010895,24DS0023,2025G,2025-09-14,6000000,2900000,Cicilan,VA Bank
PAY0010896,24DS0024,2025G,2025-09-06,6000000,6000000,Lunas,Loket Kampus
PAY0010897,24DS0025,2025G,2025-09-19,6000000,3400000,Cicilan,VA Bank
PAY0010898,24DS0026,2025G,05/09/2025,6000000,6000000,Lunas,VA Bank
PAY0010899,24DS0027,2025G,26/09/2025,6000000,6000000,Lunas,Transfer Bank
PAY0010900,24DS0028,2025G,2025-10-01,6000000,6000000,Lunas,VA Bank
PAY0010901,24DS0029,2025G,2025-08-30,6000000,6000000,Lunas,E-Wallet
PAY0010902,24DS0030,2025G,2025-08-28,6000000,4400000,Cicilan,Transfer Bank
PAY0010903,24DS0031,2025G,2025-09-14,6000000,6000000,Lunas,Loket Kampus
PAY0010904,24DS0032,2025G,2025-09-09,6000000,6000000,Lunas,VA Bank
PAY0010905,24DS0033,2025G,2025-09-09,6000000,6000000,Lunas,E-Wallet
PAY0010906,24DS0034,2025G,23/08/2025,6000000,6000000,Lunas,VA Bank
PAY0010907,24DS0035,2025G,2025-09-26,6000000,6000000,Lunas,E-Wallet
PAY0010908,24DS0036,2025G,2025-09-20,6000000,6000000,Lunas,Transfer Bank
PAY0010909,24DS0037,2025G,27/08/2025,6000000,6000000,Lunas,E-Wallet
PAY0010910,24DS0038,2025G,2025-09-06,6000000,6000000,Lunas,Transfer Bank
PAY0010911,24DS0039,2025G,2025-09-23,6000000,6000000,Lunas,E-Wallet
PAY0010912,24DS0040,2025G,06/09/2025,6000000,6000000,Lunas,E-Wallet
PAY0010913,24DS0041,2025G,04/09/2025,6000000,6000000,Lunas,Loket Kampus
PAY0010914,24DS0042,2025G,02-Oct-2025,6000000,6000000,Lunas,VA Bank
PAY0010915,24DS0043,2025G,13-Sep-2025,6000000,6000000,Lunas,Loket Kampus
PAY0010916,24DS0044,2025G,2025-08-30,6000000,6000000,Lunas,E-Wallet
PAY0010917,24DS0045,2025G,2025-09-13,6000000,6000000,Lunas,Transfer Bank
PAY0010918,24DS0046,2025G,20-Sep-2025,6000000,6000000,Lunas,VA Bank
PAY0010919,24DS0047,2025G,04/09/2025,6000000,6000000,Lunas,Transfer Bank
PAY0010920,24DS0048,2025G,2025-09-22,6000000,6000000,Lunas,Loket Kampus
PAY0010921,24DS0049,2025G,26/08/2025,6000000,6000000,Lunas,E-Wallet
PAY0010922,24DS0050,2025G,2025-08-30,6000000,6000000,Lunas,E-Wallet
PAY0010923,24DS0051,2025G,2025-09-02,6000000,6000000,Lunas,Loket Kampus
PAY0010924,24DS0052,2025G,2025-09-13,6000000,6000000,Lunas,E-Wallet
PAY0010925,24DS0053,2025G,2025-09-25,6000000,6000000,Lunas,VA Bank
PAY0010926,24DS0054,2025G,2025-09-02,6000000,6000000,Lunas,Loket Kampus
PAY0010927,24DS0055,2025G,20/08/2025,6000000,6000000,Lunas,Transfer Bank
PAY0010928,24DS0056,2025G,2025-09-07,6000000,6000000,Lunas,Transfer Bank
PAY0010929,24DS0057,2025G,2025-08-26,5750000,5750000,Lunas,E-Wallet
PAY0010930,24DS0058,2025G,2025-09-15,6000000,6000000,Lunas,Loket Kampus
PAY0010931,24DS0059,2025G,29/08/2025,6000000,6000000,Lunas,E-Wallet
PAY0010932,24DS0060,2025G,04/09/2025,6000000,6000000,Lunas,E-Wallet
PAY0010933,24DS0061,2025G,2025-09-25,6000000,6000000,Lunas,E-Wallet
PAY0010934,24DS0062,2025G,09-Sep-2025,6000000,6000000,Lunas,Loket Kampus
PAY0010935,24DS0063,2025G,2025-09-15,6000000,6000000,Lunas,E-Wallet
PAY0010936,24DS0064,2025G,2025-09-29,6000000,2700000,Cicilan,E-Wallet
PAY0010937,24DS0065,2025G,28/09/2025,6000000,4000000,Cicilan,VA Bank
PAY0010938,24DS0066,2025G,2025-09-16,6000000,6000000,Lunas,E-Wallet
PAY0010939,24DS0067,2025G,25/09/2025,6000000,6000000,Lunas,Loket Kampus
PAY0010940,24DS0068,2025G,,6000000,0,Belum Lunas,Loket Kampus
PAY0010941,24DS0069,2025G,2025-08-29,6000000,6000000,Lunas,VA Bank
PAY0010942,24DS0070,2025G,22-Aug-2025,6000000,6000000,Lunas,VA Bank
PAY0010943,24DS0071,2025G,2025-09-05,6000000,6000000,Lunas,Transfer Bank
PAY0010944,24DS0072,2025G,2025-09-13,6000000,6000000,Lunas,Loket Kampus
PAY0010945,24DS0073,2025G,2025-09-22,6000000,6000000,Lunas,E-Wallet
PAY0010946,24DS0074,2025G,2025-09-14,6000000,6000000,Lunas,Loket Kampus
PAY0010947,24DS0075,2025G,2025-08-27,6000000,6000000,Lunas,VA Bank
PAY0010948,24DS0076,2025G,25/08/2025,6000000,6000000,Lunas,Loket Kampus
PAY0010949,24DS0077,2025G,2025-09-21,6000000,6000000,Lunas,E-Wallet
PAY0010950,24DS0078,2025G,,6000000,0,Belum Lunas,Loket Kampus
PAY0010951,24TR0001,2025G,2025-09-17,5700000,5700000,Lunas,VA Bank
PAY0010952,24TR0002,2025G,2025-09-15,5700000,5700000,Lunas,E-Wallet
PAY0010953,24TR0003,2025G,2025-09-15,5700000,5700000,Lunas,E-Wallet
PAY0010954,24TR0004,2025G,2025-09-28,5700000,5700000,Lunas,E-Wallet
PAY0010955,24TR0005,2025G,2025-10-01,5700000,5700000,Lunas,E-Wallet
PAY0010956,24TR0006,2025G,02/10/2025,5700000,5700000,Lunas,Transfer Bank
PAY0010957,24TR0007,2025G,01-Sep-2025,5700000,5700000,Lunas,VA Bank
PAY0010958,24TR0008,2025G,22/08/2025,5700000,5700000,Lunas,Loket Kampus
PAY0010959,24TR0009,2025G,2025-09-28,5700000,5700000,Lunas,Loket Kampus
PAY0010960,24TR0010,2025G,2025-08-28,5700000,5700000,Lunas,Transfer Bank
PAY0010961,24TR0011,2025G,20-Sep-2025,5700000,5700000,Lunas,E-Wallet
PAY0010962,24TR0012,2025G,2025-08-20,5700000,5700000,Lunas,Transfer Bank
PAY0010963,24TR0013,2025G,2025-10-04,5700000,4200000,Cicilan,Loket Kampus
PAY0010964,24TR0014,2025G,2025-09-25,5700000,5700000,Lunas,E-Wallet
PAY0010965,24TR0015,2025G,2025-09-06,5700000,5700000,Lunas,E-Wallet
PAY0010966,24TR0016,2025G,2025-09-21,5700000,5700000,Lunas,Loket Kampus
PAY0010967,24TR0017,2025G,2025-09-30,5700000,5700000,Lunas,Loket Kampus
PAY0010968,24TR0018,2025G,02/09/2025,5700000,5700000,Lunas,Transfer Bank
PAY0010969,24TR0019,2025G,,5700000,0,Belum Lunas,E-Wallet
PAY0010970,24TR0020,2025G,24/09/2025,5250000,5250000,Lunas,VA Bank
PAY0010971,24TR0021,2025G,,5700000,0,Belum Lunas,Transfer Bank
PAY0010972,24TR0022,2025G,2025-09-17,5700000,5700000,Lunas,Transfer Bank
PAY0010973,24TR0023,2025G,2025-09-29,5700000,5700000,Lunas,E-Wallet
PAY0010974,24TR0024,2025G,2025-08-23,5700000,5700000,Lunas,Transfer Bank
PAY0010975,24TR0025,2025G,11/09/2025,5700000,3200000,Cicilan,Loket Kampus
PAY0010976,24TR0026,2025G,2025-08-24,5700000,4100000,Cicilan,E-Wallet
PAY0010977,24TR0027,2025G,10/09/2025,5700000,5700000,Lunas,VA Bank
PAY0010978,24TR0028,2025G,2025-09-25,5700000,5700000,Lunas,Transfer Bank
PAY0010979,24TR0029,2025G,2025-09-23,5700000,5700000,Lunas,VA Bank
PAY0010980,24TR0030,2025G,2025-08-22,5700000,5700000,Lunas,E-Wallet
PAY0010981,24TR0031,2025G,2025-09-28,5700000,5700000,Lunas,Transfer Bank
PAY0010982,24TR0032,2025G,25-Sep-2025,5700000,5700000,Lunas,Transfer Bank
PAY0010983,24TR0033,2025G,22/09/2025,5700000,5700000,Lunas,E-Wallet
PAY0010984,24TR0034,2025G,31-Aug-2025,5700000,5700000,Lunas,Transfer Bank
PAY0010985,24TR0035,2025G,2025-08-28,5700000,5700000,Lunas,VA Bank
PAY0010986,24TR0036,2025G,21/09/2025,5700000,-5700000,Lunas,Loket Kampus
PAY0010987,24TR0037,2025G,2025-09-03,5700000,5700000,Lunas,VA Bank
PAY0010988,24TR0038,2025G,2025-09-02,5700000,5700000,Lunas,E-Wallet
PAY0010989,24TR0039,2025G,2025-09-07,5700000,5700000,Lunas,VA Bank
PAY0010990,24TR0040,2025G,2025-09-25,5700000,5700000,Lunas,Loket Kampus
PAY0010991,24TR0041,2025G,02-Sep-2025,5700000,5700000,Lunas,VA Bank
PAY0010992,24TR0042,2025G,2025-09-05,5700000,5700000,Lunas,Loket Kampus
PAY0010993,24TR0043,2025G,2025-09-20,5700000,3400000,Cicilan,Loket Kampus
PAY0010994,24TR0044,2025G,04-Sep-2025,5700000,5700000,Lunas,E-Wallet
PAY0010995,24TR0045,2025G,2025-09-11,5700000,5700000,Lunas,Loket Kampus
PAY0010996,24TR0046,2025G,2025-09-21,5700000,5700000,Lunas,E-Wallet
PAY0010997,24TR0047,2025G,09-Sep-2025,5700000,5700000,Lunas,E-Wallet
PAY0010998,24TR0048,2025G,2025-09-24,5700000,5700000,Lunas,VA Bank
PAY0010999,24TR0049,2025G,2025-08-26,5700000,5700000,Lunas,Transfer Bank
PAY0011000,24TR0050,2025G,2025-08-26,5700000,5700000,Lunas,VA Bank
PAY0011001,24TR0051,2025G,2025-09-06,5700000,5700000,Lunas,VA Bank
PAY0011002,24TR0052,2025G,18/09/2025,5700000,5700000,Lunas,Loket Kampus
PAY0011003,24TR0053,2025G,2025-10-02,5700000,5700000,Lunas,E-Wallet
PAY0011004,24TR0054,2025G,2025-09-10,5700000,5700000,Lunas,Loket Kampus
PAY0011005,24TR0055,2025G,22/09/2025,5700000,5700000,Lunas,Transfer Bank
PAY0011006,24TR0056,2025G,2025-08-23,5700000,2900000,Cicilan,E-Wallet
PAY0011007,24TR0057,2025G,03/09/2025,5700000,5700000,Lunas,Transfer Bank
PAY0011008,24TR0058,2025G,08/09/2025,5700000,5700000,Lunas,E-Wallet
PAY0011009,24TR0059,2025G,06/09/2025,5700000,5700000,Lunas,VA Bank
PAY0011010,24TR0060,2025G,2025-09-30,5700000,5700000,Lunas,E-Wallet
PAY0011011,24TR0061,2025G,2025-09-14,5700000,3900000,Cicilan,VA Bank
PAY0011012,24TR0062,2025G,25/08/2025,5700000,5700000,Lunas,E-Wallet
PAY0011013,24TR0063,2025G,01/10/2025,5700000,5700000,Lunas,E-Wallet
PAY0011014,24TR0064,2025G,2025-09-17,5700000,5700000,Lunas,VA Bank
PAY0011015,24TR0065,2025G,23/08/2025,5700000,5700000,Lunas,VA Bank
PAY0011016,24TR0066,2025G,2025-09-16,5700000,5700000,Lunas,E-Wallet
PAY0011017,24TR0067,2025G,2025-09-03,5700000,5700000,Lunas,VA Bank
PAY0011018,24TR0068,2025G,2025-09-25,5700000,2200000,Cicilan,VA Bank
PAY0011019,24TR0069,2025G,2025-08-25,5700000,5700000,Lunas,VA Bank
PAY0011020,24TR0070,2025G,2025-10-02,5700000,4200000,Cicilan,E-Wallet
PAY0011021,24TR0071,2025G,2025-09-06,5700000,5700000,Lunas,VA Bank
PAY0011022,24TR0072,2025G,2025-08-25,5700000,5700000,Lunas,E-Wallet
PAY0011023,24TR0073,2025G,2025-08-23,5700000,5700000,Lunas,Transfer Bank
PAY0011024,24TR0074,2025G,17-Sep-2025,5700000,5700000,Lunas,VA Bank
PAY0011025,24TR0075,2025G,2025-09-29,5700000,5700000,Lunas,Transfer Bank
PAY0011026,24TR0076,2025G,2025-09-12,5700000,5700000,Lunas,E-Wallet
PAY0011027,24TR0077,2025G,12/09/2025,5700000,5700000,Lunas,VA Bank
PAY0011028,24BD0001,2025G,2025-09-05,5000000,5000000,Lunas,VA Bank
PAY0011029,24BD0002,2025G,2025-10-02,5000000,5000000,Lunas,Loket Kampus
PAY0011030,24BD0003,2025G,2025-08-28,5000000,5000000,Lunas,VA Bank
PAY0011031,24BD0004,2025G,2025-09-09,5000000,5000000,Lunas,VA Bank
PAY0011032,24BD0005,2025G,24-Sep-2025,5000000,5000000,Lunas,Transfer Bank
PAY0011033,24BD0006,2025G,2025-08-24,5000000,5000000,Lunas,VA Bank
PAY0011034,24BD0007,2025G,2025-09-13,5000000,5000000,Lunas,VA Bank
PAY0011035,24BD0008,2025G,2025-09-09,5000000,5000000,Lunas,VA Bank
PAY0011036,24BD0009,2025G,2025-09-08,5000000,5000000,Lunas,Loket Kampus
PAY0011037,24BD0010,2025G,29/09/2025,5000000,5000000,Lunas,Loket Kampus
PAY0011038,24BD0011,2025G,2025-09-05,5000000,3300000,Cicilan,Transfer Bank
PAY0011039,24BD0012,2025G,2025-09-20,5000000,5000000,Lunas,Loket Kampus
PAY0011040,24BD0013,2025G,2025-09-28,5000000,5000000,Lunas,Loket Kampus
PAY0011041,24BD0014,2025G,2025-08-20,5000000,5000000,Lunas,E-Wallet
PAY0011042,24BD0015,2025G,2025-08-30,5000000,5000000,Lunas,Loket Kampus
PAY0011043,24BD0016,2025G,2025-09-22,5000000,5000000,Lunas,Loket Kampus
PAY0011044,24BD0017,2025G,02-Oct-2025,5000000,5000000,Lunas,VA Bank
PAY0011045,24BD0018,2025G,27/09/2025,5000000,5000000,Lunas,E-Wallet
PAY0011046,24BD0019,2025G,29/08/2025,5000000,5000000,Lunas,Transfer Bank
PAY0011047,24BD0020,2025G,23/08/2025,5000000,5000000,Lunas,Loket Kampus
PAY0011048,24BD0021,2025G,2025-08-25,5000000,5000000,Lunas,E-Wallet
PAY0011049,24BD0022,2025G,2025-09-30,5000000,5000000,Lunas,VA Bank
PAY0011050,24BD0023,2025G,2025-08-20,5000000,5000000,Lunas,Transfer Bank
PAY0011051,24BD0024,2025G,2025-08-29,5000000,5000000,Lunas,Loket Kampus
PAY0011052,24BD0025,2025G,2025-08-21,5000000,2100000,Cicilan,Loket Kampus
PAY0011053,24BD0026,2025G,2025-09-10,5000000,5000000,Lunas,Loket Kampus
PAY0011054,24BD0027,2025G,14/09/2025,5000000,5000000,Lunas,VA Bank
PAY0011055,24BD0028,2025G,2025-09-02,5000000,5000000,Lunas,VA Bank
PAY0011056,24BD0029,2025G,2025-09-12,5000000,5000000,Lunas,Transfer Bank
PAY0011057,24BD0030,2025G,29/08/2025,5000000,5000000,Lunas,VA Bank
PAY0011058,24BD0031,2025G,2025-08-30,5000000,5000000,Lunas,Loket Kampus
PAY0011059,24BD0032,2025G,2025-08-25,5000000,5000000,Lunas,E-Wallet
PAY0011060,24BD0033,2025G,25/09/2025,5000000,5000000,Lunas,Loket Kampus
PAY0011061,24BD0034,2025G,2025-09-23,5000000,5000000,Lunas,VA Bank
PAY0011062,24BD0035,2025G,2025-09-19,5000000,5000000,Lunas,Transfer Bank
PAY0011063,24BD0036,2025G,2025-10-03,5000000,5000000,Lunas,Transfer Bank
PAY0011064,24BD0037,2025G,2025-08-27,5000000,5000000,Lunas,Loket Kampus
PAY0011065,24BD0038,2025G,2025-08-21,5000000,5000000,Lunas,VA Bank
PAY0011066,24BD0039,2025G,2025-09-17,5000000,2900000,Cicilan,E-Wallet
PAY0011067,24BD0040,2025G,2025-09-03,5000000,5000000,Lunas,VA Bank
PAY0011068,24BD0041,2025G,,5000000,0,Belum Lunas,Transfer Bank
PAY0011069,24BD0042,2025G,2025-09-07,5000000,5000000,Lunas,Transfer Bank
PAY0011070,24BD0043,2025G,2025-09-23,5000000,5000000,Lunas,E-Wallet
PAY0011071,24BD0044,2025G,06/09/2025,5000000,2900000,Cicilan,Loket Kampus
PAY0011072,24BD0045,2025G,04/10/2025,5000000,5000000,Lunas,VA Bank
PAY0011073,24BD0046,2025G,24/08/2025,5000000,5000000,Lunas,Transfer Bank
PAY0011074,24BD0047,2025G,21-Sep-2025,5000000,5000000,Lunas,Transfer Bank
PAY0011075,24BD0048,2025G,2025-09-17,5000000,5000000,Lunas,VA Bank
PAY0011076,24BD0049,2025G,2025-08-23,5000000,5000000,Lunas,VA Bank
PAY0011077,24BD0050,2025G,2025-09-20,5000000,5000000,Lunas,E-Wallet
PAY0011078,24BD0051,2025G,09/09/2025,5000000,2800000,Cicilan,Loket Kampus
PAY0011079,24BD0052,2025G,2025-10-04,5000000,5000000,Lunas,Loket Kampus
PAY0011080,24BD0053,2025G,2025-09-12,5000000,5000000,Lunas,Transfer Bank
PAY0011081,24BD0054,2025G,2025-08-23,5000000,5000000,Lunas,Transfer Bank
PAY0011082,24BD0055,2025G,23-Sep-2025,5000000,5000000,Lunas,Loket Kampus
PAY0011083,24BD0056,2025G,06/09/2025,5000000,2100000,Cicilan,Loket Kampus
PAY0011084,24BD0057,2025G,2025-09-24,5000000,5000000,Lunas,Loket Kampus
PAY0011085,24BD0058,2025G,21/09/2025,5000000,5000000,Lunas,Loket Kampus
PAY0011086,24BD0059,2025G,2025-09-18,5000000,5000000,Lunas,VA Bank
PAY0011087,24BD0060,2025G,2025-09-02,5000000,5000000,Lunas,VA Bank
PAY0011088,24BD0061,2025G,2025-08-24,5000000,5000000,Lunas,Loket Kampus
PAY0011089,24BD0062,2025G,2025-08-30,5000000,5000000,Lunas,Transfer Bank
PAY0011090,24BD0063,2025G,2025-08-31,5000000,5000000,Lunas,Transfer Bank
PAY0011091,24BD0064,2025G,29/09/2025,5000000,5000000,Lunas,E-Wallet
PAY0011092,24BD0065,2025G,2025-09-16,5000000,5000000,Lunas,VA Bank
PAY0011093,24BD0066,2025G,2025-09-29,5000000,5000000,Lunas,E-Wallet
PAY0011094,24BD0067,2025G,2025-09-21,5000000,5000000,Lunas,Loket Kampus
PAY0011095,24BD0068,2025G,2025-09-13,5000000,5000000,Lunas,Loket Kampus
PAY0011096,24BD0069,2025G,23/08/2025,5000000,5000000,Lunas,Loket Kampus
PAY0011097,24BD0070,2025G,22-Aug-2025,5000000,5000000,Lunas,VA Bank
PAY0011098,24BD0071,2025G,2025-09-21,5000000,5000000,Lunas,VA Bank
PAY0011099,24BD0072,2025G,2025-08-23,5000000,5000000,Lunas,VA Bank
PAY0011100,24BD0073,2025G,2025-08-23,5000000,2100000,Cicilan,E-Wallet
PAY0011101,24BD0074,2025G,18/09/2025,5000000,5000000,Lunas,Loket Kampus
PAY0011102,24BD0075,2025G,2025-08-28,5000000,5000000,Lunas,E-Wallet
PAY0011103,24BD0076,2025G,2025-08-20,5000000,5000000,Lunas,VA Bank
PAY0011104,24BD0077,2025G,28/09/2025,5000000,5000000,Lunas,VA Bank
PAY0011105,24BD0078,2025G,27-Sep-2025,5000000,5000000,Lunas,Loket Kampus
PAY0011106,25TI0001,2025G,2025-09-24,5500000,5500000,Lunas,Loket Kampus
PAY0011107,25TI0002,2025G,2025-09-24,5500000,5500000,Lunas,Transfer Bank
PAY0011108,25TI0003,2025G,15/09/2025,5500000,2400000,Cicilan,Loket Kampus
PAY0011109,25TI0004,2025G,2025-09-22,5500000,5500000,Lunas,VA Bank
PAY0011110,25TI0005,2025G,,5500000,0,Belum Lunas,Loket Kampus
PAY0011111,25TI0006,2025G,12-Sep-2025,5500000,5500000,Lunas,E-Wallet
PAY0011112,25TI0007,2025G,01-Sep-2025,5500000,5500000,Lunas,Transfer Bank
PAY0011113,25TI0008,2025G,26-Sep-2025,5500000,5500000,Lunas,VA Bank
PAY0011114,25TI0009,2025G,2025-09-04,5500000,5500000,Lunas,E-Wallet
PAY0011115,25TI0010,2025G,2025-08-29,5500000,5500000,Lunas,E-Wallet
PAY0011116,25TI0011,2025G,2025-09-06,5500000,5500000,Lunas,E-Wallet
PAY0011117,25TI0012,2025G,2025-08-20,5500000,5500000,Lunas,VA Bank
PAY0011118,25TI0013,2025G,2025-09-01,5500000,5500000,Lunas,VA Bank
PAY0011119,25TI0014,2025G,2025-08-30,5500000,5500000,Lunas,E-Wallet
PAY0011120,25TI0015,2025G,2025-09-30,5500000,5500000,Lunas,E-Wallet
PAY0011121,25TI0016,2025G,2025-08-20,5500000,5500000,Lunas,E-Wallet
PAY0011122,25TI0017,2025G,2025-10-02,5500000,5500000,Lunas,Transfer Bank
PAY0011123,25TI0018,2025G,2025-09-19,5500000,5500000,Lunas,Transfer Bank
PAY0011124,25TI0019,2025G,2025-09-20,5500000,5500000,Lunas,Transfer Bank
PAY0011125,25TI0020,2025G,2025-10-03,5500000,5500000,Lunas,Transfer Bank
PAY0011126,25TI0021,2025G,2025-09-24,5500000,3400000,Cicilan,VA Bank
PAY0011127,25TI0022,2025G,2025-08-28,5500000,3000000,Cicilan,VA Bank
PAY0011128,25TI0023,2025G,,5500000,0,Belum Lunas,VA Bank
PAY0011129,25TI0024,2025G,30/09/2025,5500000,5500000,Lunas,E-Wallet
PAY0011130,25TI0025,2025G,2025-08-27,5500000,5500000,Lunas,Loket Kampus
PAY0011131,25TI0026,2025G,2025-08-31,5500000,5500000,Lunas,VA Bank
PAY0011132,25TI0027,2025G,22-Aug-2025,5500000,2700000,Cicilan,Loket Kampus
PAY0011133,25TI0028,2025G,2025-09-19,5500000,5500000,Lunas,VA Bank
PAY0011134,25TI0029,2025G,14/09/2025,5500000,5500000,Lunas,VA Bank
PAY0011135,25TI0030,2025G,2025-09-03,5500000,5500000,Lunas,E-Wallet
PAY0011136,25TI0031,2025G,2025-09-21,5500000,5500000,Lunas,Transfer Bank
PAY0011137,25TI0032,2025G,2025-09-16,5500000,5500000,Lunas,E-Wallet
PAY0011138,25TI0033,2025G,2025-08-30,5500000,5500000,Lunas,Transfer Bank
PAY0011139,25TI0034,2025G,08/09/2025,5500000,5500000,Lunas,E-Wallet
PAY0011140,25TI0035,2025G,14/09/2025,5500000,5500000,Lunas,VA Bank
PAY0011141,25TI0036,2025G,2025-09-05,5500000,5500000,Lunas,VA Bank
PAY0011142,25TI0037,2025G,2025-09-07,5500000,5500000,Lunas,Loket Kampus
PAY0011143,25TI0038,2025G,2025-08-26,5500000,5500000,Lunas,Transfer Bank
PAY0011144,25TI0039,2025G,2025-09-15,5500000,5500000,Lunas,E-Wallet
PAY0011145,25TI0040,2025G,01-Sep-2025,5500000,5500000,Lunas,Loket Kampus
PAY0011146,25TI0041,2025G,2025-08-28,5500000,5500000,Lunas,E-Wallet
PAY0011147,25TI0042,2025G,2025-08-25,5500000,2400000,Cicilan,Loket Kampus
PAY0011148,25TI0043,2025G,2025-09-04,5500000,5500000,Lunas,E-Wallet
PAY0011149,25TI0044,2025G,2025-08-26,5500000,5500000,Lunas,Loket Kampus
PAY0011150,25TI0045,2025G,2025-08-24,5500000,5500000,Lunas,E-Wallet
PAY0011151,25TI0046,2025G,,5500000,0,Belum Lunas,Transfer Bank
PAY0011152,25TI0047,2025G,2025-08-25,5500000,5500000,Lunas,Transfer Bank
PAY0011153,25TI0048,2025G,2025-09-21,5500000,5500000,Lunas,Transfer Bank
PAY0011154,25TI0049,2025G,24/08/2025,5500000,5500000,Lunas,VA Bank
PAY0011155,25TI0050,2025G,2025-09-15,5500000,5500000,Lunas,Transfer Bank
PAY0011156,25TI0051,2025G,2025-09-01,5500000,5500000,Lunas,Loket Kampus
PAY0011157,25TI0052,2025G,2025-09-20,5500000,5500000,Lunas,Transfer Bank
PAY0011158,25TI0053,2025G,2025-08-24,5500000,5500000,Lunas,E-Wallet
PAY0011159,25TI0054,2025G,2025-09-19,5500000,3300000,Cicilan,Transfer Bank
PAY0011160,25TI0055,2025G,30-Aug-2025,5500000,5500000,Lunas,VA Bank
PAY0011161,25TI0056,2025G,2025-09-24,5500000,5500000,Lunas,E-Wallet
PAY0011162,25TI0057,2025G,23-Sep-2025,5500000,5500000,Lunas,Loket Kampus
PAY0011163,25TI0058,2025G,19-Sep-2025,5500000,5500000,Lunas,Transfer Bank
PAY0011164,25TI0059,2025G,2025-08-31,5500000,5500000,Lunas,VA Bank
PAY0011165,25TI0060,2025G,2025-10-04,5500000,3600000,Cicilan,Loket Kampus
PAY0011166,25TI0061,2025G,2025-09-01,5500000,5500000,Lunas,Loket Kampus
PAY0011167,25TI0062,2025G,07/09/2025,5500000,5500000,Lunas,Transfer Bank
PAY0011168,25TI0063,2025G,02-Oct-2025,5500000,5500000,Lunas,Loket Kampus
PAY0011169,25TI0064,2025G,2025-09-02,5500000,5500000,Lunas,E-Wallet
PAY0011170,25TI0065,2025G,2025-09-29,5500000,3900000,Cicilan,Transfer Bank
PAY0011171,25TI0066,2025G,2025-09-12,5500000,5500000,Lunas,VA Bank
PAY0011172,25TI0067,2025G,2025-09-19,5500000,5500000,Lunas,E-Wallet
PAY0011173,25TI0068,2025G,2025-09-01,5500000,5500000,Lunas,VA Bank
PAY0011174,25TI0069,2025G,25/09/2025,5500000,5500000,Lunas,E-Wallet
PAY0011175,25TI0070,2025G,2025-09-29,5500000,5500000,Lunas,Transfer Bank
PAY0011176,25TI0071,2025G,2025-08-20,5500000,5500000,Lunas,Transfer Bank
PAY0011177,25TI0072,2025G,08-Sep-2025,5500000,1900000,Cicilan,Loket Kampus
PAY0011178,25TI0073,2025G,22-Aug-2025,5500000,5500000,Lunas,E-Wallet
PAY0011179,25TI0074,2025G,22-Sep-2025,5500000,5500000,Lunas,E-Wallet
PAY0011180,25TI0075,2025G,2025-09-05,5500000,5500000,Lunas,VA Bank
PAY0011181,25TI0076,2025G,22/08/2025,5500000,3500000,Cicilan,VA Bank
PAY0011182,25TI0077,2025G,2025-08-28,5500000,5500000,Lunas,Transfer Bank
PAY0011183,25TI0078,2025G,2025-08-24,5500000,5500000,Lunas,Transfer Bank
PAY0011184,25TI0079,2025G,2025-08-27,5500000,5500000,Lunas,Loket Kampus
PAY0011185,25TI0080,2025G,11-Sep-2025,5500000,5500000,Lunas,VA Bank
PAY0011186,25TI0081,2025G,2025-09-14,5500000,5500000,Lunas,Loket Kampus
PAY0011187,25TI0082,2025G,09/09/2025,5500000,5500000,Lunas,E-Wallet
PAY0011188,25TI0083,2025G,07-Sep-2025,5500000,5500000,Lunas,E-Wallet
PAY0011189,25TI0084,2025G,2025-09-12,5500000,5500000,Lunas,Transfer Bank
PAY0011190,25TI0085,2025G,14-Sep-2025,5500000,5500000,Lunas,Transfer Bank
PAY0011191,25TI0086,2025G,2025-09-27,5500000,5500000,Lunas,Transfer Bank
PAY0011192,25TI0087,2025G,2025-09-09,5500000,5500000,Lunas,Loket Kampus
PAY0011193,25TI0088,2025G,2025-08-27,5500000,5500000,Lunas,VA Bank
PAY0011194,25TI0089,2025G,2025-08-24,5500000,5500000,Lunas,E-Wallet
PAY0011195,25TI0090,2025G,2025-09-22,5500000,5500000,Lunas,VA Bank
PAY0011196,25TI0091,2025G,2025-08-25,5500000,5500000,Lunas,Transfer Bank
PAY0011197,25TI0092,2025G,2025-09-24,5500000,5500000,Lunas,VA Bank
PAY0011198,25TI0093,2025G,25/08/2025,5500000,5500000,Lunas,E-Wallet
PAY0011199,25TI0094,2025G,2025-09-29,5500000,5500000,Lunas,Loket Kampus
PAY0011200,25TI0095,2025G,2025-09-20,5500000,5500000,Lunas,Transfer Bank
PAY0011201,25TI0096,2025G,2025-09-07,5500000,5500000,Lunas,Loket Kampus
PAY0011202,25TI0097,2025G,08-Sep-2025,5500000,5500000,Lunas,E-Wallet
PAY0011203,25TI0098,2025G,20/09/2025,5500000,5500000,Lunas,E-Wallet
PAY0011204,25TI0099,2025G,2025-08-24,5500000,5500000,Lunas,Transfer Bank
PAY0011205,25TI0100,2025G,01/10/2025,5500000,5500000,Lunas,VA Bank
PAY0011206,25TI0101,2025G,03/10/2025,5500000,2600000,Cicilan,E-Wallet
PAY0011207,25TI0102,2025G,2025-09-28,5500000,5500000,Lunas,Loket Kampus
PAY0011208,25TI0103,2025G,2025-09-29,5500000,5500000,Lunas,Loket Kampus
PAY0011209,25TI0104,2025G,11-Sep-2025,5500000,5500000,Lunas,Loket Kampus
PAY0011210,25SI0001,2025G,2025-09-10,5250000,5250000,Lunas,VA Bank
PAY0011211,25SI0002,2025G,2025-09-23,5250000,5250000,Lunas,Transfer Bank
PAY0011212,25SI0003,2025G,20/08/2025,5250000,5250000,Lunas,Loket Kampus
PAY0011213,25SI0004,2025G,2025-10-02,5250000,5250000,Lunas,VA Bank
PAY0011214,25SI0005,2025G,2025-09-16,5250000,5250000,Lunas,Loket Kampus
PAY0011215,25SI0006,2025G,2025-09-14,5250000,5250000,Lunas,E-Wallet
PAY0011216,25SI0007,2025G,,5250000,0,Belum Lunas,E-Wallet
PAY0011217,25SI0008,2025G,2025-08-29,5250000,5250000,Lunas,Transfer Bank
PAY0011218,25SI0009,2025G,2025-09-20,5250000,5250000,Lunas,E-Wallet
PAY0011219,25SI0010,2025G,2025-09-12,5250000,5250000,Lunas,E-Wallet
PAY0011220,25SI0011,2025G,30/08/2025,5250000,5250000,Lunas,E-Wallet
PAY0011221,25SI0012,2025G,2025-08-30,5250000,5250000,Lunas,E-Wallet
PAY0011222,25SI0013,2025G,2025-09-17,5250000,2200000,Cicilan,E-Wallet
PAY0011223,25SI0014,2025G,2025-09-01,5250000,5250000,Lunas,E-Wallet
PAY0011224,25SI0015,2025G,2025-09-01,5250000,5250000,Lunas,VA Bank
PAY0011225,25SI0016,2025G,05-Sep-2025,5250000,5250000,Lunas,Loket Kampus
PAY0011226,25SI0017,2025G,2025-08-25,5250000,5250000,Lunas,Transfer Bank
PAY0011227,25SI0018,2025G,25/09/2025,5250000,5250000,Lunas,Loket Kampus
PAY0011228,25SI0019,2025G,2025-09-01,5250000,5250000,Lunas,VA Bank
PAY0011229,25SI0020,2025G,2025-08-29,5250000,5250000,Lunas,E-Wallet
PAY0011230,25SI0021,2025G,2025-08-27,5250000,5250000,Lunas,E-Wallet
PAY0011231,25SI0022,2025G,2025-09-11,5250000,5250000,Lunas,E-Wallet
PAY0011232,25SI0023,2025G,20/09/2025,5250000,5250000,Lunas,Loket Kampus
PAY0011233,25SI0024,2025G,30/08/2025,5250000,5250000,Lunas,E-Wallet
PAY0011234,25SI0025,2025G,2025-09-18,5250000,5250000,Lunas,VA Bank
PAY0011235,25SI0026,2025G,2025-09-16,5250000,5250000,Lunas,VA Bank
PAY0011236,25SI0027,2025G,2025-09-22,5250000,5250000,Lunas,E-Wallet
PAY0011237,25SI0028,2025G,,5250000,0,Belum Lunas,Transfer Bank
PAY0011238,25SI0029,2025G,2025-09-23,5250000,5250000,Lunas,E-Wallet
PAY0011239,25SI0030,2025G,2025-09-24,5250000,5250000,Lunas,E-Wallet
PAY0011240,25SI0031,2025G,21/09/2025,5250000,5250000,Lunas,Loket Kampus
PAY0011241,25SI0032,2025G,2025-08-21,5250000,5250000,Lunas,Transfer Bank
PAY0011242,25SI0033,2025G,2025-09-29,5250000,3600000,Cicilan,Loket Kampus
PAY0011243,25SI0034,2025G,2025-09-13,5250000,5250000,Lunas,Loket Kampus
PAY0011244,25SI0035,2025G,,5250000,0,Belum Lunas,Transfer Bank
PAY0011245,25SI0036,2025G,2025-08-25,5250000,5250000,Lunas,E-Wallet
PAY0011246,25SI0037,2025G,2025-09-10,5250000,3400000,Cicilan,Transfer Bank
PAY0011247,25SI0038,2025G,2025-08-27,5250000,5250000,Lunas,Loket Kampus
PAY0011248,25SI0039,2025G,27-Sep-2025,5250000,2300000,Cicilan,Transfer Bank
PAY0011249,25SI0040,2025G,12-Sep-2025,5250000,5250000,Lunas,VA Bank
PAY0011250,25SI0041,2025G,2025-09-09,5250000,3200000,Cicilan,VA Bank
PAY0011251,25SI0042,2025G,2025-09-25,5250000,5250000,Lunas,E-Wallet
PAY0011252,25SI0043,2025G,19-Sep-2025,5250000,5250000,Lunas,VA Bank
PAY0011253,25SI0044,2025G,2025-09-28,5250000,5250000,Lunas,Loket Kampus
PAY0011254,25SI0045,2025G,2025-09-27,5250000,5250000,Lunas,Loket Kampus
PAY0011255,25SI0046,2025G,2025-09-09,5250000,5250000,Lunas,E-Wallet
PAY0011256,25SI0047,2025G,2025-09-20,5250000,5250000,Lunas,Loket Kampus
PAY0011257,25SI0048,2025G,2025-09-24,5250000,5250000,Lunas,VA Bank
PAY0011258,25SI0049,2025G,03-Oct-2025,5250000,5250000,Lunas,VA Bank
PAY0011259,25SI0050,2025G,2025-08-26,5250000,5250000,Lunas,VA Bank
PAY0011260,25SI0051,2025G,2025-09-27,5250000,5250000,Lunas,Loket Kampus
PAY0011261,25SI0052,2025G,30-Sep-2025,5250000,5250000,Lunas,E-Wallet
PAY0011262,25SI0053,2025G,2025-09-08,5250000,5250000,Lunas,Transfer Bank
PAY0011263,25SI0054,2025G,2025-09-09,5250000,5250000,Lunas,Loket Kampus
PAY0011264,25SI0055,2025G,2025-09-07,5250000,5250000,Lunas,Transfer Bank
PAY0011265,25SI0056,2025G,30-Aug-2025,5250000,5250000,Lunas,VA Bank
PAY0011266,25SI0057,2025G,22/08/2025,5250000,5250000,Lunas,E-Wallet
PAY0011267,25SI0058,2025G,2025-09-02,5250000,5250000,Lunas,Loket Kampus
PAY0011268,25SI0059,2025G,2025-09-20,5250000,5250000,Lunas,Loket Kampus
PAY0011269,25SI0060,2025G,2025-09-27,5250000,5250000,Lunas,Transfer Bank
PAY0011270,25SI0061,2025G,2025-10-02,5250000,5250000,Lunas,Loket Kampus
PAY0011271,25SI0062,2025G,17-Sep-2025,5250000,5250000,Lunas,VA Bank
PAY0011272,25SI0063,2025G,2025-09-14,5250000,5250000,Lunas,VA Bank
PAY0011273,25SI0064,2025G,2025-08-30,5250000,3000000,Cicilan,Loket Kampus
PAY0011274,25SI0065,2025G,05/09/2025,5250000,5250000,Lunas,Transfer Bank
PAY0011275,25SI0066,2025G,25-Aug-2025,5250000,5250000,Lunas,E-Wallet
PAY0011276,25SI0067,2025G,2025-09-28,5250000,5250000,Lunas,E-Wallet
PAY0011277,25SI0068,2025G,2025-10-01,5250000,5250000,Lunas,VA Bank
PAY0011278,25SI0069,2025G,2025-08-27,5250000,5250000,Lunas,Loket Kampus
PAY0011279,25SI0070,2025G,2025-09-13,5250000,5250000,Lunas,E-Wallet
PAY0011280,25SI0071,2025G,2025-09-24,5250000,5250000,Lunas,E-Wallet
PAY0011281,25SI0072,2025G,2025-08-22,5250000,5250000,Lunas,Loket Kampus
PAY0011282,25SI0073,2025G,2025-09-28,5250000,5250000,Lunas,VA Bank
PAY0011283,25SI0074,2025G,2025-09-26,5250000,5250000,Lunas,VA Bank
PAY0011284,25SI0075,2025G,07/09/2025,5250000,5250000,Lunas,Loket Kampus
PAY0011285,25SI0076,2025G,2025-09-22,5250000,5250000,Lunas,VA Bank
PAY0011286,25SI0077,2025G,2025-09-03,5250000,3500000,Cicilan,Transfer Bank
PAY0011287,25SI0078,2025G,24-Sep-2025,5250000,5250000,Lunas,E-Wallet
PAY0011288,25SI0079,2025G,27/09/2025,5250000,2800000,Cicilan,Loket Kampus
PAY0011289,25SI0080,2025G,2025-09-01,5250000,5250000,Lunas,E-Wallet
PAY0011290,25SI0081,2025G,2025-09-29,5250000,5250000,Lunas,Loket Kampus
PAY0011291,25SI0082,2025G,2025-09-13,5250000,5250000,Lunas,VA Bank
PAY0011292,25SI0083,2025G,30/09/2025,5250000,5250000,Lunas,E-Wallet
PAY0011293,25SI0084,2025G,22/08/2025,5250000,3700000,Cicilan,Loket Kampus
PAY0011294,25SI0085,2025G,2025-09-13,5250000,5250000,Lunas,VA Bank
PAY0011295,25SI0086,2025G,2025-09-10,5250000,5250000,Lunas,Transfer Bank
PAY0011296,25SI0087,2025G,2025-08-27,5250000,5250000,Lunas,E-Wallet
PAY0011297,25SI0088,2025G,24/08/2025,5250000,3900000,Cicilan,Transfer Bank
PAY0011298,25SI0089,2025G,2025-09-24,5250000,3700000,Cicilan,VA Bank
PAY0011299,25SI0090,2025G,2025-10-03,5250000,5250000,Lunas,Loket Kampus
PAY0011300,25SI0091,2025G,,5250000,0,Belum Lunas,VA Bank
PAY0011301,25SI0092,2025G,19-Sep-2025,5250000,5250000,Lunas,Transfer Bank
PAY0011302,25SI0093,2025G,09-Sep-2025,5250000,5250000,Lunas,Loket Kampus
PAY0011303,25SI0094,2025G,2025-09-18,5250000,5250000,Lunas,Loket Kampus
PAY0011304,25SI0095,2025G,2025-09-07,5250000,5250000,Lunas,Transfer Bank
PAY0011305,25SI0096,2025G,2025-10-04,5250000,5250000,Lunas,Transfer Bank
PAY0011306,25SI0097,2025G,2025-09-07,5250000,5250000,Lunas,VA Bank
PAY0011307,25SI0098,2025G,2025-09-08,5250000,5250000,Lunas,VA Bank
PAY0011308,25SI0099,2025G,28/09/2025,5250000,5250000,Lunas,E-Wallet
PAY0011309,25IF0001,2025G,2025-10-04,5750000,5750000,Lunas,E-Wallet
PAY0011310,25IF0002,2025G,2025-09-18,5750000,5750000,Lunas,Loket Kampus
PAY0011311,25IF0003,2025G,2025-09-19,5750000,5750000,Lunas,Transfer Bank
PAY0011312,25IF0004,2025G,2025-08-31,5750000,5750000,Lunas,VA Bank
PAY0011313,25IF0005,2025G,29/08/2025,5750000,5750000,Lunas,Transfer Bank
PAY0011314,25IF0006,2025G,2025-08-30,5750000,5750000,Lunas,E-Wallet
PAY0011315,25IF0007,2025G,24/08/2025,5750000,5750000,Lunas,VA Bank
PAY0011316,25IF0008,2025G,2025-08-25,5750000,5750000,Lunas,VA Bank
PAY0011317,25IF0009,2025G,2025-08-30,5750000,5750000,Lunas,VA Bank
PAY0011318,25IF0010,2025G,21/09/2025,5750000,5750000,Lunas,Transfer Bank
PAY0011319,25IF0011,2025G,2025-08-20,5750000,4000000,Cicilan,E-Wallet
PAY0011320,25IF0012,2025G,2025-09-20,5750000,5750000,Lunas,Transfer Bank
PAY0011321,25IF0013,2025G,01/10/2025,5750000,3700000,Cicilan,VA Bank
PAY0011322,25IF0014,2025G,2025-09-28,5750000,5750000,Lunas,E-Wallet
PAY0011323,25IF0015,2025G,2025-10-01,5750000,5750000,Lunas,Loket Kampus
PAY0011324,25IF0016,2025G,2025-09-16,5750000,5750000,Lunas,Transfer Bank
PAY0011325,25IF0017,2025G,26-Sep-2025,5750000,5750000,Lunas,Transfer Bank
PAY0011326,25IF0018,2025G,2025-09-23,5750000,5750000,Lunas,Transfer Bank
PAY0011327,25IF0019,2025G,28/09/2025,5750000,2400000,Cicilan,E-Wallet
PAY0011328,25IF0020,2025G,2025-09-28,5750000,3300000,Cicilan,Loket Kampus
PAY0011329,25IF0021,2025G,20/08/2025,5750000,5750000,Lunas,Loket Kampus
PAY0011330,25IF0022,2025G,2025-08-26,5750000,5750000,Lunas,VA Bank
PAY0011331,25IF0023,2025G,2025-09-10,5750000,5750000,Lunas,Loket Kampus
PAY0011332,25IF0024,2025G,2025-08-22,5750000,5750000,Lunas,VA Bank
PAY0011333,25IF0025,2025G,17-Sep-2025,5750000,5750000,Lunas,Loket Kampus
PAY0011334,25IF0026,2025G,05/09/2025,5750000,5750000,Lunas,Loket Kampus
PAY0011335,25IF0027,2025G,2025-09-14,5750000,3200000,Cicilan,Transfer Bank
PAY0011336,25IF0028,2025G,2025-09-17,5750000,5750000,Lunas,E-Wallet
PAY0011337,25IF0029,2025G,2025-09-17,5750000,5750000,Lunas,Transfer Bank
PAY0011338,25IF0030,2025G,2025-08-31,5750000,5750000,Lunas,VA Bank
PAY0011339,25IF0031,2025G,02/10/2025,5750000,5750000,Lunas,VA Bank
PAY0011340,25IF0032,2025G,11-Sep-2025,5750000,5750000,Lunas,VA Bank
PAY0011341,25IF0033,2025G,2025-08-25,5750000,5750000,Lunas,Loket Kampus
PAY0011342,25IF0034,2025G,2025-08-30,5750000,5750000,Lunas,VA Bank
PAY0011343,25IF0035,2025G,2025-09-16,5750000,2000000,Cicilan,Loket Kampus
PAY0011344,25IF0036,2025G,16-Sep-2025,5750000,5750000,Lunas,VA Bank
PAY0011345,25IF0037,2025G,18/09/2025,5750000,5750000,Lunas,VA Bank
PAY0011346,25IF0038,2025G,,5750000,0,Belum Lunas,VA Bank
PAY0011347,25IF0039,2025G,2025-09-02,5750000,5750000,Lunas,E-Wallet
PAY0011348,25IF0040,2025G,23-Sep-2025,5750000,5750000,Lunas,Transfer Bank
PAY0011349,25IF0041,2025G,2025-09-19,5750000,5750000,Lunas,Loket Kampus
PAY0011350,25IF0042,2025G,,5750000,0,Belum Lunas,Transfer Bank
PAY0011351,25IF0043,2025G,2025-09-02,5750000,5750000,Lunas,E-Wallet
PAY0011352,25IF0044,2025G,2025-09-21,5750000,5750000,Lunas,E-Wallet
PAY0011353,25IF0045,2025G,2025-09-12,5750000,5750000,Lunas,Loket Kampus
PAY0011354,25IF0046,2025G,2025-09-08,5750000,5750000,Lunas,E-Wallet
PAY0011355,25IF0047,2025G,2025-09-22,5750000,5750000,Lunas,VA Bank
PAY0011356,25IF0048,2025G,05/09/2025,5750000,5750000,Lunas,Loket Kampus
PAY0011357,25IF0049,2025G,2025-09-04,5750000,5750000,Lunas,Transfer Bank
PAY0011358,25IF0050,2025G,2025-10-01,5750000,5750000,Lunas,Loket Kampus
PAY0011359,25IF0051,2025G,18/09/2025,5750000,5750000,Lunas,E-Wallet
PAY0011360,25IF0052,2025G,2025-09-27,5750000,5750000,Lunas,VA Bank
PAY0011361,25IF0053,2025G,13/09/2025,5750000,5750000,Lunas,Loket Kampus
PAY0011362,25IF0054,2025G,2025-09-08,5750000,5750000,Lunas,Loket Kampus
PAY0011363,25IF0055,2025G,23/09/2025,5750000,5750000,Lunas,Transfer Bank
PAY0011364,25IF0056,2025G,04-Oct-2025,5750000,5750000,Lunas,Transfer Bank
PAY0011365,25IF0057,2025G,2025-09-09,5750000,5750000,Lunas,VA Bank
PAY0011366,25IF0058,2025G,2025-10-02,5750000,5750000,Lunas,Loket Kampus
PAY0011367,25IF0059,2025G,2025-09-28,5750000,5750000,Lunas,VA Bank
PAY0011368,25IF0060,2025G,2025-09-08,5750000,5750000,Lunas,E-Wallet
PAY0011369,25IF0061,2025G,2025-09-26,5750000,5750000,Lunas,E-Wallet
PAY0011370,25IF0062,2025G,,5750000,0,Belum Lunas,E-Wallet
PAY0011371,25IF0063,2025G,26-Aug-2025,5750000,5750000,Lunas,VA Bank
PAY0011372,25IF0064,2025G,2025-09-12,5750000,5750000,Lunas,Transfer Bank
PAY0011373,25IF0065,2025G,24/09/2025,5750000,5750000,Lunas,E-Wallet
PAY0011374,25IF0066,2025G,2025-09-02,5750000,5750000,Lunas,Transfer Bank
PAY0011375,25IF0067,2025G,2025-09-24,5750000,5750000,Lunas,Loket Kampus
PAY0011376,25IF0068,2025G,2025-08-30,5750000,5750000,Lunas,VA Bank
PAY0011377,25IF0069,2025G,29-Sep-2025,5750000,2900000,Cicilan,VA Bank
PAY0011378,25IF0070,2025G,2025-09-25,5750000,5750000,Lunas,E-Wallet
PAY0011379,25IF0071,2025G,2025-08-24,5750000,5750000,Lunas,Loket Kampus
PAY0011380,25IF0072,2025G,26-Sep-2025,5750000,5750000,Lunas,VA Bank
PAY0011381,25IF0073,2025G,2025-08-21,5750000,5750000,Lunas,VA Bank
PAY0011382,25IF0074,2025G,2025-09-05,5750000,5750000,Lunas,E-Wallet
PAY0011383,25IF0075,2025G,06-Sep-2025,5750000,5750000,Lunas,Loket Kampus
PAY0011384,25IF0076,2025G,2025-08-25,5750000,5750000,Lunas,Loket Kampus
PAY0011385,25IF0077,2025G,2025-08-30,5750000,5750000,Lunas,Loket Kampus
PAY0011386,25IF0078,2025G,2025-09-16,5750000,5750000,Lunas,Loket Kampus
PAY0011387,25IF0079,2025G,2025-09-21,5750000,5750000,Lunas,Loket Kampus
PAY0011388,25IF0080,2025G,30-Sep-2025,5750000,5750000,Lunas,Transfer Bank
PAY0011389,25IF0081,2025G,2025-10-02,5750000,2600000,Cicilan,E-Wallet
PAY0011390,25IF0082,2025G,29/09/2025,5750000,5750000,Lunas,VA Bank
PAY0011391,25IF0083,2025G,2025-09-07,5750000,5750000,Lunas,Transfer Bank
PAY0011392,25IF0084,2025G,2025-08-28,5750000,5750000,Lunas,Loket Kampus
PAY0011393,25IF0085,2025G,2025-09-10,5750000,5750000,Lunas,Transfer Bank
PAY0011394,25IF0086,2025G,2025-09-14,5750000,5750000,Lunas,VA Bank
PAY0011395,25IF0087,2025G,2025-10-01,5750000,5750000,Lunas,Transfer Bank
PAY0011396,25IF0088,2025G,2025-09-03,5750000,2100000,Cicilan,E-Wallet
PAY0011397,25IF0089,2025G,2025-09-16,5750000,5750000,Lunas,E-Wallet
PAY0011398,25IF0090,2025G,2025-09-05,5750000,5750000,Lunas,Transfer Bank
PAY0011399,25IF0091,2025G,2025-08-27,5750000,5750000,Lunas,VA Bank
PAY0011400,25IF0092,2025G,15-Sep-2025,5750000,5750000,Lunas,Loket Kampus
PAY0011401,25IF0093,2025G,2025-09-19,5750000,5750000,Lunas,VA Bank
PAY0011402,25IF0094,2025G,2025-08-20,5750000,5750000,Lunas,E-Wallet
PAY0011403,25IF0095,2025G,2025-09-15,5750000,5750000,Lunas,VA Bank
PAY0011404,25IF0096,2025G,27/08/2025,5750000,5750000,Lunas,Transfer Bank
PAY0011405,25IF0097,2025G,29-Aug-2025,5750000,5750000,Lunas,VA Bank
PAY0011406,25IF0098,2025G,04/10/2025,5750000,5750000,Lunas,E-Wallet
PAY0011407,25IF0099,2025G,27-Sep-2025,5750000,5750000,Lunas,Loket Kampus
PAY0011408,25IF0100,2025G,2025-09-30,5750000,5750000,Lunas,Transfer Bank
PAY0011409,25IF0101,2025G,2025-09-02,5750000,5750000,Lunas,Loket Kampus
PAY0011410,25IF0102,2025G,07-Sep-2025,5750000,5750000,Lunas,VA Bank
PAY0011411,25IF0103,2025G,2025-09-04,5750000,5750000,Lunas,E-Wallet
PAY0011412,25IF0104,2025G,21/08/2025,5750000,3700000,Cicilan,VA Bank
PAY0011413,25DS0001,2025G,,6000000,0,Belum Lunas,Loket Kampus
PAY0011414,25DS0002,2025G,2025-08-22,6000000,6000000,Lunas,E-Wallet
PAY0011415,25DS0003,2025G,09-Sep-2025,6000000,6000000,Lunas,E-Wallet
PAY0011416,25DS0004,2025G,24-Aug-2025,6000000,6000000,Lunas,Loket Kampus
PAY0011417,25DS0005,2025G,2025-09-26,6000000,6000000,Lunas,E-Wallet
PAY0011418,25DS0006,2025G,01/10/2025,6000000,6000000,Lunas,Loket Kampus
PAY0011419,25DS0007,2025G,2025-09-30,6000000,6000000,Lunas,E-Wallet
PAY0011420,25DS0008,2025G,2025-09-30,6000000,6000000,Lunas,Loket Kampus
PAY0011421,25DS0009,2025G,2025-08-21,6000000,2300000,Cicilan,E-Wallet
PAY0011422,25DS0010,2025G,23/09/2025,6000000,6000000,Lunas,Loket Kampus
PAY0011423,25DS0011,2025G,2025-09-27,6000000,6000000,Lunas,E-Wallet
PAY0011424,25DS0012,2025G,2025-09-11,6000000,6000000,Lunas,Transfer Bank
PAY0011425,25DS0013,2025G,2025-09-28,6000000,6000000,Lunas,Loket Kampus
PAY0011426,25DS0014,2025G,2025-09-30,6000000,6000000,Lunas,VA Bank
PAY0011427,25DS0015,2025G,2025-09-21,6000000,6000000,Lunas,E-Wallet
PAY0011428,25DS0016,2025G,2025-08-23,6000000,6000000,Lunas,Loket Kampus
PAY0011429,25DS0017,2025G,2025-09-17,6000000,6000000,Lunas,Loket Kampus
PAY0011430,25DS0018,2025G,16/09/2025,6000000,6000000,Lunas,E-Wallet
PAY0011431,25DS0019,2025G,30/08/2025,6000000,6000000,Lunas,Transfer Bank
PAY0011432,25DS0020,2025G,2025-08-20,6000000,4500000,Cicilan,Loket Kampus
PAY0011433,25DS0021,2025G,2025-09-25,6000000,2200000,Cicilan,Transfer Bank
PAY0011434,25DS0022,2025G,2025-09-10,6000000,6000000,Lunas,E-Wallet
PAY0011435,25DS0023,2025G,2025-09-25,6000000,6000000,Lunas,Loket Kampus
PAY0011436,25DS0024,2025G,17-Sep-2025,6000000,6000000,Lunas,Loket Kampus
PAY0011437,25DS0025,2025G,2025-08-25,6000000,6000000,Lunas,VA Bank
PAY0011438,25DS0026,2025G,2025-09-09,6000000,6000000,Lunas,Transfer Bank
PAY0011439,25DS0027,2025G,2025-10-04,6000000,6000000,Lunas,Transfer Bank
PAY0011440,25DS0028,2025G,2025-09-17,6000000,6000000,Lunas,Loket Kampus
PAY0011441,25DS0029,2025G,11/09/2025,6000000,3400000,Cicilan,VA Bank
PAY0011442,25DS0030,2025G,2025-09-13,6000000,6000000,Lunas,Loket Kampus
PAY0011443,25DS0031,2025G,2025-09-01,6000000,6000000,Lunas,E-Wallet
PAY0011444,25DS0032,2025G,2025-08-22,6000000,6000000,Lunas,Transfer Bank
PAY0011445,25DS0033,2025G,26-Sep-2025,6000000,6000000,Lunas,Loket Kampus
PAY0011446,25DS0034,2025G,2025-09-29,6000000,6000000,Lunas,Loket Kampus
PAY0011447,25DS0035,2025G,2025-08-23,6000000,6000000,Lunas,Loket Kampus
PAY0011448,25DS0036,2025G,01-Sep-2025,6000000,6000000,Lunas,E-Wallet
PAY0011449,25DS0037,2025G,2025-09-14,6000000,6000000,Lunas,Transfer Bank
PAY0011450,25DS0038,2025G,07/09/2025,6000000,6000000,Lunas,Loket Kampus
PAY0011451,25DS0039,2025G,2025-09-11,6000000,6000000,Lunas,VA Bank
PAY0011452,25DS0040,2025G,2025-09-06,6000000,6000000,Lunas,Loket Kampus
PAY0011453,25DS0041,2025G,2025-08-30,6000000,3000000,Cicilan,Transfer Bank
PAY0011454,25DS0042,2025G,2025-08-26,6000000,6000000,Lunas,Loket Kampus
PAY0011455,25DS0043,2025G,2025-09-22,6000000,6000000,Lunas,VA Bank
PAY0011456,25DS0044,2025G,2025-08-28,6000000,6000000,Lunas,E-Wallet
PAY0011457,25DS0045,2025G,2025-09-20,6000000,6000000,Lunas,E-Wallet
PAY0011458,25DS0046,2025G,11/09/2025,6000000,6000000,Lunas,E-Wallet
PAY0011459,25DS0047,2025G,2025-09-20,6000000,6000000,Lunas,Loket Kampus
PAY0011460,25DS0048,2025G,01/10/2025,6000000,6000000,Lunas,Loket Kampus
PAY0011461,25DS0049,2025G,2025-09-14,6000000,6000000,Lunas,VA Bank
PAY0011462,25DS0050,2025G,30/09/2025,6000000,3000000,Cicilan,E-Wallet
PAY0011463,25DS0051,2025G,2025-09-19,6000000,6000000,Lunas,E-Wallet
PAY0011464,25DS0052,2025G,2025-09-26,6000000,6000000,Lunas,Loket Kampus
PAY0011465,25DS0053,2025G,2025-09-06,6000000,6000000,Lunas,Transfer Bank
PAY0011466,25DS0054,2025G,2025-09-07,6000000,3600000,Cicilan,VA Bank
PAY0011467,25DS0055,2025G,2025-08-27,6000000,6000000,Lunas,VA Bank
PAY0011468,25DS0056,2025G,2025-10-03,6000000,6000000,Lunas,Loket Kampus
PAY0011469,25DS0057,2025G,20/09/2025,6000000,3600000,Cicilan,Transfer Bank
PAY0011470,25DS0058,2025G,05/09/2025,6000000,6000000,Lunas,Loket Kampus
PAY0011471,25DS0059,2025G,2025-09-22,6000000,6000000,Lunas,VA Bank
PAY0011472,25DS0060,2025G,2025-08-27,6000000,6000000,Lunas,Transfer Bank
PAY0011473,25DS0061,2025G,2025-09-21,6000000,6000000,Lunas,Loket Kampus
PAY0011474,25DS0062,2025G,2025-09-09,6000000,6000000,Lunas,VA Bank
PAY0011475,25DS0063,2025G,01-Oct-2025,6000000,6000000,Lunas,Transfer Bank
PAY0011476,25DS0064,2025G,22/09/2025,6000000,6000000,Lunas,Loket Kampus
PAY0011477,25DS0065,2025G,01-Sep-2025,6000000,6000000,Lunas,VA Bank
PAY0011478,25DS0066,2025G,12/09/2025,6000000,6000000,Lunas,E-Wallet
PAY0011479,25DS0067,2025G,2025-08-31,6000000,3200000,Cicilan,VA Bank
PAY0011480,25DS0068,2025G,2025-08-20,6000000,6000000,Lunas,VA Bank
PAY0011481,25DS0069,2025G,2025-09-14,6000000,6000000,Lunas,Loket Kampus
PAY0011482,25DS0070,2025G,19-Sep-2025,6000000,6000000,Lunas,E-Wallet
PAY0011483,25DS0071,2025G,2025-08-25,6000000,6000000,Lunas,Loket Kampus
PAY0011484,25DS0072,2025G,03-Oct-2025,6000000,6000000,Lunas,Transfer Bank
PAY0011485,25DS0073,2025G,2025-09-08,6000000,6000000,Lunas,E-Wallet
PAY0011486,25DS0074,2025G,28/08/2025,6000000,6000000,Lunas,E-Wallet
PAY0011487,25DS0075,2025G,28/09/2025,6000000,6000000,Lunas,E-Wallet
PAY0011488,25DS0076,2025G,27/09/2025,6000000,6000000,Lunas,E-Wallet
PAY0011489,25DS0077,2025G,21/08/2025,6000000,6000000,Lunas,Transfer Bank
PAY0011490,25DS0078,2025G,2025-08-22,6000000,6000000,Lunas,E-Wallet
PAY0011491,25DS0079,2025G,2025-09-17,6000000,6000000,Lunas,Transfer Bank
PAY0011492,25DS0080,2025G,2025-08-27,6000000,6000000,Lunas,Transfer Bank
PAY0011493,25DS0081,2025G,2025-09-19,6000000,6000000,Lunas,VA Bank
PAY0011494,25DS0082,2025G,2025-09-17,6000000,6000000,Lunas,Transfer Bank
PAY0011495,25TR0001,2025G,2025-10-04,5700000,5700000,Lunas,VA Bank
PAY0011496,25TR0002,2025G,2025-09-11,5700000,5700000,Lunas,E-Wallet
PAY0011497,25TR0003,2025G,2025-09-30,5700000,5700000,Lunas,E-Wallet
PAY0011498,25TR0004,2025G,01/09/2025,5700000,5700000,Lunas,Transfer Bank
PAY0011499,25TR0005,2025G,22/09/2025,5700000,5700000,Lunas,E-Wallet
PAY0011500,25TR0006,2025G,2025-09-05,5700000,5700000,Lunas,Transfer Bank
PAY0011501,25TR0007,2025G,2025-09-21,5700000,5700000,Lunas,VA Bank
PAY0011502,25TR0008,2025G,2025-10-04,5700000,5700000,Lunas,E-Wallet
PAY0011503,25TR0009,2025G,2025-09-22,5700000,5700000,Lunas,Transfer Bank
PAY0011504,25TR0010,2025G,05/09/2025,5700000,5700000,Lunas,E-Wallet
PAY0011505,25TR0011,2025G,31-Aug-2025,5700000,5700000,Lunas,Transfer Bank
PAY0011506,25TR0012,2025G,2025-09-30,5700000,5700000,Lunas,E-Wallet
PAY0011507,25TR0013,2025G,2025-09-24,5700000,5700000,Lunas,VA Bank
PAY0011508,25TR0014,2025G,2025-08-24,5700000,5700000,Lunas,Loket Kampus
PAY0011509,25TR0015,2025G,30-Aug-2025,5700000,5700000,Lunas,E-Wallet
PAY0011510,25TR0016,2025G,2025-10-04,5700000,5700000,Lunas,VA Bank
PAY0011511,25TR0017,2025G,2025-09-25,5700000,5700000,Lunas,Loket Kampus
PAY0011512,25TR0018,2025G,23/09/2025,5700000,5700000,Lunas,VA Bank
PAY0011513,25TR0019,2025G,2025-10-04,5700000,5700000,Lunas,VA Bank
PAY0011514,25TR0020,2025G,24/09/2025,5700000,5700000,Lunas,E-Wallet
PAY0011515,25TR0021,2025G,2025-09-20,5700000,5700000,Lunas,VA Bank
PAY0011516,25TR0022,2025G,25/08/2025,5700000,5700000,Lunas,Transfer Bank
PAY0011517,25TR0023,2025G,2025-08-25,5700000,5700000,Lunas,Transfer Bank
PAY0011518,25TR0024,2025G,12/09/2025,5700000,5700000,Lunas,Loket Kampus
PAY0011519,25TR0025,2025G,2025-09-30,5700000,2200000,Cicilan,Loket Kampus
PAY0011520,25TR0026,2025G,2025-08-25,5700000,5700000,Lunas,VA Bank
PAY0011521,25TR0027,2025G,2025-09-20,5700000,5700000,Lunas,E-Wallet
PAY0011522,25TR0028,2025G,07-Sep-2025,5700000,5700000,Lunas,E-Wallet
PAY0011523,25TR0029,2025G,2025-09-26,5700000,5700000,Lunas,Transfer Bank
PAY0011524,25TR0030,2025G,2025-09-16,5700000,3300000,Cicilan,VA Bank
PAY0011525,25TR0031,2025G,,5700000,0,Belum Lunas,E-Wallet
PAY0011526,25TR0032,2025G,2025-09-24,5700000,5700000,Lunas,VA Bank
PAY0011527,25TR0033,2025G,23-Sep-2025,5700000,5700000,Lunas,E-Wallet
PAY0011528,25TR0034,2025G,2025-09-19,5700000,5700000,Lunas,Transfer Bank
PAY0011529,25TR0035,2025G,2025-09-13,5700000,5700000,Lunas,Loket Kampus
PAY0011530,25TR0036,2025G,2025-09-25,5700000,5700000,Lunas,E-Wallet
PAY0011531,25TR0037,2025G,2025-08-28,5700000,5700000,Lunas,Loket Kampus
PAY0011532,25TR0038,2025G,2025-09-28,5700000,5700000,Lunas,E-Wallet
PAY0011533,25TR0039,2025G,2025-09-27,5700000,5700000,Lunas,Loket Kampus
PAY0011534,25TR0040,2025G,2025-09-19,5700000,5700000,Lunas,Loket Kampus
PAY0011535,25TR0041,2025G,2025-10-04,5700000,5700000,Lunas,VA Bank
PAY0011536,25TR0042,2025G,03/09/2025,5700000,5700000,Lunas,Loket Kampus
PAY0011537,25TR0043,2025G,2025-08-30,5700000,5700000,Lunas,VA Bank
PAY0011538,25TR0044,2025G,2025-09-17,5700000,5700000,Lunas,Loket Kampus
PAY0011539,25TR0045,2025G,,5700000,0,Belum Lunas,VA Bank
PAY0011540,25TR0046,2025G,02/09/2025,5700000,2500000,Cicilan,VA Bank
PAY0011541,25TR0047,2025G,2025-09-10,5700000,5700000,Lunas,Transfer Bank
PAY0011542,25TR0048,2025G,2025-08-23,5700000,5700000,Lunas,E-Wallet
PAY0011543,25TR0049,2025G,2025-09-27,5700000,5700000,Lunas,Loket Kampus
PAY0011544,25TR0050,2025G,02/09/2025,5700000,5700000,Lunas,VA Bank
PAY0011545,25TR0051,2025G,2025-09-12,5700000,5700000,Lunas,Transfer Bank
PAY0011546,25TR0052,2025G,2025-09-01,5700000,5700000,Lunas,Transfer Bank
PAY0011547,25TR0053,2025G,2025-09-07,5700000,5700000,Lunas,Transfer Bank
PAY0011548,25TR0054,2025G,2025-09-11,5700000,5700000,Lunas,E-Wallet
PAY0011549,25TR0055,2025G,2025-09-02,5700000,5700000,Lunas,E-Wallet
PAY0011550,25TR0056,2025G,25-Aug-2025,5700000,5700000,Lunas,VA Bank
PAY0011551,25TR0057,2025G,28/08/2025,5700000,5700000,Lunas,E-Wallet
PAY0011552,25TR0058,2025G,2025-09-16,5700000,2600000,Cicilan,Loket Kampus
PAY0011553,25TR0059,2025G,2025-09-14,5700000,5700000,Lunas,VA Bank
PAY0011554,25TR0060,2025G,2025-08-21,5700000,3700000,Cicilan,Loket Kampus
PAY0011555,25TR0061,2025G,2025-09-29,5700000,5700000,Lunas,VA Bank
PAY0011556,25TR0062,2025G,2025-10-03,5700000,5700000,Lunas,E-Wallet
PAY0011557,25TR0063,2025G,2025-09-13,5700000,5700000,Lunas,E-Wallet
PAY0011558,25TR0064,2025G,2025-08-25,5700000,2100000,Cicilan,E-Wallet
PAY0011559,25TR0065,2025G,2025-08-20,5700000,5700000,Lunas,VA Bank
PAY0011560,25TR0066,2025G,2025-08-26,5700000,5700000,Lunas,VA Bank
PAY0011561,25TR0067,2025G,2025-09-05,5700000,2700000,Cicilan,E-Wallet
PAY0011562,25TR0068,2025G,2025-08-22,5700000,5700000,Lunas,Transfer Bank
PAY0011563,25TR0069,2025G,16/09/2025,5700000,5700000,Lunas,E-Wallet
PAY0011564,25TR0070,2025G,2025-08-26,5700000,5700000,Lunas,Transfer Bank
PAY0011565,25TR0071,2025G,2025-08-23,5700000,3200000,Cicilan,Loket Kampus
PAY0011566,25TR0072,2025G,2025-09-20,5700000,5700000,Lunas,E-Wallet
PAY0011567,25TR0073,2025G,,5700000,0,Belum Lunas,E-Wallet
PAY0011568,25TR0074,2025G,2025-10-04,5700000,5700000,Lunas,VA Bank
PAY0011569,25TR0075,2025G,2025-09-12,5700000,5700000,Lunas,Transfer Bank
PAY0011570,25TR0076,2025G,2025-09-26,5700000,3700000,Cicilan,Transfer Bank
PAY0011571,25TR0077,2025G,2025-09-28,5700000,5700000,Lunas,Loket Kampus
PAY0011572,25TR0078,2025G,2025-09-02,5700000,5700000,Lunas,Transfer Bank
PAY0011573,25TR0079,2025G,03/09/2025,5700000,5700000,Lunas,Loket Kampus
PAY0011574,25BD0001,2025G,2025-09-16,5000000,3600000,Cicilan,E-Wallet
PAY0011575,25BD0002,2025G,2025-09-29,5000000,5000000,Lunas,E-Wallet
PAY0011576,25BD0003,2025G,,5000000,0,Belum Lunas,VA Bank
PAY0011577,25BD0004,2025G,2025-10-03,5000000,3400000,Cicilan,VA Bank
PAY0011578,25BD0005,2025G,2025-10-02,5000000,2600000,Cicilan,Loket Kampus
PAY0011579,25BD0006,2025G,2025-08-30,5000000,5000000,Lunas,Transfer Bank
PAY0011580,25BD0007,2025G,2025-09-19,5000000,5000000,Lunas,E-Wallet
PAY0011581,25BD0008,2025G,2025-08-20,5000000,5000000,Lunas,Loket Kampus
PAY0011582,25BD0009,2025G,2025-09-03,5000000,5000000,Lunas,VA Bank
PAY0011583,25BD0010,2025G,2025-08-28,5000000,2800000,Cicilan,Loket Kampus
PAY0011584,25BD0011,2025G,2025-09-19,5000000,5000000,Lunas,Transfer Bank
PAY0011585,25BD0012,2025G,07/09/2025,5000000,5000000,Lunas,Transfer Bank
PAY0011586,25BD0013,2025G,21/08/2025,5000000,5000000,Lunas,VA Bank
PAY0011587,25BD0014,2025G,2025-10-01,5000000,5000000,Lunas,VA Bank
PAY0011588,25BD0015,2025G,2025-09-07,5000000,5000000,Lunas,Transfer Bank
PAY0011589,25BD0016,2025G,2025-09-20,5000000,5000000,Lunas,Loket Kampus
PAY0011590,25BD0017,2025G,2025-08-23,5000000,5000000,Lunas,Loket Kampus
PAY0011591,25BD0018,2025G,20/08/2025,5000000,5000000,Lunas,VA Bank
PAY0011592,25BD0019,2025G,2025-08-28,5000000,5000000,Lunas,Loket Kampus
PAY0011593,25BD0020,2025G,2025-09-07,5000000,5000000,Lunas,Loket Kampus
PAY0011594,25BD0021,2025G,21/09/2025,5000000,5000000,Lunas,E-Wallet
PAY0011595,25BD0022,2025G,26/08/2025,5000000,5000000,Lunas,Transfer Bank
PAY0011596,25BD0023,2025G,10/09/2025,5000000,5000000,Lunas,Loket Kampus
PAY0011597,25BD0024,2025G,2025-09-01,5000000,3000000,Cicilan,E-Wallet
PAY0011598,25BD0025,2025G,,5000000,0,Belum Lunas,VA Bank
PAY0011599,25BD0026,2025G,2025-09-26,5000000,3300000,Cicilan,Loket Kampus
PAY0011600,25BD0027,2025G,26-Aug-2025,5000000,5000000,Lunas,Loket Kampus
PAY0011601,25BD0028,2025G,2025-09-24,5000000,5000000,Lunas,Transfer Bank
PAY0011602,25BD0029,2025G,2025-10-02,5000000,5000000,Lunas,Loket Kampus
PAY0011603,25BD0030,2025G,2025-09-05,5000000,5000000,Lunas,Loket Kampus
PAY0011604,25BD0031,2025G,25/08/2025,5000000,2400000,Cicilan,E-Wallet
PAY0011605,25BD0032,2025G,07-Sep-2025,5000000,5000000,Lunas,Loket Kampus
PAY0011606,25BD0033,2025G,2025-09-18,5000000,5000000,Lunas,Loket Kampus
PAY0011607,25BD0034,2025G,2025-08-27,5000000,5000000,Lunas,E-Wallet
PAY0011608,25BD0035,2025G,2025-10-01,5000000,5000000,Lunas,Loket Kampus
PAY0011609,25BD0036,2025G,2025-09-30,5000000,5000000,Lunas,VA Bank
PAY0011610,25BD0037,2025G,2025-09-11,5000000,5000000,Lunas,Loket Kampus
PAY0011611,25BD0038,2025G,2025-10-03,5000000,5000000,Lunas,Transfer Bank
PAY0011612,25BD0039,2025G,2025-08-21,5000000,5000000,Lunas,VA Bank
PAY0011613,25BD0040,2025G,2025-08-23,5000000,5000000,Lunas,Loket Kampus
PAY0011614,25BD0041,2025G,25/09/2025,5000000,5000000,Lunas,E-Wallet
PAY0011615,25BD0042,2025G,2025-09-04,5000000,5000000,Lunas,Transfer Bank
PAY0011616,25BD0043,2025G,21/09/2025,5000000,5000000,Lunas,Transfer Bank
PAY0011617,25BD0044,2025G,2025-09-01,5000000,5000000,Lunas,Loket Kampus
PAY0011618,25BD0045,2025G,,5000000,0,Belum Lunas,Loket Kampus
PAY0011619,25BD0046,2025G,11-Sep-2025,5000000,5000000,Lunas,VA Bank
PAY0011620,25BD0047,2025G,2025-09-25,5000000,5000000,Lunas,Transfer Bank
PAY0011621,25BD0048,2025G,2025-09-17,5000000,3000000,Cicilan,Loket Kampus
PAY0011622,25BD0049,2025G,21/09/2025,5000000,5000000,Lunas,Loket Kampus
PAY0011623,25BD0050,2025G,2025-09-23,5000000,5000000,Lunas,Loket Kampus
PAY0011624,25BD0051,2025G,2025-09-17,5000000,5000000,Lunas,Loket Kampus
PAY0011625,25BD0052,2025G,2025-09-04,5000000,5000000,Lunas,Transfer Bank
PAY0011626,25BD0053,2025G,10/09/2025,5000000,5000000,Lunas,Loket Kampus
PAY0011627,25BD0054,2025G,2025-09-08,5000000,5000000,Lunas,VA Bank
PAY0011628,25BD0055,2025G,2025-08-27,5000000,5000000,Lunas,E-Wallet
PAY0011629,25BD0056,2025G,2025-08-27,5000000,5000000,Lunas,E-Wallet
PAY0011630,25BD0057,2025G,17/09/2025,5000000,5000000,Lunas,Transfer Bank
PAY0011631,25BD0058,2025G,2025-09-09,5000000,5000000,Lunas,VA Bank
PAY0011632,25BD0059,2025G,2025-09-03,5000000,5000000,Lunas,VA Bank
PAY0011633,25BD0060,2025G,2025-09-29,5000000,2500000,Cicilan,Transfer Bank
PAY0011634,25BD0061,2025G,2025-09-10,5000000,5000000,Lunas,Transfer Bank
PAY0011635,25BD0062,2025G,2025-09-22,5000000,5000000,Lunas,VA Bank
PAY0011636,25BD0063,2025G,2025-09-30,5000000,5000000,Lunas,VA Bank
PAY0011637,25BD0064,2025G,2025-09-22,5000000,5000000,Lunas,E-Wallet
PAY0011638,25BD0065,2025G,27-Aug-2025,5000000,5000000,Lunas,VA Bank
PAY0011639,25BD0066,2025G,15/09/2025,5000000,5000000,Lunas,Transfer Bank
PAY0011640,25BD0067,2025G,2025-08-22,5000000,5000000,Lunas,Loket Kampus
PAY0011641,25BD0068,2025G,24-Aug-2025,5000000,5000000,Lunas,Loket Kampus
PAY0011642,25BD0069,2025G,13-Sep-2025,5000000,5000000,Lunas,E-Wallet
PAY0011643,25BD0070,2025G,2025-09-13,5000000,5000000,Lunas,VA Bank
PAY0011644,25BD0071,2025G,2025-09-17,5000000,5000000,Lunas,E-Wallet
PAY0011645,25BD0072,2025G,2025-09-10,5000000,1800000,Cicilan,VA Bank
PAY0011646,25BD0073,2025G,24-Sep-2025,5000000,5000000,Lunas,E-Wallet
PAY0011647,25BD0074,2025G,26/08/2025,5000000,5000000,Lunas,VA Bank
PAY0011648,25BD0075,2025G,2025-10-01,5000000,5000000,Lunas,Loket Kampus
PAY0011649,25BD0076,2025G,2025-09-17,5000000,5000000,Lunas,Loket Kampus
PAY0011650,25BD0077,2025G,2025-08-21,5000000,5000000,Lunas,Loket Kampus
PAY0011651,25BD0078,2025G,27-Sep-2025,5000000,5000000,Lunas,VA Bank
PAY0011652,25BD0079,2025G,22/09/2025,5000000,5000000,Lunas,VA Bank
PAY0011653,25BD0080,2025G,2025-09-03,5000000,5000000,Lunas,Loket Kampus
PAY0011654,25BD0081,2025G,2025-08-28,5000000,1900000,Cicilan,Transfer Bank
PAY0011655,25BD0082,2025G,29/08/2025,5000000,5000000,Lunas,VA Bank
PAY0011656,21TI0001,2025E,2026-03-28,5500000,5500000,Lunas,Transfer Bank
PAY0011657,21TI0015,2025E,27/02/2026,5500000,5500000,Lunas,Loket Kampus
PAY0011658,21TI0017,2025E,2026-02-24,5500000,5500000,Lunas,E-Wallet
PAY0011659,21TI0039,2025E,2026-03-02,5500000,5500000,Lunas,Loket Kampus
PAY0011660,21TI0040,2025E,2026-03-05,5500000,5500000,Lunas,VA Bank
PAY0011661,21TI0041,2025E,2026-03-11,5500000,5500000,Lunas,VA Bank
PAY0011662,21TI0054,2025E,2026-02-20,5500000,5500000,Lunas,VA Bank
PAY0011663,21TI0055,2025E,2026-03-01,5500000,5500000,Lunas,Transfer Bank
PAY0011664,21TI0056,2025E,2026-02-27,5500000,2400000,Cicilan,E-Wallet
PAY0011665,21TI0058,2025E,2026-03-23,5500000,5500000,Lunas,VA Bank
PAY0011666,21TI0069,2025E,2026-02-23,5500000,5500000,Lunas,E-Wallet
PAY0011667,21TI0071,2025E,2026-03-13,5500000,5500000,Lunas,Transfer Bank
PAY0011668,21TI0073,2025E,06/03/2026,5500000,5500000,Lunas,VA Bank
PAY0011669,21TI0074,2025E,2026-04-01,5500000,5500000,Lunas,E-Wallet
PAY0011670,21TI0079,2025E,2026-03-02,5500000,5500000,Lunas,E-Wallet
PAY0011671,21SI0007,2025E,23-Feb-2026,5250000,5250000,Lunas,E-Wallet
PAY0011672,21SI0008,2025E,2026-03-24,5250000,5250000,Lunas,VA Bank
PAY0011673,21SI0009,2025E,18/03/2026,5250000,5250000,Lunas,Transfer Bank
PAY0011674,21SI0010,2025E,26/02/2026,5250000,5250000,Lunas,Transfer Bank
PAY0011675,21SI0014,2025E,01-Apr-2026,5250000,5250000,Lunas,VA Bank
PAY0011676,21SI0018,2025E,30/03/2026,5250000,5250000,Lunas,VA Bank
PAY0011677,21SI0022,2025E,2026-03-08,5250000,2300000,Cicilan,E-Wallet
PAY0011678,21SI0030,2025E,26/03/2026,5250000,5250000,Lunas,Loket Kampus
PAY0011679,21SI0032,2025E,2026-03-22,5250000,5250000,Lunas,E-Wallet
PAY0011680,21SI0037,2025E,2026-02-26,5250000,5250000,Lunas,E-Wallet
PAY0011681,21SI0040,2025E,2026-02-26,5250000,5250000,Lunas,Transfer Bank
PAY0011682,21SI0043,2025E,2026-03-16,5250000,5250000,Lunas,E-Wallet
PAY0011683,21SI0045,2025E,15/02/2026,5250000,5250000,Lunas,Loket Kampus
PAY0011684,21SI0048,2025E,2026-03-23,5250000,5250000,Lunas,Loket Kampus
PAY0011685,21SI0049,2025E,2026-03-15,5250000,5250000,Lunas,Loket Kampus
PAY0011686,21SI0052,2025E,23/02/2026,5250000,5250000,Lunas,VA Bank
PAY0011687,21SI0061,2025E,2026-02-18,5250000,5250000,Lunas,Loket Kampus
PAY0011688,21SI0063,2025E,2026-02-24,5250000,5250000,Lunas,E-Wallet
PAY0011689,21SI0065,2025E,2026-02-19,5250000,5250000,Lunas,Loket Kampus
PAY0011690,21SI0071,2025E,28/02/2026,5250000,1900000,Cicilan,Transfer Bank
PAY0011691,21SI0074,2025E,2026-03-16,5250000,5250000,Lunas,Loket Kampus
PAY0011692,21SI0075,2025E,2026-03-06,5250000,5250000,Lunas,Loket Kampus
PAY0011693,21IF0015,2025E,2026-02-17,5750000,5750000,Lunas,Transfer Bank
PAY0011694,21IF0016,2025E,2026-03-19,5750000,2700000,Cicilan,E-Wallet
PAY0011695,21IF0018,2025E,2026-03-31,5750000,5750000,Lunas,Transfer Bank
PAY0011696,21IF0024,2025E,2026-02-17,5750000,5750000,Lunas,E-Wallet
PAY0011697,21IF0025,2025E,2026-02-22,5750000,5750000,Lunas,E-Wallet
PAY0011698,21IF0030,2025E,,5750000,0,Belum Lunas,E-Wallet
PAY0011699,21IF0040,2025E,19/02/2026,5750000,5750000,Lunas,VA Bank
PAY0011700,21IF0041,2025E,2026-02-26,5750000,5750000,Lunas,VA Bank
PAY0011701,21IF0053,2025E,03/03/2026,5750000,2200000,Cicilan,Transfer Bank
PAY0011702,21IF0062,2025E,01/03/2026,5750000,5750000,Lunas,Transfer Bank
PAY0011703,21IF0065,2025E,15-Feb-2026,5750000,5750000,Lunas,Transfer Bank
PAY0011704,21IF0070,2025E,2026-03-19,5750000,5750000,Lunas,Transfer Bank
PAY0011705,21IF0072,2025E,2026-03-16,5750000,5750000,Lunas,E-Wallet
PAY0011706,21IF0083,2025E,18-Mar-2026,5750000,5750000,Lunas,E-Wallet
PAY0011707,21DS0001,2025E,2026-02-28,6000000,6000000,Lunas,Transfer Bank
PAY0011708,21DS0002,2025E,2026-03-18,6000000,6000000,Lunas,Transfer Bank
PAY0011709,21DS0008,2025E,25/03/2026,6000000,6000000,Lunas,Loket Kampus
PAY0011710,21DS0011,2025E,2026-02-27,6000000,6000000,Lunas,Loket Kampus
PAY0011711,21DS0013,2025E,2026-03-08,6000000,6000000,Lunas,E-Wallet
PAY0011712,21DS0016,2025E,2026-03-03,6000000,6000000,Lunas,Loket Kampus
PAY0011713,21DS0018,2025E,2026-03-07,6000000,6000000,Lunas,Transfer Bank
PAY0011714,21DS0024,2025E,2026-03-01,6000000,6000000,Lunas,VA Bank
PAY0011715,21DS0029,2025E,2026-03-09,6000000,6000000,Lunas,Transfer Bank
PAY0011716,21DS0036,2025E,08/03/2026,6000000,6000000,Lunas,E-Wallet
PAY0011717,21DS0038,2025E,11/03/2026,6000000,6000000,Lunas,VA Bank
PAY0011718,21DS0042,2025E,2026-02-20,6000000,2300000,Cicilan,Loket Kampus
PAY0011719,21DS0045,2025E,28-Feb-2026,6000000,6000000,Lunas,E-Wallet
PAY0011720,21DS0050,2025E,2026-03-02,6000000,6000000,Lunas,Transfer Bank
PAY0011721,21DS0061,2025E,2026-03-06,6000000,6000000,Lunas,E-Wallet
PAY0011722,21TR0004,2025E,2026-02-19,5700000,5700000,Lunas,E-Wallet
PAY0011723,21TR0007,2025E,2026-02-28,5700000,5700000,Lunas,VA Bank
PAY0011724,21TR0010,2025E,2026-03-02,5700000,5700000,Lunas,Loket Kampus
PAY0011725,21TR0013,2025E,2026-03-09,5700000,5700000,Lunas,E-Wallet
PAY0011726,21TR0014,2025E,,5700000,0,Belum Lunas,Loket Kampus
PAY0011727,21TR0016,2025E,21/02/2026,5700000,5700000,Lunas,E-Wallet
PAY0011728,21TR0021,2025E,25-Feb-2026,5700000,5700000,Lunas,Transfer Bank
PAY0011729,21TR0023,2025E,20/03/2026,5700000,5700000,Lunas,Transfer Bank
PAY0011730,21TR0024,2025E,2026-03-20,5700000,5700000,Lunas,VA Bank
PAY0011731,21TR0025,2025E,2026-03-10,5700000,4000000,Cicilan,E-Wallet
PAY0011732,21TR0026,2025E,2026-03-01,5700000,5700000,Lunas,VA Bank
PAY0011733,21TR0027,2025E,2026-02-23,5700000,5700000,Lunas,Transfer Bank
PAY0011734,21TR0035,2025E,2026-03-05,5700000,5700000,Lunas,Loket Kampus
PAY0011735,21TR0042,2025E,21/03/2026,5700000,5700000,Lunas,VA Bank
PAY0011736,21TR0043,2025E,05-Mar-2026,5700000,5700000,Lunas,Loket Kampus
PAY0011737,21TR0044,2025E,29-Mar-2026,5700000,5700000,Lunas,VA Bank
PAY0011738,21TR0046,2025E,2026-02-25,5700000,5700000,Lunas,E-Wallet
PAY0011739,21TR0048,2025E,2026-02-25,5700000,5700000,Lunas,VA Bank
PAY0011740,21TR0049,2025E,2026-03-24,5700000,5700000,Lunas,Loket Kampus
PAY0011741,21BD0002,2025E,2026-03-01,5000000,2500000,Cicilan,Loket Kampus
PAY0011742,21BD0008,2025E,2026-03-24,5000000,5000000,Lunas,Transfer Bank
PAY0011743,21BD0012,2025E,2026-03-16,5000000,5000000,Lunas,VA Bank
PAY0011744,21BD0019,2025E,31-Mar-2026,5000000,5000000,Lunas,Loket Kampus
PAY0011745,21BD0020,2025E,2026-02-28,5000000,5000000,Lunas,E-Wallet
PAY0011746,21BD0022,2025E,2026-02-19,5000000,5000000,Lunas,Transfer Bank
PAY0011747,21BD0026,2025E,2026-02-15,5000000,5000000,Lunas,Transfer Bank
PAY0011748,21BD0032,2025E,2026-02-22,5000000,5000000,Lunas,E-Wallet
PAY0011749,21BD0036,2025E,2026-03-21,5000000,5000000,Lunas,VA Bank
PAY0011750,21BD0040,2025E,2026-03-07,5000000,2000000,Cicilan,Loket Kampus
PAY0011751,21BD0046,2025E,2026-04-01,5000000,5000000,Lunas,VA Bank
PAY0011752,21BD0054,2025E,2026-03-17,5000000,5000000,Lunas,E-Wallet
PAY0011753,21BD0057,2025E,2026-03-13,5000000,5000000,Lunas,E-Wallet
PAY0011754,21BD0059,2025E,2026-03-14,5000000,5000000,Lunas,Transfer Bank
PAY0011755,21BD0062,2025E,2026-02-26,5000000,5000000,Lunas,VA Bank
PAY0011756,21BD0067,2025E,,5000000,0,Belum Lunas,Loket Kampus
PAY0011757,22TI0001,2025E,01-Apr-2026,5500000,5500000,Lunas,E-Wallet
PAY0011758,22TI0002,2025E,2026-03-09,5500000,5500000,Lunas,Transfer Bank
PAY0011759,22TI0003,2025E,13-Mar-2026,5500000,5500000,Lunas,Transfer Bank
PAY0011760,22TI0004,2025E,2026-03-16,5500000,2800000,Cicilan,E-Wallet
PAY0011761,22TI0005,2025E,30/03/2026,5500000,5500000,Lunas,E-Wallet
PAY0011762,22TI0006,2025E,2026-03-09,5500000,5500000,Lunas,VA Bank
PAY0011763,22TI0007,2025E,31-Mar-2026,5500000,5500000,Lunas,VA Bank
PAY0011764,22TI0008,2025E,2026-02-22,5500000,5500000,Lunas,Transfer Bank
PAY0011765,22TI0009,2025E,25/02/2026,5500000,5500000,Lunas,Transfer Bank
PAY0011766,22TI0010,2025E,19/02/2026,5500000,5500000,Lunas,Transfer Bank
PAY0011767,22TI0011,2025E,2026-03-16,5500000,5500000,Lunas,Loket Kampus
PAY0011768,22TI0012,2025E,2026-02-21,5500000,2900000,Cicilan,E-Wallet
PAY0011769,22TI0013,2025E,25-Mar-2026,5500000,5500000,Lunas,VA Bank
PAY0011770,22TI0014,2025E,09/03/2026,5500000,2000000,Cicilan,Transfer Bank
PAY0011771,22TI0015,2025E,09-Mar-2026,5500000,5500000,Lunas,Loket Kampus
PAY0011772,22TI0016,2025E,2026-03-29,5500000,5500000,Lunas,VA Bank
PAY0011773,22TI0017,2025E,2026-03-21,5500000,5500000,Lunas,VA Bank
PAY0011774,22TI0018,2025E,2026-03-07,5500000,5500000,Lunas,Loket Kampus
PAY0011775,22TI0019,2025E,2026-03-18,5500000,5500000,Lunas,Transfer Bank
PAY0011776,22TI0020,2025E,2026-03-07,5500000,5500000,Lunas,E-Wallet
PAY0011777,22TI0021,2025E,2026-03-15,5500000,5500000,Lunas,Loket Kampus
PAY0011778,22TI0022,2025E,2026-03-27,5500000,2100000,Cicilan,VA Bank
PAY0011779,22TI0023,2025E,2026-03-23,5500000,5500000,Lunas,Loket Kampus
PAY0011780,22TI0024,2025E,2026-03-13,5500000,5500000,Lunas,VA Bank
PAY0011781,22TI0025,2025E,2026-02-22,5500000,5500000,Lunas,Transfer Bank
PAY0011782,22TI0026,2025E,08/03/2026,5500000,5500000,Lunas,Transfer Bank
PAY0011783,22TI0027,2025E,14/03/2026,5500000,5500000,Lunas,Transfer Bank
PAY0011784,22TI0028,2025E,18/02/2026,5500000,5500000,Lunas,Loket Kampus
PAY0011785,22TI0029,2025E,05-Mar-2026,5500000,5500000,Lunas,Transfer Bank
PAY0011786,22TI0030,2025E,2026-03-27,5500000,5500000,Lunas,E-Wallet
PAY0011787,22TI0031,2025E,2026-03-29,5500000,5500000,Lunas,Transfer Bank
PAY0011788,22TI0032,2025E,,5500000,0,Belum Lunas,VA Bank
PAY0011789,22TI0033,2025E,2026-03-20,5500000,5500000,Lunas,E-Wallet
PAY0011790,22TI0034,2025E,31-Mar-2026,5500000,3900000,Cicilan,VA Bank
PAY0011791,22TI0035,2025E,2026-03-03,5500000,5500000,Lunas,Loket Kampus
PAY0011792,22TI0036,2025E,2026-03-08,5500000,5500000,Lunas,Loket Kampus
PAY0011793,22TI0037,2025E,2026-03-12,5500000,5500000,Lunas,E-Wallet
PAY0011794,22TI0038,2025E,13/03/2026,5500000,2000000,Cicilan,E-Wallet
PAY0011795,22TI0039,2025E,2026-03-20,5500000,5500000,Lunas,Loket Kampus
PAY0011796,22TI0040,2025E,2026-03-06,5500000,4000000,Cicilan,E-Wallet
PAY0011797,22TI0041,2025E,2026-03-07,5500000,5500000,Lunas,VA Bank
PAY0011798,22TI0042,2025E,2026-03-04,5500000,5500000,Lunas,Loket Kampus
PAY0011799,22TI0044,2025E,2026-03-29,5500000,5500000,Lunas,Loket Kampus
PAY0011800,22TI0045,2025E,2026-03-07,5500000,5500000,Lunas,Loket Kampus
PAY0011801,22TI0046,2025E,2026-03-23,5500000,5500000,Lunas,VA Bank
PAY0011802,22TI0047,2025E,2026-02-27,5500000,5500000,Lunas,Transfer Bank
PAY0011803,22TI0048,2025E,2026-03-13,5500000,5500000,Lunas,VA Bank
PAY0011804,22TI0049,2025E,2026-03-14,5500000,3800000,Cicilan,Loket Kampus
PAY0011805,22TI0050,2025E,2026-02-27,5500000,5500000,Lunas,E-Wallet
PAY0011806,22TI0051,2025E,2026-03-02,5500000,5500000,Lunas,VA Bank
PAY0011807,22TI0052,2025E,2026-03-20,5500000,5500000,Lunas,Transfer Bank
PAY0011808,22TI0053,2025E,01/04/2026,5500000,5500000,Lunas,Transfer Bank
PAY0011809,22TI0054,2025E,2026-03-16,5500000,5500000,Lunas,VA Bank
PAY0011810,22TI0055,2025E,2026-03-08,5500000,5500000,Lunas,VA Bank
PAY0011811,22TI0056,2025E,2026-02-28,5500000,5500000,Lunas,VA Bank
PAY0011812,22TI0057,2025E,,5500000,0,Belum Lunas,Transfer Bank
PAY0011813,22TI0058,2025E,21/03/2026,5500000,2300000,Cicilan,VA Bank
PAY0011814,22TI0059,2025E,22/03/2026,5500000,5500000,Lunas,VA Bank
PAY0011815,22TI0060,2025E,2026-02-18,5500000,5500000,Lunas,Loket Kampus
PAY0011816,22TI0061,2025E,2026-02-22,5500000,5500000,Lunas,VA Bank
PAY0011817,22TI0062,2025E,15/03/2026,5500000,5500000,Lunas,VA Bank
PAY0011818,22TI0063,2025E,27-Mar-2026,5500000,5500000,Lunas,VA Bank
PAY0011819,22TI0064,2025E,,5500000,0,Belum Lunas,VA Bank
PAY0011820,22TI0065,2025E,2026-02-18,5500000,5500000,Lunas,VA Bank
PAY0011821,22TI0066,2025E,2026-02-16,5500000,5500000,Lunas,Transfer Bank
PAY0011822,22TI0067,2025E,2026-03-02,5500000,5500000,Lunas,VA Bank
PAY0011823,22TI0068,2025E,2026-03-19,5500000,5500000,Lunas,Transfer Bank
PAY0011824,22TI0069,2025E,2026-04-01,5500000,5500000,Lunas,Loket Kampus
PAY0011825,22TI0070,2025E,2026-03-12,5500000,5500000,Lunas,Transfer Bank
PAY0011826,22TI0071,2025E,2026-03-20,5500000,5500000,Lunas,E-Wallet
PAY0011827,22TI0072,2025E,28/02/2026,5500000,5500000,Lunas,VA Bank
PAY0011828,22TI0073,2025E,2026-03-20,5500000,5500000,Lunas,Loket Kampus
PAY0011829,22TI0074,2025E,2026-02-18,5500000,5500000,Lunas,E-Wallet
PAY0011830,22TI0075,2025E,2026-02-23,5500000,5500000,Lunas,Loket Kampus
PAY0011831,22TI0076,2025E,2026-03-18,5500000,5500000,Lunas,Transfer Bank
PAY0011832,22TI0077,2025E,2026-02-26,5500000,2700000,Cicilan,Transfer Bank
PAY0011833,22TI0078,2025E,2026-03-13,5500000,5500000,Lunas,Loket Kampus
PAY0011834,22TI0079,2025E,2026-02-25,5500000,3500000,Cicilan,VA Bank
PAY0011835,22TI0080,2025E,2026-02-15,5500000,5500000,Lunas,VA Bank
PAY0011836,22TI0081,2025E,,5500000,0,Belum Lunas,VA Bank
PAY0011837,22TI0082,2025E,2026-03-01,5500000,5500000,Lunas,E-Wallet
PAY0011838,22TI0083,2025E,05/03/2026,5500000,5500000,Lunas,VA Bank
PAY0011839,22TI0084,2025E,2026-03-31,5500000,5500000,Lunas,E-Wallet
PAY0011840,22TI0085,2025E,10/03/2026,5500000,3700000,Cicilan,Transfer Bank
PAY0011841,22TI0086,2025E,28/03/2026,5500000,5500000,Lunas,E-Wallet
PAY0011842,22TI0087,2025E,2026-03-11,5500000,5500000,Lunas,E-Wallet
PAY0011843,22TI0088,2025E,20/02/2026,5500000,5500000,Lunas,E-Wallet
PAY0011844,22TI0089,2025E,2026-03-14,5500000,5500000,Lunas,Transfer Bank
PAY0011845,22TI0090,2025E,2026-02-27,5500000,5500000,Lunas,VA Bank
PAY0011846,22SI0001,2025E,2026-03-24,5250000,5250000,Lunas,E-Wallet
PAY0011847,22SI0002,2025E,,5250000,0,Belum Lunas,Transfer Bank
PAY0011848,22SI0003,2025E,2026-03-28,5250000,5250000,Lunas,E-Wallet
PAY0011849,22SI0004,2025E,2026-03-09,5250000,5250000,Lunas,VA Bank
PAY0011850,22SI0005,2025E,26-Feb-2026,5250000,5250000,Lunas,E-Wallet
PAY0011851,22SI0006,2025E,2026-02-28,5250000,5250000,Lunas,Transfer Bank
PAY0011852,22SI0007,2025E,2026-03-26,5250000,5250000,Lunas,Transfer Bank
PAY0011853,22SI0008,2025E,2026-03-01,5250000,5250000,Lunas,VA Bank
PAY0011854,22SI0009,2025E,2026-03-24,5250000,5250000,Lunas,VA Bank
PAY0011855,22SI0010,2025E,2026-03-03,5250000,5250000,Lunas,VA Bank
PAY0011856,22SI0011,2025E,2026-02-25,5250000,3600000,Cicilan,E-Wallet
PAY0011857,22SI0012,2025E,2026-03-07,5250000,2700000,Cicilan,VA Bank
PAY0011858,22SI0013,2025E,2026-03-04,5250000,5250000,Lunas,E-Wallet
PAY0011859,22SI0014,2025E,2026-03-01,5250000,5250000,Lunas,VA Bank
PAY0011860,22SI0015,2025E,2026-03-07,5250000,2300000,Cicilan,E-Wallet
PAY0011861,22SI0016,2025E,2026-03-01,5250000,5250000,Lunas,Loket Kampus
PAY0011862,22SI0017,2025E,2026-03-09,5250000,5250000,Lunas,Transfer Bank
PAY0011863,22SI0018,2025E,2026-03-13,5250000,5250000,Lunas,E-Wallet
PAY0011864,22SI0019,2025E,2026-03-12,5250000,5250000,Lunas,Loket Kampus
PAY0011865,22SI0020,2025E,28/03/2026,5250000,5250000,Lunas,Transfer Bank
PAY0011866,22SI0021,2025E,29/03/2026,5250000,5250000,Lunas,Loket Kampus
PAY0011867,22SI0022,2025E,07/03/2026,5250000,5250000,Lunas,VA Bank
PAY0011868,22SI0023,2025E,2026-03-03,5250000,5250000,Lunas,Loket Kampus
PAY0011869,22SI0024,2025E,2026-03-17,5250000,5250000,Lunas,E-Wallet
PAY0011870,22SI0025,2025E,2026-03-11,5250000,5250000,Lunas,E-Wallet
PAY0011871,22SI0026,2025E,2026-03-17,5250000,5250000,Lunas,Loket Kampus
PAY0011872,22SI0027,2025E,2026-03-15,5250000,5250000,Lunas,Loket Kampus
PAY0011873,22SI0028,2025E,2026-03-18,5250000,5250000,Lunas,Loket Kampus
PAY0011874,22SI0029,2025E,2026-02-21,5250000,5250000,Lunas,Loket Kampus
PAY0011875,22SI0030,2025E,2026-02-21,5250000,5250000,Lunas,Transfer Bank
PAY0011876,22SI0031,2025E,2026-02-27,5250000,5250000,Lunas,Transfer Bank
PAY0011877,22SI0032,2025E,2026-03-31,5250000,5250000,Lunas,Transfer Bank
PAY0011878,22SI0033,2025E,2026-03-12,5250000,5250000,Lunas,E-Wallet
PAY0011879,22SI0034,2025E,2026-03-07,5250000,5250000,Lunas,Transfer Bank
PAY0011880,22SI0035,2025E,19/03/2026,5250000,5250000,Lunas,Loket Kampus
PAY0011881,22SI0036,2025E,2026-02-26,5250000,5250000,Lunas,E-Wallet
PAY0011882,22SI0037,2025E,2026-03-01,5250000,5250000,Lunas,E-Wallet
PAY0011883,22SI0038,2025E,11/03/2026,5250000,5250000,Lunas,Transfer Bank
PAY0011884,22SI0039,2025E,2026-03-21,5250000,3800000,Cicilan,VA Bank
PAY0011885,22SI0040,2025E,2026-02-20,5250000,5250000,Lunas,Loket Kampus
PAY0011886,22SI0041,2025E,2026-03-21,5250000,5250000,Lunas,Transfer Bank
PAY0011887,22SI0042,2025E,2026-03-31,5250000,5250000,Lunas,Loket Kampus
PAY0011888,22SI0043,2025E,2026-03-20,5250000,5250000,Lunas,Transfer Bank
PAY0011889,22SI0044,2025E,2026-03-07,5250000,2200000,Cicilan,E-Wallet
PAY0011890,22SI0045,2025E,2026-03-29,5250000,5250000,Lunas,E-Wallet
PAY0011891,22SI0046,2025E,,5250000,0,Belum Lunas,VA Bank
PAY0011892,22SI0047,2025E,2026-02-22,5250000,5250000,Lunas,VA Bank
PAY0011893,22SI0048,2025E,2026-03-23,5250000,5250000,Lunas,Loket Kampus
PAY0011894,22SI0049,2025E,2026-02-15,5250000,5250000,Lunas,VA Bank
PAY0011895,22SI0050,2025E,2026-03-05,5250000,5250000,Lunas,Transfer Bank
PAY0011896,22SI0051,2025E,18-Mar-2026,5250000,3300000,Cicilan,Loket Kampus
PAY0011897,22SI0052,2025E,28-Mar-2026,5250000,5250000,Lunas,E-Wallet
PAY0011898,22SI0053,2025E,13/03/2026,5250000,1900000,Cicilan,VA Bank
PAY0011899,22SI0054,2025E,2026-03-08,5250000,3100000,Cicilan,VA Bank
PAY0011900,22SI0055,2025E,2026-03-22,5250000,5250000,Lunas,Loket Kampus
PAY0011901,22SI0057,2025E,2026-04-01,5250000,5250000,Lunas,VA Bank
PAY0011902,22SI0058,2025E,2026-03-21,5250000,5250000,Lunas,VA Bank
PAY0011903,22SI0059,2025E,2026-02-26,5250000,5250000,Lunas,Loket Kampus
PAY0011904,22SI0060,2025E,2026-03-20,5250000,5250000,Lunas,Transfer Bank
PAY0011905,22SI0061,2025E,12-Mar-2026,5250000,5250000,Lunas,E-Wallet
PAY0011906,22SI0062,2025E,2026-02-22,5250000,3800000,Cicilan,Transfer Bank
PAY0011907,22SI0063,2025E,2026-02-27,5250000,5250000,Lunas,E-Wallet
PAY0011908,22SI0064,2025E,03-Mar-2026,5250000,5250000,Lunas,Transfer Bank
PAY0011909,22SI0065,2025E,2026-03-01,5250000,5250000,Lunas,E-Wallet
PAY0011910,22SI0066,2025E,10/03/2026,5250000,5250000,Lunas,Transfer Bank
PAY0011911,22SI0067,2025E,2026-03-29,5250000,5250000,Lunas,E-Wallet
PAY0011912,22SI0068,2025E,2026-03-04,5250000,5250000,Lunas,Transfer Bank
PAY0011913,22SI0069,2025E,,5250000,0,Belum Lunas,Transfer Bank
PAY0011914,22SI0070,2025E,2026-02-21,5250000,5250000,Lunas,E-Wallet
PAY0011915,22SI0071,2025E,2026-03-13,5250000,5250000,Lunas,E-Wallet
PAY0011916,22SI0072,2025E,2026-04-01,5250000,5250000,Lunas,Loket Kampus
PAY0011917,22SI0073,2025E,2026-03-06,5250000,5250000,Lunas,VA Bank
PAY0011918,22SI0074,2025E,2026-02-25,5250000,5250000,Lunas,Loket Kampus
PAY0011919,22SI0075,2025E,2026-03-08,5250000,5250000,Lunas,E-Wallet
PAY0011920,22SI0076,2025E,2026-03-21,5250000,5250000,Lunas,E-Wallet
PAY0011921,22SI0077,2025E,2026-02-27,5250000,5250000,Lunas,E-Wallet
PAY0011922,22SI0078,2025E,2026-03-31,5250000,5250000,Lunas,E-Wallet
PAY0011923,22SI0079,2025E,,5250000,0,Belum Lunas,E-Wallet
PAY0011924,22SI0080,2025E,2026-03-29,5250000,5250000,Lunas,E-Wallet
PAY0011925,22SI0081,2025E,2026-02-17,5250000,2500000,Cicilan,VA Bank
PAY0011926,22SI0082,2025E,2026-02-19,5250000,5250000,Lunas,E-Wallet
PAY0011927,22SI0083,2025E,2026-03-25,5250000,5250000,Lunas,Transfer Bank
PAY0011928,22SI0084,2025E,2026-02-24,5250000,5250000,Lunas,E-Wallet
PAY0011929,22SI0085,2025E,2026-02-28,5250000,5250000,Lunas,Transfer Bank
PAY0011930,22IF0001,2025E,2026-02-15,5750000,5750000,Lunas,Transfer Bank
PAY0011931,22IF0002,2025E,2026-03-04,5750000,5750000,Lunas,Transfer Bank
PAY0011932,22IF0003,2025E,25/03/2026,5750000,5750000,Lunas,Loket Kampus
PAY0011933,22IF0004,2025E,05-Mar-2026,5750000,5750000,Lunas,Loket Kampus
PAY0011934,22IF0005,2025E,2026-04-01,5750000,5750000,Lunas,VA Bank
PAY0011935,22IF0006,2025E,2026-03-01,5750000,5750000,Lunas,VA Bank
PAY0011936,22IF0007,2025E,2026-03-13,5750000,5750000,Lunas,E-Wallet
PAY0011937,22IF0008,2025E,,6000000,0,Belum Lunas,Loket Kampus
PAY0011938,22IF0009,2025E,,5750000,0,Belum Lunas,VA Bank
PAY0011939,22IF0010,2025E,25-Mar-2026,5750000,5750000,Lunas,E-Wallet
PAY0011940,22IF0011,2025E,08-Mar-2026,5750000,5750000,Lunas,VA Bank
PAY0011941,22IF0012,2025E,2026-02-16,5750000,5750000,Lunas,E-Wallet
PAY0011942,22IF0013,2025E,2026-03-16,5750000,4100000,Cicilan,Loket Kampus
PAY0011943,22IF0014,2025E,01-Mar-2026,5750000,5750000,Lunas,Loket Kampus
PAY0011944,22IF0015,2025E,2026-03-23,5750000,5750000,Lunas,E-Wallet
PAY0011945,22IF0016,2025E,13/03/2026,5750000,5750000,Lunas,VA Bank
PAY0011946,22IF0017,2025E,2026-03-02,5750000,5750000,Lunas,Loket Kampus
PAY0011947,22IF0018,2025E,2026-03-16,5750000,3500000,Cicilan,VA Bank
PAY0011948,22IF0019,2025E,2026-02-28,5750000,5750000,Lunas,E-Wallet
PAY0011949,22IF0020,2025E,18/03/2026,5750000,5750000,Lunas,Loket Kampus
PAY0011950,22IF0021,2025E,2026-02-23,5750000,5750000,Lunas,VA Bank
PAY0011951,22IF0022,2025E,2026-03-27,5750000,3300000,Cicilan,E-Wallet
PAY0011952,22IF0023,2025E,2026-03-12,5750000,5750000,Lunas,VA Bank
PAY0011953,22IF0024,2025E,19-Mar-2026,5750000,5750000,Lunas,Transfer Bank
PAY0011954,22IF0025,2025E,2026-03-12,5750000,2300000,Cicilan,E-Wallet
PAY0011955,22IF0026,2025E,,5750000,0,Belum Lunas,VA Bank
PAY0011956,22IF0027,2025E,15/03/2026,5750000,5750000,Lunas,Transfer Bank
PAY0011957,22IF0028,2025E,2026-03-16,5750000,5750000,Lunas,E-Wallet
PAY0011958,22IF0029,2025E,2026-03-25,5750000,5750000,Lunas,Transfer Bank
PAY0011959,22IF0030,2025E,2026-03-04,5750000,5750000,Lunas,Loket Kampus
PAY0011960,22IF0031,2025E,2026-03-11,5750000,5750000,Lunas,VA Bank
PAY0011961,22IF0032,2025E,05-Mar-2026,5750000,5750000,Lunas,Transfer Bank
PAY0011962,22IF0033,2025E,2026-02-18,5750000,5750000,Lunas,Transfer Bank
PAY0011963,22IF0034,2025E,2026-03-06,5750000,4100000,Cicilan,E-Wallet
PAY0011964,22IF0035,2025E,2026-02-15,5750000,5750000,Lunas,VA Bank
PAY0011965,22IF0036,2025E,06/03/2026,5750000,2900000,Cicilan,Transfer Bank
PAY0011966,22IF0037,2025E,2026-04-01,5750000,5750000,Lunas,VA Bank
PAY0011967,22IF0038,2025E,23/02/2026,5750000,5750000,Lunas,Loket Kampus
PAY0011968,22IF0039,2025E,2026-03-26,5750000,5750000,Lunas,VA Bank
PAY0011969,22IF0040,2025E,25/03/2026,5750000,5750000,Lunas,VA Bank
PAY0011970,22IF0041,2025E,16/02/2026,5750000,5750000,Lunas,VA Bank
PAY0011971,22IF0042,2025E,2026-02-22,5750000,3300000,Cicilan,Loket Kampus
PAY0011972,22IF0043,2025E,2026-02-24,5750000,5750000,Lunas,E-Wallet
PAY0011973,22IF0044,2025E,2026-03-13,5750000,3500000,Cicilan,E-Wallet
PAY0011974,22IF0045,2025E,2026-03-21,5750000,5750000,Lunas,Transfer Bank
PAY0011975,22IF0046,2025E,2026-03-25,5750000,5750000,Lunas,VA Bank
PAY0011976,22IF0047,2025E,2026-03-02,5750000,5750000,Lunas,VA Bank
PAY0011977,22IF0048,2025E,2026-03-16,5750000,5750000,Lunas,E-Wallet
PAY0011978,22IF0049,2025E,08/03/2026,5750000,5750000,Lunas,E-Wallet
PAY0011979,22IF0050,2025E,2026-03-12,5750000,5750000,Lunas,E-Wallet
PAY0011980,22IF0051,2025E,08-Mar-2026,5750000,5750000,Lunas,E-Wallet
PAY0011981,22IF0052,2025E,15/02/2026,5750000,5750000,Lunas,VA Bank
PAY0011982,22IF0053,2025E,01/04/2026,5750000,5750000,Lunas,Transfer Bank
PAY0011983,22IF0054,2025E,2026-03-22,5750000,5750000,Lunas,VA Bank
PAY0011984,22IF0055,2025E,2026-03-13,5750000,5750000,Lunas,Transfer Bank
PAY0011985,22IF0056,2025E,2026-03-22,5750000,3600000,Cicilan,Loket Kampus
PAY0011986,22IF0057,2025E,2026-03-02,5750000,5750000,Lunas,VA Bank
PAY0011987,22IF0058,2025E,2026-03-15,5750000,5750000,Lunas,VA Bank
PAY0011988,22IF0059,2025E,2026-02-27,5750000,5750000,Lunas,Loket Kampus
PAY0011989,22IF0060,2025E,2026-04-01,5750000,4200000,Cicilan,E-Wallet
PAY0011990,22IF0061,2025E,2026-03-12,5750000,5750000,Lunas,Loket Kampus
PAY0011991,22IF0062,2025E,2026-03-16,5750000,5750000,Lunas,Transfer Bank
PAY0011992,22IF0063,2025E,19/02/2026,5750000,5750000,Lunas,Transfer Bank
PAY0011993,22IF0064,2025E,2026-04-01,5750000,4300000,Cicilan,VA Bank
PAY0011994,22IF0065,2025E,2026-03-23,5750000,2800000,Cicilan,Transfer Bank
PAY0011995,22IF0066,2025E,2026-02-15,5750000,3500000,Cicilan,E-Wallet
PAY0011996,22IF0067,2025E,2026-03-05,5750000,5750000,Lunas,Transfer Bank
PAY0011997,22IF0068,2025E,2026-03-10,5750000,5750000,Lunas,E-Wallet
PAY0011998,22IF0069,2025E,2026-03-08,5750000,5750000,Lunas,VA Bank
PAY0011999,22IF0070,2025E,2026-03-20,5750000,5750000,Lunas,VA Bank
PAY0012000,22IF0071,2025E,2026-02-26,5750000,5750000,Lunas,VA Bank
PAY0012001,22IF0072,2025E,2026-03-14,5750000,5750000,Lunas,VA Bank
PAY0012002,22IF0073,2025E,27/02/2026,5750000,5750000,Lunas,Transfer Bank
PAY0012003,22IF0074,2025E,2026-03-22,5750000,5750000,Lunas,VA Bank
PAY0012004,22IF0075,2025E,2026-03-11,5750000,5750000,Lunas,Loket Kampus
PAY0012005,22IF0076,2025E,2026-03-20,5750000,5750000,Lunas,Loket Kampus
PAY0012006,22IF0077,2025E,06/03/2026,5750000,5750000,Lunas,E-Wallet
PAY0012007,22IF0078,2025E,2026-03-29,5750000,5750000,Lunas,E-Wallet
PAY0012008,22IF0079,2025E,26-Mar-2026,5750000,5750000,Lunas,Loket Kampus
PAY0012009,22IF0080,2025E,2026-02-18,5750000,5750000,Lunas,VA Bank
PAY0012010,22IF0081,2025E,2026-03-01,5750000,5750000,Lunas,Loket Kampus
PAY0012011,22IF0082,2025E,2026-02-22,5750000,5750000,Lunas,VA Bank
PAY0012012,22IF0083,2025E,12/03/2026,5750000,4100000,Cicilan,Transfer Bank
PAY0012013,22IF0084,2025E,2026-03-13,5750000,5750000,Lunas,VA Bank
PAY0012014,22IF0085,2025E,2026-03-09,5750000,5750000,Lunas,Transfer Bank
PAY0012015,22IF0086,2025E,2026-03-30,5750000,5750000,Lunas,Transfer Bank
PAY0012016,22IF0087,2025E,2026-03-24,5750000,5750000,Lunas,Transfer Bank
PAY0012017,22IF0088,2025E,2026-03-27,5750000,5750000,Lunas,VA Bank
PAY0012018,22IF0089,2025E,2026-03-15,5750000,5750000,Lunas,Loket Kampus
PAY0012019,22IF0090,2025E,15-Mar-2026,5750000,4000000,Cicilan,E-Wallet
PAY0012020,22DS0001,2025E,16-Mar-2026,6000000,6000000,Lunas,E-Wallet
PAY0012021,22DS0002,2025E,2026-02-26,6000000,6000000,Lunas,E-Wallet
PAY0012022,22DS0003,2025E,29/03/2026,6000000,6000000,Lunas,E-Wallet
PAY0012023,22DS0004,2025E,27-Mar-2026,6000000,6000000,Lunas,E-Wallet
PAY0012024,22DS0005,2025E,2026-03-18,6000000,6000000,Lunas,E-Wallet
PAY0012025,22DS0006,2025E,2026-03-01,6000000,6000000,Lunas,Transfer Bank
PAY0012026,22DS0007,2025E,19/02/2026,6000000,6000000,Lunas,Loket Kampus
PAY0012027,22DS0008,2025E,2026-03-14,6000000,6000000,Lunas,Transfer Bank
PAY0012028,22DS0009,2025E,21/02/2026,6000000,6000000,Lunas,Loket Kampus
PAY0012029,22DS0010,2025E,2026-03-05,6000000,3100000,Cicilan,Transfer Bank
PAY0012030,22DS0011,2025E,2026-03-09,6000000,6000000,Lunas,E-Wallet
PAY0012031,22DS0012,2025E,2026-03-14,6000000,6000000,Lunas,Loket Kampus
PAY0012032,22DS0013,2025E,22-Mar-2026,6000000,6000000,Lunas,E-Wallet
PAY0012033,22DS0014,2025E,,6000000,0,Belum Lunas,Loket Kampus
PAY0012034,22DS0015,2025E,2026-02-17,6000000,6000000,Lunas,E-Wallet
PAY0012035,22DS0016,2025E,2026-03-12,6000000,6000000,Lunas,VA Bank
PAY0012036,22DS0017,2025E,2026-03-16,6000000,6000000,Lunas,E-Wallet
PAY0012037,22DS0018,2025E,28/02/2026,6000000,6000000,Lunas,Transfer Bank
PAY0012038,22DS0019,2025E,02/03/2026,6000000,6000000,Lunas,VA Bank
PAY0012039,22DS0020,2025E,2026-02-28,6000000,6000000,Lunas,Loket Kampus
PAY0012040,22DS0021,2025E,04/03/2026,6000000,6000000,Lunas,E-Wallet
PAY0012041,22DS0022,2025E,2026-03-25,6000000,6000000,Lunas,Loket Kampus
PAY0012042,22DS0023,2025E,2026-03-05,6000000,6000000,Lunas,Transfer Bank
PAY0012043,22DS0024,2025E,2026-03-14,6000000,6000000,Lunas,Loket Kampus
PAY0012044,22DS0025,2025E,2026-02-27,6000000,6000000,Lunas,VA Bank
PAY0012045,22DS0026,2025E,2026-04-01,6000000,6000000,Lunas,E-Wallet
PAY0012046,22DS0027,2025E,2026-02-17,6000000,6000000,Lunas,E-Wallet
PAY0012047,22DS0028,2025E,20/03/2026,6000000,3000000,Cicilan,VA Bank
PAY0012048,22DS0029,2025E,2026-03-20,6000000,6000000,Lunas,Transfer Bank
PAY0012049,22DS0030,2025E,18-Feb-2026,6000000,2600000,Cicilan,Transfer Bank
PAY0012050,22DS0031,2025E,28/03/2026,6000000,6000000,Lunas,E-Wallet
PAY0012051,22DS0032,2025E,2026-02-16,6000000,6000000,Lunas,VA Bank
PAY0012052,22DS0033,2025E,16/03/2026,6000000,6000000,Lunas,E-Wallet
PAY0012053,22DS0034,2025E,2026-03-07,6000000,6000000,Lunas,VA Bank
PAY0012054,22DS0035,2025E,13/03/2026,6000000,6000000,Lunas,E-Wallet
PAY0012055,22DS0036,2025E,26/03/2026,6000000,6000000,Lunas,E-Wallet
PAY0012056,22DS0037,2025E,2026-03-23,6000000,6000000,Lunas,Transfer Bank
PAY0012057,22DS0038,2025E,30/03/2026,6000000,6000000,Lunas,E-Wallet
PAY0012058,22DS0039,2025E,,6000000,0,Belum Lunas,Loket Kampus
PAY0012059,22DS0040,2025E,2026-03-13,6000000,6000000,Lunas,Loket Kampus
PAY0012060,22DS0041,2025E,2026-03-13,6000000,6000000,Lunas,VA Bank
PAY0012061,22DS0043,2025E,18/03/2026,6000000,6000000,Lunas,E-Wallet
PAY0012062,22DS0044,2025E,2026-02-16,6000000,6000000,Lunas,VA Bank
PAY0012063,22DS0045,2025E,08/03/2026,6000000,4400000,Cicilan,Transfer Bank
PAY0012064,22DS0046,2025E,2026-03-23,6000000,6000000,Lunas,Transfer Bank
PAY0012065,22DS0047,2025E,25-Feb-2026,6000000,2200000,Cicilan,Loket Kampus
PAY0012066,22DS0048,2025E,2026-03-02,6000000,3900000,Cicilan,Transfer Bank
PAY0012067,22DS0049,2025E,2026-03-31,6000000,6000000,Lunas,Loket Kampus
PAY0012068,22DS0050,2025E,2026-03-14,6000000,6000000,Lunas,Loket Kampus
PAY0012069,22DS0051,2025E,2026-03-01,6000000,6000000,Lunas,Loket Kampus
PAY0012070,22DS0052,2025E,2026-03-04,6000000,6000000,Lunas,Loket Kampus
PAY0012071,22DS0053,2025E,03/03/2026,6000000,6000000,Lunas,E-Wallet
PAY0012072,22DS0054,2025E,2026-02-21,6000000,6000000,Lunas,Loket Kampus
PAY0012073,22DS0055,2025E,2026-02-24,6000000,6000000,Lunas,VA Bank
PAY0012074,22DS0056,2025E,2026-03-29,6000000,6000000,Lunas,VA Bank
PAY0012075,22DS0057,2025E,2026-03-11,6000000,2300000,Cicilan,Loket Kampus
PAY0012076,22DS0058,2025E,2026-03-18,6000000,6000000,Lunas,E-Wallet
PAY0012077,22DS0059,2025E,2026-03-22,6000000,-6000000,Lunas,Transfer Bank
PAY0012078,22DS0060,2025E,2026-03-14,6000000,6000000,Lunas,E-Wallet
PAY0012079,22DS0061,2025E,2026-03-06,6000000,6000000,Lunas,E-Wallet
PAY0012080,22DS0062,2025E,2026-02-28,6000000,6000000,Lunas,Loket Kampus
PAY0012081,22DS0063,2025E,2026-02-25,6000000,6000000,Lunas,Transfer Bank
PAY0012082,22DS0064,2025E,2026-02-24,6000000,4200000,Cicilan,VA Bank
PAY0012083,22DS0065,2025E,2026-03-05,6000000,6000000,Lunas,VA Bank
PAY0012084,22DS0066,2025E,2026-03-28,6000000,6000000,Lunas,Loket Kampus
PAY0012085,22DS0067,2025E,2026-02-24,6000000,6000000,Lunas,VA Bank
PAY0012086,22DS0068,2025E,20/02/2026,6000000,6000000,Lunas,E-Wallet
PAY0012087,22DS0069,2025E,2026-02-17,6000000,6000000,Lunas,Transfer Bank
PAY0012088,22DS0070,2025E,2026-02-25,6000000,6000000,Lunas,E-Wallet
PAY0012089,22DS0071,2025E,2026-02-16,6000000,6000000,Lunas,Loket Kampus
PAY0012090,22TR0001,2025E,2026-03-13,5700000,5700000,Lunas,VA Bank
PAY0012091,22TR0002,2025E,2026-03-09,5250000,5250000,Lunas,Loket Kampus
PAY0012092,22TR0003,2025E,2026-02-27,5700000,5700000,Lunas,Transfer Bank
PAY0012093,22TR0004,2025E,2026-03-14,5700000,5700000,Lunas,Loket Kampus
PAY0012094,22TR0005,2025E,2026-03-20,5700000,5700000,Lunas,VA Bank
PAY0012095,22TR0006,2025E,2026-03-10,5700000,5700000,Lunas,VA Bank
PAY0012096,22TR0007,2025E,10/03/2026,5700000,5700000,Lunas,Loket Kampus
PAY0012097,22TR0008,2025E,2026-03-02,5700000,5700000,Lunas,Loket Kampus
PAY0012098,22TR0009,2025E,2026-03-17,5700000,5700000,Lunas,VA Bank
PAY0012099,22TR0010,2025E,2026-03-30,5700000,5700000,Lunas,Transfer Bank
PAY0012100,22TR0011,2025E,23-Feb-2026,5700000,3600000,Cicilan,Loket Kampus
PAY0012101,22TR0012,2025E,25-Mar-2026,5700000,5700000,Lunas,Loket Kampus
PAY0012102,22TR0013,2025E,2026-02-22,5700000,5700000,Lunas,VA Bank
PAY0012103,22TR0014,2025E,2026-03-21,5700000,5700000,Lunas,Loket Kampus
PAY0012104,22TR0015,2025E,2026-03-18,5700000,5700000,Lunas,Loket Kampus
PAY0012105,22TR0016,2025E,2026-03-15,5700000,5700000,Lunas,Transfer Bank
PAY0012106,22TR0017,2025E,2026-03-29,5700000,5700000,Lunas,VA Bank
PAY0012107,22TR0018,2025E,2026-03-27,5700000,5700000,Lunas,Loket Kampus
PAY0012108,22TR0019,2025E,2026-03-17,5700000,5700000,Lunas,E-Wallet
PAY0012109,22TR0020,2025E,07/03/2026,5700000,4000000,Cicilan,Loket Kampus
PAY0012110,22TR0021,2025E,2026-03-07,5700000,5700000,Lunas,E-Wallet
PAY0012111,22TR0022,2025E,2026-03-08,5700000,5700000,Lunas,E-Wallet
PAY0012112,22TR0023,2025E,2026-03-18,5700000,5700000,Lunas,Transfer Bank
PAY0012113,22TR0024,2025E,2026-03-13,5700000,5700000,Lunas,VA Bank
PAY0012114,22TR0025,2025E,2026-02-18,5700000,5700000,Lunas,Loket Kampus
PAY0012115,22TR0026,2025E,2026-03-31,5700000,5700000,Lunas,Transfer Bank
PAY0012116,22TR0027,2025E,2026-03-04,5700000,5700000,Lunas,VA Bank
PAY0012117,22TR0028,2025E,2026-03-14,5700000,5700000,Lunas,E-Wallet
PAY0012118,22TR0029,2025E,24/03/2026,5700000,5700000,Lunas,Transfer Bank
PAY0012119,22TR0030,2025E,2026-03-08,5700000,5700000,Lunas,Loket Kampus
PAY0012120,22TR0031,2025E,2026-02-24,5700000,2800000,Cicilan,E-Wallet
PAY0012121,22TR0032,2025E,2026-02-28,5700000,5700000,Lunas,Transfer Bank
PAY0012122,22TR0033,2025E,2026-03-11,5700000,5700000,Lunas,Loket Kampus
PAY0012123,22TR0034,2025E,2026-04-01,5700000,3100000,Cicilan,VA Bank
PAY0012124,22TR0035,2025E,,5700000,0,Belum Lunas,VA Bank
PAY0012125,22TR0036,2025E,08/03/2026,5700000,5700000,Lunas,Loket Kampus
PAY0012126,22TR0037,2025E,01/03/2026,5700000,5700000,Lunas,Transfer Bank
PAY0012127,22TR0038,2025E,19/02/2026,5700000,4200000,Cicilan,VA Bank
PAY0012128,22TR0039,2025E,2026-03-05,5700000,5700000,Lunas,VA Bank
PAY0012129,22TR0040,2025E,2026-03-31,5700000,5700000,Lunas,VA Bank
PAY0012130,22TR0041,2025E,2026-03-01,5700000,5700000,Lunas,Loket Kampus
PAY0012131,22TR0042,2025E,2026-03-10,5700000,5700000,Lunas,Loket Kampus
PAY0012132,22TR0043,2025E,2026-03-03,5700000,5700000,Lunas,Transfer Bank
PAY0012133,22TR0044,2025E,08-Mar-2026,5700000,5700000,Lunas,E-Wallet
PAY0012134,22TR0045,2025E,2026-03-20,5700000,5700000,Lunas,Transfer Bank
PAY0012135,22TR0046,2025E,2026-02-17,5700000,5700000,Lunas,E-Wallet
PAY0012136,22TR0047,2025E,2026-03-21,5700000,5700000,Lunas,Loket Kampus
PAY0012137,22TR0048,2025E,2026-03-06,5700000,5700000,Lunas,Loket Kampus
PAY0012138,22TR0049,2025E,2026-02-20,5700000,2600000,Cicilan,E-Wallet
PAY0012139,22TR0050,2025E,06/03/2026,5700000,5700000,Lunas,Transfer Bank
PAY0012140,22TR0051,2025E,2026-02-24,5700000,5700000,Lunas,Loket Kampus
PAY0012141,22TR0052,2025E,28/02/2026,5700000,5700000,Lunas,Transfer Bank
PAY0012142,22TR0053,2025E,2026-03-18,5700000,5700000,Lunas,Transfer Bank
PAY0012143,22TR0054,2025E,2026-02-17,5700000,5700000,Lunas,E-Wallet
PAY0012144,22TR0055,2025E,2026-03-31,5700000,5700000,Lunas,VA Bank
PAY0012145,22TR0056,2025E,27/03/2026,5700000,5700000,Lunas,VA Bank
PAY0012146,22TR0057,2025E,2026-03-19,5700000,5700000,Lunas,Transfer Bank
PAY0012147,22TR0058,2025E,2026-02-18,5700000,5700000,Lunas,Transfer Bank
PAY0012148,22TR0059,2025E,,5700000,0,Belum Lunas,Loket Kampus
PAY0012149,22TR0060,2025E,2026-03-22,5700000,5700000,Lunas,VA Bank
PAY0012150,22TR0061,2025E,2026-02-17,5700000,5700000,Lunas,Loket Kampus
PAY0012151,22TR0062,2025E,2026-02-25,5700000,3800000,Cicilan,VA Bank
PAY0012152,22TR0063,2025E,2026-03-12,5700000,5700000,Lunas,Loket Kampus
PAY0012153,22TR0064,2025E,2026-03-08,5700000,5700000,Lunas,E-Wallet
PAY0012154,22TR0065,2025E,2026-03-06,5700000,5700000,Lunas,E-Wallet
PAY0012155,22TR0066,2025E,2026-03-10,5700000,5700000,Lunas,VA Bank
PAY0012156,22TR0067,2025E,2026-03-08,5700000,5700000,Lunas,Transfer Bank
PAY0012157,22TR0068,2025E,2026-02-22,5700000,5700000,Lunas,Transfer Bank
PAY0012158,22BD0001,2025E,05/03/2026,5000000,5000000,Lunas,E-Wallet
PAY0012159,22BD0002,2025E,2026-04-01,5000000,5000000,Lunas,Transfer Bank
PAY0012160,22BD0003,2025E,26/03/2026,5000000,5000000,Lunas,E-Wallet
PAY0012161,22BD0004,2025E,2026-03-17,5000000,5000000,Lunas,VA Bank
PAY0012162,22BD0005,2025E,2026-02-24,5000000,5000000,Lunas,Transfer Bank
PAY0012163,22BD0006,2025E,2026-02-22,5000000,2700000,Cicilan,Transfer Bank
PAY0012164,22BD0007,2025E,2026-02-28,5000000,5000000,Lunas,Transfer Bank
PAY0012165,22BD0008,2025E,2026-03-30,5000000,5000000,Lunas,Transfer Bank
PAY0012166,22BD0009,2025E,2026-04-01,5000000,5000000,Lunas,E-Wallet
PAY0012167,22BD0010,2025E,24/03/2026,5000000,5000000,Lunas,Transfer Bank
PAY0012168,22BD0011,2025E,,5000000,0,Belum Lunas,E-Wallet
PAY0012169,22BD0012,2025E,2026-03-29,5000000,5000000,Lunas,VA Bank
PAY0012170,22BD0013,2025E,2026-03-10,5000000,5000000,Lunas,Transfer Bank
PAY0012171,22BD0014,2025E,2026-02-26,5000000,5000000,Lunas,E-Wallet
PAY0012172,22BD0015,2025E,16-Mar-2026,5000000,5000000,Lunas,Loket Kampus
PAY0012173,22BD0016,2025E,2026-03-07,5000000,5000000,Lunas,Transfer Bank
PAY0012174,22BD0017,2025E,2026-03-04,5000000,5000000,Lunas,Loket Kampus
PAY0012175,22BD0018,2025E,2026-02-25,5000000,5000000,Lunas,Loket Kampus
PAY0012176,22BD0019,2025E,2026-03-28,5000000,5000000,Lunas,VA Bank
PAY0012177,22BD0020,2025E,2026-03-19,5000000,5000000,Lunas,VA Bank
PAY0012178,22BD0021,2025E,2026-03-28,5000000,5000000,Lunas,VA Bank
PAY0012179,22BD0022,2025E,2026-02-21,5000000,5000000,Lunas,Transfer Bank
PAY0012180,22BD0023,2025E,2026-03-31,5000000,5000000,Lunas,E-Wallet
PAY0012181,22BD0024,2025E,2026-02-25,5000000,5000000,Lunas,E-Wallet
PAY0012182,22BD0025,2025E,2026-03-16,5000000,5000000,Lunas,Transfer Bank
PAY0012183,22BD0026,2025E,2026-03-20,5000000,5000000,Lunas,VA Bank
PAY0012184,22BD0027,2025E,2026-03-06,5000000,5000000,Lunas,E-Wallet
PAY0012185,22BD0028,2025E,2026-03-18,5000000,5000000,Lunas,VA Bank
PAY0012186,22BD0029,2025E,2026-02-15,5000000,5000000,Lunas,E-Wallet
PAY0012187,22BD0030,2025E,2026-03-19,5000000,5000000,Lunas,Transfer Bank
PAY0012188,22BD0031,2025E,03/03/2026,5000000,5000000,Lunas,E-Wallet
PAY0012189,22BD0032,2025E,2026-04-01,5000000,5000000,Lunas,E-Wallet
PAY0012190,22BD0033,2025E,2026-03-02,5000000,5000000,Lunas,E-Wallet
PAY0012191,22BD0034,2025E,2026-03-01,5000000,5000000,Lunas,VA Bank
PAY0012192,22BD0035,2025E,2026-03-14,5000000,5000000,Lunas,Loket Kampus
PAY0012193,22BD0036,2025E,2026-03-07,5000000,5000000,Lunas,E-Wallet
PAY0012194,22BD0037,2025E,2026-02-22,5000000,5000000,Lunas,Loket Kampus
PAY0012195,22BD0038,2025E,2026-02-28,5000000,5000000,Lunas,E-Wallet
PAY0012196,22BD0039,2025E,2026-03-19,5000000,5000000,Lunas,Transfer Bank
PAY0012197,22BD0040,2025E,02/03/2026,5000000,5000000,Lunas,Loket Kampus
PAY0012198,22BD0041,2025E,2026-03-29,5000000,3400000,Cicilan,VA Bank
PAY0012199,22BD0042,2025E,,5500000,0,Belum Lunas,Loket Kampus
PAY0012200,22BD0043,2025E,2026-02-19,5000000,5000000,Lunas,Transfer Bank
PAY0012201,22BD0044,2025E,10-Mar-2026,5000000,5000000,Lunas,VA Bank
PAY0012202,22BD0045,2025E,2026-03-17,5000000,5000000,Lunas,Transfer Bank
PAY0012203,22BD0046,2025E,2026-02-18,5000000,5000000,Lunas,VA Bank
PAY0012204,22BD0047,2025E,2026-02-25,5000000,1900000,Cicilan,VA Bank
PAY0012205,22BD0048,2025E,2026-03-07,5000000,5000000,Lunas,E-Wallet
PAY0012206,22BD0049,2025E,2026-03-25,5000000,5000000,Lunas,VA Bank
PAY0012207,22BD0050,2025E,2026-03-19,5000000,5000000,Lunas,E-Wallet
PAY0012208,22BD0051,2025E,2026-02-23,5000000,5000000,Lunas,E-Wallet
PAY0012209,22BD0052,2025E,2026-03-05,5000000,5000000,Lunas,Transfer Bank
PAY0012210,22BD0053,2025E,2026-03-31,5000000,5000000,Lunas,Loket Kampus
PAY0012211,22BD0054,2025E,30-Mar-2026,5000000,5000000,Lunas,Transfer Bank
PAY0012212,22BD0055,2025E,2026-03-07,5000000,5000000,Lunas,VA Bank
PAY0012213,22BD0056,2025E,2026-02-19,5000000,5000000,Lunas,E-Wallet
PAY0012214,22BD0057,2025E,26/03/2026,5000000,5000000,Lunas,Transfer Bank
PAY0012215,22BD0058,2025E,2026-03-14,5000000,5000000,Lunas,E-Wallet
PAY0012216,22BD0059,2025E,2026-03-02,5000000,5000000,Lunas,VA Bank
PAY0012217,22BD0060,2025E,2026-03-31,5000000,5000000,Lunas,Loket Kampus
PAY0012218,22BD0061,2025E,2026-02-25,5000000,5000000,Lunas,Loket Kampus
PAY0012219,22BD0062,2025E,2026-03-05,5000000,5000000,Lunas,VA Bank
PAY0012220,22BD0063,2025E,10/03/2026,6000000,6000000,Lunas,Transfer Bank
PAY0012221,22BD0064,2025E,2026-03-05,5000000,5000000,Lunas,E-Wallet
PAY0012222,22BD0065,2025E,2026-02-22,5000000,5000000,Lunas,Loket Kampus
PAY0012223,22BD0067,2025E,2026-03-04,5000000,3100000,Cicilan,E-Wallet
PAY0012224,22BD0068,2025E,2026-03-13,5000000,5000000,Lunas,Loket Kampus
PAY0012225,22BD0069,2025E,2026-03-03,5000000,5000000,Lunas,Loket Kampus
PAY0012226,22BD0070,2025E,13-Mar-2026,5000000,5000000,Lunas,Loket Kampus
PAY0012227,22BD0071,2025E,,5000000,0,Belum Lunas,Transfer Bank
PAY0012228,23TI0001,2025E,07-Mar-2026,5500000,5500000,Lunas,VA Bank
PAY0012229,23TI0002,2025E,2026-03-19,5500000,5500000,Lunas,Loket Kampus
PAY0012230,23TI0003,2025E,2026-02-26,5500000,5500000,Lunas,Transfer Bank
PAY0012231,23TI0004,2025E,28/02/2026,5500000,5500000,Lunas,Transfer Bank
PAY0012232,23TI0005,2025E,2026-03-21,5500000,5500000,Lunas,E-Wallet
PAY0012233,23TI0006,2025E,2026-03-12,5500000,5500000,Lunas,Loket Kampus
PAY0012234,23TI0007,2025E,23-Mar-2026,5500000,5500000,Lunas,Loket Kampus
PAY0012235,23TI0008,2025E,2026-03-12,5500000,5500000,Lunas,E-Wallet
PAY0012236,23TI0009,2025E,2026-02-20,5500000,5500000,Lunas,E-Wallet
PAY0012237,23TI0010,2025E,2026-03-23,5500000,5500000,Lunas,E-Wallet
PAY0012238,23TI0011,2025E,2026-02-18,5500000,5500000,Lunas,Transfer Bank
PAY0012239,23TI0012,2025E,13/03/2026,5500000,3900000,Cicilan,Transfer Bank
PAY0012240,23TI0013,2025E,,5500000,0,Belum Lunas,VA Bank
PAY0012241,23TI0014,2025E,2026-02-28,5500000,5500000,Lunas,VA Bank
PAY0012242,23TI0015,2025E,2026-03-25,5500000,5500000,Lunas,VA Bank
PAY0012243,23TI0016,2025E,13-Mar-2026,5500000,5500000,Lunas,VA Bank
PAY0012244,23TI0017,2025E,2026-03-16,5500000,5500000,Lunas,E-Wallet
PAY0012245,23TI0018,2025E,2026-03-02,5500000,5500000,Lunas,Loket Kampus
PAY0012246,23TI0019,2025E,2026-03-05,5500000,5500000,Lunas,VA Bank
PAY0012247,23TI0020,2025E,21/02/2026,5500000,5500000,Lunas,Transfer Bank
PAY0012248,23TI0021,2025E,2026-03-11,5500000,5500000,Lunas,E-Wallet
PAY0012249,23TI0022,2025E,2026-03-10,5500000,5500000,Lunas,Loket Kampus
PAY0012250,23TI0023,2025E,2026-02-24,5500000,5500000,Lunas,Loket Kampus
PAY0012251,23TI0024,2025E,2026-03-03,5500000,5500000,Lunas,VA Bank
PAY0012252,23TI0025,2025E,2026-03-07,5500000,5500000,Lunas,Transfer Bank
PAY0012253,23TI0026,2025E,,5500000,0,Belum Lunas,Loket Kampus
PAY0012254,23TI0027,2025E,2026-03-04,5500000,5500000,Lunas,VA Bank
PAY0012255,23TI0028,2025E,2026-03-02,5500000,5500000,Lunas,Loket Kampus
PAY0012256,23TI0029,2025E,2026-03-09,5500000,5500000,Lunas,E-Wallet
PAY0012257,23TI0030,2025E,2026-02-22,5500000,5500000,Lunas,E-Wallet
PAY0012258,23TI0031,2025E,2026-02-18,5500000,5500000,Lunas,E-Wallet
PAY0012259,23TI0032,2025E,2026-02-25,5500000,5500000,Lunas,VA Bank
PAY0012260,23TI0033,2025E,2026-03-04,5500000,5500000,Lunas,Transfer Bank
PAY0012261,23TI0034,2025E,06/03/2026,5500000,5500000,Lunas,VA Bank
PAY0012262,23TI0035,2025E,10-Mar-2026,5500000,5500000,Lunas,VA Bank
PAY0012263,23TI0036,2025E,2026-03-21,5500000,5500000,Lunas,Transfer Bank
PAY0012264,23TI0037,2025E,2026-03-02,5500000,5500000,Lunas,VA Bank
PAY0012265,23TI0038,2025E,16-Mar-2026,5500000,5500000,Lunas,Transfer Bank
PAY0012266,23TI0039,2025E,2026-03-29,5500000,2700000,Cicilan,E-Wallet
PAY0012267,23TI0040,2025E,2026-03-31,5500000,5500000,Lunas,Transfer Bank
PAY0012268,23TI0041,2025E,2026-03-18,5500000,5500000,Lunas,Loket Kampus
PAY0012269,23TI0042,2025E,2026-03-01,5500000,5500000,Lunas,E-Wallet
PAY0012270,23TI0043,2025E,2026-03-04,5500000,5500000,Lunas,Transfer Bank
PAY0012271,23TI0044,2025E,29/03/2026,5500000,5500000,Lunas,VA Bank
PAY0012272,23TI0045,2025E,2026-02-27,5500000,5500000,Lunas,VA Bank
PAY0012273,23TI0046,2025E,2026-03-13,5500000,3400000,Cicilan,E-Wallet
PAY0012274,23TI0047,2025E,2026-02-23,5500000,5500000,Lunas,VA Bank
PAY0012275,23TI0048,2025E,2026-03-05,5500000,2800000,Cicilan,VA Bank
PAY0012276,23TI0049,2025E,2026-03-31,5500000,5500000,Lunas,VA Bank
PAY0012277,23TI0050,2025E,2026-03-27,5500000,5500000,Lunas,VA Bank
PAY0012278,23TI0051,2025E,2026-02-27,5500000,5500000,Lunas,VA Bank
PAY0012279,23TI0052,2025E,2026-03-16,5500000,5500000,Lunas,Loket Kampus
PAY0012280,23TI0053,2025E,2026-03-19,5500000,5500000,Lunas,E-Wallet
PAY0012281,23TI0054,2025E,2026-03-05,5500000,5500000,Lunas,Transfer Bank
PAY0012282,23TI0055,2025E,2026-03-15,5500000,5500000,Lunas,VA Bank
PAY0012283,23TI0056,2025E,,5500000,0,Belum Lunas,Loket Kampus
PAY0012284,23TI0057,2025E,2026-03-06,5500000,5500000,Lunas,E-Wallet
PAY0012285,23TI0058,2025E,2026-02-18,5500000,2400000,Cicilan,Transfer Bank
PAY0012286,23TI0059,2025E,2026-02-16,5500000,5500000,Lunas,VA Bank
PAY0012287,23TI0060,2025E,2026-03-24,5500000,5500000,Lunas,Transfer Bank
PAY0012288,23TI0061,2025E,2026-03-11,5500000,5500000,Lunas,Transfer Bank
PAY0012289,23TI0062,2025E,2026-02-15,5500000,3400000,Cicilan,E-Wallet
PAY0012290,23TI0063,2025E,2026-03-13,5500000,5500000,Lunas,VA Bank
PAY0012291,23TI0064,2025E,2026-03-21,5500000,5500000,Lunas,Loket Kampus
PAY0012292,23TI0065,2025E,2026-03-14,5500000,5500000,Lunas,VA Bank
PAY0012293,23TI0066,2025E,16/02/2026,5500000,5500000,Lunas,Transfer Bank
PAY0012294,23TI0067,2025E,2026-03-10,5500000,5500000,Lunas,VA Bank
PAY0012295,23TI0068,2025E,2026-02-21,5500000,5500000,Lunas,VA Bank
PAY0012296,23TI0069,2025E,2026-03-13,5500000,5500000,Lunas,Transfer Bank
PAY0012297,23TI0070,2025E,07/03/2026,5500000,5500000,Lunas,VA Bank
PAY0012298,23TI0071,2025E,2026-03-07,5500000,5500000,Lunas,Transfer Bank
PAY0012299,23TI0072,2025E,2026-03-06,5500000,5500000,Lunas,Loket Kampus
PAY0012300,23TI0073,2025E,28/02/2026,5500000,5500000,Lunas,Loket Kampus
PAY0012301,23TI0074,2025E,2026-03-19,5500000,5500000,Lunas,Transfer Bank
PAY0012302,23TI0075,2025E,23/03/2026,5500000,5500000,Lunas,VA Bank
PAY0012303,23TI0076,2025E,2026-02-18,5500000,5500000,Lunas,Transfer Bank
PAY0012304,23TI0077,2025E,2026-03-05,5500000,5500000,Lunas,Transfer Bank
PAY0012305,23TI0078,2025E,2026-02-19,5500000,5500000,Lunas,Transfer Bank
PAY0012306,23TI0079,2025E,2026-02-21,5500000,5500000,Lunas,Loket Kampus
PAY0012307,23TI0080,2025E,2026-02-21,5500000,2900000,Cicilan,E-Wallet
PAY0012308,23TI0081,2025E,15/02/2026,5500000,5500000,Lunas,Loket Kampus
PAY0012309,23TI0082,2025E,2026-03-23,5500000,2800000,Cicilan,Loket Kampus
PAY0012310,23TI0083,2025E,2026-02-19,5500000,5500000,Lunas,Loket Kampus
PAY0012311,23TI0084,2025E,21-Mar-2026,5500000,5500000,Lunas,VA Bank
PAY0012312,23TI0085,2025E,2026-02-21,5500000,5500000,Lunas,Loket Kampus
PAY0012313,23TI0086,2025E,2026-03-02,5500000,5500000,Lunas,VA Bank
PAY0012314,23TI0087,2025E,2026-03-27,5500000,5500000,Lunas,E-Wallet
PAY0012315,23TI0088,2025E,19-Feb-2026,5500000,2200000,Cicilan,VA Bank
PAY0012316,23TI0090,2025E,13-Mar-2026,5500000,5500000,Lunas,VA Bank
PAY0012317,23TI0091,2025E,2026-02-15,5500000,5500000,Lunas,Transfer Bank
PAY0012318,23TI0092,2025E,2026-02-19,5500000,5500000,Lunas,E-Wallet
PAY0012319,23TI0093,2025E,,5500000,0,Belum Lunas,Transfer Bank
PAY0012320,23TI0094,2025E,2026-02-20,5500000,5500000,Lunas,E-Wallet
PAY0012321,23TI0095,2025E,2026-03-16,5500000,5500000,Lunas,E-Wallet
PAY0012322,23SI0001,2025E,19/02/2026,5250000,5250000,Lunas,E-Wallet
PAY0012323,23SI0002,2025E,,5250000,0,Belum Lunas,E-Wallet
PAY0012324,23SI0003,2025E,2026-03-29,5250000,5250000,Lunas,VA Bank
PAY0012325,23SI0004,2025E,2026-03-20,5250000,5250000,Lunas,Loket Kampus
PAY0012326,23SI0005,2025E,2026-03-13,5250000,5250000,Lunas,VA Bank
PAY0012327,23SI0006,2025E,2026-03-13,5250000,5250000,Lunas,E-Wallet
PAY0012328,23SI0007,2025E,25/02/2026,5250000,5250000,Lunas,Transfer Bank
PAY0012329,23SI0008,2025E,2026-02-21,5700000,5700000,Lunas,Transfer Bank
PAY0012330,23SI0009,2025E,2026-02-20,5250000,5250000,Lunas,Loket Kampus
PAY0012331,23SI0010,2025E,2026-03-16,5250000,5250000,Lunas,Loket Kampus
PAY0012332,23SI0011,2025E,2026-03-02,5250000,5250000,Lunas,Transfer Bank
PAY0012333,23SI0012,2025E,2026-02-15,5250000,5250000,Lunas,Loket Kampus
PAY0012334,23SI0013,2025E,2026-03-29,5250000,5250000,Lunas,Transfer Bank
PAY0012335,23SI0014,2025E,2026-03-09,5250000,5250000,Lunas,Transfer Bank
PAY0012336,23SI0015,2025E,2026-03-24,6000000,2400000,Cicilan,Loket Kampus
PAY0012337,23SI0016,2025E,,5250000,0,Belum Lunas,E-Wallet
PAY0012338,23SI0017,2025E,2026-03-03,5250000,5250000,Lunas,Loket Kampus
PAY0012339,23SI0018,2025E,2026-03-05,5250000,5250000,Lunas,VA Bank
PAY0012340,23SI0019,2025E,27/03/2026,5250000,3000000,Cicilan,VA Bank
PAY0012341,23SI0020,2025E,2026-03-18,5250000,5250000,Lunas,VA Bank
PAY0012342,23SI0021,2025E,,5250000,0,Belum Lunas,Loket Kampus
PAY0012343,23SI0022,2025E,,5250000,0,Belum Lunas,Transfer Bank
PAY0012344,23SI0023,2025E,2026-03-02,5250000,5250000,Lunas,Transfer Bank
PAY0012345,23SI0025,2025E,2026-02-17,5250000,5250000,Lunas,E-Wallet
PAY0012346,23SI0026,2025E,2026-02-15,5250000,5250000,Lunas,VA Bank
PAY0012347,23SI0027,2025E,23/03/2026,5250000,5250000,Lunas,E-Wallet
PAY0012348,23SI0028,2025E,2026-02-23,5250000,5250000,Lunas,Transfer Bank
PAY0012349,23SI0029,2025E,2026-03-31,5250000,5250000,Lunas,E-Wallet
PAY0012350,23SI0030,2025E,2026-03-16,5250000,5250000,Lunas,Transfer Bank
PAY0012351,23SI0031,2025E,2026-03-26,5250000,5250000,Lunas,Loket Kampus
PAY0012352,23SI0032,2025E,2026-02-23,5250000,5250000,Lunas,Transfer Bank
PAY0012353,23SI0033,2025E,2026-02-16,5250000,5250000,Lunas,VA Bank
PAY0012354,23SI0034,2025E,2026-02-25,5250000,5250000,Lunas,VA Bank
PAY0012355,23SI0035,2025E,2026-02-16,5250000,2400000,Cicilan,E-Wallet
PAY0012356,23SI0036,2025E,2026-02-25,5250000,5250000,Lunas,Loket Kampus
PAY0012357,23SI0037,2025E,25/03/2026,5250000,5250000,Lunas,E-Wallet
PAY0012358,23SI0038,2025E,2026-03-27,5250000,2400000,Cicilan,Transfer Bank
PAY0012359,23SI0039,2025E,2026-03-28,5250000,5250000,Lunas,Transfer Bank
PAY0012360,23SI0040,2025E,2026-03-25,5250000,5250000,Lunas,VA Bank
PAY0012361,23SI0041,2025E,21/02/2026,5250000,5250000,Lunas,VA Bank
PAY0012362,23SI0042,2025E,2026-03-22,5250000,5250000,Lunas,Loket Kampus
PAY0012363,23SI0043,2025E,15/02/2026,5250000,5250000,Lunas,VA Bank
PAY0012364,23SI0044,2025E,2026-03-30,5250000,5250000,Lunas,E-Wallet
PAY0012365,23SI0045,2025E,2026-03-16,5250000,5250000,Lunas,VA Bank
PAY0012366,23SI0046,2025E,2026-03-02,5250000,5250000,Lunas,E-Wallet
PAY0012367,23SI0047,2025E,2026-03-12,5250000,5250000,Lunas,Transfer Bank
PAY0012368,23SI0048,2025E,2026-03-26,5250000,3700000,Cicilan,E-Wallet
PAY0012369,23SI0049,2025E,2026-02-15,5250000,5250000,Lunas,E-Wallet
PAY0012370,23SI0050,2025E,2026-03-19,5250000,5250000,Lunas,E-Wallet
PAY0012371,23SI0051,2025E,15/03/2026,5250000,5250000,Lunas,VA Bank
PAY0012372,23SI0052,2025E,29/03/2026,5250000,5250000,Lunas,Loket Kampus
PAY0012373,23SI0053,2025E,2026-02-28,5250000,3400000,Cicilan,Loket Kampus
PAY0012374,23SI0055,2025E,2026-03-14,5250000,2800000,Cicilan,Loket Kampus
PAY0012375,23SI0056,2025E,2026-02-15,5250000,5250000,Lunas,Loket Kampus
PAY0012376,23SI0057,2025E,2026-02-17,5250000,5250000,Lunas,Transfer Bank
PAY0012377,23SI0058,2025E,2026-02-21,5250000,2700000,Cicilan,Transfer Bank
PAY0012378,23SI0059,2025E,2026-03-12,5250000,5250000,Lunas,VA Bank
PAY0012379,23SI0060,2025E,,5250000,0,Belum Lunas,VA Bank
PAY0012380,23SI0061,2025E,2026-03-04,5250000,5250000,Lunas,Transfer Bank
PAY0012381,23SI0062,2025E,2026-02-24,5250000,5250000,Lunas,Transfer Bank
PAY0012382,23SI0063,2025E,2026-03-28,5250000,5250000,Lunas,VA Bank
PAY0012383,23SI0064,2025E,2026-03-14,5250000,5250000,Lunas,E-Wallet
PAY0012384,23SI0065,2025E,2026-02-18,5250000,5250000,Lunas,Loket Kampus
PAY0012385,23SI0066,2025E,2026-02-24,5250000,5250000,Lunas,E-Wallet
PAY0012386,23SI0067,2025E,16/02/2026,5250000,5250000,Lunas,Loket Kampus
PAY0012387,23SI0068,2025E,2026-03-19,5250000,5250000,Lunas,Transfer Bank
PAY0012388,23SI0069,2025E,2026-02-27,5250000,5250000,Lunas,Transfer Bank
PAY0012389,23SI0070,2025E,2026-03-08,5250000,5250000,Lunas,E-Wallet
PAY0012390,23SI0071,2025E,2026-03-30,5250000,5250000,Lunas,Loket Kampus
PAY0012391,23SI0072,2025E,2026-03-26,5250000,5250000,Lunas,E-Wallet
PAY0012392,23SI0073,2025E,,5250000,0,Belum Lunas,VA Bank
PAY0012393,23SI0074,2025E,2026-02-26,5250000,5250000,Lunas,VA Bank
PAY0012394,23SI0075,2025E,15-Feb-2026,5250000,5250000,Lunas,VA Bank
PAY0012395,23SI0076,2025E,29-Mar-2026,5250000,5250000,Lunas,E-Wallet
PAY0012396,23SI0077,2025E,28/03/2026,5250000,5250000,Lunas,Transfer Bank
PAY0012397,23SI0078,2025E,,5250000,0,Belum Lunas,E-Wallet
PAY0012398,23SI0079,2025E,,5250000,0,Belum Lunas,Transfer Bank
PAY0012399,23SI0080,2025E,,5250000,0,Belum Lunas,E-Wallet
PAY0012400,23SI0081,2025E,2026-03-09,5250000,5250000,Lunas,E-Wallet
PAY0012401,23SI0082,2025E,2026-03-16,5250000,5250000,Lunas,VA Bank
PAY0012402,23SI0083,2025E,22-Feb-2026,5250000,5250000,Lunas,E-Wallet
PAY0012403,23SI0084,2025E,2026-02-26,5250000,5250000,Lunas,E-Wallet
PAY0012404,23SI0085,2025E,24/02/2026,5250000,5250000,Lunas,E-Wallet
PAY0012405,23SI0086,2025E,2026-03-01,5250000,5250000,Lunas,Loket Kampus
PAY0012406,23SI0087,2025E,15/03/2026,5250000,5250000,Lunas,Transfer Bank
PAY0012407,23SI0088,2025E,2026-03-31,5250000,5250000,Lunas,Transfer Bank
PAY0012408,23SI0089,2025E,2026-02-16,5250000,5250000,Lunas,E-Wallet
PAY0012409,23SI0090,2025E,2026-03-18,5250000,5250000,Lunas,VA Bank
PAY0012410,23IF0001,2025E,2026-03-06,5750000,5750000,Lunas,Loket Kampus
PAY0012411,23IF0002,2025E,2026-02-23,5750000,5750000,Lunas,Transfer Bank
PAY0012412,23IF0003,2025E,2026-02-25,5750000,5750000,Lunas,Loket Kampus
PAY0012413,23IF0004,2025E,2026-03-10,5750000,5750000,Lunas,VA Bank
PAY0012414,23IF0005,2025E,2026-03-10,5750000,5750000,Lunas,Transfer Bank
PAY0012415,23IF0006,2025E,2026-03-31,5750000,5750000,Lunas,E-Wallet
PAY0012416,23IF0007,2025E,,5750000,0,Belum Lunas,VA Bank
PAY0012417,23IF0008,2025E,2026-03-14,5750000,5750000,Lunas,Transfer Bank
PAY0012418,23IF0009,2025E,2026-03-02,5750000,5750000,Lunas,VA Bank
PAY0012419,23IF0010,2025E,2026-03-28,5750000,5750000,Lunas,Loket Kampus
PAY0012420,23IF0011,2025E,2026-04-01,5750000,5750000,Lunas,Transfer Bank
PAY0012421,23IF0012,2025E,15/02/2026,5750000,5750000,Lunas,VA Bank
PAY0012422,23IF0013,2025E,17-Feb-2026,5750000,5750000,Lunas,Loket Kampus
PAY0012423,23IF0014,2025E,2026-03-26,5750000,3900000,Cicilan,Loket Kampus
PAY0012424,23IF0015,2025E,2026-03-18,5750000,5750000,Lunas,E-Wallet
PAY0012425,23IF0016,2025E,2026-03-21,5750000,5750000,Lunas,Loket Kampus
PAY0012426,23IF0017,2025E,2026-03-22,5750000,5750000,Lunas,Loket Kampus
PAY0012427,23IF0018,2025E,2026-03-04,5750000,5750000,Lunas,Loket Kampus
PAY0012428,23IF0019,2025E,2026-02-22,5750000,5750000,Lunas,Loket Kampus
PAY0012429,23IF0020,2025E,2026-02-20,5750000,5750000,Lunas,VA Bank
PAY0012430,23IF0021,2025E,2026-03-17,5750000,5750000,Lunas,Transfer Bank
PAY0012431,23IF0022,2025E,19-Mar-2026,5750000,5750000,Lunas,Transfer Bank
PAY0012432,23IF0023,2025E,20/02/2026,5750000,5750000,Lunas,E-Wallet
PAY0012433,23IF0024,2025E,15/02/2026,5750000,5750000,Lunas,Transfer Bank
PAY0012434,23IF0025,2025E,2026-03-15,5750000,5750000,Lunas,Transfer Bank
PAY0012435,23IF0026,2025E,11-Mar-2026,5750000,5750000,Lunas,VA Bank
PAY0012436,23IF0027,2025E,2026-03-11,5750000,5750000,Lunas,E-Wallet
PAY0012437,23IF0028,2025E,,5750000,0,Belum Lunas,Loket Kampus
PAY0012438,23IF0029,2025E,2026-03-25,5750000,5750000,Lunas,Loket Kampus
PAY0012439,23IF0030,2025E,18-Mar-2026,5750000,5750000,Lunas,E-Wallet
PAY0012440,23IF0031,2025E,2026-03-22,5750000,5750000,Lunas,VA Bank
PAY0012441,23IF0032,2025E,2026-02-27,5750000,5750000,Lunas,E-Wallet
PAY0012442,23IF0033,2025E,2026-03-16,5750000,5750000,Lunas,VA Bank
PAY0012443,23IF0034,2025E,2026-03-10,5750000,5750000,Lunas,E-Wallet
PAY0012444,23IF0035,2025E,2026-03-25,5750000,5750000,Lunas,E-Wallet
PAY0012445,23IF0036,2025E,19/03/2026,5750000,5750000,Lunas,E-Wallet
PAY0012446,23IF0037,2025E,25/03/2026,5750000,5750000,Lunas,VA Bank
PAY0012447,23IF0038,2025E,2026-02-22,5750000,5750000,Lunas,E-Wallet
PAY0012448,23IF0039,2025E,25/03/2026,5750000,5750000,Lunas,VA Bank
PAY0012449,23IF0040,2025E,2026-03-13,5750000,5750000,Lunas,E-Wallet
PAY0012450,23IF0041,2025E,2026-02-28,5750000,5750000,Lunas,Loket Kampus
PAY0012451,23IF0042,2025E,2026-02-23,5750000,5750000,Lunas,Loket Kampus
PAY0012452,23IF0043,2025E,18/03/2026,5750000,5750000,Lunas,E-Wallet
PAY0012453,23IF0044,2025E,,5750000,0,Belum Lunas,E-Wallet
PAY0012454,23IF0045,2025E,2026-03-01,5750000,5750000,Lunas,Transfer Bank
PAY0012455,23IF0046,2025E,31/03/2026,5750000,5750000,Lunas,E-Wallet
PAY0012456,23IF0047,2025E,2026-03-03,5750000,5750000,Lunas,E-Wallet
PAY0012457,23IF0048,2025E,2026-03-15,5750000,5750000,Lunas,Transfer Bank
PAY0012458,23IF0049,2025E,2026-03-31,5750000,5750000,Lunas,Loket Kampus
PAY0012459,23IF0050,2025E,2026-03-23,5750000,5750000,Lunas,Loket Kampus
PAY0012460,23IF0051,2025E,22/03/2026,5750000,2900000,Cicilan,E-Wallet
PAY0012461,23IF0052,2025E,16/02/2026,5750000,5750000,Lunas,Transfer Bank
PAY0012462,23IF0053,2025E,2026-03-05,5750000,5750000,Lunas,Transfer Bank
PAY0012463,23IF0054,2025E,02/03/2026,5750000,5750000,Lunas,Loket Kampus
PAY0012464,23IF0055,2025E,2026-03-05,5750000,5750000,Lunas,VA Bank
PAY0012465,23IF0056,2025E,2026-03-18,5750000,4100000,Cicilan,E-Wallet
PAY0012466,23IF0057,2025E,2026-03-23,5750000,5750000,Lunas,Transfer Bank
PAY0012467,23IF0058,2025E,2026-03-22,5750000,5750000,Lunas,VA Bank
PAY0012468,23IF0059,2025E,2026-03-15,5750000,5750000,Lunas,Transfer Bank
PAY0012469,23IF0060,2025E,2026-02-16,5750000,5750000,Lunas,E-Wallet
PAY0012470,23IF0061,2025E,2026-03-24,5750000,5750000,Lunas,E-Wallet
PAY0012471,23IF0062,2025E,11/03/2026,5750000,5750000,Lunas,E-Wallet
PAY0012472,23IF0063,2025E,2026-03-23,5750000,5750000,Lunas,E-Wallet
PAY0012473,23IF0064,2025E,2026-03-30,5750000,5750000,Lunas,Transfer Bank
PAY0012474,23IF0065,2025E,2026-03-17,5750000,5750000,Lunas,Transfer Bank
PAY0012475,23IF0066,2025E,18/03/2026,5750000,5750000,Lunas,E-Wallet
PAY0012476,23IF0067,2025E,2026-03-24,5750000,5750000,Lunas,VA Bank
PAY0012477,23IF0068,2025E,15/02/2026,5750000,5750000,Lunas,VA Bank
PAY0012478,23IF0069,2025E,2026-03-21,5750000,5750000,Lunas,Transfer Bank
PAY0012479,23IF0070,2025E,,5750000,0,Belum Lunas,Loket Kampus
PAY0012480,23IF0071,2025E,11/03/2026,5750000,5750000,Lunas,Loket Kampus
PAY0012481,23IF0072,2025E,2026-02-28,5750000,5750000,Lunas,E-Wallet
PAY0012482,23IF0073,2025E,26-Mar-2026,5750000,5750000,Lunas,Loket Kampus
PAY0012483,23IF0074,2025E,,5750000,0,Belum Lunas,Transfer Bank
PAY0012484,23IF0075,2025E,05-Mar-2026,5750000,5750000,Lunas,VA Bank
PAY0012485,23IF0076,2025E,2026-03-10,5750000,3500000,Cicilan,Loket Kampus
PAY0012486,23IF0077,2025E,19/02/2026,5750000,5750000,Lunas,E-Wallet
PAY0012487,23IF0078,2025E,2026-02-26,5750000,5750000,Lunas,E-Wallet
PAY0012488,23IF0079,2025E,16/03/2026,5750000,5750000,Lunas,E-Wallet
PAY0012489,23IF0080,2025E,2026-02-28,5750000,5750000,Lunas,VA Bank
PAY0012490,23IF0081,2025E,2026-02-21,5750000,5750000,Lunas,Transfer Bank
PAY0012491,23IF0082,2025E,2026-03-22,5750000,5750000,Lunas,VA Bank
PAY0012492,23IF0083,2025E,13/03/2026,5750000,5750000,Lunas,E-Wallet
PAY0012493,23IF0084,2025E,21/02/2026,5750000,5750000,Lunas,VA Bank
PAY0012494,23IF0085,2025E,28/02/2026,5750000,5750000,Lunas,Transfer Bank
PAY0012495,23IF0086,2025E,2026-03-03,5750000,5750000,Lunas,VA Bank
PAY0012496,23IF0087,2025E,05/03/2026,5750000,5750000,Lunas,VA Bank
PAY0012497,23IF0089,2025E,2026-03-08,5750000,5750000,Lunas,Transfer Bank
PAY0012498,23IF0090,2025E,09-Mar-2026,5750000,5750000,Lunas,Transfer Bank
PAY0012499,23IF0092,2025E,2026-03-08,5750000,2100000,Cicilan,Loket Kampus
PAY0012500,23IF0093,2025E,2026-03-02,5750000,5750000,Lunas,E-Wallet
PAY0012501,23IF0094,2025E,2026-03-26,5750000,5750000,Lunas,Transfer Bank
PAY0012502,23IF0095,2025E,2026-03-17,5750000,2000000,Cicilan,Transfer Bank
PAY0012503,23DS0001,2025E,2026-03-17,6000000,3000000,Cicilan,E-Wallet
PAY0012504,23DS0002,2025E,2026-02-21,6000000,6000000,Lunas,VA Bank
PAY0012505,23DS0003,2025E,2026-03-15,6000000,6000000,Lunas,Transfer Bank
PAY0012506,23DS0004,2025E,2026-03-09,6000000,6000000,Lunas,E-Wallet
PAY0012507,23DS0005,2025E,2026-02-27,6000000,6000000,Lunas,Transfer Bank
PAY0012508,23DS0006,2025E,2026-02-18,6000000,6000000,Lunas,E-Wallet
PAY0012509,23DS0007,2025E,2026-03-03,6000000,6000000,Lunas,Loket Kampus
PAY0012510,23DS0008,2025E,09-Mar-2026,6000000,6000000,Lunas,Loket Kampus
PAY0012511,23DS0009,2025E,2026-03-14,6000000,6000000,Lunas,VA Bank
PAY0012512,23DS0010,2025E,12/03/2026,6000000,6000000,Lunas,Transfer Bank
PAY0012513,23DS0011,2025E,2026-03-27,6000000,6000000,Lunas,Loket Kampus
PAY0012514,23DS0013,2025E,2026-03-27,6000000,6000000,Lunas,VA Bank
PAY0012515,23DS0014,2025E,2026-02-27,6000000,6000000,Lunas,Loket Kampus
PAY0012516,23DS0015,2025E,2026-02-17,6000000,6000000,Lunas,VA Bank
PAY0012517,23DS0016,2025E,15/03/2026,6000000,6000000,Lunas,E-Wallet
PAY0012518,23DS0017,2025E,2026-02-26,6000000,6000000,Lunas,VA Bank
PAY0012519,23DS0018,2025E,2026-03-22,6000000,4100000,Cicilan,Loket Kampus
PAY0012520,23DS0019,2025E,20/03/2026,6000000,6000000,Lunas,Loket Kampus
PAY0012521,23DS0020,2025E,12-Mar-2026,6000000,6000000,Lunas,E-Wallet
PAY0012522,23DS0021,2025E,2026-03-17,6000000,6000000,Lunas,E-Wallet
PAY0012523,23DS0022,2025E,06-Mar-2026,6000000,6000000,Lunas,E-Wallet
PAY0012524,23DS0023,2025E,25/03/2026,6000000,6000000,Lunas,Loket Kampus
PAY0012525,23DS0024,2025E,25/03/2026,6000000,6000000,Lunas,E-Wallet
PAY0012526,23DS0025,2025E,2026-02-17,6000000,6000000,Lunas,Transfer Bank
PAY0012527,23DS0026,2025E,2026-03-04,6000000,6000000,Lunas,E-Wallet
PAY0012528,23DS0027,2025E,2026-03-24,6000000,6000000,Lunas,Transfer Bank
PAY0012529,23DS0028,2025E,2026-02-18,6000000,6000000,Lunas,E-Wallet
PAY0012530,23DS0029,2025E,27/03/2026,6000000,6000000,Lunas,VA Bank
PAY0012531,23DS0030,2025E,2026-03-23,6000000,6000000,Lunas,Loket Kampus
PAY0012532,23DS0031,2025E,2026-02-17,6000000,6000000,Lunas,Loket Kampus
PAY0012533,23DS0032,2025E,2026-03-12,6000000,6000000,Lunas,VA Bank
PAY0012534,23DS0033,2025E,2026-02-25,6000000,6000000,Lunas,E-Wallet
PAY0012535,23DS0034,2025E,15/03/2026,6000000,6000000,Lunas,E-Wallet
PAY0012536,23DS0035,2025E,2026-02-26,6000000,6000000,Lunas,Loket Kampus
PAY0012537,23DS0036,2025E,2026-03-13,6000000,6000000,Lunas,Loket Kampus
PAY0012538,23DS0037,2025E,2026-02-20,6000000,6000000,Lunas,E-Wallet
PAY0012539,23DS0038,2025E,2026-02-26,6000000,6000000,Lunas,E-Wallet
PAY0012540,23DS0039,2025E,2026-03-14,6000000,6000000,Lunas,E-Wallet
PAY0012541,23DS0040,2025E,2026-03-13,6000000,6000000,Lunas,Transfer Bank
PAY0012542,23DS0041,2025E,2026-03-21,6000000,6000000,Lunas,Loket Kampus
PAY0012543,23DS0042,2025E,2026-02-18,6000000,6000000,Lunas,E-Wallet
PAY0012544,23DS0043,2025E,2026-04-01,6000000,3200000,Cicilan,E-Wallet
PAY0012545,23DS0044,2025E,2026-03-10,6000000,6000000,Lunas,Loket Kampus
PAY0012546,23DS0045,2025E,24/03/2026,6000000,6000000,Lunas,Loket Kampus
PAY0012547,23DS0046,2025E,2026-03-03,6000000,6000000,Lunas,Loket Kampus
PAY0012548,23DS0047,2025E,2026-03-10,6000000,6000000,Lunas,VA Bank
PAY0012549,23DS0048,2025E,22/02/2026,6000000,6000000,Lunas,VA Bank
PAY0012550,23DS0049,2025E,2026-03-02,6000000,6000000,Lunas,VA Bank
PAY0012551,23DS0050,2025E,2026-03-13,6000000,6000000,Lunas,VA Bank
PAY0012552,23DS0051,2025E,10/03/2026,6000000,6000000,Lunas,Loket Kampus
PAY0012553,23DS0052,2025E,2026-04-01,6000000,6000000,Lunas,E-Wallet
PAY0012554,23DS0053,2025E,2026-03-15,6000000,6000000,Lunas,E-Wallet
PAY0012555,23DS0054,2025E,2026-03-25,6000000,6000000,Lunas,Transfer Bank
PAY0012556,23DS0055,2025E,2026-03-02,6000000,6000000,Lunas,Transfer Bank
PAY0012557,23DS0056,2025E,2026-03-03,6000000,6000000,Lunas,Transfer Bank
PAY0012558,23DS0057,2025E,2026-03-06,6000000,6000000,Lunas,Transfer Bank
PAY0012559,23DS0058,2025E,2026-03-05,6000000,4400000,Cicilan,E-Wallet
PAY0012560,23DS0059,2025E,2026-03-03,6000000,6000000,Lunas,E-Wallet
PAY0012561,23DS0060,2025E,22/02/2026,6000000,3200000,Cicilan,E-Wallet
PAY0012562,23DS0061,2025E,2026-03-02,6000000,6000000,Lunas,Transfer Bank
PAY0012563,23DS0062,2025E,2026-03-24,6000000,6000000,Lunas,VA Bank
PAY0012564,23DS0063,2025E,30/03/2026,6000000,6000000,Lunas,VA Bank
PAY0012565,23DS0064,2025E,24-Feb-2026,6000000,3300000,Cicilan,Loket Kampus
PAY0012566,23DS0065,2025E,20/03/2026,6000000,6000000,Lunas,VA Bank
PAY0012567,23DS0066,2025E,2026-03-27,6000000,6000000,Lunas,Transfer Bank
PAY0012568,23DS0067,2025E,2026-03-10,6000000,6000000,Lunas,VA Bank
PAY0012569,23DS0068,2025E,2026-02-24,6000000,6000000,Lunas,E-Wallet
PAY0012570,23DS0069,2025E,,6000000,0,Belum Lunas,Loket Kampus
PAY0012571,23DS0070,2025E,2026-03-18,6000000,6000000,Lunas,E-Wallet
PAY0012572,23DS0071,2025E,31/03/2026,6000000,6000000,Lunas,Transfer Bank
PAY0012573,23DS0072,2025E,2026-02-25,6000000,6000000,Lunas,E-Wallet
PAY0012574,23DS0073,2025E,2026-03-15,6000000,6000000,Lunas,E-Wallet
PAY0012575,23DS0074,2025E,2026-03-10,6000000,6000000,Lunas,E-Wallet
PAY0012576,23DS0075,2025E,2026-03-01,6000000,2700000,Cicilan,VA Bank
PAY0012577,23TR0001,2025E,22/03/2026,5700000,5700000,Lunas,Transfer Bank
PAY0012578,23TR0002,2025E,2026-02-28,5700000,3700000,Cicilan,Transfer Bank
PAY0012579,23TR0003,2025E,2026-02-17,5700000,5700000,Lunas,Transfer Bank
PAY0012580,23TR0004,2025E,2026-02-25,5700000,5700000,Lunas,E-Wallet
PAY0012581,23TR0005,2025E,2026-03-03,5700000,5700000,Lunas,Transfer Bank
PAY0012582,23TR0006,2025E,2026-03-20,5700000,5700000,Lunas,Transfer Bank
PAY0012583,23TR0007,2025E,2026-03-12,5700000,5700000,Lunas,VA Bank
PAY0012584,23TR0008,2025E,2026-03-18,5700000,5700000,Lunas,Transfer Bank
PAY0012585,23TR0009,2025E,2026-03-15,5700000,5700000,Lunas,VA Bank
PAY0012586,23TR0011,2025E,2026-03-03,5700000,5700000,Lunas,Loket Kampus
PAY0012587,23TR0012,2025E,27/02/2026,5700000,5700000,Lunas,Loket Kampus
PAY0012588,23TR0013,2025E,27-Feb-2026,6000000,3200000,Cicilan,Transfer Bank
PAY0012589,23TR0014,2025E,2026-02-23,5700000,2700000,Cicilan,Transfer Bank
PAY0012590,23TR0015,2025E,,5700000,0,Belum Lunas,E-Wallet
PAY0012591,23TR0016,2025E,2026-03-23,5700000,5700000,Lunas,Transfer Bank
PAY0012592,23TR0017,2025E,2026-03-06,5700000,5700000,Lunas,Transfer Bank
PAY0012593,23TR0018,2025E,07/03/2026,5700000,5700000,Lunas,Loket Kampus
PAY0012594,23TR0020,2025E,02/03/2026,5700000,5700000,Lunas,E-Wallet
PAY0012595,23TR0021,2025E,2026-03-31,5700000,2600000,Cicilan,Transfer Bank
PAY0012596,23TR0022,2025E,2026-02-15,5700000,5700000,Lunas,Transfer Bank
PAY0012597,23TR0023,2025E,01/03/2026,5700000,5700000,Lunas,E-Wallet
PAY0012598,23TR0024,2025E,12-Mar-2026,5700000,5700000,Lunas,Loket Kampus
PAY0012599,23TR0025,2025E,29/03/2026,5700000,4100000,Cicilan,E-Wallet
PAY0012600,23TR0027,2025E,11/03/2026,5700000,5700000,Lunas,E-Wallet
PAY0012601,23TR0028,2025E,14/03/2026,5700000,5700000,Lunas,Loket Kampus
PAY0012602,23TR0029,2025E,2026-02-24,5700000,5700000,Lunas,Loket Kampus
PAY0012603,23TR0030,2025E,2026-02-15,5700000,5700000,Lunas,VA Bank
PAY0012604,23TR0031,2025E,2026-03-04,5700000,5700000,Lunas,Loket Kampus
PAY0012605,23TR0032,2025E,2026-03-26,5700000,5700000,Lunas,Loket Kampus
PAY0012606,23TR0033,2025E,19/03/2026,5700000,5700000,Lunas,VA Bank
PAY0012607,23TR0034,2025E,2026-03-12,5700000,5700000,Lunas,E-Wallet
PAY0012608,23TR0035,2025E,2026-04-01,5700000,2300000,Cicilan,E-Wallet
PAY0012609,23TR0036,2025E,19/02/2026,5700000,5700000,Lunas,VA Bank
PAY0012610,23TR0037,2025E,01-Mar-2026,5700000,5700000,Lunas,E-Wallet
PAY0012611,23TR0038,2025E,2026-03-07,5700000,5700000,Lunas,Transfer Bank
PAY0012612,23TR0039,2025E,2026-02-27,5700000,5700000,Lunas,Transfer Bank
PAY0012613,23TR0040,2025E,24/02/2026,5700000,3300000,Cicilan,VA Bank
PAY0012614,23TR0041,2025E,2026-03-29,5700000,2900000,Cicilan,Transfer Bank
PAY0012615,23TR0042,2025E,2026-03-13,5700000,5700000,Lunas,Transfer Bank
PAY0012616,23TR0043,2025E,25-Feb-2026,5700000,5700000,Lunas,Transfer Bank
PAY0012617,23TR0044,2025E,2026-03-05,5700000,5700000,Lunas,Transfer Bank
PAY0012618,23TR0045,2025E,2026-02-15,5700000,5700000,Lunas,Loket Kampus
PAY0012619,23TR0046,2025E,2026-03-10,5700000,5700000,Lunas,Transfer Bank
PAY0012620,23TR0047,2025E,2026-02-20,5700000,5700000,Lunas,E-Wallet
PAY0012621,23TR0048,2025E,2026-03-03,5700000,5700000,Lunas,Loket Kampus
PAY0012622,23TR0049,2025E,2026-02-26,5700000,5700000,Lunas,Loket Kampus
PAY0012623,23TR0050,2025E,2026-03-02,5700000,5700000,Lunas,Loket Kampus
PAY0012624,23TR0051,2025E,2026-02-23,5700000,5700000,Lunas,Loket Kampus
PAY0012625,23TR0052,2025E,2026-03-07,5700000,5700000,Lunas,Loket Kampus
PAY0012626,23TR0053,2025E,2026-03-31,5700000,3100000,Cicilan,Loket Kampus
PAY0012627,23TR0054,2025E,2026-02-19,5700000,5700000,Lunas,Loket Kampus
PAY0012628,23TR0055,2025E,2026-03-20,5700000,5700000,Lunas,Transfer Bank
PAY0012629,23TR0056,2025E,2026-03-29,5700000,5700000,Lunas,Transfer Bank
PAY0012630,23TR0057,2025E,27-Feb-2026,5700000,5700000,Lunas,E-Wallet
PAY0012631,23TR0058,2025E,,5700000,0,Belum Lunas,E-Wallet
PAY0012632,23TR0059,2025E,12-Mar-2026,5700000,5700000,Lunas,Transfer Bank
PAY0012633,23TR0060,2025E,2026-03-10,5700000,5700000,Lunas,E-Wallet
PAY0012634,23TR0061,2025E,2026-02-18,5700000,5700000,Lunas,VA Bank
PAY0012635,23TR0062,2025E,2026-03-08,5700000,5700000,Lunas,VA Bank
PAY0012636,23TR0063,2025E,2026-02-15,5700000,5700000,Lunas,Loket Kampus
PAY0012637,23TR0064,2025E,2026-02-26,5700000,5700000,Lunas,Transfer Bank
PAY0012638,23TR0065,2025E,2026-03-06,5700000,5700000,Lunas,Loket Kampus
PAY0012639,23TR0066,2025E,2026-03-05,5700000,5700000,Lunas,VA Bank
PAY0012640,23TR0067,2025E,2026-03-02,5700000,5700000,Lunas,Transfer Bank
PAY0012641,23TR0068,2025E,20-Feb-2026,5700000,5700000,Lunas,VA Bank
PAY0012642,23TR0069,2025E,02/03/2026,5700000,5700000,Lunas,Loket Kampus
PAY0012643,23TR0070,2025E,11/03/2026,5700000,5700000,Lunas,E-Wallet
PAY0012644,23BD0001,2025E,2026-02-19,5000000,5000000,Lunas,Transfer Bank
PAY0012645,23BD0002,2025E,2026-02-19,5000000,5000000,Lunas,Transfer Bank
PAY0012646,23BD0003,2025E,2026-03-02,5000000,5000000,Lunas,E-Wallet
PAY0012647,23BD0004,2025E,2026-02-16,5000000,5000000,Lunas,E-Wallet
PAY0012648,23BD0005,2025E,2026-03-11,5000000,5000000,Lunas,Loket Kampus
PAY0012649,23BD0006,2025E,2026-03-22,5000000,5000000,Lunas,VA Bank
PAY0012650,23BD0007,2025E,2026-03-01,5000000,5000000,Lunas,Loket Kampus
PAY0012651,23BD0008,2025E,21-Mar-2026,5000000,5000000,Lunas,Loket Kampus
PAY0012652,23BD0009,2025E,2026-03-07,5000000,5000000,Lunas,Loket Kampus
PAY0012653,23BD0010,2025E,20/03/2026,5000000,5000000,Lunas,VA Bank
PAY0012654,23BD0011,2025E,2026-03-10,5000000,5000000,Lunas,E-Wallet
PAY0012655,23BD0012,2025E,2026-03-09,5000000,5000000,Lunas,Transfer Bank
PAY0012656,23BD0013,2025E,,5000000,0,Belum Lunas,E-Wallet
PAY0012657,23BD0014,2025E,2026-03-01,5000000,5000000,Lunas,Loket Kampus
PAY0012658,23BD0015,2025E,2026-02-17,5000000,5000000,Lunas,VA Bank
PAY0012659,23BD0016,2025E,2026-02-28,5000000,2500000,Cicilan,VA Bank
PAY0012660,23BD0017,2025E,2026-02-23,5000000,2600000,Cicilan,VA Bank
PAY0012661,23BD0018,2025E,2026-03-24,5000000,5000000,Lunas,Loket Kampus
PAY0012662,23BD0019,2025E,2026-04-01,5000000,5000000,Lunas,Loket Kampus
PAY0012663,23BD0020,2025E,2026-03-17,5000000,5000000,Lunas,Loket Kampus
PAY0012664,23BD0021,2025E,2026-03-07,5000000,5000000,Lunas,VA Bank
PAY0012665,23BD0022,2025E,2026-03-06,5000000,2500000,Cicilan,VA Bank
PAY0012666,23BD0023,2025E,2026-02-22,5000000,5000000,Lunas,VA Bank
PAY0012667,23BD0024,2025E,2026-03-01,5000000,5000000,Lunas,Transfer Bank
PAY0012668,23BD0025,2025E,2026-03-04,5000000,5000000,Lunas,Loket Kampus
PAY0012669,23BD0026,2025E,17/03/2026,5000000,5000000,Lunas,VA Bank
PAY0012670,23BD0027,2025E,2026-03-18,5000000,5000000,Lunas,E-Wallet
PAY0012671,23BD0028,2025E,2026-03-15,5000000,5000000,Lunas,Loket Kampus
PAY0012672,23BD0029,2025E,2026-02-25,5000000,5000000,Lunas,VA Bank
PAY0012673,23BD0030,2025E,10/03/2026,5000000,5000000,Lunas,Transfer Bank
PAY0012674,23BD0031,2025E,18-Mar-2026,5000000,5000000,Lunas,VA Bank
PAY0012675,23BD0032,2025E,2026-03-11,5000000,5000000,Lunas,Transfer Bank
PAY0012676,23BD0033,2025E,2026-03-04,5000000,5000000,Lunas,Transfer Bank
PAY0012677,23BD0034,2025E,2026-03-26,5000000,5000000,Lunas,Transfer Bank
PAY0012678,23BD0035,2025E,2026-03-25,5000000,5000000,Lunas,VA Bank
PAY0012679,23BD0036,2025E,19/02/2026,5000000,5000000,Lunas,E-Wallet
PAY0012680,23BD0037,2025E,2026-03-07,5000000,5000000,Lunas,Transfer Bank
PAY0012681,23BD0038,2025E,27/02/2026,5000000,5000000,Lunas,Transfer Bank
PAY0012682,23BD0039,2025E,2026-03-14,5000000,5000000,Lunas,Transfer Bank
PAY0012683,23BD0040,2025E,31-Mar-2026,5000000,5000000,Lunas,VA Bank
PAY0012684,23BD0041,2025E,2026-03-16,5000000,3000000,Cicilan,VA Bank
PAY0012685,23BD0042,2025E,06-Mar-2026,5000000,5000000,Lunas,Transfer Bank
PAY0012686,23BD0043,2025E,21/03/2026,5000000,5000000,Lunas,VA Bank
PAY0012687,23BD0044,2025E,2026-03-26,5000000,5000000,Lunas,E-Wallet
PAY0012688,23BD0045,2025E,2026-02-17,5000000,5000000,Lunas,Loket Kampus
PAY0012689,23BD0046,2025E,2026-03-22,5000000,5000000,Lunas,Transfer Bank
PAY0012690,23BD0047,2025E,16-Mar-2026,5000000,2400000,Cicilan,Loket Kampus
PAY0012691,23BD0048,2025E,20/02/2026,5000000,5000000,Lunas,Transfer Bank
PAY0012692,23BD0049,2025E,18-Feb-2026,5000000,5000000,Lunas,E-Wallet
PAY0012693,23BD0050,2025E,2026-03-17,5000000,5000000,Lunas,VA Bank
PAY0012694,23BD0051,2025E,08/03/2026,5000000,5000000,Lunas,Transfer Bank
PAY0012695,23BD0052,2025E,2026-03-01,5000000,5000000,Lunas,Transfer Bank
PAY0012696,23BD0053,2025E,17/02/2026,5000000,5000000,Lunas,Transfer Bank
PAY0012697,23BD0054,2025E,2026-02-25,5000000,5000000,Lunas,Transfer Bank
PAY0012698,23BD0055,2025E,,5000000,0,Belum Lunas,VA Bank
PAY0012699,23BD0056,2025E,10-Mar-2026,5000000,5000000,Lunas,Transfer Bank
PAY0012700,23BD0057,2025E,2026-02-17,5000000,5000000,Lunas,E-Wallet
PAY0012701,23BD0058,2025E,14/03/2026,5000000,5000000,Lunas,E-Wallet
PAY0012702,23BD0059,2025E,2026-03-25,5000000,5000000,Lunas,E-Wallet
PAY0012703,23BD0060,2025E,2026-02-25,5000000,5000000,Lunas,VA Bank
PAY0012704,23BD0061,2025E,2026-03-06,5000000,5000000,Lunas,Transfer Bank
PAY0012705,23BD0062,2025E,23/03/2026,5000000,5000000,Lunas,Loket Kampus
PAY0012706,23BD0063,2025E,2026-03-09,5000000,5000000,Lunas,Loket Kampus
PAY0012707,23BD0064,2025E,2026-03-02,5000000,5000000,Lunas,Loket Kampus
PAY0012708,23BD0065,2025E,06/03/2026,5000000,5000000,Lunas,VA Bank
PAY0012709,23BD0066,2025E,2026-03-15,5000000,5000000,Lunas,Transfer Bank
PAY0012710,23BD0067,2025E,2026-03-09,5000000,5000000,Lunas,Loket Kampus
PAY0012711,23BD0068,2025E,01/04/2026,5000000,5000000,Lunas,Loket Kampus
PAY0012712,23BD0069,2025E,2026-03-26,5000000,5000000,Lunas,Transfer Bank
PAY0012713,23BD0070,2025E,2026-03-02,5000000,5000000,Lunas,E-Wallet
PAY0012714,23BD0071,2025E,2026-03-25,5000000,5000000,Lunas,VA Bank
PAY0012715,23BD0072,2025E,2026-03-05,5000000,5000000,Lunas,E-Wallet
PAY0012716,23BD0073,2025E,2026-03-25,5000000,5000000,Lunas,Loket Kampus
PAY0012717,23BD0074,2025E,2026-03-24,5000000,5000000,Lunas,Transfer Bank
PAY0012718,23BD0075,2025E,19/02/2026,5000000,5000000,Lunas,Transfer Bank
PAY0012719,24TI0001,2025E,2026-02-18,5500000,5500000,Lunas,VA Bank
PAY0012720,24TI0002,2025E,2026-02-16,5500000,2500000,Cicilan,Loket Kampus
PAY0012721,24TI0003,2025E,16/03/2026,5500000,5500000,Lunas,Transfer Bank
PAY0012722,24TI0004,2025E,2026-03-18,5500000,5500000,Lunas,E-Wallet
PAY0012723,24TI0005,2025E,2026-03-28,5500000,2100000,Cicilan,E-Wallet
PAY0012724,24TI0006,2025E,2026-03-11,5500000,5500000,Lunas,VA Bank
PAY0012725,24TI0007,2025E,2026-03-10,5500000,5500000,Lunas,VA Bank
PAY0012726,24TI0008,2025E,01-Apr-2026,5500000,3000000,Cicilan,E-Wallet
PAY0012727,24TI0009,2025E,2026-03-30,5500000,2800000,Cicilan,E-Wallet
PAY0012728,24TI0010,2025E,2026-03-07,5500000,5500000,Lunas,E-Wallet
PAY0012729,24TI0011,2025E,17/02/2026,5500000,5500000,Lunas,VA Bank
PAY0012730,24TI0012,2025E,04/03/2026,5500000,5500000,Lunas,E-Wallet
PAY0012731,24TI0013,2025E,2026-03-15,5500000,5500000,Lunas,E-Wallet
PAY0012732,24TI0014,2025E,2026-02-16,5500000,5500000,Lunas,E-Wallet
PAY0012733,24TI0015,2025E,2026-03-24,5500000,5500000,Lunas,Transfer Bank
PAY0012734,24TI0017,2025E,27-Mar-2026,5500000,5500000,Lunas,E-Wallet
PAY0012735,24TI0018,2025E,2026-03-10,5500000,5500000,Lunas,E-Wallet
PAY0012736,24TI0019,2025E,2026-02-19,5500000,5500000,Lunas,VA Bank
PAY0012737,24TI0020,2025E,2026-04-01,5500000,5500000,Lunas,Loket Kampus
PAY0012738,24TI0021,2025E,2026-02-15,5500000,5500000,Lunas,Transfer Bank
PAY0012739,24TI0022,2025E,2026-03-12,5500000,5500000,Lunas,E-Wallet
PAY0012740,24TI0023,2025E,2026-03-01,5500000,5500000,Lunas,E-Wallet
PAY0012741,24TI0024,2025E,07/03/2026,5500000,5500000,Lunas,Loket Kampus
PAY0012742,24TI0025,2025E,13/03/2026,5500000,5500000,Lunas,Loket Kampus
PAY0012743,24TI0026,2025E,2026-03-26,5500000,5500000,Lunas,Loket Kampus
PAY0012744,24TI0027,2025E,2026-03-26,5500000,5500000,Lunas,E-Wallet
PAY0012745,24TI0028,2025E,2026-02-25,5500000,5500000,Lunas,Loket Kampus
PAY0012746,24TI0029,2025E,2026-02-26,5500000,5500000,Lunas,VA Bank
PAY0012747,24TI0030,2025E,2026-04-01,5500000,5500000,Lunas,E-Wallet
PAY0012748,24TI0031,2025E,2026-03-17,5500000,5500000,Lunas,E-Wallet
PAY0012749,24TI0032,2025E,02/03/2026,5500000,5500000,Lunas,Loket Kampus
PAY0012750,24TI0033,2025E,23-Mar-2026,5500000,5500000,Lunas,Transfer Bank
PAY0012751,24TI0034,2025E,02-Mar-2026,5500000,5500000,Lunas,Loket Kampus
PAY0012752,24TI0035,2025E,2026-03-30,5500000,5500000,Lunas,Loket Kampus
PAY0012753,24TI0036,2025E,2026-03-29,5700000,5700000,Lunas,VA Bank
PAY0012754,24TI0037,2025E,2026-03-28,5500000,5500000,Lunas,VA Bank
PAY0012755,24TI0038,2025E,2026-03-08,5500000,5500000,Lunas,Transfer Bank
PAY0012756,24TI0039,2025E,2026-02-24,5500000,5500000,Lunas,VA Bank
PAY0012757,24TI0040,2025E,17/03/2026,5500000,5500000,Lunas,VA Bank
PAY0012758,24TI0041,2025E,2026-02-20,5500000,5500000,Lunas,VA Bank
PAY0012759,24TI0042,2025E,22/03/2026,5500000,5500000,Lunas,VA Bank
PAY0012760,24TI0043,2025E,2026-03-31,5500000,5500000,Lunas,Transfer Bank
PAY0012761,24TI0044,2025E,15/03/2026,5500000,5500000,Lunas,Loket Kampus
PAY0012762,24TI0045,2025E,,5500000,0,Belum Lunas,Loket Kampus
PAY0012763,24TI0046,2025E,2026-02-23,5500000,5500000,Lunas,Transfer Bank
PAY0012764,24TI0047,2025E,2026-02-20,5500000,5500000,Lunas,VA Bank
PAY0012765,24TI0048,2025E,27-Mar-2026,5500000,5500000,Lunas,Loket Kampus
PAY0012766,24TI0049,2025E,2026-03-26,5500000,5500000,Lunas,Transfer Bank
PAY0012767,24TI0050,2025E,2026-03-10,5500000,5500000,Lunas,Transfer Bank
PAY0012768,24TI0051,2025E,2026-03-02,5500000,5500000,Lunas,Transfer Bank
PAY0012769,24TI0052,2025E,2026-03-23,5500000,2200000,Cicilan,E-Wallet
PAY0012770,24TI0053,2025E,2026-03-25,5500000,5500000,Lunas,Transfer Bank
PAY0012771,24TI0054,2025E,2026-03-04,5500000,5500000,Lunas,VA Bank
PAY0012772,24TI0055,2025E,2026-03-03,5500000,5500000,Lunas,VA Bank
PAY0012773,24TI0056,2025E,2026-03-12,5500000,3500000,Cicilan,VA Bank
PAY0012774,24TI0057,2025E,30-Mar-2026,5500000,5500000,Lunas,E-Wallet
PAY0012775,24TI0058,2025E,2026-02-24,5500000,5500000,Lunas,VA Bank
PAY0012776,24TI0059,2025E,2026-03-23,5500000,5500000,Lunas,Transfer Bank
PAY0012777,24TI0060,2025E,17/03/2026,5500000,5500000,Lunas,Transfer Bank
PAY0012778,24TI0061,2025E,2026-02-26,5500000,5500000,Lunas,E-Wallet
PAY0012779,24TI0062,2025E,2026-03-04,5500000,5500000,Lunas,E-Wallet
PAY0012780,24TI0063,2025E,2026-03-02,5500000,5500000,Lunas,Loket Kampus
PAY0012781,24TI0064,2025E,14/03/2026,5500000,3900000,Cicilan,Transfer Bank
PAY0012782,24TI0065,2025E,14-Mar-2026,5500000,5500000,Lunas,VA Bank
PAY0012783,24TI0066,2025E,23-Feb-2026,5500000,5500000,Lunas,E-Wallet
PAY0012784,24TI0067,2025E,26/03/2026,5500000,5500000,Lunas,VA Bank
PAY0012785,24TI0068,2025E,2026-02-17,5500000,5500000,Lunas,E-Wallet
PAY0012786,24TI0069,2025E,01/04/2026,5500000,5500000,Lunas,E-Wallet
PAY0012787,24TI0070,2025E,2026-03-11,5500000,5500000,Lunas,Transfer Bank
PAY0012788,24TI0071,2025E,15/03/2026,5500000,5500000,Lunas,E-Wallet
PAY0012789,24TI0072,2025E,25-Mar-2026,5500000,5500000,Lunas,Transfer Bank
PAY0012790,24TI0073,2025E,,5500000,0,Belum Lunas,VA Bank
PAY0012791,24TI0074,2025E,2026-02-20,5500000,5500000,Lunas,E-Wallet
PAY0012792,24TI0075,2025E,2026-03-13,5500000,5500000,Lunas,Transfer Bank
PAY0012793,24TI0076,2025E,2026-02-15,5500000,5500000,Lunas,E-Wallet
PAY0012794,24TI0077,2025E,2026-03-05,5500000,5500000,Lunas,Loket Kampus
PAY0012795,24TI0078,2025E,2026-02-24,5500000,5500000,Lunas,VA Bank
PAY0012796,24TI0079,2025E,01/03/2026,5500000,3200000,Cicilan,VA Bank
PAY0012797,24TI0080,2025E,2026-03-07,5500000,3700000,Cicilan,Transfer Bank
PAY0012798,24TI0081,2025E,,5500000,0,Belum Lunas,Loket Kampus
PAY0012799,24TI0082,2025E,2026-02-26,5500000,5500000,Lunas,Loket Kampus
PAY0012800,24TI0083,2025E,2026-03-28,5500000,5500000,Lunas,E-Wallet
PAY0012801,24TI0084,2025E,2026-03-31,5500000,5500000,Lunas,Transfer Bank
PAY0012802,24TI0085,2025E,2026-03-18,5500000,5500000,Lunas,VA Bank
PAY0012803,24TI0086,2025E,2026-03-07,5500000,5500000,Lunas,Transfer Bank
PAY0012804,24TI0087,2025E,2026-03-18,5500000,5500000,Lunas,VA Bank
PAY0012805,24TI0088,2025E,2026-02-15,5500000,5500000,Lunas,Transfer Bank
PAY0012806,24TI0089,2025E,28/02/2026,5500000,5500000,Lunas,VA Bank
PAY0012807,24TI0090,2025E,2026-03-06,5500000,5500000,Lunas,Loket Kampus
PAY0012808,24TI0091,2025E,25-Feb-2026,5500000,5500000,Lunas,Loket Kampus
PAY0012809,24TI0092,2025E,2026-03-30,5500000,5500000,Lunas,E-Wallet
PAY0012810,24TI0093,2025E,2026-03-24,5250000,5250000,Lunas,Loket Kampus
PAY0012811,24TI0094,2025E,26-Mar-2026,5500000,5500000,Lunas,Transfer Bank
PAY0012812,24TI0095,2025E,2026-03-08,5500000,5500000,Lunas,Loket Kampus
PAY0012813,24TI0096,2025E,20-Mar-2026,5500000,2700000,Cicilan,E-Wallet
PAY0012814,24TI0097,2025E,01-Mar-2026,5500000,5500000,Lunas,Transfer Bank
PAY0012815,24TI0098,2025E,2026-03-29,5500000,5500000,Lunas,E-Wallet
PAY0012816,24TI0099,2025E,2026-03-26,5500000,5500000,Lunas,Loket Kampus
PAY0012817,24SI0001,2025E,28/03/2026,5250000,5250000,Lunas,E-Wallet
PAY0012818,24SI0002,2025E,2026-03-20,5250000,5250000,Lunas,VA Bank
PAY0012819,24SI0003,2025E,2026-03-27,5250000,5250000,Lunas,Loket Kampus
PAY0012820,24SI0004,2025E,2026-03-23,5250000,5250000,Lunas,VA Bank
PAY0012821,24SI0005,2025E,02/03/2026,5250000,3000000,Cicilan,VA Bank
PAY0012822,24SI0006,2025E,,5250000,0,Belum Lunas,E-Wallet
PAY0012823,24SI0007,2025E,2026-02-15,5250000,5250000,Lunas,Loket Kampus
PAY0012824,24SI0008,2025E,2026-03-13,5250000,5250000,Lunas,Transfer Bank
PAY0012825,24SI0009,2025E,2026-03-14,5250000,5250000,Lunas,E-Wallet
PAY0012826,24SI0010,2025E,26-Feb-2026,5250000,5250000,Lunas,Transfer Bank
PAY0012827,24SI0011,2025E,2026-03-12,5250000,2000000,Cicilan,VA Bank
PAY0012828,24SI0012,2025E,2026-03-12,5250000,5250000,Lunas,E-Wallet
PAY0012829,24SI0013,2025E,04-Mar-2026,5250000,5250000,Lunas,E-Wallet
PAY0012830,24SI0014,2025E,2026-03-03,5250000,5250000,Lunas,VA Bank
PAY0012831,24SI0015,2025E,,5250000,0,Belum Lunas,VA Bank
PAY0012832,24SI0016,2025E,2026-02-28,5250000,5250000,Lunas,Loket Kampus
PAY0012833,24SI0017,2025E,2026-03-07,5250000,5250000,Lunas,Transfer Bank
PAY0012834,24SI0018,2025E,25/03/2026,5250000,5250000,Lunas,Loket Kampus
PAY0012835,24SI0019,2025E,,5250000,0,Belum Lunas,E-Wallet
PAY0012836,24SI0020,2025E,26-Mar-2026,5250000,5250000,Lunas,VA Bank
PAY0012837,24SI0021,2025E,19/03/2026,5250000,5250000,Lunas,Transfer Bank
PAY0012838,24SI0022,2025E,27/03/2026,5250000,5250000,Lunas,VA Bank
PAY0012839,24SI0023,2025E,31-Mar-2026,5250000,5250000,Lunas,E-Wallet
PAY0012840,24SI0024,2025E,21/03/2026,5250000,2800000,Cicilan,VA Bank
PAY0012841,24SI0025,2025E,2026-03-22,5250000,5250000,Lunas,VA Bank
PAY0012842,24SI0026,2025E,2026-03-30,5250000,5250000,Lunas,E-Wallet
PAY0012843,24SI0027,2025E,2026-03-29,5250000,5250000,Lunas,Transfer Bank
PAY0012844,24SI0028,2025E,2026-03-03,5250000,5250000,Lunas,VA Bank
PAY0012845,24SI0029,2025E,2026-02-26,5250000,5250000,Lunas,E-Wallet
PAY0012846,24SI0030,2025E,2026-02-16,5250000,5250000,Lunas,Transfer Bank
PAY0012847,24SI0031,2025E,15/03/2026,5250000,5250000,Lunas,Loket Kampus
PAY0012848,24SI0032,2025E,2026-03-31,5250000,5250000,Lunas,E-Wallet
PAY0012849,24SI0033,2025E,2026-02-19,5250000,5250000,Lunas,Transfer Bank
PAY0012850,24SI0034,2025E,2026-03-30,5250000,5250000,Lunas,E-Wallet
PAY0012851,24SI0035,2025E,13/03/2026,5250000,5250000,Lunas,Loket Kampus
PAY0012852,24SI0036,2025E,2026-02-18,5250000,5250000,Lunas,Loket Kampus
PAY0012853,24SI0037,2025E,2026-03-29,5250000,5250000,Lunas,VA Bank
PAY0012854,24SI0038,2025E,09-Mar-2026,5250000,5250000,Lunas,Loket Kampus
PAY0012855,24SI0039,2025E,2026-03-07,5250000,5250000,Lunas,Transfer Bank
PAY0012856,24SI0040,2025E,04-Mar-2026,5250000,5250000,Lunas,VA Bank
PAY0012857,24SI0041,2025E,2026-02-15,5250000,5250000,Lunas,Loket Kampus
PAY0012858,24SI0042,2025E,2026-02-27,5250000,3500000,Cicilan,Transfer Bank
PAY0012859,24SI0043,2025E,2026-02-19,5250000,5250000,Lunas,E-Wallet
PAY0012860,24SI0044,2025E,04/03/2026,5250000,5250000,Lunas,Loket Kampus
PAY0012861,24SI0045,2025E,,5250000,0,Belum Lunas,E-Wallet
PAY0012862,24SI0046,2025E,2026-03-15,5250000,5250000,Lunas,E-Wallet
PAY0012863,24SI0047,2025E,2026-03-02,5250000,5250000,Lunas,Transfer Bank
PAY0012864,24SI0048,2025E,27/02/2026,5250000,5250000,Lunas,Loket Kampus
PAY0012865,24SI0049,2025E,13/03/2026,5250000,5250000,Lunas,Loket Kampus
PAY0012866,24SI0050,2025E,08-Mar-2026,5250000,5250000,Lunas,E-Wallet
PAY0012867,24SI0051,2025E,2026-03-15,5250000,5250000,Lunas,Transfer Bank
PAY0012868,24SI0052,2025E,2026-03-04,5250000,5250000,Lunas,E-Wallet
PAY0012869,24SI0053,2025E,2026-03-09,5250000,5250000,Lunas,VA Bank
PAY0012870,24SI0054,2025E,26/02/2026,5250000,5250000,Lunas,VA Bank
PAY0012871,24SI0055,2025E,,5250000,0,Belum Lunas,E-Wallet
PAY0012872,24SI0056,2025E,2026-03-06,5250000,5250000,Lunas,VA Bank
PAY0012873,24SI0057,2025E,2026-02-25,5250000,5250000,Lunas,E-Wallet
PAY0012874,24SI0058,2025E,11/03/2026,5250000,3700000,Cicilan,VA Bank
PAY0012875,24SI0059,2025E,2026-03-01,5250000,5250000,Lunas,Loket Kampus
PAY0012876,24SI0060,2025E,2026-02-22,5250000,5250000,Lunas,E-Wallet
PAY0012877,24SI0061,2025E,2026-03-13,5250000,5250000,Lunas,E-Wallet
PAY0012878,24SI0062,2025E,12/03/2026,5250000,5250000,Lunas,VA Bank
PAY0012879,24SI0063,2025E,2026-03-30,6000000,6000000,Lunas,E-Wallet
PAY0012880,24SI0064,2025E,2026-03-11,5250000,5250000,Lunas,E-Wallet
PAY0012881,24SI0065,2025E,2026-03-07,5250000,5250000,Lunas,VA Bank
PAY0012882,24SI0066,2025E,2026-03-29,5250000,5250000,Lunas,Transfer Bank
PAY0012883,24SI0067,2025E,2026-03-24,5250000,5250000,Lunas,E-Wallet
PAY0012884,24SI0068,2025E,2026-03-29,5250000,5250000,Lunas,VA Bank
PAY0012885,24SI0069,2025E,15/03/2026,5250000,5250000,Lunas,E-Wallet
PAY0012886,24SI0070,2025E,16/03/2026,5250000,5250000,Lunas,VA Bank
PAY0012887,24SI0071,2025E,23/02/2026,5250000,5250000,Lunas,E-Wallet
PAY0012888,24SI0072,2025E,2026-03-09,5250000,5250000,Lunas,Transfer Bank
PAY0012889,24SI0073,2025E,2026-03-06,5250000,5250000,Lunas,E-Wallet
PAY0012890,24SI0074,2025E,2026-03-18,5250000,5250000,Lunas,Loket Kampus
PAY0012891,24SI0075,2025E,2026-03-03,5250000,5250000,Lunas,Loket Kampus
PAY0012892,24SI0076,2025E,2026-03-15,5250000,2000000,Cicilan,E-Wallet
PAY0012893,24SI0077,2025E,04/03/2026,5250000,5250000,Lunas,Transfer Bank
PAY0012894,24SI0078,2025E,25-Mar-2026,5250000,5250000,Lunas,E-Wallet
PAY0012895,24SI0079,2025E,2026-03-25,5250000,5250000,Lunas,VA Bank
PAY0012896,24SI0080,2025E,2026-02-25,5250000,5250000,Lunas,VA Bank
PAY0012897,24SI0081,2025E,2026-03-25,5250000,5250000,Lunas,E-Wallet
PAY0012898,24SI0082,2025E,2026-03-28,5250000,5250000,Lunas,VA Bank
PAY0012899,24SI0083,2025E,2026-03-08,5250000,5250000,Lunas,E-Wallet
PAY0012900,24SI0085,2025E,11/03/2026,5250000,5250000,Lunas,Loket Kampus
PAY0012901,24SI0086,2025E,17/03/2026,5250000,5250000,Lunas,E-Wallet
PAY0012902,24SI0087,2025E,2026-02-27,5250000,5250000,Lunas,Loket Kampus
PAY0012903,24SI0088,2025E,01/04/2026,5250000,5250000,Lunas,Transfer Bank
PAY0012904,24SI0089,2025E,25/03/2026,5250000,5250000,Lunas,Transfer Bank
PAY0012905,24SI0090,2025E,2026-02-20,5250000,5250000,Lunas,VA Bank
PAY0012906,24SI0091,2025E,2026-02-27,5250000,5250000,Lunas,Loket Kampus
PAY0012907,24SI0092,2025E,2026-03-12,5250000,5250000,Lunas,Transfer Bank
PAY0012908,24SI0093,2025E,2026-03-09,5250000,2600000,Cicilan,Transfer Bank
PAY0012909,24SI0094,2025E,2026-02-16,5250000,5250000,Lunas,Loket Kampus
PAY0012910,24IF0001,2025E,2026-02-23,5750000,5750000,Lunas,E-Wallet
PAY0012911,24IF0002,2025E,22/02/2026,5750000,5750000,Lunas,VA Bank
PAY0012912,24IF0003,2025E,2026-03-12,5750000,4300000,Cicilan,Loket Kampus
PAY0012913,24IF0004,2025E,2026-02-17,5750000,5750000,Lunas,Loket Kampus
PAY0012914,24IF0005,2025E,2026-02-26,5750000,5750000,Lunas,E-Wallet
PAY0012915,24IF0006,2025E,2026-03-13,5750000,3600000,Cicilan,Transfer Bank
PAY0012916,24IF0007,2025E,04/03/2026,5750000,3100000,Cicilan,Loket Kampus
PAY0012917,24IF0008,2025E,20/03/2026,5750000,5750000,Lunas,Loket Kampus
PAY0012918,24IF0009,2025E,2026-02-15,5750000,5750000,Lunas,VA Bank
PAY0012919,24IF0010,2025E,2026-02-28,5750000,5750000,Lunas,Loket Kampus
PAY0012920,24IF0011,2025E,18/02/2026,5750000,5750000,Lunas,Loket Kampus
PAY0012921,24IF0012,2025E,2026-03-29,5750000,5750000,Lunas,Transfer Bank
PAY0012922,24IF0013,2025E,10/03/2026,5750000,4100000,Cicilan,Loket Kampus
PAY0012923,24IF0014,2025E,2026-02-24,5750000,5750000,Lunas,Loket Kampus
PAY0012924,24IF0015,2025E,2026-03-14,5750000,3400000,Cicilan,Transfer Bank
PAY0012925,24IF0016,2025E,2026-03-05,5750000,5750000,Lunas,VA Bank
PAY0012926,24IF0017,2025E,2026-03-05,5750000,5750000,Lunas,Transfer Bank
PAY0012927,24IF0018,2025E,2026-03-16,5750000,5750000,Lunas,VA Bank
PAY0012928,24IF0019,2025E,2026-03-13,5750000,5750000,Lunas,Loket Kampus
PAY0012929,24IF0020,2025E,2026-03-07,5750000,5750000,Lunas,E-Wallet
PAY0012930,24IF0021,2025E,2026-03-18,5750000,5750000,Lunas,Transfer Bank
PAY0012931,24IF0022,2025E,2026-02-18,5750000,5750000,Lunas,Transfer Bank
PAY0012932,24IF0023,2025E,,5750000,0,Belum Lunas,Loket Kampus
PAY0012933,24IF0024,2025E,2026-02-28,5750000,5750000,Lunas,E-Wallet
PAY0012934,24IF0025,2025E,08/03/2026,5750000,5750000,Lunas,Transfer Bank
PAY0012935,24IF0026,2025E,2026-03-17,5750000,5750000,Lunas,VA Bank
PAY0012936,24IF0027,2025E,2026-02-25,5750000,5750000,Lunas,VA Bank
PAY0012937,24IF0028,2025E,2026-02-17,5750000,5750000,Lunas,E-Wallet
PAY0012938,24IF0029,2025E,2026-03-14,5750000,5750000,Lunas,Loket Kampus
PAY0012939,24IF0030,2025E,18/03/2026,5750000,5750000,Lunas,Transfer Bank
PAY0012940,24IF0031,2025E,06-Mar-2026,5750000,5750000,Lunas,Transfer Bank
PAY0012941,24IF0032,2025E,2026-03-11,5750000,5750000,Lunas,Transfer Bank
PAY0012942,24IF0033,2025E,20/02/2026,5750000,5750000,Lunas,E-Wallet
PAY0012943,24IF0034,2025E,2026-03-31,5750000,5750000,Lunas,E-Wallet
PAY0012944,24IF0035,2025E,2026-03-20,5750000,5750000,Lunas,Loket Kampus
PAY0012945,24IF0036,2025E,2026-03-24,5750000,5750000,Lunas,Transfer Bank
PAY0012946,24IF0037,2025E,25-Mar-2026,5750000,5750000,Lunas,Loket Kampus
PAY0012947,24IF0038,2025E,2026-02-27,5750000,5750000,Lunas,E-Wallet
PAY0012948,24IF0039,2025E,2026-03-27,5750000,5750000,Lunas,VA Bank
PAY0012949,24IF0040,2025E,2026-03-21,5750000,5750000,Lunas,VA Bank
PAY0012950,24IF0041,2025E,2026-03-13,5750000,5750000,Lunas,VA Bank
PAY0012951,24IF0042,2025E,28/02/2026,5750000,5750000,Lunas,Transfer Bank
PAY0012952,24IF0043,2025E,28/02/2026,5750000,5750000,Lunas,Transfer Bank
PAY0012953,24IF0044,2025E,2026-03-25,5750000,5750000,Lunas,Loket Kampus
PAY0012954,24IF0045,2025E,23/03/2026,5750000,5750000,Lunas,Loket Kampus
PAY0012955,24IF0046,2025E,,5750000,0,Belum Lunas,Loket Kampus
PAY0012956,24IF0047,2025E,22-Mar-2026,5750000,5750000,Lunas,Loket Kampus
PAY0012957,24IF0048,2025E,2026-03-01,5750000,5750000,Lunas,VA Bank
PAY0012958,24IF0049,2025E,17-Feb-2026,5750000,5750000,Lunas,Transfer Bank
PAY0012959,24IF0050,2025E,2026-03-02,5750000,5750000,Lunas,Loket Kampus
PAY0012960,24IF0051,2025E,2026-03-21,5750000,5750000,Lunas,E-Wallet
PAY0012961,24IF0052,2025E,2026-03-19,5750000,5750000,Lunas,Loket Kampus
PAY0012962,24IF0053,2025E,2026-03-25,5750000,5750000,Lunas,Loket Kampus
PAY0012963,24IF0054,2025E,20-Mar-2026,5750000,5750000,Lunas,Transfer Bank
PAY0012964,24IF0055,2025E,2026-02-19,5750000,5750000,Lunas,E-Wallet
PAY0012965,24IF0056,2025E,2026-03-04,5750000,5750000,Lunas,Loket Kampus
PAY0012966,24IF0057,2025E,2026-03-23,5750000,5750000,Lunas,E-Wallet
PAY0012967,24IF0058,2025E,16/03/2026,5750000,5750000,Lunas,VA Bank
PAY0012968,24IF0059,2025E,2026-03-27,5750000,3600000,Cicilan,Transfer Bank
PAY0012969,24IF0060,2025E,31/03/2026,5750000,3200000,Cicilan,E-Wallet
PAY0012970,24IF0061,2025E,2026-03-15,5750000,5750000,Lunas,E-Wallet
PAY0012971,24IF0062,2025E,,5750000,0,Belum Lunas,Transfer Bank
PAY0012972,24IF0063,2025E,2026-02-25,5750000,5750000,Lunas,VA Bank
PAY0012973,24IF0064,2025E,2026-03-26,5750000,5750000,Lunas,Transfer Bank
PAY0012974,24IF0065,2025E,26/02/2026,5750000,5750000,Lunas,E-Wallet
PAY0012975,24IF0066,2025E,05/03/2026,5750000,5750000,Lunas,Loket Kampus
PAY0012976,24IF0067,2025E,2026-03-17,5750000,5750000,Lunas,Transfer Bank
PAY0012977,24IF0068,2025E,,5750000,0,Belum Lunas,VA Bank
PAY0012978,24IF0069,2025E,2026-02-23,5750000,5750000,Lunas,VA Bank
PAY0012979,24IF0070,2025E,07-Mar-2026,5750000,5750000,Lunas,Loket Kampus
PAY0012980,24IF0071,2025E,2026-03-25,5750000,5750000,Lunas,Transfer Bank
PAY0012981,24IF0072,2025E,2026-03-01,5750000,5750000,Lunas,E-Wallet
PAY0012982,24IF0073,2025E,09/03/2026,5750000,5750000,Lunas,Transfer Bank
PAY0012983,24IF0074,2025E,2026-02-26,5750000,5750000,Lunas,Transfer Bank
PAY0012984,24IF0075,2025E,2026-03-11,5750000,5750000,Lunas,Loket Kampus
PAY0012985,24IF0076,2025E,2026-03-26,5750000,5750000,Lunas,E-Wallet
PAY0012986,24IF0077,2025E,2026-04-01,5750000,5750000,Lunas,VA Bank
PAY0012987,24IF0078,2025E,2026-03-31,5750000,5750000,Lunas,Transfer Bank
PAY0012988,24IF0079,2025E,2026-03-10,5750000,5750000,Lunas,E-Wallet
PAY0012989,24IF0080,2025E,2026-03-10,5750000,5750000,Lunas,Transfer Bank
PAY0012990,24IF0081,2025E,09-Mar-2026,5750000,5750000,Lunas,Loket Kampus
PAY0012991,24IF0082,2025E,2026-03-23,5750000,5750000,Lunas,VA Bank
PAY0012992,24IF0083,2025E,01/04/2026,5750000,5750000,Lunas,E-Wallet
PAY0012993,24IF0084,2025E,22/03/2026,5750000,5750000,Lunas,Transfer Bank
PAY0012994,24IF0085,2025E,2026-02-19,5750000,5750000,Lunas,VA Bank
PAY0012995,24IF0086,2025E,2026-02-27,5750000,5750000,Lunas,Transfer Bank
PAY0012996,24IF0087,2025E,31/03/2026,5750000,5750000,Lunas,Loket Kampus
PAY0012997,24IF0088,2025E,,5750000,0,Belum Lunas,Loket Kampus
PAY0012998,24IF0089,2025E,2026-03-08,5750000,5750000,Lunas,Loket Kampus
PAY0012999,24IF0090,2025E,2026-03-28,5750000,5750000,Lunas,VA Bank
PAY0013000,24IF0091,2025E,17/02/2026,5750000,5750000,Lunas,E-Wallet
PAY0013001,24IF0092,2025E,2026-03-31,5750000,5750000,Lunas,E-Wallet
PAY0013002,24IF0093,2025E,2026-04-01,5750000,5750000,Lunas,VA Bank
PAY0013003,24IF0094,2025E,18/03/2026,5750000,5750000,Lunas,VA Bank
PAY0013004,24IF0095,2025E,29/03/2026,5750000,5750000,Lunas,E-Wallet
PAY0013005,24IF0096,2025E,2026-04-01,5750000,5750000,Lunas,VA Bank
PAY0013006,24IF0097,2025E,,5750000,0,Belum Lunas,Transfer Bank
PAY0013007,24IF0098,2025E,2026-03-18,5750000,5750000,Lunas,Loket Kampus
PAY0013008,24IF0099,2025E,2026-03-10,5750000,5750000,Lunas,Transfer Bank
PAY0013009,24DS0001,2025E,2026-02-28,6000000,6000000,Lunas,Transfer Bank
PAY0013010,24DS0002,2025E,2026-03-29,6000000,6000000,Lunas,Loket Kampus
PAY0013011,24DS0003,2025E,2026-03-02,6000000,6000000,Lunas,E-Wallet
PAY0013012,24DS0004,2025E,2026-03-16,6000000,6000000,Lunas,E-Wallet
PAY0013013,24DS0005,2025E,2026-03-27,6000000,6000000,Lunas,VA Bank
PAY0013014,24DS0006,2025E,2026-03-29,6000000,6000000,Lunas,E-Wallet
PAY0013015,24DS0007,2025E,2026-03-02,6000000,6000000,Lunas,Loket Kampus
PAY0013016,24DS0008,2025E,2026-03-06,6000000,6000000,Lunas,Loket Kampus
PAY0013017,24DS0009,2025E,2026-03-08,6000000,6000000,Lunas,Loket Kampus
PAY0013018,24DS0010,2025E,2026-02-20,6000000,6000000,Lunas,Transfer Bank
PAY0013019,24DS0011,2025E,2026-03-15,6000000,6000000,Lunas,E-Wallet
PAY0013020,24DS0012,2025E,2026-02-20,6000000,6000000,Lunas,Loket Kampus
PAY0013021,24DS0013,2025E,16/03/2026,6000000,6000000,Lunas,E-Wallet
PAY0013022,24DS0014,2025E,2026-03-21,6000000,6000000,Lunas,Loket Kampus
PAY0013023,24DS0015,2025E,,6000000,0,Belum Lunas,E-Wallet
PAY0013024,24DS0016,2025E,2026-03-30,6000000,6000000,Lunas,VA Bank
PAY0013025,24DS0017,2025E,23/03/2026,6000000,6000000,Lunas,Transfer Bank
PAY0013026,24DS0018,2025E,2026-02-20,6000000,6000000,Lunas,E-Wallet
PAY0013027,24DS0019,2025E,2026-03-16,6000000,4200000,Cicilan,VA Bank
PAY0013028,24DS0020,2025E,2026-02-24,6000000,6000000,Lunas,Transfer Bank
PAY0013029,24DS0021,2025E,2026-02-28,6000000,6000000,Lunas,E-Wallet
PAY0013030,24DS0022,2025E,2026-03-06,6000000,2300000,Cicilan,Transfer Bank
PAY0013031,24DS0023,2025E,09/03/2026,6000000,6000000,Lunas,VA Bank
PAY0013032,24DS0024,2025E,20/03/2026,6000000,3700000,Cicilan,VA Bank
PAY0013033,24DS0025,2025E,2026-03-01,6000000,6000000,Lunas,Transfer Bank
PAY0013034,24DS0026,2025E,2026-03-17,6000000,6000000,Lunas,Transfer Bank
PAY0013035,24DS0027,2025E,2026-03-22,6000000,6000000,Lunas,Loket Kampus
PAY0013036,24DS0028,2025E,2026-03-08,6000000,6000000,Lunas,E-Wallet
PAY0013037,24DS0029,2025E,24-Feb-2026,6000000,6000000,Lunas,E-Wallet
PAY0013038,24DS0030,2025E,2026-02-17,6000000,6000000,Lunas,Transfer Bank
PAY0013039,24DS0031,2025E,2026-03-12,6000000,6000000,Lunas,Transfer Bank
PAY0013040,24DS0032,2025E,28/03/2026,6000000,6000000,Lunas,VA Bank
PAY0013041,24DS0033,2025E,2026-03-02,6000000,6000000,Lunas,Transfer Bank
PAY0013042,24DS0034,2025E,2026-03-11,6000000,6000000,Lunas,Transfer Bank
PAY0013043,24DS0035,2025E,2026-02-16,6000000,6000000,Lunas,E-Wallet
PAY0013044,24DS0036,2025E,09/03/2026,6000000,6000000,Lunas,Loket Kampus
PAY0013045,24DS0037,2025E,31/03/2026,6000000,6000000,Lunas,E-Wallet
PAY0013046,24DS0038,2025E,17/02/2026,6000000,6000000,Lunas,Loket Kampus
PAY0013047,24DS0039,2025E,22-Feb-2026,6000000,6000000,Lunas,Loket Kampus
PAY0013048,24DS0040,2025E,2026-03-01,6000000,6000000,Lunas,Loket Kampus
PAY0013049,24DS0041,2025E,2026-02-27,6000000,6000000,Lunas,Loket Kampus
PAY0013050,24DS0042,2025E,2026-03-18,6000000,6000000,Lunas,E-Wallet
PAY0013051,24DS0043,2025E,2026-03-19,6000000,6000000,Lunas,E-Wallet
PAY0013052,24DS0044,2025E,2026-03-21,6000000,6000000,Lunas,E-Wallet
PAY0013053,24DS0045,2025E,,6000000,0,Belum Lunas,Transfer Bank
PAY0013054,24DS0046,2025E,2026-03-11,6000000,6000000,Lunas,Loket Kampus
PAY0013055,24DS0047,2025E,2026-03-01,6000000,6000000,Lunas,E-Wallet
PAY0013056,24DS0048,2025E,2026-03-28,6000000,6000000,Lunas,VA Bank
PAY0013057,24DS0049,2025E,20/03/2026,6000000,6000000,Lunas,Loket Kampus
PAY0013058,24DS0050,2025E,2026-03-05,6000000,2500000,Cicilan,Transfer Bank
PAY0013059,24DS0051,2025E,2026-03-14,6000000,6000000,Lunas,E-Wallet
PAY0013060,24DS0052,2025E,2026-02-28,6000000,6000000,Lunas,Transfer Bank
PAY0013061,24DS0053,2025E,2026-03-24,6000000,2900000,Cicilan,VA Bank
PAY0013062,24DS0054,2025E,05/03/2026,6000000,6000000,Lunas,VA Bank
PAY0013063,24DS0055,2025E,,6000000,0,Belum Lunas,Loket Kampus
PAY0013064,24DS0056,2025E,2026-03-26,6000000,6000000,Lunas,Loket Kampus
PAY0013065,24DS0057,2025E,2026-03-21,5750000,5750000,Lunas,VA Bank
PAY0013066,24DS0058,2025E,2026-03-07,6000000,6000000,Lunas,Loket Kampus
PAY0013067,24DS0059,2025E,2026-03-17,6000000,6000000,Lunas,E-Wallet
PAY0013068,24DS0060,2025E,01/03/2026,6000000,6000000,Lunas,E-Wallet
PAY0013069,24DS0061,2025E,2026-02-28,6000000,6000000,Lunas,Loket Kampus
PAY0013070,24DS0062,2025E,28/02/2026,6000000,3200000,Cicilan,VA Bank
PAY0013071,24DS0063,2025E,16-Mar-2026,6000000,6000000,Lunas,VA Bank
PAY0013072,24DS0064,2025E,,6000000,0,Belum Lunas,VA Bank
PAY0013073,24DS0065,2025E,,6000000,0,Belum Lunas,E-Wallet
PAY0013074,24DS0066,2025E,13/03/2026,6000000,6000000,Lunas,E-Wallet
PAY0013075,24DS0067,2025E,31/03/2026,6000000,6000000,Lunas,E-Wallet
PAY0013076,24DS0068,2025E,2026-03-28,6000000,6000000,Lunas,E-Wallet
PAY0013077,24DS0069,2025E,2026-03-28,6000000,2800000,Cicilan,E-Wallet
PAY0013078,24DS0070,2025E,2026-03-04,6000000,6000000,Lunas,E-Wallet
PAY0013079,24DS0071,2025E,2026-03-12,6000000,6000000,Lunas,VA Bank
PAY0013080,24DS0072,2025E,25/02/2026,6000000,6000000,Lunas,E-Wallet
PAY0013081,24DS0073,2025E,2026-02-18,6000000,6000000,Lunas,Loket Kampus
PAY0013082,24DS0074,2025E,2026-03-06,6000000,6000000,Lunas,Transfer Bank
PAY0013083,24DS0075,2025E,2026-03-07,6000000,6000000,Lunas,Transfer Bank
PAY0013084,24DS0076,2025E,2026-03-11,6000000,6000000,Lunas,E-Wallet
PAY0013085,24DS0077,2025E,21/02/2026,6000000,6000000,Lunas,E-Wallet
PAY0013086,24DS0078,2025E,2026-03-31,6000000,6000000,Lunas,Transfer Bank
PAY0013087,24TR0001,2025E,,5700000,0,Belum Lunas,Transfer Bank
PAY0013088,24TR0002,2025E,2026-03-17,5700000,5700000,Lunas,Loket Kampus
PAY0013089,24TR0003,2025E,01-Mar-2026,5700000,5700000,Lunas,Transfer Bank
PAY0013090,24TR0004,2025E,2026-03-02,5700000,5700000,Lunas,Transfer Bank
PAY0013091,24TR0005,2025E,2026-03-17,5700000,4100000,Cicilan,E-Wallet
PAY0013092,24TR0006,2025E,2026-03-07,5700000,5700000,Lunas,VA Bank
PAY0013093,24TR0007,2025E,2026-03-01,5700000,5700000,Lunas,E-Wallet
PAY0013094,24TR0008,2025E,15/03/2026,5700000,5700000,Lunas,VA Bank
PAY0013095,24TR0009,2025E,2026-03-02,5700000,5700000,Lunas,VA Bank
PAY0013096,24TR0010,2025E,2026-02-16,5700000,5700000,Lunas,E-Wallet
PAY0013097,24TR0011,2025E,2026-03-22,5700000,5700000,Lunas,Loket Kampus
PAY0013098,24TR0012,2025E,21/02/2026,5700000,5700000,Lunas,Transfer Bank
PAY0013099,24TR0013,2025E,28/03/2026,5700000,5700000,Lunas,Loket Kampus
PAY0013100,24TR0014,2025E,23/02/2026,5700000,5700000,Lunas,VA Bank
PAY0013101,24TR0015,2025E,2026-03-19,5700000,5700000,Lunas,Transfer Bank
PAY0013102,24TR0016,2025E,2026-03-25,5700000,5700000,Lunas,E-Wallet
PAY0013103,24TR0017,2025E,2026-03-01,5700000,5700000,Lunas,Loket Kampus
PAY0013104,24TR0018,2025E,09/03/2026,5700000,5700000,Lunas,Loket Kampus
PAY0013105,24TR0019,2025E,2026-03-25,5700000,5700000,Lunas,E-Wallet
PAY0013106,24TR0020,2025E,2026-02-26,5250000,5250000,Lunas,E-Wallet
PAY0013107,24TR0021,2025E,07-Mar-2026,5700000,5700000,Lunas,Loket Kampus
PAY0013108,24TR0022,2025E,18-Mar-2026,5700000,5700000,Lunas,Transfer Bank
PAY0013109,24TR0023,2025E,24/02/2026,5700000,5700000,Lunas,Loket Kampus
PAY0013110,24TR0024,2025E,2026-03-24,5700000,5700000,Lunas,E-Wallet
PAY0013111,24TR0025,2025E,,5700000,0,Belum Lunas,Loket Kampus
PAY0013112,24TR0026,2025E,22/03/2026,5700000,5700000,Lunas,Loket Kampus
PAY0013113,24TR0027,2025E,2026-02-23,5700000,5700000,Lunas,Loket Kampus
PAY0013114,24TR0028,2025E,2026-03-18,5700000,5700000,Lunas,Transfer Bank
PAY0013115,24TR0029,2025E,20/03/2026,5700000,5700000,Lunas,E-Wallet
PAY0013116,24TR0030,2025E,2026-02-23,5700000,5700000,Lunas,Transfer Bank
PAY0013117,24TR0031,2025E,2026-02-16,5700000,5700000,Lunas,E-Wallet
PAY0013118,24TR0032,2025E,2026-03-06,5700000,5700000,Lunas,VA Bank
PAY0013119,24TR0033,2025E,2026-03-29,5700000,5700000,Lunas,Transfer Bank
PAY0013120,24TR0034,2025E,2026-02-19,5700000,5700000,Lunas,VA Bank
PAY0013121,24TR0035,2025E,2026-04-01,5700000,5700000,Lunas,Loket Kampus
PAY0013122,24TR0036,2025E,22/02/2026,5700000,5700000,Lunas,VA Bank
PAY0013123,24TR0037,2025E,23-Mar-2026,5700000,5700000,Lunas,Transfer Bank
PAY0013124,24TR0038,2025E,2026-03-10,5700000,5700000,Lunas,Loket Kampus
PAY0013125,24TR0039,2025E,2026-03-03,5700000,5700000,Lunas,Transfer Bank
PAY0013126,24TR0040,2025E,,5700000,0,Belum Lunas,VA Bank
PAY0013127,24TR0041,2025E,,5700000,0,Belum Lunas,E-Wallet
PAY0013128,24TR0042,2025E,2026-03-06,5700000,2600000,Cicilan,E-Wallet
PAY0013129,24TR0043,2025E,2026-03-20,5700000,5700000,Lunas,Loket Kampus
PAY0013130,24TR0044,2025E,2026-03-04,5700000,4200000,Cicilan,Transfer Bank
PAY0013131,24TR0045,2025E,2026-02-21,5700000,5700000,Lunas,VA Bank
PAY0013132,24TR0046,2025E,2026-03-25,5700000,5700000,Lunas,Loket Kampus
PAY0013133,24TR0047,2025E,2026-03-08,5700000,5700000,Lunas,VA Bank
PAY0013134,24TR0048,2025E,2026-03-16,5700000,5700000,Lunas,E-Wallet
PAY0013135,24TR0049,2025E,02-Mar-2026,5700000,2600000,Cicilan,Transfer Bank
PAY0013136,24TR0050,2025E,2026-03-18,5700000,5700000,Lunas,Transfer Bank
PAY0013137,24TR0051,2025E,2026-03-10,5700000,5700000,Lunas,Loket Kampus
PAY0013138,24TR0052,2025E,2026-03-19,5700000,5700000,Lunas,Transfer Bank
PAY0013139,24TR0053,2025E,2026-03-12,5700000,5700000,Lunas,Transfer Bank
PAY0013140,24TR0054,2025E,2026-03-03,5700000,5700000,Lunas,Loket Kampus
PAY0013141,24TR0055,2025E,01-Apr-2026,5700000,5700000,Lunas,Transfer Bank
PAY0013142,24TR0056,2025E,,5700000,0,Belum Lunas,E-Wallet
PAY0013143,24TR0057,2025E,24/02/2026,5700000,5700000,Lunas,VA Bank
PAY0013144,24TR0058,2025E,2026-03-12,5700000,3300000,Cicilan,Transfer Bank
PAY0013145,24TR0059,2025E,2026-04-01,5700000,5700000,Lunas,Transfer Bank
PAY0013146,24TR0060,2025E,21/02/2026,5700000,5700000,Lunas,Loket Kampus
PAY0013147,24TR0061,2025E,2026-03-12,5700000,5700000,Lunas,E-Wallet
PAY0013148,24TR0062,2025E,24/02/2026,5700000,5700000,Lunas,Loket Kampus
PAY0013149,24TR0063,2025E,2026-03-26,5700000,4300000,Cicilan,Loket Kampus
PAY0013150,24TR0064,2025E,2026-03-06,5700000,5700000,Lunas,Loket Kampus
PAY0013151,24TR0065,2025E,23-Mar-2026,5700000,5700000,Lunas,E-Wallet
PAY0013152,24TR0066,2025E,26/02/2026,5700000,5700000,Lunas,VA Bank
PAY0013153,24TR0067,2025E,,5700000,0,Belum Lunas,Loket Kampus
PAY0013154,24TR0068,2025E,2026-03-12,5700000,5700000,Lunas,Transfer Bank
PAY0013155,24TR0069,2025E,2026-03-17,5700000,3100000,Cicilan,E-Wallet
PAY0013156,24TR0070,2025E,17/02/2026,5700000,2500000,Cicilan,E-Wallet
PAY0013157,24TR0071,2025E,,5700000,0,Belum Lunas,VA Bank
PAY0013158,24TR0072,2025E,2026-02-27,5700000,5700000,Lunas,E-Wallet
PAY0013159,24TR0073,2025E,30/03/2026,5700000,5700000,Lunas,VA Bank
PAY0013160,24TR0074,2025E,17-Mar-2026,5700000,5700000,Lunas,Transfer Bank
PAY0013161,24TR0075,2025E,2026-03-01,5700000,5700000,Lunas,VA Bank
PAY0013162,24TR0076,2025E,17/03/2026,5700000,5700000,Lunas,VA Bank
PAY0013163,24TR0077,2025E,2026-02-25,5700000,5700000,Lunas,VA Bank
PAY0013164,24BD0001,2025E,2026-04-01,5000000,5000000,Lunas,Loket Kampus
PAY0013165,24BD0002,2025E,2026-02-26,5000000,5000000,Lunas,Transfer Bank
PAY0013166,24BD0003,2025E,2026-02-16,5000000,5000000,Lunas,Transfer Bank
PAY0013167,24BD0004,2025E,20/03/2026,5000000,2100000,Cicilan,E-Wallet
PAY0013168,24BD0005,2025E,2026-02-24,5000000,5000000,Lunas,VA Bank
PAY0013169,24BD0006,2025E,2026-03-10,5000000,5000000,Lunas,VA Bank
PAY0013170,24BD0008,2025E,2026-03-18,5000000,3200000,Cicilan,Transfer Bank
PAY0013171,24BD0009,2025E,2026-02-15,5000000,2900000,Cicilan,VA Bank
PAY0013172,24BD0010,2025E,2026-03-16,5000000,5000000,Lunas,VA Bank
PAY0013173,24BD0011,2025E,2026-03-11,5000000,5000000,Lunas,E-Wallet
PAY0013174,24BD0012,2025E,2026-02-18,5000000,5000000,Lunas,Transfer Bank
PAY0013175,24BD0013,2025E,02/03/2026,5000000,5000000,Lunas,E-Wallet
PAY0013176,24BD0014,2025E,2026-02-18,5000000,5000000,Lunas,Loket Kampus
PAY0013177,24BD0015,2025E,2026-03-16,5000000,5000000,Lunas,Transfer Bank
PAY0013178,24BD0016,2025E,2026-02-16,5000000,5000000,Lunas,Loket Kampus
PAY0013179,24BD0017,2025E,2026-03-23,5000000,5000000,Lunas,Transfer Bank
PAY0013180,24BD0018,2025E,26-Mar-2026,5000000,5000000,Lunas,E-Wallet
PAY0013181,24BD0019,2025E,26-Feb-2026,5000000,5000000,Lunas,VA Bank
PAY0013182,24BD0020,2025E,2026-03-05,5000000,5000000,Lunas,Loket Kampus
PAY0013183,24BD0021,2025E,2026-03-05,5000000,5000000,Lunas,VA Bank
PAY0013184,24BD0022,2025E,2026-03-06,5000000,5000000,Lunas,E-Wallet
PAY0013185,24BD0023,2025E,2026-02-20,5000000,5000000,Lunas,Loket Kampus
PAY0013186,24BD0024,2025E,2026-03-06,5000000,2000000,Cicilan,E-Wallet
PAY0013187,24BD0025,2025E,2026-02-16,5000000,5000000,Lunas,E-Wallet
PAY0013188,24BD0026,2025E,2026-03-23,5000000,5000000,Lunas,E-Wallet
PAY0013189,24BD0027,2025E,2026-02-26,5000000,5000000,Lunas,VA Bank
PAY0013190,24BD0028,2025E,,5000000,0,Belum Lunas,E-Wallet
PAY0013191,24BD0029,2025E,2026-03-06,5000000,5000000,Lunas,VA Bank
PAY0013192,24BD0030,2025E,2026-02-25,5000000,5000000,Lunas,E-Wallet
PAY0013193,24BD0031,2025E,28-Feb-2026,5000000,5000000,Lunas,E-Wallet
PAY0013194,24BD0032,2025E,2026-03-01,5000000,5000000,Lunas,E-Wallet
PAY0013195,24BD0033,2025E,15/02/2026,5000000,5000000,Lunas,Transfer Bank
PAY0013196,24BD0034,2025E,30/03/2026,5000000,5000000,Lunas,VA Bank
PAY0013197,24BD0035,2025E,2026-03-03,5000000,5000000,Lunas,E-Wallet
PAY0013198,24BD0036,2025E,2026-03-14,5000000,5000000,Lunas,Transfer Bank
PAY0013199,24BD0037,2025E,19/02/2026,5000000,1800000,Cicilan,VA Bank
PAY0013200,24BD0038,2025E,2026-03-30,5000000,5000000,Lunas,VA Bank
PAY0013201,24BD0039,2025E,2026-03-02,5000000,5000000,Lunas,Transfer Bank
PAY0013202,24BD0040,2025E,2026-02-20,5000000,2000000,Cicilan,E-Wallet
PAY0013203,24BD0041,2025E,2026-04-01,5000000,5000000,Lunas,E-Wallet
PAY0013204,24BD0042,2025E,2026-03-01,5000000,5000000,Lunas,Transfer Bank
PAY0013205,24BD0043,2025E,2026-02-23,5000000,5000000,Lunas,E-Wallet
PAY0013206,24BD0044,2025E,18/03/2026,5000000,5000000,Lunas,Transfer Bank
PAY0013207,24BD0045,2025E,16/02/2026,5000000,5000000,Lunas,VA Bank
PAY0013208,24BD0046,2025E,2026-02-28,5000000,5000000,Lunas,Loket Kampus
PAY0013209,24BD0047,2025E,2026-03-03,5000000,5000000,Lunas,Transfer Bank
PAY0013210,24BD0048,2025E,2026-03-11,5000000,5000000,Lunas,Loket Kampus
PAY0013211,24BD0049,2025E,2026-03-11,5000000,2400000,Cicilan,Transfer Bank
PAY0013212,24BD0050,2025E,2026-03-12,5000000,5000000,Lunas,Transfer Bank
PAY0013213,24BD0051,2025E,02-Mar-2026,5000000,5000000,Lunas,E-Wallet
PAY0013214,24BD0052,2025E,17-Feb-2026,5000000,5000000,Lunas,VA Bank
PAY0013215,24BD0053,2025E,2026-03-29,5000000,1900000,Cicilan,VA Bank
PAY0013216,24BD0054,2025E,2026-03-17,5000000,5000000,Lunas,Loket Kampus
PAY0013217,24BD0055,2025E,2026-03-31,5000000,2700000,Cicilan,Loket Kampus
PAY0013218,24BD0056,2025E,2026-03-14,5000000,5000000,Lunas,E-Wallet
PAY0013219,24BD0057,2025E,2026-03-22,5000000,3400000,Cicilan,Transfer Bank
PAY0013220,24BD0058,2025E,28/03/2026,5000000,5000000,Lunas,E-Wallet
PAY0013221,24BD0059,2025E,31-Mar-2026,5000000,5000000,Lunas,Loket Kampus
PAY0013222,24BD0060,2025E,13-Mar-2026,5000000,5000000,Lunas,VA Bank
PAY0013223,24BD0061,2025E,23-Mar-2026,5000000,5000000,Lunas,E-Wallet
PAY0013224,24BD0062,2025E,,5000000,0,Belum Lunas,VA Bank
PAY0013225,24BD0063,2025E,01-Mar-2026,5000000,5000000,Lunas,VA Bank
PAY0013226,24BD0064,2025E,2026-03-06,5000000,5000000,Lunas,Transfer Bank
PAY0013227,24BD0065,2025E,20/02/2026,5000000,5000000,Lunas,VA Bank
PAY0013228,24BD0066,2025E,2026-02-22,5000000,2800000,Cicilan,VA Bank
PAY0013229,24BD0067,2025E,29/03/2026,5000000,5000000,Lunas,VA Bank
PAY0013230,24BD0068,2025E,2026-02-15,5000000,2600000,Cicilan,E-Wallet
PAY0013231,24BD0069,2025E,2026-03-03,5000000,5000000,Lunas,Loket Kampus
PAY0013232,24BD0070,2025E,11-Mar-2026,5000000,5000000,Lunas,VA Bank
PAY0013233,24BD0071,2025E,18/02/2026,5000000,5000000,Lunas,Transfer Bank
PAY0013234,24BD0072,2025E,30/03/2026,5000000,5000000,Lunas,Loket Kampus
PAY0013235,24BD0073,2025E,03/03/2026,5000000,5000000,Lunas,Loket Kampus
PAY0013236,24BD0074,2025E,19/02/2026,5000000,5000000,Lunas,E-Wallet
PAY0013237,24BD0075,2025E,2026-02-28,5000000,5000000,Lunas,VA Bank
PAY0013238,24BD0076,2025E,2026-02-19,5000000,5000000,Lunas,Loket Kampus
PAY0013239,24BD0077,2025E,25-Mar-2026,5000000,5000000,Lunas,E-Wallet
PAY0013240,24BD0078,2025E,2026-02-16,5000000,5000000,Lunas,E-Wallet
PAY0013241,25TI0001,2025E,29-Mar-2026,5500000,5500000,Lunas,E-Wallet
PAY0013242,25TI0002,2025E,2026-04-01,5500000,5500000,Lunas,VA Bank
PAY0013243,25TI0003,2025E,2026-03-18,5500000,5500000,Lunas,Transfer Bank
PAY0013244,25TI0004,2025E,2026-03-04,5500000,5500000,Lunas,Transfer Bank
PAY0013245,25TI0005,2025E,2026-03-20,5500000,5500000,Lunas,Loket Kampus
PAY0013246,25TI0006,2025E,2026-02-21,5500000,5500000,Lunas,Transfer Bank
PAY0013247,25TI0007,2025E,2026-03-29,5500000,5500000,Lunas,VA Bank
PAY0013248,25TI0008,2025E,2026-03-25,5500000,3500000,Cicilan,E-Wallet
PAY0013249,25TI0009,2025E,2026-02-26,5500000,5500000,Lunas,Transfer Bank
PAY0013250,25TI0010,2025E,2026-03-14,5500000,5500000,Lunas,Loket Kampus
PAY0013251,25TI0011,2025E,2026-03-01,5500000,3600000,Cicilan,Loket Kampus
PAY0013252,25TI0012,2025E,2026-03-02,5500000,5500000,Lunas,E-Wallet
PAY0013253,25TI0013,2025E,2026-03-19,5500000,5500000,Lunas,Transfer Bank
PAY0013254,25TI0014,2025E,2026-02-24,5500000,2800000,Cicilan,VA Bank
PAY0013255,25TI0015,2025E,24/02/2026,5500000,5500000,Lunas,VA Bank
PAY0013256,25TI0016,2025E,2026-02-22,5500000,5500000,Lunas,Transfer Bank
PAY0013257,25TI0017,2025E,2026-03-07,5500000,5500000,Lunas,Transfer Bank
PAY0013258,25TI0018,2025E,2026-03-24,5500000,5500000,Lunas,VA Bank
PAY0013259,25TI0019,2025E,06/03/2026,5500000,5500000,Lunas,Loket Kampus
PAY0013260,25TI0020,2025E,2026-02-20,5500000,5500000,Lunas,E-Wallet
PAY0013261,25TI0021,2025E,2026-03-09,5500000,5500000,Lunas,VA Bank
PAY0013262,25TI0022,2025E,20/03/2026,5500000,5500000,Lunas,E-Wallet
PAY0013263,25TI0023,2025E,2026-03-11,5500000,5500000,Lunas,VA Bank
PAY0013264,25TI0024,2025E,2026-02-20,5500000,5500000,Lunas,VA Bank
PAY0013265,25TI0025,2025E,2026-02-24,5500000,5500000,Lunas,VA Bank
PAY0013266,25TI0026,2025E,2026-02-26,5500000,5500000,Lunas,Loket Kampus
PAY0013267,25TI0027,2025E,2026-03-18,5500000,5500000,Lunas,E-Wallet
PAY0013268,25TI0028,2025E,27/02/2026,5500000,5500000,Lunas,VA Bank
PAY0013269,25TI0029,2025E,2026-03-22,5500000,2700000,Cicilan,Loket Kampus
PAY0013270,25TI0030,2025E,2026-03-30,5500000,5500000,Lunas,Transfer Bank
PAY0013271,25TI0031,2025E,,5500000,0,Belum Lunas,Loket Kampus
PAY0013272,25TI0032,2025E,23-Feb-2026,5500000,3600000,Cicilan,E-Wallet
PAY0013273,25TI0033,2025E,2026-03-15,5500000,3800000,Cicilan,Loket Kampus
PAY0013274,25TI0034,2025E,2026-04-01,5500000,5500000,Lunas,E-Wallet
PAY0013275,25TI0035,2025E,2026-03-12,5500000,5500000,Lunas,Loket Kampus
PAY0013276,25TI0036,2025E,17/03/2026,5500000,5500000,Lunas,VA Bank
PAY0013277,25TI0037,2025E,2026-02-23,5500000,5500000,Lunas,VA Bank
PAY0013278,25TI0038,2025E,19/03/2026,5500000,5500000,Lunas,VA Bank
PAY0013279,25TI0039,2025E,2026-03-05,5500000,5500000,Lunas,E-Wallet
PAY0013280,25TI0040,2025E,2026-03-31,5500000,5500000,Lunas,Transfer Bank
PAY0013281,25TI0041,2025E,2026-03-28,5500000,5500000,Lunas,Transfer Bank
PAY0013282,25TI0042,2025E,2026-02-28,5500000,5500000,Lunas,E-Wallet
PAY0013283,25TI0043,2025E,17/02/2026,5500000,2500000,Cicilan,Loket Kampus
PAY0013284,25TI0044,2025E,2026-03-04,5500000,5500000,Lunas,VA Bank
PAY0013285,25TI0045,2025E,01/04/2026,5500000,2400000,Cicilan,E-Wallet
PAY0013286,25TI0046,2025E,19-Mar-2026,5500000,5500000,Lunas,VA Bank
PAY0013287,25TI0047,2025E,2026-03-03,5500000,5500000,Lunas,VA Bank
PAY0013288,25TI0048,2025E,2026-03-26,5500000,5500000,Lunas,E-Wallet
PAY0013289,25TI0049,2025E,2026-03-08,5500000,5500000,Lunas,E-Wallet
PAY0013290,25TI0050,2025E,2026-02-24,5500000,5500000,Lunas,Transfer Bank
PAY0013291,25TI0051,2025E,01-Mar-2026,5500000,5500000,Lunas,Loket Kampus
PAY0013292,25TI0052,2025E,2026-02-16,5500000,5500000,Lunas,E-Wallet
PAY0013293,25TI0053,2025E,2026-03-27,5500000,5500000,Lunas,Transfer Bank
PAY0013294,25TI0054,2025E,2026-03-18,5500000,5500000,Lunas,Loket Kampus
PAY0013295,25TI0055,2025E,2026-03-19,5500000,2300000,Cicilan,E-Wallet
PAY0013296,25TI0056,2025E,2026-03-11,5500000,5500000,Lunas,Loket Kampus
PAY0013297,25TI0057,2025E,2026-03-01,5500000,5500000,Lunas,E-Wallet
PAY0013298,25TI0058,2025E,2026-03-27,5500000,5500000,Lunas,E-Wallet
PAY0013299,25TI0059,2025E,2026-03-18,5500000,5500000,Lunas,VA Bank
PAY0013300,25TI0060,2025E,,5500000,0,Belum Lunas,Transfer Bank
PAY0013301,25TI0061,2025E,,5500000,0,Belum Lunas,Loket Kampus
PAY0013302,25TI0062,2025E,28-Mar-2026,5500000,5500000,Lunas,VA Bank
PAY0013303,25TI0063,2025E,2026-03-15,5500000,5500000,Lunas,VA Bank
PAY0013304,25TI0064,2025E,2026-02-19,5500000,5500000,Lunas,Loket Kampus
PAY0013305,25TI0065,2025E,2026-03-06,5500000,2000000,Cicilan,Transfer Bank
PAY0013306,25TI0066,2025E,27-Mar-2026,5500000,5500000,Lunas,E-Wallet
PAY0013307,25TI0067,2025E,2026-03-30,5500000,5500000,Lunas,Transfer Bank
PAY0013308,25TI0068,2025E,2026-02-26,5500000,3900000,Cicilan,Loket Kampus
PAY0013309,25TI0069,2025E,2026-02-22,5500000,5500000,Lunas,E-Wallet
PAY0013310,25TI0070,2025E,2026-03-06,5500000,5500000,Lunas,Loket Kampus
PAY0013311,25TI0071,2025E,2026-03-24,5500000,5500000,Lunas,Loket Kampus
PAY0013312,25TI0072,2025E,15/03/2026,5500000,5500000,Lunas,Transfer Bank
PAY0013313,25TI0073,2025E,26-Mar-2026,5500000,5500000,Lunas,VA Bank
PAY0013314,25TI0074,2025E,2026-03-18,5500000,5500000,Lunas,Loket Kampus
PAY0013315,25TI0075,2025E,2026-02-25,5500000,5500000,Lunas,E-Wallet
PAY0013316,25TI0076,2025E,2026-03-23,5500000,5500000,Lunas,VA Bank
PAY0013317,25TI0077,2025E,2026-03-31,5500000,5500000,Lunas,Transfer Bank
PAY0013318,25TI0078,2025E,2026-03-06,5500000,5500000,Lunas,Transfer Bank
PAY0013319,25TI0079,2025E,2026-03-06,5500000,2800000,Cicilan,Loket Kampus
PAY0013320,25TI0080,2025E,2026-03-18,5500000,5500000,Lunas,E-Wallet
PAY0013321,25TI0081,2025E,2026-03-17,5500000,5500000,Lunas,Loket Kampus
PAY0013322,25TI0082,2025E,2026-02-19,5500000,5500000,Lunas,E-Wallet
PAY0013323,25TI0083,2025E,2026-02-26,5500000,5500000,Lunas,VA Bank
PAY0013324,25TI0084,2025E,11-Mar-2026,5500000,5500000,Lunas,Transfer Bank
PAY0013325,25TI0085,2025E,2026-02-16,5500000,5500000,Lunas,E-Wallet
PAY0013326,25TI0086,2025E,14/03/2026,5500000,5500000,Lunas,Transfer Bank
PAY0013327,25TI0087,2025E,03/03/2026,5500000,5500000,Lunas,Loket Kampus
PAY0013328,25TI0088,2025E,2026-03-16,5500000,5500000,Lunas,E-Wallet
PAY0013329,25TI0089,2025E,2026-03-05,5500000,5500000,Lunas,VA Bank
PAY0013330,25TI0090,2025E,2026-03-04,5500000,5500000,Lunas,E-Wallet
PAY0013331,25TI0091,2025E,02-Mar-2026,5500000,5500000,Lunas,VA Bank
PAY0013332,25TI0092,2025E,2026-03-02,5500000,5500000,Lunas,E-Wallet
PAY0013333,25TI0093,2025E,2026-03-06,5500000,3000000,Cicilan,E-Wallet
PAY0013334,25TI0094,2025E,2026-03-24,5500000,5500000,Lunas,Loket Kampus
PAY0013335,25TI0095,2025E,25/02/2026,5500000,5500000,Lunas,VA Bank
PAY0013336,25TI0096,2025E,2026-02-24,5500000,5500000,Lunas,Loket Kampus
PAY0013337,25TI0097,2025E,2026-02-22,5500000,5500000,Lunas,VA Bank
PAY0013338,25TI0098,2025E,2026-03-12,5500000,2500000,Cicilan,E-Wallet
PAY0013339,25TI0099,2025E,2026-03-08,5500000,2500000,Cicilan,VA Bank
PAY0013340,25TI0100,2025E,2026-03-06,5500000,5500000,Lunas,Loket Kampus
PAY0013341,25TI0101,2025E,18-Feb-2026,5500000,5500000,Lunas,VA Bank
PAY0013342,25TI0102,2025E,2026-02-23,5500000,5500000,Lunas,Loket Kampus
PAY0013343,25TI0103,2025E,2026-03-08,5500000,5500000,Lunas,E-Wallet
PAY0013344,25TI0104,2025E,2026-02-24,5500000,5500000,Lunas,Loket Kampus
PAY0013345,25SI0001,2025E,2026-02-20,5250000,5250000,Lunas,Transfer Bank
PAY0013346,25SI0002,2025E,19/02/2026,5250000,1800000,Cicilan,VA Bank
PAY0013347,25SI0003,2025E,23-Feb-2026,5250000,5250000,Lunas,Loket Kampus
PAY0013348,25SI0004,2025E,2026-03-03,5250000,5250000,Lunas,VA Bank
PAY0013349,25SI0005,2025E,2026-02-20,5250000,5250000,Lunas,VA Bank
PAY0013350,25SI0006,2025E,2026-03-15,5250000,3200000,Cicilan,Loket Kampus
PAY0013351,25SI0007,2025E,15/02/2026,5250000,5250000,Lunas,Loket Kampus
PAY0013352,25SI0008,2025E,2026-02-17,5250000,5250000,Lunas,Transfer Bank
PAY0013353,25SI0009,2025E,2026-03-07,5250000,5250000,Lunas,E-Wallet
PAY0013354,25SI0010,2025E,2026-03-11,5250000,5250000,Lunas,Loket Kampus
PAY0013355,25SI0011,2025E,2026-03-20,5250000,3000000,Cicilan,Transfer Bank
PAY0013356,25SI0012,2025E,2026-03-19,5250000,5250000,Lunas,E-Wallet
PAY0013357,25SI0013,2025E,26/02/2026,5250000,5250000,Lunas,Loket Kampus
PAY0013358,25SI0014,2025E,2026-03-05,5250000,5250000,Lunas,Loket Kampus
PAY0013359,25SI0015,2025E,11-Mar-2026,5250000,5250000,Lunas,E-Wallet
PAY0013360,25SI0016,2025E,2026-03-04,5250000,5250000,Lunas,E-Wallet
PAY0013361,25SI0017,2025E,23-Feb-2026,5250000,5250000,Lunas,Transfer Bank
PAY0013362,25SI0018,2025E,10/03/2026,5250000,5250000,Lunas,E-Wallet
PAY0013363,25SI0019,2025E,2026-03-20,5250000,5250000,Lunas,E-Wallet
PAY0013364,25SI0020,2025E,2026-02-26,5250000,5250000,Lunas,VA Bank
PAY0013365,25SI0021,2025E,2026-03-13,5250000,5250000,Lunas,VA Bank
PAY0013366,25SI0022,2025E,2026-03-18,5250000,5250000,Lunas,VA Bank
PAY0013367,25SI0023,2025E,2026-03-17,5250000,5250000,Lunas,E-Wallet
PAY0013368,25SI0024,2025E,13-Mar-2026,5250000,5250000,Lunas,Loket Kampus
PAY0013369,25SI0025,2025E,2026-02-24,5250000,5250000,Lunas,Transfer Bank
PAY0013370,25SI0026,2025E,2026-02-25,5250000,5250000,Lunas,E-Wallet
PAY0013371,25SI0027,2025E,2026-03-18,5250000,5250000,Lunas,Transfer Bank
PAY0013372,25SI0028,2025E,2026-03-24,5250000,5250000,Lunas,E-Wallet
PAY0013373,25SI0029,2025E,2026-03-30,5250000,5250000,Lunas,E-Wallet
PAY0013374,25SI0030,2025E,22-Feb-2026,5250000,5250000,Lunas,Transfer Bank
PAY0013375,25SI0031,2025E,2026-03-20,5250000,5250000,Lunas,Transfer Bank
PAY0013376,25SI0032,2025E,14-Mar-2026,5250000,5250000,Lunas,Transfer Bank
PAY0013377,25SI0033,2025E,19/03/2026,5250000,5250000,Lunas,Loket Kampus
PAY0013378,25SI0034,2025E,2026-03-15,5250000,5250000,Lunas,VA Bank
PAY0013379,25SI0035,2025E,2026-03-07,5250000,5250000,Lunas,Transfer Bank
PAY0013380,25SI0036,2025E,2026-03-10,5250000,5250000,Lunas,Transfer Bank
PAY0013381,25SI0037,2025E,2026-03-17,5250000,5250000,Lunas,Transfer Bank
PAY0013382,25SI0038,2025E,2026-03-16,5250000,5250000,Lunas,Transfer Bank
PAY0013383,25SI0039,2025E,09-Mar-2026,5250000,5250000,Lunas,E-Wallet
PAY0013384,25SI0040,2025E,12-Mar-2026,5250000,5250000,Lunas,VA Bank
PAY0013385,25SI0041,2025E,01/03/2026,5250000,5250000,Lunas,E-Wallet
PAY0013386,25SI0042,2025E,25-Feb-2026,5250000,5250000,Lunas,VA Bank
PAY0013387,25SI0043,2025E,2026-03-01,5250000,5250000,Lunas,VA Bank
PAY0013388,25SI0044,2025E,26/02/2026,5250000,5250000,Lunas,E-Wallet
PAY0013389,25SI0045,2025E,2026-03-20,5250000,5250000,Lunas,Loket Kampus
PAY0013390,25SI0046,2025E,14-Mar-2026,5250000,5250000,Lunas,E-Wallet
PAY0013391,25SI0047,2025E,2026-03-17,5250000,5250000,Lunas,Transfer Bank
PAY0013392,25SI0048,2025E,13/03/2026,5250000,5250000,Lunas,E-Wallet
PAY0013393,25SI0049,2025E,2026-03-25,5250000,5250000,Lunas,E-Wallet
PAY0013394,25SI0050,2025E,2026-03-26,5250000,5250000,Lunas,E-Wallet
PAY0013395,25SI0051,2025E,27-Mar-2026,5250000,5250000,Lunas,Loket Kampus
PAY0013396,25SI0052,2025E,2026-03-17,5250000,5250000,Lunas,VA Bank
PAY0013397,25SI0053,2025E,2026-03-16,5250000,2900000,Cicilan,Transfer Bank
PAY0013398,25SI0054,2025E,2026-04-01,5250000,5250000,Lunas,E-Wallet
PAY0013399,25SI0055,2025E,2026-03-30,5250000,5250000,Lunas,Loket Kampus
PAY0013400,25SI0056,2025E,2026-03-12,5250000,5250000,Lunas,Transfer Bank
PAY0013401,25SI0057,2025E,2026-02-20,5250000,1900000,Cicilan,Transfer Bank
PAY0013402,25SI0058,2025E,2026-02-16,5250000,5250000,Lunas,VA Bank
PAY0013403,25SI0059,2025E,2026-03-31,5250000,5250000,Lunas,E-Wallet
PAY0013404,25SI0060,2025E,2026-02-17,5250000,5250000,Lunas,VA Bank
PAY0013405,25SI0061,2025E,2026-02-23,5250000,5250000,Lunas,Loket Kampus
PAY0013406,25SI0062,2025E,,5250000,0,Belum Lunas,E-Wallet
PAY0013407,25SI0063,2025E,2026-03-31,5250000,5250000,Lunas,E-Wallet
PAY0013408,25SI0064,2025E,10/03/2026,5250000,5250000,Lunas,Transfer Bank
PAY0013409,25SI0065,2025E,2026-02-18,5250000,5250000,Lunas,Transfer Bank
PAY0013410,25SI0066,2025E,2026-03-01,5250000,5250000,Lunas,Transfer Bank
PAY0013411,25SI0067,2025E,2026-04-01,5250000,5250000,Lunas,VA Bank
PAY0013412,25SI0068,2025E,27/03/2026,5250000,5250000,Lunas,Loket Kampus
PAY0013413,25SI0069,2025E,26/03/2026,5250000,5250000,Lunas,Transfer Bank
PAY0013414,25SI0070,2025E,2026-02-27,5250000,5250000,Lunas,E-Wallet
PAY0013415,25SI0071,2025E,2026-02-23,5250000,5250000,Lunas,Loket Kampus
PAY0013416,25SI0072,2025E,2026-02-16,5250000,5250000,Lunas,VA Bank
PAY0013417,25SI0073,2025E,2026-02-22,5250000,5250000,Lunas,Transfer Bank
PAY0013418,25SI0074,2025E,2026-02-20,5250000,5250000,Lunas,VA Bank
PAY0013419,25SI0075,2025E,2026-03-17,5250000,5250000,Lunas,Transfer Bank
PAY0013420,25SI0076,2025E,2026-03-01,5250000,2000000,Cicilan,E-Wallet
PAY0013421,25SI0077,2025E,2026-03-04,5250000,5250000,Lunas,E-Wallet
PAY0013422,25SI0078,2025E,2026-02-25,5250000,5250000,Lunas,E-Wallet
PAY0013423,25SI0079,2025E,,5250000,0,Belum Lunas,E-Wallet
PAY0013424,25SI0080,2025E,25/03/2026,5250000,5250000,Lunas,E-Wallet
PAY0013425,25SI0081,2025E,2026-03-30,5250000,5250000,Lunas,E-Wallet
PAY0013426,25SI0082,2025E,24/02/2026,5250000,5250000,Lunas,Transfer Bank
PAY0013427,25SI0083,2025E,16/03/2026,5250000,5250000,Lunas,Transfer Bank
PAY0013428,25SI0084,2025E,26/02/2026,5250000,5250000,Lunas,Transfer Bank
PAY0013429,25SI0085,2025E,2026-03-25,5250000,5250000,Lunas,E-Wallet
PAY0013430,25SI0086,2025E,2026-03-21,5250000,2100000,Cicilan,Transfer Bank
PAY0013431,25SI0087,2025E,2026-03-18,5250000,5250000,Lunas,VA Bank
PAY0013432,25SI0088,2025E,2026-03-07,5250000,5250000,Lunas,Loket Kampus
PAY0013433,25SI0089,2025E,2026-03-27,5250000,5250000,Lunas,VA Bank
PAY0013434,25SI0090,2025E,2026-03-28,5250000,5250000,Lunas,VA Bank
PAY0013435,25SI0091,2025E,2026-02-26,5250000,5250000,Lunas,VA Bank
PAY0013436,25SI0092,2025E,2026-03-30,5250000,5250000,Lunas,E-Wallet
PAY0013437,25SI0093,2025E,15-Mar-2026,5250000,3600000,Cicilan,Loket Kampus
PAY0013438,25SI0094,2025E,2026-04-01,5250000,5250000,Lunas,Loket Kampus
PAY0013439,25SI0095,2025E,2026-03-12,5250000,5250000,Lunas,Transfer Bank
PAY0013440,25SI0096,2025E,23/02/2026,5250000,2800000,Cicilan,VA Bank
PAY0013441,25SI0097,2025E,2026-03-26,5250000,5250000,Lunas,VA Bank
PAY0013442,25SI0098,2025E,2026-03-12,5250000,5250000,Lunas,Transfer Bank
PAY0013443,25SI0099,2025E,06/03/2026,5250000,5250000,Lunas,Transfer Bank
PAY0013444,25IF0001,2025E,,5750000,0,Belum Lunas,E-Wallet
PAY0013445,25IF0002,2025E,2026-03-02,5750000,5750000,Lunas,Loket Kampus
PAY0013446,25IF0003,2025E,2026-02-24,5750000,5750000,Lunas,E-Wallet
PAY0013447,25IF0004,2025E,28-Feb-2026,5750000,5750000,Lunas,Loket Kampus
PAY0013448,25IF0005,2025E,18/02/2026,5750000,5750000,Lunas,Loket Kampus
PAY0013449,25IF0006,2025E,16/02/2026,5750000,5750000,Lunas,VA Bank
PAY0013450,25IF0007,2025E,2026-02-20,5750000,5750000,Lunas,Transfer Bank
PAY0013451,25IF0008,2025E,2026-03-01,5750000,5750000,Lunas,Transfer Bank
PAY0013452,25IF0009,2025E,2026-03-09,5750000,5750000,Lunas,Loket Kampus
PAY0013453,25IF0010,2025E,2026-03-10,5750000,4300000,Cicilan,Transfer Bank
PAY0013454,25IF0011,2025E,2026-02-18,5750000,5750000,Lunas,Loket Kampus
PAY0013455,25IF0012,2025E,2026-03-24,5750000,5750000,Lunas,E-Wallet
PAY0013456,25IF0013,2025E,15/02/2026,5750000,5750000,Lunas,VA Bank
PAY0013457,25IF0014,2025E,17/02/2026,5750000,5750000,Lunas,E-Wallet
PAY0013458,25IF0015,2025E,2026-03-29,5750000,3400000,Cicilan,Transfer Bank
PAY0013459,25IF0016,2025E,2026-02-19,5750000,5750000,Lunas,VA Bank
PAY0013460,25IF0017,2025E,2026-03-11,5750000,5750000,Lunas,Loket Kampus
PAY0013461,25IF0018,2025E,26/03/2026,5750000,5750000,Lunas,VA Bank
PAY0013462,25IF0019,2025E,2026-03-13,5750000,5750000,Lunas,Loket Kampus
PAY0013463,25IF0020,2025E,2026-03-14,5750000,5750000,Lunas,Transfer Bank
PAY0013464,25IF0021,2025E,2026-02-19,5750000,5750000,Lunas,VA Bank
PAY0013465,25IF0022,2025E,2026-02-16,5750000,5750000,Lunas,Transfer Bank
PAY0013466,25IF0023,2025E,2026-03-07,5750000,5750000,Lunas,VA Bank
PAY0013467,25IF0024,2025E,27/02/2026,5750000,5750000,Lunas,Transfer Bank
PAY0013468,25IF0025,2025E,2026-03-17,5750000,5750000,Lunas,Transfer Bank
PAY0013469,25IF0026,2025E,2026-02-15,5750000,2000000,Cicilan,E-Wallet
PAY0013470,25IF0027,2025E,2026-03-27,5750000,3000000,Cicilan,Loket Kampus
PAY0013471,25IF0028,2025E,2026-02-22,5750000,5750000,Lunas,Loket Kampus
PAY0013472,25IF0029,2025E,2026-03-24,5750000,5750000,Lunas,Loket Kampus
PAY0013473,25IF0030,2025E,2026-02-15,5750000,5750000,Lunas,Loket Kampus
PAY0013474,25IF0031,2025E,2026-03-25,5750000,5750000,Lunas,Transfer Bank
PAY0013475,25IF0032,2025E,2026-03-01,5750000,3800000,Cicilan,Transfer Bank
PAY0013476,25IF0033,2025E,19-Feb-2026,5750000,5750000,Lunas,Loket Kampus
PAY0013477,25IF0034,2025E,2026-03-13,5750000,5750000,Lunas,Transfer Bank
PAY0013478,25IF0035,2025E,03-Mar-2026,5750000,5750000,Lunas,Loket Kampus
PAY0013479,25IF0036,2025E,,5750000,0,Belum Lunas,E-Wallet
PAY0013480,25IF0037,2025E,18-Mar-2026,5750000,5750000,Lunas,E-Wallet
PAY0013481,25IF0038,2025E,21-Mar-2026,5750000,5750000,Lunas,E-Wallet
PAY0013482,25IF0039,2025E,2026-02-18,5750000,5750000,Lunas,VA Bank
PAY0013483,25IF0040,2025E,2026-02-15,5750000,5750000,Lunas,VA Bank
PAY0013484,25IF0041,2025E,2026-03-22,5750000,5750000,Lunas,Transfer Bank
PAY0013485,25IF0042,2025E,2026-03-31,5750000,5750000,Lunas,Loket Kampus
PAY0013486,25IF0043,2025E,2026-02-22,5750000,5750000,Lunas,Transfer Bank
PAY0013487,25IF0044,2025E,2026-03-27,5750000,5750000,Lunas,Transfer Bank
PAY0013488,25IF0045,2025E,2026-03-09,5750000,5750000,Lunas,Loket Kampus
PAY0013489,25IF0046,2025E,2026-03-16,5750000,5750000,Lunas,VA Bank
PAY0013490,25IF0047,2025E,2026-03-07,5750000,5750000,Lunas,Transfer Bank
PAY0013491,25IF0048,2025E,2026-02-27,5750000,3900000,Cicilan,Loket Kampus
PAY0013492,25IF0049,2025E,24/03/2026,5750000,5750000,Lunas,E-Wallet
PAY0013493,25IF0050,2025E,2026-02-17,5750000,5750000,Lunas,VA Bank
PAY0013494,25IF0051,2025E,17/03/2026,5750000,5750000,Lunas,Loket Kampus
PAY0013495,25IF0052,2025E,2026-03-24,5750000,5750000,Lunas,VA Bank
PAY0013496,25IF0053,2025E,25/03/2026,5750000,5750000,Lunas,E-Wallet
PAY0013497,25IF0054,2025E,01/03/2026,5750000,5750000,Lunas,E-Wallet
PAY0013498,25IF0055,2025E,2026-02-27,5750000,5750000,Lunas,E-Wallet
PAY0013499,25IF0056,2025E,2026-03-08,5750000,5750000,Lunas,Transfer Bank
PAY0013500,25IF0057,2025E,21/02/2026,5750000,5750000,Lunas,Loket Kampus
PAY0013501,25IF0058,2025E,2026-03-20,5750000,5750000,Lunas,E-Wallet
PAY0013502,25IF0059,2025E,2026-03-24,5750000,5750000,Lunas,E-Wallet
PAY0013503,25IF0060,2025E,2026-03-31,5750000,5750000,Lunas,Loket Kampus
PAY0013504,25IF0061,2025E,2026-04-01,5750000,5750000,Lunas,VA Bank
PAY0013505,25IF0062,2025E,2026-03-19,5750000,5750000,Lunas,E-Wallet
PAY0013506,25IF0063,2025E,2026-03-12,5750000,5750000,Lunas,Transfer Bank
PAY0013507,25IF0064,2025E,2026-03-20,5750000,5750000,Lunas,E-Wallet
PAY0013508,25IF0065,2025E,30/03/2026,5750000,5750000,Lunas,Loket Kampus
PAY0013509,25IF0066,2025E,05-Mar-2026,5750000,5750000,Lunas,E-Wallet
PAY0013510,25IF0067,2025E,2026-03-26,5750000,5750000,Lunas,E-Wallet
PAY0013511,25IF0068,2025E,,5750000,0,Belum Lunas,Transfer Bank
PAY0013512,25IF0069,2025E,2026-02-17,5750000,5750000,Lunas,VA Bank
PAY0013513,25IF0070,2025E,13/03/2026,5750000,5750000,Lunas,VA Bank
PAY0013514,25IF0071,2025E,2026-03-27,5750000,5750000,Lunas,Loket Kampus
PAY0013515,25IF0072,2025E,2026-03-14,5750000,5750000,Lunas,E-Wallet
PAY0013516,25IF0073,2025E,2026-03-15,5750000,5750000,Lunas,E-Wallet
PAY0013517,25IF0074,2025E,2026-04-01,5750000,5750000,Lunas,E-Wallet
PAY0013518,25IF0075,2025E,,5750000,0,Belum Lunas,Transfer Bank
PAY0013519,25IF0076,2025E,30/03/2026,5750000,5750000,Lunas,VA Bank
PAY0013520,25IF0077,2025E,2026-02-19,5750000,5750000,Lunas,E-Wallet
PAY0013521,25IF0078,2025E,02-Mar-2026,5750000,5750000,Lunas,Transfer Bank
PAY0013522,25IF0079,2025E,2026-03-23,5750000,5750000,Lunas,Loket Kampus
PAY0013523,25IF0080,2025E,2026-03-09,5750000,3900000,Cicilan,E-Wallet
PAY0013524,25IF0081,2025E,2026-03-25,5750000,5750000,Lunas,Transfer Bank
PAY0013525,25IF0082,2025E,2026-03-08,5750000,5750000,Lunas,Transfer Bank
PAY0013526,25IF0083,2025E,2026-03-18,5750000,5750000,Lunas,Loket Kampus
PAY0013527,25IF0084,2025E,2026-03-16,5750000,5750000,Lunas,Loket Kampus
PAY0013528,25IF0085,2025E,2026-03-02,5750000,5750000,Lunas,E-Wallet
PAY0013529,25IF0086,2025E,23/02/2026,5750000,5750000,Lunas,Transfer Bank
PAY0013530,25IF0087,2025E,2026-03-28,5750000,5750000,Lunas,Transfer Bank
PAY0013531,25IF0088,2025E,23/02/2026,5750000,5750000,Lunas,VA Bank
PAY0013532,25IF0089,2025E,,5750000,0,Belum Lunas,Transfer Bank
PAY0013533,25IF0090,2025E,2026-03-06,5750000,2900000,Cicilan,VA Bank
PAY0013534,25IF0091,2025E,26-Mar-2026,5750000,5750000,Lunas,VA Bank
PAY0013535,25IF0092,2025E,05/03/2026,5750000,5750000,Lunas,E-Wallet
PAY0013536,25IF0093,2025E,2026-02-21,5750000,5750000,Lunas,Transfer Bank
PAY0013537,25IF0094,2025E,11/03/2026,5750000,5750000,Lunas,VA Bank
PAY0013538,25IF0095,2025E,20-Mar-2026,5750000,5750000,Lunas,Loket Kampus
PAY0013539,25IF0096,2025E,20/02/2026,5750000,5750000,Lunas,Loket Kampus
PAY0013540,25IF0097,2025E,02-Mar-2026,5750000,5750000,Lunas,VA Bank
PAY0013541,25IF0098,2025E,2026-03-04,5750000,5750000,Lunas,VA Bank
PAY0013542,25IF0099,2025E,18-Mar-2026,5750000,5750000,Lunas,Loket Kampus
PAY0013543,25IF0100,2025E,08-Mar-2026,5750000,3800000,Cicilan,E-Wallet
PAY0013544,25IF0101,2025E,2026-02-23,5750000,5750000,Lunas,Transfer Bank
PAY0013545,25IF0102,2025E,2026-02-28,5750000,5750000,Lunas,E-Wallet
PAY0013546,25IF0103,2025E,2026-03-07,5750000,5750000,Lunas,Transfer Bank
PAY0013547,25IF0104,2025E,2026-02-17,5750000,5750000,Lunas,Loket Kampus
PAY0013548,25DS0001,2025E,2026-03-20,6000000,6000000,Lunas,E-Wallet
PAY0013549,25DS0002,2025E,2026-03-15,6000000,6000000,Lunas,Transfer Bank
PAY0013550,25DS0003,2025E,2026-03-27,6000000,6000000,Lunas,VA Bank
PAY0013551,25DS0004,2025E,2026-02-20,6000000,6000000,Lunas,Transfer Bank
PAY0013552,25DS0005,2025E,17/03/2026,6000000,6000000,Lunas,VA Bank
PAY0013553,25DS0006,2025E,2026-03-22,6000000,6000000,Lunas,E-Wallet
PAY0013554,25DS0007,2025E,2026-02-15,6000000,6000000,Lunas,E-Wallet
PAY0013555,25DS0008,2025E,2026-03-29,6000000,6000000,Lunas,VA Bank
PAY0013556,25DS0009,2025E,2026-03-24,6000000,6000000,Lunas,VA Bank
PAY0013557,25DS0010,2025E,30/03/2026,6000000,6000000,Lunas,VA Bank
PAY0013558,25DS0011,2025E,2026-03-25,6000000,6000000,Lunas,VA Bank
PAY0013559,25DS0012,2025E,2026-03-25,6000000,6000000,Lunas,Loket Kampus
PAY0013560,25DS0013,2025E,2026-03-05,6000000,6000000,Lunas,VA Bank
PAY0013561,25DS0014,2025E,2026-04-01,6000000,6000000,Lunas,Loket Kampus
PAY0013562,25DS0015,2025E,2026-02-24,6000000,6000000,Lunas,VA Bank
PAY0013563,25DS0016,2025E,2026-04-01,6000000,6000000,Lunas,Transfer Bank
PAY0013564,25DS0017,2025E,25/02/2026,6000000,6000000,Lunas,VA Bank
PAY0013565,25DS0018,2025E,2026-04-01,6000000,6000000,Lunas,Transfer Bank
PAY0013566,25DS0019,2025E,2026-02-25,6000000,6000000,Lunas,Loket Kampus
PAY0013567,25DS0020,2025E,25/02/2026,6000000,6000000,Lunas,Transfer Bank
PAY0013568,25DS0021,2025E,19/02/2026,6000000,6000000,Lunas,Loket Kampus
PAY0013569,25DS0022,2025E,2026-04-01,6000000,6000000,Lunas,E-Wallet
PAY0013570,25DS0023,2025E,2026-02-18,6000000,6000000,Lunas,Loket Kampus
PAY0013571,25DS0024,2025E,2026-02-17,6000000,6000000,Lunas,Loket Kampus
PAY0013572,25DS0025,2025E,2026-03-20,6000000,6000000,Lunas,Loket Kampus
PAY0013573,25DS0026,2025E,17-Mar-2026,6000000,6000000,Lunas,E-Wallet
PAY0013574,25DS0027,2025E,2026-03-24,6000000,6000000,Lunas,Loket Kampus
PAY0013575,25DS0028,2025E,17/02/2026,6000000,6000000,Lunas,VA Bank
PAY0013576,25DS0029,2025E,2026-02-23,6000000,6000000,Lunas,E-Wallet
PAY0013577,25DS0030,2025E,,6000000,0,Belum Lunas,VA Bank
PAY0013578,25DS0031,2025E,2026-03-02,6000000,6000000,Lunas,VA Bank
PAY0013579,25DS0032,2025E,05-Mar-2026,6000000,6000000,Lunas,VA Bank
PAY0013580,25DS0033,2025E,,6000000,0,Belum Lunas,E-Wallet
PAY0013581,25DS0034,2025E,2026-03-28,6000000,6000000,Lunas,Transfer Bank
PAY0013582,25DS0035,2025E,2026-03-22,6000000,6000000,Lunas,Transfer Bank
PAY0013583,25DS0036,2025E,2026-02-24,6000000,6000000,Lunas,VA Bank
PAY0013584,25DS0037,2025E,2026-02-23,6000000,6000000,Lunas,Loket Kampus
PAY0013585,25DS0038,2025E,19-Mar-2026,6000000,6000000,Lunas,Loket Kampus
PAY0013586,25DS0039,2025E,2026-03-18,6000000,2400000,Cicilan,Loket Kampus
PAY0013587,25DS0040,2025E,2026-02-15,6000000,6000000,Lunas,Loket Kampus
PAY0013588,25DS0041,2025E,2026-02-27,6000000,6000000,Lunas,VA Bank
PAY0013589,25DS0042,2025E,2026-02-15,6000000,6000000,Lunas,E-Wallet
PAY0013590,25DS0043,2025E,09/03/2026,6000000,6000000,Lunas,Loket Kampus
PAY0013591,25DS0044,2025E,2026-02-23,6000000,6000000,Lunas,E-Wallet
PAY0013592,25DS0045,2025E,2026-02-25,6000000,6000000,Lunas,Transfer Bank
PAY0013593,25DS0046,2025E,2026-03-18,6000000,6000000,Lunas,Transfer Bank
PAY0013594,25DS0047,2025E,2026-02-26,6000000,6000000,Lunas,VA Bank
PAY0013595,25DS0048,2025E,2026-03-11,6000000,6000000,Lunas,Transfer Bank
PAY0013596,25DS0049,2025E,2026-03-14,6000000,6000000,Lunas,Loket Kampus
PAY0013597,25DS0050,2025E,19/03/2026,6000000,6000000,Lunas,Transfer Bank
PAY0013598,25DS0051,2025E,2026-03-22,6000000,6000000,Lunas,Loket Kampus
PAY0013599,25DS0052,2025E,21/02/2026,6000000,6000000,Lunas,Transfer Bank
PAY0013600,25DS0053,2025E,2026-03-03,6000000,6000000,Lunas,Loket Kampus
PAY0013601,25DS0054,2025E,2026-03-20,6000000,2100000,Cicilan,VA Bank
PAY0013602,25DS0055,2025E,2026-02-15,6000000,6000000,Lunas,VA Bank
PAY0013603,25DS0056,2025E,23/03/2026,6000000,6000000,Lunas,E-Wallet
PAY0013604,25DS0057,2025E,2026-02-28,6000000,6000000,Lunas,VA Bank
PAY0013605,25DS0058,2025E,30/03/2026,6000000,6000000,Lunas,Transfer Bank
PAY0013606,25DS0059,2025E,2026-03-25,6000000,6000000,Lunas,E-Wallet
PAY0013607,25DS0060,2025E,2026-03-17,6000000,6000000,Lunas,Loket Kampus
PAY0013608,25DS0061,2025E,2026-03-11,6000000,6000000,Lunas,VA Bank
PAY0013609,25DS0062,2025E,2026-03-01,6000000,6000000,Lunas,Transfer Bank
PAY0013610,25DS0063,2025E,,6000000,0,Belum Lunas,E-Wallet
PAY0013611,25DS0064,2025E,2026-03-25,6000000,6000000,Lunas,Loket Kampus
PAY0013612,25DS0065,2025E,,6000000,0,Belum Lunas,E-Wallet
PAY0013613,25DS0066,2025E,2026-02-28,6000000,6000000,Lunas,Transfer Bank
PAY0013614,25DS0067,2025E,08/03/2026,6000000,6000000,Lunas,VA Bank
PAY0013615,25DS0068,2025E,2026-02-20,6000000,6000000,Lunas,Transfer Bank
PAY0013616,25DS0069,2025E,2026-03-08,6000000,6000000,Lunas,Loket Kampus
PAY0013617,25DS0070,2025E,2026-03-23,6000000,6000000,Lunas,Loket Kampus
PAY0013618,25DS0071,2025E,2026-03-05,6000000,6000000,Lunas,VA Bank
PAY0013619,25DS0072,2025E,2026-03-17,6000000,6000000,Lunas,VA Bank
PAY0013620,25DS0073,2025E,2026-03-07,6000000,6000000,Lunas,Loket Kampus
PAY0013621,25DS0074,2025E,08/03/2026,6000000,6000000,Lunas,Loket Kampus
PAY0013622,25DS0075,2025E,2026-03-04,6000000,2300000,Cicilan,VA Bank
PAY0013623,25DS0076,2025E,2026-03-17,6000000,4200000,Cicilan,Loket Kampus
PAY0013624,25DS0077,2025E,,6000000,0,Belum Lunas,Transfer Bank
PAY0013625,25DS0078,2025E,09/03/2026,6000000,6000000,Lunas,Transfer Bank
PAY0013626,25DS0079,2025E,2026-03-17,6000000,6000000,Lunas,Transfer Bank
PAY0013627,25DS0080,2025E,,6000000,0,Belum Lunas,E-Wallet
PAY0013628,25DS0081,2025E,2026-03-22,6000000,6000000,Lunas,VA Bank
PAY0013629,25DS0082,2025E,16/02/2026,6000000,6000000,Lunas,Transfer Bank
PAY0013630,25TR0001,2025E,17-Feb-2026,5700000,5700000,Lunas,VA Bank
PAY0013631,25TR0002,2025E,2026-03-03,5700000,5700000,Lunas,E-Wallet
PAY0013632,25TR0003,2025E,13-Mar-2026,5700000,5700000,Lunas,VA Bank
PAY0013633,25TR0004,2025E,27/02/2026,5700000,5700000,Lunas,VA Bank
PAY0013634,25TR0005,2025E,2026-02-23,5700000,3800000,Cicilan,Loket Kampus
PAY0013635,25TR0006,2025E,2026-03-19,5700000,5700000,Lunas,Loket Kampus
PAY0013636,25TR0007,2025E,13/03/2026,5700000,5700000,Lunas,Loket Kampus
PAY0013637,25TR0008,2025E,2026-03-28,5700000,5700000,Lunas,E-Wallet
PAY0013638,25TR0009,2025E,03/03/2026,5700000,5700000,Lunas,Loket Kampus
PAY0013639,25TR0010,2025E,2026-03-03,5700000,5700000,Lunas,Loket Kampus
PAY0013640,25TR0011,2025E,2026-03-30,5700000,5700000,Lunas,E-Wallet
PAY0013641,25TR0012,2025E,2026-02-26,5700000,5700000,Lunas,Loket Kampus
PAY0013642,25TR0013,2025E,2026-03-30,5700000,5700000,Lunas,VA Bank
PAY0013643,25TR0014,2025E,2026-03-21,5700000,5700000,Lunas,Transfer Bank
PAY0013644,25TR0015,2025E,2026-03-13,5700000,5700000,Lunas,E-Wallet
PAY0013645,25TR0016,2025E,21-Mar-2026,5700000,5700000,Lunas,E-Wallet
PAY0013646,25TR0017,2025E,2026-03-11,5700000,5700000,Lunas,Transfer Bank
PAY0013647,25TR0018,2025E,2026-03-03,5700000,5700000,Lunas,E-Wallet
PAY0013648,25TR0019,2025E,2026-03-03,5700000,5700000,Lunas,VA Bank
PAY0013649,25TR0020,2025E,2026-02-27,5700000,5700000,Lunas,Loket Kampus
PAY0013650,25TR0021,2025E,29/03/2026,5700000,5700000,Lunas,VA Bank
PAY0013651,25TR0022,2025E,2026-02-22,5700000,5700000,Lunas,Transfer Bank
PAY0013652,25TR0023,2025E,15/03/2026,5700000,5700000,Lunas,Transfer Bank
PAY0013653,25TR0024,2025E,2026-03-03,5700000,5700000,Lunas,VA Bank
PAY0013654,25TR0025,2025E,2026-03-06,5700000,5700000,Lunas,E-Wallet
PAY0013655,25TR0026,2025E,,5700000,0,Belum Lunas,E-Wallet
PAY0013656,25TR0027,2025E,2026-03-08,5700000,5700000,Lunas,Loket Kampus
PAY0013657,25TR0028,2025E,28/02/2026,5700000,5700000,Lunas,Loket Kampus
PAY0013658,25TR0029,2025E,2026-02-17,5700000,5700000,Lunas,VA Bank
PAY0013659,25TR0030,2025E,2026-03-18,5700000,5700000,Lunas,Loket Kampus
PAY0013660,25TR0031,2025E,2026-03-24,5700000,5700000,Lunas,Transfer Bank
PAY0013661,25TR0032,2025E,2026-03-28,5700000,5700000,Lunas,Loket Kampus
PAY0013662,25TR0033,2025E,2026-03-03,5700000,4100000,Cicilan,E-Wallet
PAY0013663,25TR0034,2025E,2026-03-31,5700000,5700000,Lunas,Transfer Bank
PAY0013664,25TR0035,2025E,04/03/2026,5700000,5700000,Lunas,E-Wallet
PAY0013665,25TR0036,2025E,2026-02-25,5700000,5700000,Lunas,Transfer Bank
PAY0013666,25TR0037,2025E,20/02/2026,5700000,5700000,Lunas,VA Bank
PAY0013667,25TR0038,2025E,2026-03-03,5700000,5700000,Lunas,E-Wallet
PAY0013668,25TR0039,2025E,2026-03-30,5700000,5700000,Lunas,VA Bank
PAY0013669,25TR0040,2025E,2026-02-25,5700000,5700000,Lunas,Transfer Bank
PAY0013670,25TR0041,2025E,2026-03-19,5700000,5700000,Lunas,Loket Kampus
PAY0013671,25TR0042,2025E,2026-03-17,5700000,5700000,Lunas,Loket Kampus
PAY0013672,25TR0043,2025E,08/03/2026,5700000,5700000,Lunas,E-Wallet
PAY0013673,25TR0044,2025E,25/02/2026,5700000,5700000,Lunas,Loket Kampus
PAY0013674,25TR0045,2025E,28-Feb-2026,5700000,5700000,Lunas,E-Wallet
PAY0013675,25TR0046,2025E,26/03/2026,5700000,5700000,Lunas,VA Bank
PAY0013676,25TR0047,2025E,2026-03-08,5700000,4100000,Cicilan,E-Wallet
PAY0013677,25TR0048,2025E,2026-03-01,5700000,5700000,Lunas,VA Bank
PAY0013678,25TR0049,2025E,2026-03-18,5700000,5700000,Lunas,Transfer Bank
PAY0013679,25TR0050,2025E,21-Mar-2026,5700000,5700000,Lunas,Loket Kampus
PAY0013680,25TR0051,2025E,23/03/2026,5700000,5700000,Lunas,E-Wallet
PAY0013681,25TR0052,2025E,2026-02-16,5700000,5700000,Lunas,Transfer Bank
PAY0013682,25TR0053,2025E,2026-02-19,5700000,5700000,Lunas,Transfer Bank
PAY0013683,25TR0054,2025E,2026-02-24,5700000,5700000,Lunas,VA Bank
PAY0013684,25TR0055,2025E,2026-03-29,5700000,5700000,Lunas,E-Wallet
PAY0013685,25TR0056,2025E,,5700000,0,Belum Lunas,Loket Kampus
PAY0013686,25TR0057,2025E,27/02/2026,5700000,5700000,Lunas,Transfer Bank
PAY0013687,25TR0058,2025E,2026-03-07,5700000,5700000,Lunas,Transfer Bank
PAY0013688,25TR0059,2025E,2026-03-01,5700000,5700000,Lunas,E-Wallet
PAY0013689,25TR0060,2025E,2026-03-25,5700000,5700000,Lunas,Transfer Bank
PAY0013690,25TR0061,2025E,26-Mar-2026,5700000,5700000,Lunas,Transfer Bank
PAY0013691,25TR0062,2025E,01-Apr-2026,5700000,5700000,Lunas,E-Wallet
PAY0013692,25TR0063,2025E,2026-03-13,5700000,5700000,Lunas,VA Bank
PAY0013693,25TR0064,2025E,17/03/2026,5700000,5700000,Lunas,VA Bank
PAY0013694,25TR0065,2025E,2026-03-25,5700000,3000000,Cicilan,VA Bank
PAY0013695,25TR0066,2025E,24/02/2026,5700000,5700000,Lunas,E-Wallet
PAY0013696,25TR0067,2025E,02/03/2026,5700000,5700000,Lunas,E-Wallet
PAY0013697,25TR0068,2025E,2026-03-02,5700000,5700000,Lunas,Transfer Bank
PAY0013698,25TR0069,2025E,2026-02-18,5700000,5700000,Lunas,Loket Kampus
PAY0013699,25TR0070,2025E,31-Mar-2026,5700000,5700000,Lunas,Loket Kampus
PAY0013700,25TR0071,2025E,02/03/2026,5700000,2700000,Cicilan,Loket Kampus
PAY0013701,25TR0072,2025E,2026-03-21,5700000,5700000,Lunas,Transfer Bank
PAY0013702,25TR0073,2025E,2026-03-26,5700000,5700000,Lunas,E-Wallet
PAY0013703,25TR0074,2025E,,5700000,0,Belum Lunas,VA Bank
PAY0013704,25TR0075,2025E,28/03/2026,5700000,3500000,Cicilan,Transfer Bank
PAY0013705,25TR0076,2025E,2026-03-23,5700000,5700000,Lunas,E-Wallet
PAY0013706,25TR0077,2025E,2026-03-20,5700000,5700000,Lunas,Transfer Bank
PAY0013707,25TR0078,2025E,19/02/2026,5700000,5700000,Lunas,E-Wallet
PAY0013708,25TR0079,2025E,2026-03-14,5700000,5700000,Lunas,Loket Kampus
PAY0013709,25BD0001,2025E,07/03/2026,5000000,5000000,Lunas,VA Bank
PAY0013710,25BD0002,2025E,21/02/2026,5000000,5000000,Lunas,Transfer Bank
PAY0013711,25BD0003,2025E,14/03/2026,5000000,5000000,Lunas,Loket Kampus
PAY0013712,25BD0004,2025E,2026-03-03,5000000,5000000,Lunas,Transfer Bank
PAY0013713,25BD0005,2025E,20/03/2026,5000000,5000000,Lunas,Loket Kampus
PAY0013714,25BD0006,2025E,17/02/2026,5000000,5000000,Lunas,E-Wallet
PAY0013715,25BD0007,2025E,2026-03-24,5000000,5000000,Lunas,E-Wallet
PAY0013716,25BD0008,2025E,2026-02-20,5000000,5000000,Lunas,Transfer Bank
PAY0013717,25BD0009,2025E,2026-02-20,5000000,2000000,Cicilan,VA Bank
PAY0013718,25BD0010,2025E,08/03/2026,5000000,3300000,Cicilan,Loket Kampus
PAY0013719,25BD0011,2025E,22/02/2026,5000000,5000000,Lunas,Transfer Bank
PAY0013720,25BD0012,2025E,2026-03-27,5000000,5000000,Lunas,VA Bank
PAY0013721,25BD0013,2025E,26/03/2026,5000000,5000000,Lunas,E-Wallet
PAY0013722,25BD0014,2025E,2026-03-14,5000000,5000000,Lunas,E-Wallet
PAY0013723,25BD0015,2025E,2026-03-09,5000000,5000000,Lunas,VA Bank
PAY0013724,25BD0016,2025E,2026-02-24,5000000,5000000,Lunas,VA Bank
PAY0013725,25BD0017,2025E,2026-03-13,5000000,2400000,Cicilan,Transfer Bank
PAY0013726,25BD0018,2025E,2026-02-18,5000000,5000000,Lunas,E-Wallet
PAY0013727,25BD0019,2025E,2026-03-26,5000000,5000000,Lunas,Loket Kampus
PAY0013728,25BD0020,2025E,09/03/2026,5000000,5000000,Lunas,Transfer Bank
PAY0013729,25BD0021,2025E,2026-02-19,5000000,5000000,Lunas,Loket Kampus
PAY0013730,25BD0022,2025E,2026-03-15,5000000,5000000,Lunas,Loket Kampus
PAY0013731,25BD0023,2025E,2026-03-19,5000000,3400000,Cicilan,Transfer Bank
PAY0013732,25BD0024,2025E,,5000000,0,Belum Lunas,Transfer Bank
PAY0013733,25BD0025,2025E,19/03/2026,5000000,5000000,Lunas,VA Bank
PAY0013734,25BD0026,2025E,2026-02-24,5000000,2700000,Cicilan,Transfer Bank
PAY0013735,25BD0027,2025E,2026-03-23,5000000,5000000,Lunas,Transfer Bank
PAY0013736,25BD0028,2025E,2026-03-20,5000000,2500000,Cicilan,Loket Kampus
PAY0013737,25BD0029,2025E,2026-02-28,5000000,5000000,Lunas,Loket Kampus
PAY0013738,25BD0030,2025E,18-Mar-2026,5000000,5000000,Lunas,E-Wallet
PAY0013739,25BD0031,2025E,2026-03-31,5000000,3500000,Cicilan,VA Bank
PAY0013740,25BD0032,2025E,2026-03-01,5000000,5000000,Lunas,E-Wallet
PAY0013741,25BD0033,2025E,2026-03-20,5000000,5000000,Lunas,E-Wallet
PAY0013742,25BD0034,2025E,2026-03-06,5000000,5000000,Lunas,Transfer Bank
PAY0013743,25BD0035,2025E,01-Mar-2026,5000000,5000000,Lunas,Loket Kampus
PAY0013744,25BD0036,2025E,2026-03-14,5000000,5000000,Lunas,E-Wallet
PAY0013745,25BD0037,2025E,24/03/2026,5000000,5000000,Lunas,E-Wallet
PAY0013746,25BD0038,2025E,,5000000,0,Belum Lunas,VA Bank
PAY0013747,25BD0039,2025E,16/03/2026,5000000,5000000,Lunas,Loket Kampus
PAY0013748,25BD0040,2025E,2026-03-03,5000000,5000000,Lunas,VA Bank
PAY0013749,25BD0041,2025E,2026-03-30,5000000,5000000,Lunas,Loket Kampus
PAY0013750,25BD0042,2025E,2026-04-01,5000000,5000000,Lunas,VA Bank
PAY0013751,25BD0043,2025E,2026-03-08,5000000,5000000,Lunas,E-Wallet
PAY0013752,25BD0044,2025E,21/03/2026,5000000,5000000,Lunas,Loket Kampus
PAY0013753,25BD0045,2025E,2026-03-29,5000000,5000000,Lunas,E-Wallet
PAY0013754,25BD0046,2025E,2026-03-16,5000000,5000000,Lunas,Loket Kampus
PAY0013755,25BD0047,2025E,2026-02-21,5000000,2400000,Cicilan,E-Wallet
PAY0013756,25BD0048,2025E,11-Mar-2026,5000000,5000000,Lunas,VA Bank
PAY0013757,25BD0049,2025E,2026-04-01,5000000,5000000,Lunas,VA Bank
PAY0013758,25BD0050,2025E,14/03/2026,5000000,5000000,Lunas,VA Bank
PAY0013759,25BD0051,2025E,2026-02-16,5000000,5000000,Lunas,Loket Kampus
PAY0013760,25BD0052,2025E,18/02/2026,5000000,5000000,Lunas,Loket Kampus
PAY0013761,25BD0053,2025E,2026-02-18,5000000,5000000,Lunas,Loket Kampus
PAY0013762,25BD0054,2025E,2026-02-22,5000000,2600000,Cicilan,Transfer Bank
PAY0013763,25BD0055,2025E,,5000000,0,Belum Lunas,E-Wallet
PAY0013764,25BD0056,2025E,08/03/2026,5000000,5000000,Lunas,Transfer Bank
PAY0013765,25BD0057,2025E,23/03/2026,5000000,5000000,Lunas,VA Bank
PAY0013766,25BD0058,2025E,2026-03-24,5000000,2600000,Cicilan,E-Wallet
PAY0013767,25BD0059,2025E,2026-03-21,5000000,2900000,Cicilan,VA Bank
PAY0013768,25BD0060,2025E,2026-03-02,5000000,5000000,Lunas,VA Bank
PAY0013769,25BD0061,2025E,08-Mar-2026,5000000,5000000,Lunas,Transfer Bank
PAY0013770,25BD0062,2025E,2026-02-19,5000000,5000000,Lunas,VA Bank
PAY0013771,25BD0063,2025E,2026-02-22,5000000,5000000,Lunas,Transfer Bank
PAY0013772,25BD0064,2025E,01/03/2026,5000000,5000000,Lunas,Transfer Bank
PAY0013773,25BD0065,2025E,2026-02-25,5000000,5000000,Lunas,E-Wallet
PAY0013774,25BD0066,2025E,2026-03-15,5000000,2700000,Cicilan,E-Wallet
PAY0013775,25BD0067,2025E,2026-03-08,5000000,5000000,Lunas,E-Wallet
PAY0013776,25BD0068,2025E,2026-02-16,5000000,5000000,Lunas,E-Wallet
PAY0013777,25BD0069,2025E,01/04/2026,5000000,5000000,Lunas,E-Wallet
PAY0013778,25BD0070,2025E,2026-02-17,5000000,5000000,Lunas,Transfer Bank
PAY0013779,25BD0071,2025E,01/03/2026,5000000,5000000,Lunas,E-Wallet
PAY0013780,25BD0072,2025E,2026-02-17,5000000,5000000,Lunas,VA Bank
PAY0013781,25BD0073,2025E,2026-03-10,5000000,5000000,Lunas,VA Bank
PAY0013782,25BD0074,2025E,2026-03-09,5000000,5000000,Lunas,E-Wallet
PAY0013783,25BD0075,2025E,20-Mar-2026,5000000,5000000,Lunas,Transfer Bank
PAY0013784,25BD0076,2025E,2026-03-22,5000000,5000000,Lunas,VA Bank
PAY0013785,25BD0077,2025E,14-Mar-2026,5000000,3300000,Cicilan,E-Wallet
PAY0013786,25BD0078,2025E,,5000000,0,Belum Lunas,Transfer Bank
PAY0013787,25BD0079,2025E,2026-03-31,5000000,5000000,Lunas,E-Wallet
PAY0013788,25BD0080,2025E,22/03/2026,5000000,5000000,Lunas,E-Wallet
PAY0013789,25BD0081,2025E,2026-03-13,5000000,2700000,Cicilan,VA Bank
PAY0013790,25BD0082,2025E,2026-02-20,5000000,5000000,Lunas,Loket Kampus
