nim,nama,jk_raw,tanggal_lahir_raw,kota_asal_raw,kode_prodi_raw,prodi_raw,angkatan,tanggal_masuk_raw,status_raw,email_kampus
21TI0001,Dimas Sari Permatasari,M,14/01/2002,Surabaya,TI,Teknologi Informasi,2021,2021-08-25,Aktif,21ti0001@student.uadw.ac.id
21TI0002,Fitri Nugraha,L,2002-05-20,Kendari,TI,Teknologi Informasi,2021,2021-08-22,Lulus,21ti0002@student.uadw.ac.id
21TI0003,Dian Sari,Laki-laki,2002-09-14,Kendari,TI,Teknologi Informasi,2021,2021-08-21,Lulus,21ti0003@student.uadw.ac.id
21TI0004,Alya Kurniawan,Perempuan,2002-01-10,Kendari,TI,Teknologi Informasi,2021,2021-08-19,Lulus,21ti0004@student.uadw.ac.id
21TI0005,Fauzan Febriani Setiaji,P,07/06/2001,Padang,TI,Teknologi Informasi,2021,2021-08-25,Lulus,21ti0005@student.uadw.ac.id
21TI0006,Akbar Purnama Permatasari,P,2003-01-06,Raha,ti,Teknologi Informasi,2021,2021-08-25,Lulus,21ti0006@student.uadw.ac.id
21TI0007,Syifa Setiawan Permatasari,L,2003-08-03,Bandung,TI,Teknologi Informasi,2021,2021-08-25,Lulus,21ti0007@student.uadw.ac.id
21TI0008,Putri Saputra,P,2001-12-06,Banda Aceh,TI,Teknologi Informasi,2021,17-Aug-2021,Lulus,21ti0008@student.uadw.ac.id
21TI0009,Nisa Saputra Mahendra,L,22-Sep-2003,Banda Aceh,TI,Teknologi Informasi,2021,21/08/2021,Lulus,21ti0009@student.uadw.ac.id
21TI0010,Anisa Ananda Azzahra,L,2003-10-11,Palembang,TI,Teknologi Informasi,2021,2021-08-18,Lulus,21ti0010@student.uadw.ac.id
21TI0011,Rizky Wahyuni Nasution,L,2001-12-21,Kendari,TI,Teknologi Informasi,2021,2021-08-25,Lulus,21ti0011@student.uadw.ac.id
21TI0012,Alya Firmansyah Sulaiman,P,2002-02-01,Surabaya,TI,Teknologi Informasi,2021,2021-08-25,Lulus,21ti0012@student.uadw.ac.id
21TI0013,Fauzan Hidayat Azzahra,P,2003-01-06,Palembang,TI,Teknologi Informasi,2021,23-Aug-2021,Lulus,21ti0013@student.uadw.ac.id
21TI0014,Rizky Kurniawan Safitri,L,2002-03-22,Surabaya,TI,Teknologi Informasi,2021,2021-08-18,Lulus,21ti0014@student.uadw.ac.id
21TI0015,Samuel Utami,L,2001-08-01,Padang,TI,TEKNOLOGI INFORMASI,2021,16-Aug-2021,Aktif,21ti0015@student.uadw.ac.id
21TI0016,Akbar Amelia Herlambang,M,2002-01-11,Banda Aceh,TI,TI,2021,2021-08-15,Lulus,21ti0016@student.uadw.ac.id
21TI0017,Grace Firmansyah Azzahra,Perempuan,17/05/2001,Wakatobi,TI,Teknologi Informasi,2021,2021-08-21,Aktif,21ti0017@student.uadw.ac.id
21TI0018,Dian Pratama,Laki-laki,05/12/2003,Mataram,TI,Teknologi Informasi,2021,2021-08-24,Lulus,21ti0018@student.uadw.ac.id
21TI0019,Aisyah Purnama Prasetyo,P,2003-12-22,Kendari,TI,Teknologi Informasi,2021,2021-08-19,Lulus,21ti0019@student.uadw.ac.id
21TI0020,Raka Anggraini,L,2003-07-19,Medan,TI,Teknologi Informasi,2021,2021-08-15,Lulus,21ti0020@student.uadw.ac.id
21TI0021,Nabila Lestari,L,2002-04-24,Gorontalo,TI,Teknologi Informasi,2021,2021-08-16,Lulus,21ti0021@student.uadw.ac.id
21TI0022,Nisa Putri,L,2003-04-22,,TI,Teknologi Informasi,2021,2021-08-21,Lulus,21ti0022@student.uadw.ac.id
21TI0023,Nadia Utami,L,26-Jan-2002,Banda Aceh,TI,Tek. Informasi,2021,2021-08-25,Lulus,21ti0023@student.uadw.ac.id
21TI0024,Andi Ananda Pamungkas,L,28/09/2002,Bandung, TI,Teknologi Informasi,2021,2021-08-19,Lulus,21ti0024@student.uadw.ac.id
21TI0025,Rafi Setiawan,Perempuan,2001-10-28,Kendari,TI,Teknologi Informasi,2021,2021-08-21,Lulus,21ti0025@student.uadw.ac.id
21TI0026,Maya Setiawan Mahendra,P,2002-07-16,Kolaka,TI,Teknologi Informasi,2021,15/08/2021,Lulus,21ti0026@student.uadw.ac.id
21TI0027,Nadia Lestari,P,18-Jan-2003,Mataram,TI,Teknologi Informasi,2021,25-Aug-2021,Lulus,21ti0027@student.uadw.ac.id
21TI0028,Fitri Fauzi Gunawan,L,2002-08-08,Padang,TI,Teknologi Informasi,2021,2021-08-24,Lulus,21ti0028@student.uadw.ac.id
21TI0029,Rina Utami Karim,Laki-laki,14-Jan-2004,Makassar,TI,Teknologi Informasi,2021,2021-08-21,Lulus,21ti0029@student.uadw.ac.id
21TI0030,Zahra Ningsih Prasetyo,P,2003-08-24,Kolaka,TI,Teknologi Informasi,2021,2021-08-17,Lulus,21ti0030@student.uadw.ac.id
21TI0031,Samuel Hakim Hasan,L,12/12/2003,Unaaha,TI,Teknologi Informasi,2021,2021-08-23,Lulus,21ti0031@student.uadw.ac.id
21TI0032,Galih Ramadhan Maulida,Perempuan,08/06/2003,Banda Aceh,TI,Teknologi Informasi,2021,2021-08-24,Lulus,21ti0032@student.uadw.ac.id
21TI0033,Rafi Maharani Oktaviani,P,2004-02-16,Bandung,TI,Teknologi Informasi,2021,25-Aug-2021,Lulus,21ti0033@student.uadw.ac.id
21TI0034,Kevin Ananda,P,2002-06-02,Baubau, TI,Teknologi Informasi,2021,25/08/2021,Lulus,21ti0034@student.uadw.ac.id
21TI0035,Hafiz Maulana,P,2003-08-19,Raha,TI,Teknologi Informasi,2021,21-Aug-2021,Lulus,21ti0035@student.uadw.ac.id
21TI0036,Syifa Permana Wardana,L,2003-06-02,Padang, TI,Teknologi Informasi,2021,17/08/2021,Lulus,21ti0036@student.uadw.ac.id
21TI0037,Samuel Putra,Laki-laki,06/07/2002,Palu,TI,Teknologi Informasi,2021,18/08/2021,Lulus,21ti0037@student.uadw.ac.id
21TI0038,Fitri Utami Kurniadi,P,28/01/2001,Makassar,TI,TEKNOLOGI INFORMASI,2021,2021-08-16,Lulus,21ti0038@student.uadw.ac.id
21TI0039,Grace Pratama Safitri,P,17-Mar-2004,Baubau,TI,Tek. Informasi,2021,2021-08-16,Aktif,21ti0039@student.uadw.ac.id
21TI0040,Bima Maulana,M,19-Mar-2002,Unaaha,TI,Tek. Informasi,2021,2021-08-22,Aktif,21ti0040@student.uadw.ac.id
21TI0041,Aditya Fauzi,L,2002-11-20,Palu,TI,Teknologi Informasi,2021,2021-08-21,Aktif,21ti0041@student.uadw.ac.id
21TI0042,Grace Aziz Karim,L,2001-11-07,Yogyakarta,TI,Teknologi Informasi,2021,2021-08-17,Lulus,21ti0042@student.uadw.ac.id
21TI0043,Farhan Firmansyah,P,15/04/2002,Surabaya,TI,Teknologi Informasi,2021,21-Aug-2021,Lulus,21ti0043@student.uadw.ac.id
21TI0044,Rizky Setiawan Mahendra,Laki-laki,2003-03-15,Gorontalo,TI,Teknologi Informasi,2021,2021-08-21,Lulus,21ti0044@student.uadw.ac.id
21TI0045,Salma Hidayat Azzahra,L,16/05/2003,Palembang,TI,TI,2021,2021-08-22,Lulus,21ti0045@student.uadw.ac.id
21TI0046,Lukman Putri Hermawan,Laki-laki,2002-07-04,Unaaha,TI,TEKNOLOGI INFORMASI,2021,21/08/2021,Lulus,21ti0046@student.uadw.ac.id
21TI0047,Anisa Fauzi Mahendra,P,2001-09-02,Unaaha,TI,TEKNOLOGI INFORMASI,2021,2021-08-23,Lulus,21ti0047@student.uadw.ac.id
21TI0048,Alya Maulana Susanti,Perempuan,2003-05-02,Unaaha,TI ,Teknologi Informasi,2021,22/08/2021,Lulus,21ti0048@student.uadw.ac.id
21TI0049,Akbar Febriani Kusuma,P,2003-01-27,Yogyakarta,TI,Teknologi Informasi,2021,2021-08-21,Lulus,21ti0049@student.uadw.ac.id
21TI0050,Galih Anggraini Nugroho,L,2002-08-15,Surabaya,TI,Teknologi Informasi,2021,2021-08-16,Lulus,21ti0050@student.uadw.ac.id
21TI0051,Bima Putri,Perempuan,19-Jan-2002,Mataram,TI,Tek. Informasi,2021,18-Aug-2021,Lulus,21ti0051@student.uadw.ac.id
21TI0052,Maya Wijaya Hasan,P,07-Sep-2003,Banda Aceh,TI,Teknologi Informasi,2021,2021-08-24,Lulus,21ti0052@student.uadw.ac.id
21TI0053,Syifa Hidayat Hermawan,P,2002-01-08,Wakatobi,TI,Teknologi Informasi,2021,2021-08-20,Lulus,21ti0053@student.uadw.ac.id
21TI0054,Yoga Purnama,P,2004-12-06,Yogyakarta,TI,Teknologi Informasi,2021,2021-08-24,Aktif,21ti0054@student.uadw.ac.id
21TI0055,Syifa Hakim Setiaji,P,16/04/2002,Wakatobi,TI,Teknologi Informasi,2021,2021-08-19,Aktif,21ti0055@student.uadw.ac.id
21TI0056,Iqbal Saputra Nasution,P,2003-07-16,Palu,TI,TI,2021,2021-08-19,Aktif,21ti0056@student.uadw.ac.id
21TI0057,Galih Anggraini Kusuma,L,14/03/2002,Surabaya,TI,Teknologi Informasi,2021,2021-08-15,Lulus,21ti0057@student.uadw.ac.id
21TI0058,Nabila Santoso,P,2002-02-08,Kolaka,TI ,Teknologi informasi,2021,16/08/2021,Aktif,21ti0058@student.uadw.ac.id
21TI0059,Kevin Ananda Nasution,P,08-Aug-2003,Surabaya,TI,Teknologi Informasi,2021,2021-08-15,Lulus,21ti0059@student.uadw.ac.id
21TI0060,Taufik Purnama,P,2001-09-02,Padang,TI,Teknologi Informasi,2021,2021-08-15,Lulus,21ti0060@student.uadw.ac.id
21TI0061,Wulan Anggraini Permatasari,L,2002-03-21,Bandung,TI,Teknologi Informasi,2021,2021-08-15,Lulus,21ti0061@student.uadw.ac.id
21TI0062,Arif Febriani Mulyani,P,17/03/2003,Ambon,TI,Tek. Informasi,2021,24/08/2021,Lulus,21ti0062@student.uadw.ac.id
21TI0063,Rahmat Anggraini,Laki-laki,2003-06-26,Banda Aceh,TI,Teknologi Informasi,2021,19/08/2021,Lulus,21ti0063@student.uadw.ac.id
21TI0064,Ilham Wijaya Wardana,P,2002-08-09,Gorontalo,TI,Teknologi Informasi,2021,2021-08-21,Lulus,21ti0064@student.uadw.ac.id
21TI0065,Siti Purnama,Perempuan,2003-12-03,Wakatobi,TI,Teknologi Informasi,2021,2021-08-16,Lulus,21ti0065@student.uadw.ac.id
21TI0066,Farhan Hakim,L,2003-07-25,Palembang,TI,Teknologi Informasi,2021,16/08/2021,Lulus,21ti0066@student.uadw.ac.id
21TI0067,Bima Nugraha Wardana,L,12-Apr-2002,Surabaya,TI,Teknologi Informasi,2021,2021-08-15,Lulus,21ti0067@student.uadw.ac.id
21TI0068,Iqbal Firmansyah,P,2003-07-05,Raha,TI,Teknologi Informasi,2021,2021-08-15,Lulus,21ti0068@student.uadw.ac.id
21TI0069,Akbar Pratama,Perempuan,2001-02-21,Gorontalo,TI,Teknologi Informasi,2021,2021-08-19,Aktif,21ti0069@student.uadw.ac.id
21TI0070,Intan Febriani Siregar,L,2002-08-18,Wakatobi,TI,Teknologi Informasi,2021,2021-08-15,Lulus,21ti0070@student.uadw.ac.id
21TI0071,Nur Kurniawan Kurniadi,P,2003-11-27,Bandung,TI,Teknologi Informasi,2021,2021-08-16,Aktif,21ti0071@student.uadw.ac.id
21TI0072,Rahmat Ramadhan Permatasari,P,05/05/2002,Ambon,TI,Teknologi Informasi,2021,24/08/2021,Lulus,21ti0072@student.uadw.ac.id
21TI0073,Aisyah Putra,Laki-laki,2001-02-01,Makassar,TI,Teknologi Informasi,2021,21/08/2021,Aktif,21ti0073@student.uadw.ac.id
21TI0074,Aditya Putra Iskandar,F,2003-02-15,Palembang,TI,Teknologi Informasi,2021,23/08/2021,Aktif,21ti0074@student.uadw.ac.id
21TI0075,Syifa Sari Setiaji,L,22/11/2002,Bandung,TI,Teknologi Informasi,2021,2021-08-20,Lulus,21ti0075@student.uadw.ac.id
21TI0076,Nabila Aziz,P,2001-08-12,Ambon,TI,TEKNOLOGI INFORMASI,2021,2021-08-16,Lulus,21ti0076@student.uadw.ac.id
21TI0077,Aulia Putri Mahendra,P,26/06/2002,Gorontalo,TI,Teknologi Informasi,2021,2021-08-20,Lulus,21ti0077@student.uadw.ac.id
21TI0078,Grace Santoso Pamungkas,L,2003-06-19,Medan,TI,Teknologi Informasi,2021,2021-08-23,Lulus,21ti0078@student.uadw.ac.id
21TI0079,Dian Rasyid,L,2001-06-13,Padang,TI,Teknologi Informasi,2021,2021-08-21,Aktif,21ti0079@student.uadw.ac.id
21TI0080,Rani Hidayat,P,2002-07-04,Bandung,TI,Teknologi informasi,2021,21/08/2021,Lulus,21ti0080@student.uadw.ac.id
21TI0081,Intan Maharani,P,2001-04-18,Kolaka,TI,Teknologi Informasi,2021,2021-08-19,Lulus,21ti0081@student.uadw.ac.id
21TI0082,Fitri Setiawan Mahendra,P,2001-03-13,Padang,TI,Teknologi Informasi,2021,2021-08-20,Lulus,21ti0082@student.uadw.ac.id
21TI0083,Arif Permana Iskandar,P,2002-10-10,Mataram,TI,Teknologi Informasi,2021,22-Aug-2021,Lulus,21ti0083@student.uadw.ac.id
21TI0084,Dian Hakim Hermawan,P,2002-04-03,Ambon,TI,Teknologi Informasi,2021,2021-08-17,Lulus,21ti0084@student.uadw.ac.id
21TI0085,Anisa Febriani,Perempuan,2002-09-18,Baubau,TI,Teknologi Informasi,2021,18-Aug-2021,Lulus,21ti0085@student.uadw.ac.id
21SI0001,Ilham Maharani,P,2001-12-04,Bandung,SI,Sistem Informasi,2021,2021-08-15,Lulus,21si0001@student.uadw.ac.id
21SI0002,Ahmad Utami,Perempuan,2004-08-18,Raha,SI,Sistem Informasi,2021,18/08/2021,Lulus,21si0002@student.uadw.ac.id
21SI0003,Ahmad Maharani,P,2003-10-12,Padang,SI,Sist. Informasi,2021,2021-08-22,Lulus,21si0003@student.uadw.ac.id
21SI0004,Muhammad Ananda,P,2002-07-25,Palembang,SI,Sistem Informasi,2021,16-Aug-2021,Lulus,21si0004@student.uadw.ac.id
21SI0005,Rizky Aziz Kurniadi,L,2003-02-10,Gorontalo,SI,Sistem Informasi,2021,2021-08-22,Lulus,21si0005@student.uadw.ac.id
21SI0006,Bagas Nugraha,P,2003-11-23,Palu,SI,Sistem Informasi,2021,2021-08-19,Lulus,21si0006@student.uadw.ac.id
21SI0007,Nabila Febriani,P,2003-01-21,Makassar,SI,Sistem Informasi,2021,2021-08-21,Aktif,21si0007@student.uadw.ac.id
21SI0008,Aulia Putra Wibowo,L,2004-03-16,Yogyakarta,SI,Sistem Informasi,2021,16/08/2021,Aktif,21si0008@student.uadw.ac.id
21SI0009,Nadia Amelia,L,2001-02-23,Kolaka,SI,Sistem Informasi,2021,2021-08-17,Aktif,21si0009@student.uadw.ac.id
21SI0010,Zahra Rasyid,L,2002-11-16,Palembang,SI,Sistem Informasi,2021,2021-08-21,Aktif,21si0010@student.uadw.ac.id
21SI0011,Putri Wahyuni,L,2002-08-15,Mataram,SI,Sistem informasi,2021,2021-08-24,Lulus,21si0011@student.uadw.ac.id
21SI0012,Aisyah Permana Maulida,L,2002-04-04,Palu,SI,Sistem Informasi,2021,2021-08-25,Lulus,21si0012@student.uadw.ac.id
21SI0013,Yoga Hidayat Siregar,L,12/11/2002,Unaaha,SI,Sistem informasi,2021,2021-08-16,Lulus,21si0013@student.uadw.ac.id
21SI0014,Dian Fauzi Maulida,P,2002-04-11,Medan,SI,Sistem Informasi,2021,2021-08-20,Aktif,21si0014@student.uadw.ac.id
21SI0015,Ilham Utami Oktaviani,F,2002-04-23,Padang,SI,Sistem Informasi,2021,2021-08-25,Lulus,21si0015@student.uadw.ac.id
21SI0016,Dian Wijaya Halim,L,10/04/2004,Raha,SI ,Sistem informasi,2021,2021-08-22,Lulus,21si0016@student.uadw.ac.id
21SI0017,Putri Putri Permatasari,F,15/01/2002,Yogyakarta,SI,SISTEM INFORMASI,2021,2021-08-24,Lulus,21si0017@student.uadw.ac.id
21SI0018,Salma Hidayat Oktaviani,Perempuan,2001-05-15,Ambon,SI,Sistem informasi,2021,19/08/2021,Aktif,21si0018@student.uadw.ac.id
21SI0019,Hafiz Maharani,P,21/04/2001,Manado,SI,Sist. Informasi,2021,2021-08-18,Lulus,21si0019@student.uadw.ac.id
21SI0020,Aisyah Ananda,L,05-May-2002,Manado,SI,Sistem Informasi,2021,2021-08-16,Lulus,21si0020@student.uadw.ac.id
21SI0021,Hafiz Amelia,L,2003-12-16,Palu,SI,Sistem Informasi,2021,2021-08-24,Lulus,21si0021@student.uadw.ac.id
21SI0022,Nisa Pratama,F,2003-05-08,,SI,Sistem Informasi,2021,22/08/2021,Aktif,21si0022@student.uadw.ac.id
21SI0023,Andi Lestari,P,2001-11-23,Semarang,SI,Sistem Informasi,2021,2021-08-25,Lulus,21si0023@student.uadw.ac.id
21SI0024,Samuel Setiawan,L,21-Sep-2004,Manado,si,Sistem Informasi,2021,2021-08-15,Lulus,21si0024@student.uadw.ac.id
21SI0025,Siti Ramadhan Maulida,L,2004-02-06,Banda Aceh,SI,Sistem Informasi,2021,2021-08-17,Lulus,21si0025@student.uadw.ac.id
21SI0026,Nabila Putra Oktaviani,Laki-laki,2003-09-25,Manado,SI,Sistem Informasi,2021,2021-08-25,Lulus,21si0026@student.uadw.ac.id
21SI0027,Galih Wijaya,L,2002-08-27,Semarang,SI,Sist. Informasi,2021,16/08/2021,Lulus,21si0027@student.uadw.ac.id
21SI0028,Bagas Anggraini,P,2001-05-01,Yogyakarta,SI,Sistem Informasi,2021,2021-08-25,Lulus,21si0028@student.uadw.ac.id
21SI0029,Nisa Kurniawan,L,2004-08-10,Gorontalo,SI,Sistem Informasi,2021,2021-08-16,Lulus,21si0029@student.uadw.ac.id
21SI0030,Rizky Amelia,P,2001-06-07,Medan,SI ,Sistem Informasi,2021,24-Aug-2021,Aktif,21si0030@student.uadw.ac.id
21SI0031,Farhan Aziz,L,2002-04-28,Yogyakarta,SI,Sistem Informasi,2021,2021-08-16,Lulus,21si0031@student.uadw.ac.id
21SI0032,Zahra Maulana,P,2004-11-25,Palembang,SI,Sistem Informasi,2021,2021-08-24,Aktif,21si0032@student.uadw.ac.id
21SI0033,Aditya Santoso Sulaiman,Laki-laki,2002-12-05,Gorontalo,SI,Sist. Informasi,2021,2021-08-25,Lulus,21si0033@student.uadw.ac.id
21SI0034,Ahmad Aziz,P,2004-02-25,Surabaya,SI,Sistem Informasi,2021,2021-08-17,Lulus,21si0034@student.uadw.ac.id
21SI0035,Syifa Permana Susanti,P,2003-08-18,Palu,SI,Sistem Informasi,2021,18/08/2021,Lulus,21si0035@student.uadw.ac.id
21SI0036,Nisa Wahyuni,L,2003-01-10,Unaaha, SI,Sistem Informasi,2021,2021-08-17,Lulus,21si0036@student.uadw.ac.id
21SI0037,Muhammad Rasyid,P,2002-08-03,Mataram,SI,Sistem Informasi,2021,2021-08-15,Aktif,21si0037@student.uadw.ac.id
21SI0038,Rina Febriani Permatasari,P,2001-07-12,Raha,SI,Sistem Informasi,2021,24-Aug-2021,Lulus,21si0038@student.uadw.ac.id
21SI0039,Reza Maulana,Laki-laki,16-Apr-2001,Semarang,SI,Sistem Informasi,2021,2021-08-23,Lulus,21si0039@student.uadw.ac.id
21SI0040,Yoga Firmansyah,P,19/05/2003,Palu,SI,Sistem informasi,2021,2021-08-21,Aktif,21si0040@student.uadw.ac.id
21SI0041,Rani Putri,L,25/03/2002,Baubau,SI,Sistem Informasi,2021,2021-08-24,Lulus,21si0041@student.uadw.ac.id
21SI0042,Ilham Putra Maulida,Perempuan,2003-04-25,Yogyakarta,SI,Sistem Informasi,2021,2021-08-23,Lulus,21si0042@student.uadw.ac.id
21SI0043,Muhammad Yusuf Kusuma,L,2003-06-02,Ambon,SI,SISTEM INFORMASI,2021,23-Aug-2021,Aktif,21si0043@student.uadw.ac.id
21SI0044,Kevin Purnama,L,25/07/2004,Bandung,SI,SI,2021,2021-08-19,Lulus,21si0044@student.uadw.ac.id
21SI0045,Kevin Wijaya,P,09/12/2003,Gorontalo,SI,Sistem Informasi,2021,22/08/2021,Aktif,21si0045@student.uadw.ac.id
21SI0046,Raka Anggraini,P,2002-12-02,Ambon,SI ,Sistem Informasi,2021,16/08/2021,Lulus,21si0046@student.uadw.ac.id
21SI0047,Vina Utami Pamungkas,L,17-Jan-2003,Gorontalo,SI,Sistem informasi,2021,24/08/2021,Lulus,21si0047@student.uadw.ac.id
21SI0048,Intan Setiawan,P,13-Jun-2001,,SI,Sistem informasi,2021,22/08/2021,Aktif,21si0048@student.uadw.ac.id
21SI0049,Iqbal Lestari Nasution,L,2001-07-23,Mataram,SI,Sistem Informasi,2021,2021-08-18,Aktif,21si0049@student.uadw.ac.id
21SI0050,Syifa Aziz,L,2001-09-03,Surabaya,SI,Sistem Informasi,2021,25/08/2021,Lulus,21si0050@student.uadw.ac.id
21SI0051,Rina Nugraha Setiaji,L,2003-10-07,Surabaya,SI,SI,2021,18/08/2021,Lulus,21si0051@student.uadw.ac.id
21SI0052,Rizky Febriani Azzahra,Perempuan,2003-03-16,Palembang,SI,Sistem Informasi,2021,2021-08-23,Aktif,21si0052@student.uadw.ac.id
21SI0053,Salma Santoso Wardana,L,2004-06-13,Manado,SI,Sistem Informasi,2021,2021-08-23,Lulus,21si0053@student.uadw.ac.id
21SI0054,Nisa Santoso Prasetyo,Perempuan,2001-01-07,Baubau,SI,Sistem Informasi,2021,2021-08-15,Lulus,21si0054@student.uadw.ac.id
21SI0055,Dimas Kurniawan,P,2003-03-18,Medan,SI,Sistem Informasi,2021,2021-08-17,Lulus,21si0055@student.uadw.ac.id
21SI0056,Kevin Firmansyah,P,2002-07-05,Wakatobi,SI,Sistem Informasi,2021,21/08/2021,Lulus,21si0056@student.uadw.ac.id
21SI0057,Bima Ramadhan,P,2002-03-21,Bandung,SI,Sistem Informasi,2021,2021-08-25,Lulus,21si0057@student.uadw.ac.id
21SI0058,Lukman Setiawan Karim,P,2001-12-19,Semarang,SI,Sistem Informasi,2021,2021-08-20,Lulus,21si0058@student.uadw.ac.id
21SI0059,Ahmad Rasyid Mulyani,P,07/11/2004,Gorontalo,SI,Sist. Informasi,2021,22/08/2021,Lulus,21si0059@student.uadw.ac.id
21SI0060,Aditya Santoso,P,2003-04-14,Semarang,SI,Sistem Informasi,2021,2021-08-15,Lulus,21si0060@student.uadw.ac.id
21SI0061,Rizky Permana Sulaiman,P,18/07/2002,Unaaha,SI,Sistem Informasi,2021,2021-08-24,Aktif,21si0061@student.uadw.ac.id
21SI0062,Anisa Nugraha Azzahra,P,2002-04-25,Raha,SI,Sistem Informasi,2021,18/08/2021,Lulus,21si0062@student.uadw.ac.id
21SI0063,Intan Lestari Mulyani,P,2004-02-11,Wakatobi,SI,SISTEM INFORMASI,2021,24-Aug-2021,Aktif,21si0063@student.uadw.ac.id
21SI0064,Ahmad Ananda,P,2003-04-15,Palembang,SI,Sistem Informasi,2021,2021-08-18,Lulus,21si0064@student.uadw.ac.id
21SI0065,Vina Putri Mulyani,Laki-laki,2002-10-18,Unaaha,SI,Sistem Informasi,2021,18/08/2021,Aktif,21si0065@student.uadw.ac.id
21SI0066,Ahmad Fauzi Safitri,L,2004-06-03,Unaaha,SI,SISTEM INFORMASI,2021,16/08/2021,Lulus,21si0066@student.uadw.ac.id
21SI0067,Tiara Febriani Siregar,P,2001-11-07,Palu,SI,Sistem Informasi,2021,2021-08-21,Lulus,21si0067@student.uadw.ac.id
21SI0068,Yoga Wahyuni Iskandar,L,2004-03-01,Raha,SI,Sistem Informasi,2021,2021-08-16,Lulus,21si0068@student.uadw.ac.id
21SI0069,Rizky Anggraini,P,2002-10-15,Yogyakarta,SI,Sistem Informasi,2021,16-Aug-2021,Lulus,21si0069@student.uadw.ac.id
21SI0070,Bima Putri Pamungkas,Laki-laki,2001-07-22,Ambon,SI,Sistem Informasi,2021,2021-08-15,Lulus,21si0070@student.uadw.ac.id
21SI0071,Bima Amelia Hasan,P,2002-10-11,Palembang,SI,Sistem Informasi,2021,2021-08-20,Aktif,21si0071@student.uadw.ac.id
21SI0072,Nadia Fauzi,Perempuan,2003-07-22,Ambon,SI,SISTEM INFORMASI,2021,16/08/2021,Lulus,21si0072@student.uadw.ac.id
21SI0073,Yoga Putra,Perempuan,2003-10-10,Padang,SI,Sistem Informasi,2021,16-Aug-2021,Lulus,21si0073@student.uadw.ac.id
21SI0074,Muhammad Firmansyah,P,2001-09-28,Ambon,SI,Sistem Informasi,2021,2021-08-21,Aktif,21si0074@student.uadw.ac.id
21SI0075,Bima Ananda Azzahra,P,2003-03-27,Bandung,SI,Sistem informasi,2021,20/08/2021,Aktif,21si0075@student.uadw.ac.id
21SI0076,Maya Maulana Siregar,P,11/03/2003,Kolaka,SI,Sist. Informasi,2021,15-Aug-2021,Lulus,21si0076@student.uadw.ac.id
21SI0077,Nabila Aziz,Perempuan,16/12/2001,Medan,SI,Sistem Informasi,2021,2021-08-24,Lulus,21si0077@student.uadw.ac.id
21SI0078,Iqbal Setiawan,Laki-laki,2003-05-08,,SI,SI,2021,2021-08-25,Lulus,21si0078@student.uadw.ac.id
21SI0079,Fajar Setiawan Herlambang,P,2003-12-24,Manado,si,Sistem Informasi,2021,2021-08-20,Lulus,21si0079@student.uadw.ac.id
21SI0080,Yoga Setiawan,L,2003-06-25,Padang,SI,Sistem Informasi,2021,2021-08-19,Lulus,21si0080@student.uadw.ac.id
21SI0081,Salma Ananda,P,2002-08-04,Baubau,SI,Sistem Informasi,2021,2021-08-24,Lulus,21si0081@student.uadw.ac.id
21IF0001,Samuel Aziz,P,2003-01-25,Raha,IF,Informatika,2021,22/08/2021,Lulus,21if0001@student.uadw.ac.id
21IF0002,Fitri Putra,P,2002-07-28,Mataram,IF,Informatika,2021,22-Aug-2021,Lulus,21if0002@student.uadw.ac.id
21IF0003,Muhammad Wahyuni,P,23-Jul-2003,Banda Aceh,IF,informatika,2021,22-Aug-2021,Lulus,21if0003@student.uadw.ac.id
21IF0004,Kevin Permana Kusuma,Perempuan,2002-12-19,Makassar,IF,IF,2021,20-Aug-2021,Lulus,21if0004@student.uadw.ac.id
21IF0005,Kevin Febriani,P,2002-02-25,Baubau,IF,Informatika,2021,2021-08-22,Lulus,21if0005@student.uadw.ac.id
21IF0006,Maya Maharani Kurniadi,L,2003-09-11,Banda Aceh,IF,Informatika,2021,2021-08-23,Lulus,21if0006@student.uadw.ac.id
21IF0007,Zahra Ananda Oktaviani,P,2003-02-02,Bandung, IF,Informatika,2021,2021-08-20,Lulus,21if0007@student.uadw.ac.id
21IF0008,Farhan Hidayat Setiaji,P,21/02/2001,Palu,IF,Informatika,2021,2021-08-24,Lulus,21if0008@student.uadw.ac.id
21IF0009,Intan Putri,L,2002-09-25,Baubau,IF,Informatika,2021,2021-08-18,Lulus,21if0009@student.uadw.ac.id
21IF0010,Ilham Yusuf Permatasari,Laki-laki,2004-12-08,Banda Aceh,IF,Informatika,2021,2021-08-18,Lulus,21if0010@student.uadw.ac.id
21IF0011,Aditya Wahyuni,L,14/01/2001,Kolaka,IF,Informatika,2021,2021-08-15,Lulus,21if0011@student.uadw.ac.id
21IF0012,Ahmad Aziz Setiaji,L,2002-11-13,Surabaya,IF,Informatika,2021,23/08/2021,Lulus,21if0012@student.uadw.ac.id
21IF0013,Bima Amelia Oktaviani,P,2003-11-25,Unaaha,IF,Informatika,2021,2021-08-15,Lulus,21if0013@student.uadw.ac.id
21IF0014,Tiara Purnama Safitri,L,18-Mar-2003,Ambon,IF,Teknik Informatika,2021,2021-08-16,Lulus,21if0014@student.uadw.ac.id
21IF0015,Nadia Santoso,L,2002-08-24,Kendari,IF,Informatika,2021,2021-08-16,Aktif,21if0015@student.uadw.ac.id
21IF0016,Ahmad Nugraha Rahmawati,L,2001-10-19,Padang,IF,Informatika,2021,22/08/2021,Aktif,21if0016@student.uadw.ac.id
21IF0017,Alya Anggraini Halim,P,2004-09-20,Mataram,IF,Informatika,2021,2021-08-21,Lulus,21if0017@student.uadw.ac.id
21IF0018,Vina Maharani Herlambang,Perempuan,2004-10-19,Kendari,IF,Informatika,2021,2021-08-19,Aktif,21if0018@student.uadw.ac.id
21IF0019,Vina Maulana Hasan,P,2003-08-10,Surabaya,IF,Informatika,2021,2021-08-18,Lulus,21if0019@student.uadw.ac.id
21IF0020,Fitri Setiawan,Perempuan,2002-06-28,Wakatobi,IF,Informatika,2021,2021-08-16,Lulus,21if0020@student.uadw.ac.id
21IF0021,Iqbal Rasyid Pamungkas,P,2004-03-24,Makassar,IF,IF,2021,2021-08-23,Lulus,21if0021@student.uadw.ac.id
21IF0022,Andi Rasyid,L,24/02/2002,Surabaya,IF,Informatika,2021,2021-08-24,Lulus,21if0022@student.uadw.ac.id
21IF0023,Bima Febriani,P,2004-06-08,Manado,IF,Informatika,2021,2021-08-23,Lulus,21if0023@student.uadw.ac.id
21IF0024,Grace Maulana Kusuma,L,2004-07-05,Wakatobi,IF,Informatika,2021,2021-08-15,Aktif,21if0024@student.uadw.ac.id
21IF0025,Nur Amelia,Perempuan,2004-11-05,Unaaha,IF,Informatika,2021,25/08/2021,Aktif,21if0025@student.uadw.ac.id
21IF0026,Dewi Amelia,P,21/07/2002,,IF,Informatika,2021,2021-08-21,Lulus,21if0026@student.uadw.ac.id
21IF0027,Wulan Putra,L,2002-08-28,Medan,IF,Informatika,2021,2021-08-16,Lulus,21if0027@student.uadw.ac.id
21IF0028,Raka Wijaya Sulaiman,Perempuan,2001-03-26,Gorontalo,IF,Informatika,2021,2021-08-24,Lulus,21if0028@student.uadw.ac.id
21IF0029,Iqbal Rasyid Sulaiman,L,09/01/2002,Kolaka,IF,Informatika,2021,2021-08-21,Lulus,21if0029@student.uadw.ac.id
21IF0030,Nadia Putri,L,03-May-2003,Mataram,IF,Informatika,2021,25/08/2021,Aktif,21if0030@student.uadw.ac.id
21IF0031,Rizky Pratama Kusuma,P,2003-10-13,Palembang,IF,Informatika,2021,2021-08-24,Lulus,21if0031@student.uadw.ac.id
21IF0032,Fauzan Wijaya Kurniadi,P,2003-03-01,Makassar,IF,Informatika,2021,2021-08-22,Lulus,21if0032@student.uadw.ac.id
21IF0033,Farhan Aziz,L,2003-11-20,Medan,IF,IF,2021,22-Aug-2021,Lulus,21if0033@student.uadw.ac.id
21IF0034,Rizky Aziz Permatasari,Laki-laki,2002-08-23,Baubau,IF,Informatika,2021,2021-08-16,Lulus,21if0034@student.uadw.ac.id
21IF0035,Nadia Aziz,Laki-laki,2003-11-07,Manado,IF,Informatika,2021,2021-08-18,Lulus,21if0035@student.uadw.ac.id
21IF0036,Dian Wahyuni,P,2004-04-16,Wakatobi,IF,Informatika,2021,23/08/2021,Lulus,21if0036@student.uadw.ac.id
21IF0037,Nabila Santoso Kusuma,P,2003-04-24,Semarang,IF,Informatika,2021,2021-08-18,Lulus,21if0037@student.uadw.ac.id
21IF0038,Galih Febriani Setiaji,P,26-Mar-2003,Manado,IF,informatika,2021,2021-08-25,Lulus,21if0038@student.uadw.ac.id
21IF0039,Kevin Sari Mahendra,L,2003-06-25,Baubau,IF,Informatika,2021,2021-08-15,Lulus,21if0039@student.uadw.ac.id
21IF0040,Maya Ramadhan Rahmawati,P,26-Sep-2002,Banda Aceh,IF ,Teknik Informatika,2021,2021-08-19,Aktif,21if0040@student.uadw.ac.id
21IF0041,Nur Nugraha,Laki-laki,2001-10-21,Banda Aceh,IF,Informatika,2021,2021-08-20,Aktif,21if0041@student.uadw.ac.id
21IF0042,Iqbal Fauzi,L,2004-07-11,Surabaya, IF,Informatika,2021,2021-08-24,Lulus,21if0042@student.uadw.ac.id
21IF0043,Galih Rasyid,Perempuan,2003-06-27,Raha,IF,INFORMATIKA,2021,2021-08-21,Lulus,21if0043@student.uadw.ac.id
21IF0044,Taufik Permana Syahputra,L,2001-11-26,Kolaka,IF,Informatika,2021,2021-08-17,Lulus,21if0044@student.uadw.ac.id
21IF0045,Samuel Sari,L,19-May-2002,Kendari,IF,Informatika,2021,2021-08-21,Lulus,21if0045@student.uadw.ac.id
21IF0046,Maya Wijaya Hasan,P,2002-07-06,Kolaka,IF,Informatika,2021,2021-08-22,Lulus,21if0046@student.uadw.ac.id
21IF0047,Bima Hidayat Pamungkas,Perempuan,2001-04-07,Manado,IF,Informatika,2021,19/08/2021,Lulus,21if0047@student.uadw.ac.id
21IF0048,Arif Hidayat Susanti,Laki-laki,2001-11-23,Wakatobi,IF ,Informatika,2021,16/08/2021,Lulus,21if0048@student.uadw.ac.id
21IF0049,Dewi Ningsih,P,2003-02-12,Unaaha,if,IF,2021,18/08/2021,Lulus,21if0049@student.uadw.ac.id
21IF0050,Vina Aziz Nasution,L,2003-07-05,Padang,if,Informatika,2021,2021-08-15,Lulus,21if0050@student.uadw.ac.id
21IF0051,Grace Fauzi Hermawan,L,2004-11-19,Padang,IF,Informatika,2021,2021-08-20,Lulus,21if0051@student.uadw.ac.id
21IF0052,Anisa Pratama Nugroho,L,2004-07-02,Unaaha,IF,Informatika,2021,2021-08-25,Lulus,21if0052@student.uadw.ac.id
21IF0053,Rahmat Rasyid,L,22-Apr-2002,Kolaka,IF,Informatika,2021,2021-08-25,Aktif,21if0053@student.uadw.ac.id
21IF0054,Syifa Hidayat,Laki-laki,2002-11-28,Yogyakarta,IF,Teknik Informatika,2021,2021-08-21,Lulus,21if0054@student.uadw.ac.id
21IF0055,Grace Lestari Fadillah,M,2003-04-22,Bandung,IF,Informatika,2021,19/08/2021,Lulus,21if0055@student.uadw.ac.id
21IF0056,Dimas Permana Syahputra,P,2004-11-09,Ambon,IF,Informatika,2021,2021-08-24,Lulus,21if0056@student.uadw.ac.id
21IF0057,Fauzan Putri Setiaji,P,09-Feb-2003,Mataram,IF,Informatika,2021,2021-08-24,Lulus,21if0057@student.uadw.ac.id
21IF0058,Tiara Amelia,P,2002-12-26,Banda Aceh,IF,INFORMATIKA,2021,18/08/2021,Aktif,21if0058@student.uadw.ac.id
21IF0059,Andi Amelia,L,01/09/2002,Medan,IF,Informatika,2021,19-Aug-2021,Lulus,21if0059@student.uadw.ac.id
21IF0060,Rani Ramadhan,Laki-laki,2001-11-01,Mataram,IF,Informatika,2021,2021-08-15,Lulus,21if0060@student.uadw.ac.id
21IF0061,Rani Ramadhan Karim,L,2003-02-14,Ambon,IF,Informatika,2021,2021-08-19,Lulus,21if0061@student.uadw.ac.id
21IF0062,Maya Hidayat Prasetyo,L,2004-09-12,Wakatobi,IF ,Informatika,2021,2021-08-23,Aktif,21if0062@student.uadw.ac.id
21IF0063,Iqbal Putri Safitri,L,2002-07-04,Unaaha,IF,Informatika,2021,21/08/2021,Lulus,21if0063@student.uadw.ac.id
21IF0064,Dian Permana,M,11/01/2004,Kolaka,IF,Informatika,2021,2021-08-22,Lulus,21if0064@student.uadw.ac.id
21IF0065,Maya Permana,P,2003-02-19,Baubau,IF,Teknik Informatika,2021,2021-08-20,Aktif,21if0065@student.uadw.ac.id
21IF0066,Raka Ningsih Siregar,P,2002-05-13,Padang,IF,Informatika,2021,2021-08-18,Lulus,21if0066@student.uadw.ac.id
21IF0067,Putri Saputra Melati,L,03-Oct-2002,Manado, IF,Informatika,2021,24/08/2021,Lulus,21if0067@student.uadw.ac.id
21IF0068,Samuel Putri,P,2002-03-28,Surabaya, IF,IF,2021,21/08/2021,Lulus,21if0068@student.uadw.ac.id
21IF0069,Dewi Santoso Susanti,M,2001-01-06,Palembang,IF,INFORMATIKA,2021,16/08/2021,Lulus,21if0069@student.uadw.ac.id
21IF0070,Alya Pratama,P,2003-05-23,Manado,IF,Informatika,2021,2021-08-16,Aktif,21if0070@student.uadw.ac.id
21IF0071,Andi Pratama,L,2002-06-21,Padang,IF ,Teknik Informatika,2021,2021-08-23,Lulus,21if0071@student.uadw.ac.id
21IF0072,Tiara Setiawan Syahputra,P,06/11/2003,Gorontalo,IF,Informatika,2021,2021-08-19,Aktif,21if0072@student.uadw.ac.id
21IF0073,Dewi Yusuf,P,2003-02-23,Manado,IF,Informatika,2021,2021-08-17,Lulus,21if0073@student.uadw.ac.id
21IF0074,Galih Wijaya Hasan,P,2004-06-26,Mataram,IF,Teknik Informatika,2021,2021-08-16,Lulus,21if0074@student.uadw.ac.id
21IF0075,Wulan Maulana Hermawan,P,2003-12-16,,IF,informatika,2021,2021-08-17,Lulus,21if0075@student.uadw.ac.id
21IF0076,Andi Yusuf,M,2002-08-10,Surabaya,IF,Informatika,2021,18-Aug-2021,Lulus,21if0076@student.uadw.ac.id
21IF0077,Dewi Saputra,P,2003-01-16,Unaaha,IF,informatika,2021,2021-08-23,Lulus,21if0077@student.uadw.ac.id
21IF0078,Bima Permana,L,2003-12-10,Kendari,IF,IF,2021,2021-08-17,Lulus,21if0078@student.uadw.ac.id
21IF0079,Ahmad Saputra Herlambang,L,03/04/2003,Semarang,IF,Informatika,2021,2021-08-24,Lulus,21if0079@student.uadw.ac.id
21IF0080,Syifa Hidayat Nasution,P,28/05/2003,Raha,IF,Informatika,2021,23-Aug-2021,Lulus,21if0080@student.uadw.ac.id
21IF0081,Aditya Amelia,Perempuan,2004-08-15,Bandung,IF,Teknik Informatika,2021,15/08/2021,Lulus,21if0081@student.uadw.ac.id
21IF0082,Zahra Firmansyah,L,2004-08-13,Unaaha,IF,INFORMATIKA,2021,2021-08-17,Lulus,21if0082@student.uadw.ac.id
21IF0083,Alya Hidayat Sulaiman,Laki-laki,2001-12-20,Surabaya,IF,Informatika,2021,18/08/2021,Aktif,21if0083@student.uadw.ac.id
21IF0084,Anisa Permana,L,2003-05-25,Mataram,IF,Informatika,2021,2021-08-16,Lulus,21if0084@student.uadw.ac.id
21IF0085,Reza Saputra,P,2003-08-21,Yogyakarta,IF,Informatika,2021,2021-08-22,Lulus,21if0085@student.uadw.ac.id
21DS0001,Nabila Firmansyah,L,2004-03-04,Wakatobi,DS,Sains Data,2021,19/08/2021,Aktif,21ds0001@student.uadw.ac.id
21DS0002,Samuel Setiawan Herlambang,L,2003-08-20,Raha,DS,Sains Data,2021,18/08/2021,Aktif,21ds0002@student.uadw.ac.id
21DS0003,Kevin Maulana Hermawan,Perempuan,07/10/2001,Banda Aceh,DS,Sains Data,2021,2021-08-19,Lulus,21ds0003@student.uadw.ac.id
21DS0004,Samuel Santoso,L,03/03/2004,Gorontalo,DS,Sains Data,2021,2021-08-24,Lulus,21ds0004@student.uadw.ac.id
21DS0005,Siti Ramadhan,L,09/05/2004,Unaaha,DS,Sains Data,2021,2021-08-19,Lulus,21ds0005@student.uadw.ac.id
21DS0006,Nisa Sari Susanti,Perempuan,2003-04-04,Padang,DS,Sains data,2021,20/08/2021,Lulus,21ds0006@student.uadw.ac.id
21DS0007,Nabila Santoso,P,25-May-2001,Makassar,DS,Sains Data,2021,2021-08-24,Lulus,21ds0007@student.uadw.ac.id
21DS0008,Lukman Aziz Prasetyo,P,16/01/2003,Medan,DS,Sains Data,2021,2021-08-19,Aktif,21ds0008@student.uadw.ac.id
21DS0009,Akbar Pratama,L,2002-04-17,Kolaka,DS,Sains Data,2021,2021-08-18,Lulus,21ds0009@student.uadw.ac.id
21DS0010,Taufik Ramadhan Mulyani,L,03-Feb-2003,Padang,DS,Sains Data,2021,21/08/2021,Lulus,21ds0010@student.uadw.ac.id
21DS0011,Ahmad Firmansyah Herlambang,P,2002-03-25,Palembang,DS,Sains data,2021,19/08/2021,Aktif,21ds0011@student.uadw.ac.id
21DS0012,Farhan Fauzi Susanti,P,2004-03-27,Unaaha,DS,Sains Data,2021,2021-08-19,Lulus,21ds0012@student.uadw.ac.id
21DS0013,Rina Permana,Perempuan,2004-01-15,Baubau,DS,Sains data,2021,2021-08-16,Aktif,21ds0013@student.uadw.ac.id
21DS0014,Siti Aziz Herlambang,Perempuan,02/01/2002,Kendari,DS,Sains Data,2021,24/08/2021,Lulus,21ds0014@student.uadw.ac.id
21DS0015,Nabila Amelia,P,2001-02-25,Ambon,DS,Sains Data,2021,2021-08-15,Lulus,21ds0015@student.uadw.ac.id
21DS0016,Muhammad Purnama,P,16/03/2002,Padang,DS,DS,2021,21-Aug-2021,Aktif,21ds0016@student.uadw.ac.id
21DS0017,Nur Rasyid Azzahra,L,04-Oct-2003,Mataram,DS,Sains Data,2021,2021-08-16,Lulus,21ds0017@student.uadw.ac.id
21DS0018,Akbar Hakim Oktaviani,L,04/10/2003,Medan,DS,Sains Data,2021,2021-08-23,Aktif,21ds0018@student.uadw.ac.id
21DS0019,Aditya Maulana,P,20/11/2004,Palembang,DS,Sains Data,2021,2021-08-24,Lulus,21ds0019@student.uadw.ac.id
21DS0020,Bima Sari Siregar,P,2002-09-27,Kolaka,DS,Sains data,2021,2021-08-25,Lulus,21ds0020@student.uadw.ac.id
21DS0021,Aulia Kurniawan Nasution,P,2003-02-18,Padang,DS,Sains Data,2021,2021-08-17,Lulus,21ds0021@student.uadw.ac.id
21DS0022,Raka Pratama,L,2004-09-14,Unaaha,DS,Sains Data,2021,2021-08-19,Lulus,21ds0022@student.uadw.ac.id
21DS0023,Akbar Permana Syahputra,L,14-Jun-2001,Semarang, DS,Sains Data,2021,2021-08-24,Lulus,21ds0023@student.uadw.ac.id
21DS0024,Iqbal Saputra,Perempuan,2003-09-06,Medan,DS,Sains Data,2021,2021-08-18,Aktif,21ds0024@student.uadw.ac.id
21DS0025,Fajar Maulana Syahputra,L,2003-02-25,Yogyakarta,DS ,SAINS DATA,2021,2021-08-22,Lulus,21ds0025@student.uadw.ac.id
21DS0026,Taufik Pratama Hasan,P,2003-12-01,Wakatobi,DS,DS,2021,2021-08-19,Lulus,21ds0026@student.uadw.ac.id
21DS0027,Akbar Sari Wardana,P,2003-04-08,Bandung,DS,Sains Data,2021,2021-08-24,Lulus,21ds0027@student.uadw.ac.id
21DS0028,Taufik Lestari,P,21-Jun-2003,Surabaya,DS,DS,2021,15/08/2021,Lulus,21ds0028@student.uadw.ac.id
21DS0029,Siti Wijaya Nugroho,Laki-laki,2003-12-08,Medan,DS,Sains Data,2021,2021-08-22,Aktif,21ds0029@student.uadw.ac.id
21DS0030,Nisa Lestari Pamungkas,Perempuan,2003-08-28,Makassar,DS,SAINS DATA,2021,2021-08-21,Lulus,21ds0030@student.uadw.ac.id
21DS0031,Salma Wahyuni,L,17/01/2003,Semarang,DS,Sains data,2021,2021-08-16,Lulus,21ds0031@student.uadw.ac.id
21DS0032,Bagas Ramadhan Fadillah,L,2001-06-27,Yogyakarta,DS,Sains Data,2021,16-Aug-2021,Lulus,21ds0032@student.uadw.ac.id
21DS0033,Akbar Pratama,P,28/03/2003,Semarang,DS,Sains data,2021,19/08/2021,Lulus,21ds0033@student.uadw.ac.id
21DS0034,Galih Aziz Iskandar,L,10/01/2001,Makassar,DS,DS,2021,2021-08-21,Lulus,21ds0034@student.uadw.ac.id
21DS0035,Ahmad Utami Oktaviani,P,2003-03-23,Mataram,DS,Sains Data,2021,2021-08-25,Lulus,21ds0035@student.uadw.ac.id
21DS0036,Rizky Nugraha Pamungkas,P,23/05/2001,Manado,DS,DS,2021,25-Aug-2021,Aktif,21ds0036@student.uadw.ac.id
21DS0037,Wulan Utami Herlambang,P,2001-01-28,Padang,DS,Sains Data,2021,15-Aug-2021,Lulus,21ds0037@student.uadw.ac.id
21DS0038,Putri Hidayat Gunawan,L,2004-09-21,Makassar,DS,Sains Data,2021,2021-08-24,Aktif,21ds0038@student.uadw.ac.id
21DS0039,Alya Saputra Safitri,L,2004-07-08,Surabaya,DS,Sains Data,2021,16-Aug-2021,Lulus,21ds0039@student.uadw.ac.id
21DS0040,Vina Hidayat Gunawan,P,2001-01-06,Kolaka,DS,Sains Data,2021,2021-08-25,Lulus,21ds0040@student.uadw.ac.id
21DS0041,Intan Hidayat Fadillah,P,13/05/2003,Baubau,DS,Sains Data,2021,2021-08-20,Lulus,21ds0041@student.uadw.ac.id
21DS0042,Ahmad Hakim,P,2001-07-19,Palu,DS,Sains Data,2021,2021-08-16,Aktif,21ds0042@student.uadw.ac.id
21DS0043,Dewi Anggraini,P,2002-11-22,Palembang,DS,Sains data,2021,2021-08-18,Lulus,21ds0043@student.uadw.ac.id
21DS0044,Raka Utami,L,2002-01-08,Manado,DS,Sains Data,2021,2021-08-21,Lulus,21ds0044@student.uadw.ac.id
21DS0045,Akbar Utami Sulaiman,P,2002-01-20,Manado,DS,Sains Data,2021,2021-08-22,Aktif,21ds0045@student.uadw.ac.id
21DS0046,Nadia Aziz Permatasari,P,2001-12-25,Banda Aceh, DS,Sains Data,2021,2021-08-15,Lulus,21ds0046@student.uadw.ac.id
21DS0047,Dian Ananda Herlambang,F,17/05/2002,Makassar,DS,DS,2021,2021-08-25,Lulus,21ds0047@student.uadw.ac.id
21DS0048,Arif Febriani Hermawan,Laki-laki,2004-03-16,Bandung,ds,Sains Data,2021,2021-08-21,Lulus,21ds0048@student.uadw.ac.id
21DS0049,Vina Putra Gunawan,L,05-Feb-2003,Mataram,DS,Sains Data,2021,2021-08-20,Lulus,21ds0049@student.uadw.ac.id
21DS0050,Lukman Saputra Herlambang,L,2001-03-28,Kolaka, DS,Sains Data,2021,2021-08-19,Aktif,21ds0050@student.uadw.ac.id
21DS0051,Nadia Nugraha Azzahra,Laki-laki,2003-04-02,Padang,DS,Sains Data,2021,2021-08-17,Lulus,21ds0051@student.uadw.ac.id
21DS0052,Zahra Aziz,P,2003-10-16,Baubau,DS,Sains Data,2021,2021-08-16,Lulus,21ds0052@student.uadw.ac.id
21DS0053,Vina Nugraha,Perempuan,2003-09-24,Medan,DS,SAINS DATA,2021,24/08/2021,Lulus,21ds0053@student.uadw.ac.id
21DS0054,Grace Sari Prasetyo,P,14/02/2002,Unaaha,DS,Sains Data,2021,2021-08-21,Lulus,21ds0054@student.uadw.ac.id
21DS0055,Rani Sari Nugroho,L,16-Jul-2003,Palembang,DS,SAINS DATA,2021,2021-08-21,Lulus,21ds0055@student.uadw.ac.id
21DS0056,Rizky Amelia Sulaiman,Laki-laki,2002-03-19,Yogyakarta,DS,Sains Data,2021,2021-08-17,Lulus,21ds0056@student.uadw.ac.id
21DS0057,Rizky Amelia,P,06-Jan-2003,Ambon,DS,Sains Data,2021,20-Aug-2021,Lulus,21ds0057@student.uadw.ac.id
21DS0058,Syifa Pratama,P,2004-02-19,Wakatobi,DS,Sains Data,2021,2021-08-18,Lulus,21ds0058@student.uadw.ac.id
21DS0059,Dian Putri Setiaji,L,2001-07-16,Semarang,DS,Sains Data,2021,2021-08-19,Lulus,21ds0059@student.uadw.ac.id
21DS0060,Grace Maharani,Perempuan,2003-04-14,Mataram,DS,Sains Data,2021,2021-08-22,Lulus,21ds0060@student.uadw.ac.id
21DS0061,Bagas Maharani Herlambang,P,2003-05-25,Unaaha,DS,Sains Data,2021,2021-08-22,Aktif,21ds0061@student.uadw.ac.id
21DS0062,Alya Lestari,L,2002-04-03,Wakatobi,DS,Sains Data,2021,2021-08-20,Lulus,21ds0062@student.uadw.ac.id
21DS0063,Bima Febriani,L,16/01/2002,Raha,DS,Sains Data,2021,2021-08-21,Lulus,21ds0063@student.uadw.ac.id
21DS0064,Syifa Kurniawan,L,15-Nov-2002,Ambon,DS,Sains Data,2021,23/08/2021,Lulus,21ds0064@student.uadw.ac.id
21DS0065,Farhan Putri Azzahra,P,2004-04-18,Wakatobi,DS,Sains Data,2021,2021-08-23,Lulus,21ds0065@student.uadw.ac.id
21DS0066,Akbar Setiawan Hermawan,L,2001-03-01,Baubau,DS,Sains Data,2021,2021-08-21,Lulus,21ds0066@student.uadw.ac.id
21DS0067,Syifa Santoso,L,22/07/2003,Baubau,DS,Sains Data,2021,2021-08-16,Lulus,21ds0067@student.uadw.ac.id
21TR0001,Reza Hidayat Susanti,L,04/04/2004,Gorontalo,TR,Teknologi Rekayasa Komputer,2021,22/08/2021,Lulus,21tr0001@student.uadw.ac.id
21TR0002,Raka Lestari Sulaiman,Laki-laki,2003-01-22,Raha,TR,Teknologi Rekayasa Komputer,2021,2021-08-19,Lulus,21tr0002@student.uadw.ac.id
21TR0003,Aisyah Firmansyah,L,26/12/2003,Baubau,TR,Teknologi Rekayasa Komputer,2021,2021-08-23,Lulus,21tr0003@student.uadw.ac.id
21TR0004,Rizky Hidayat,P,2001-10-17,Manado,TR,Teknologi Rekayasa Komputer,2021,2021-08-20,Aktif,21tr0004@student.uadw.ac.id
21TR0005,Dewi Yusuf,L,2001-08-05,Medan,TR,Teknologi Rekayasa Komputer,2021,2021-08-23,Lulus,21tr0005@student.uadw.ac.id
21TR0006,Samuel Pratama,Laki-laki,2003-06-05,Wakatobi,TR,Teknologi Rekayasa Komputer,2021,2021-08-15,Lulus,21tr0006@student.uadw.ac.id
21TR0007,Yoga Wijaya Siregar,P,2002-10-13,Gorontalo,TR,Teknologi Rekayasa Komputer,2021,2021-08-16,Aktif,21tr0007@student.uadw.ac.id
21TR0008,Rani Amelia,F,2004-05-05,Medan,TR,Teknologi Rekayasa Komputer,2021,2021-08-23,Lulus,21tr0008@student.uadw.ac.id
21TR0009,Nisa Pratama Prasetyo,L,2002-12-23,Yogyakarta,TR,Teknologi Rekayasa Komputer,2021,2021-08-21,Lulus,21tr0009@student.uadw.ac.id
21TR0010,Zahra Wijaya,L,2002-09-18,Raha, TR,Teknologi Rekayasa Komputer,2021,2021-08-23,Aktif,21tr0010@student.uadw.ac.id
21TR0011,Bagas Wijaya Karim,L,2003-05-18,Kolaka,TR,Teknologi Rekayasa Komputer,2021,2021-08-20,Lulus,21tr0011@student.uadw.ac.id
21TR0012,Raka Kurniawan Permatasari,L,2001-07-06,Palu,TR,Teknologi Rekayasa Komputer,2021,2021-08-22,Lulus,21tr0012@student.uadw.ac.id
21TR0013,Fajar Ananda Permatasari,P,04-Oct-2003,Makassar,TR,TRK,2021,2021-08-22,Aktif,21tr0013@student.uadw.ac.id
21TR0014,Bima Sari Herlambang,L,2003-05-06,Unaaha,TR,Tek. Rekayasa Komputer,2021,19/08/2021,Aktif,21tr0014@student.uadw.ac.id
21TR0015,Rahmat Ramadhan,L,2003-11-01,Manado,TR,Teknologi Rekayasa Komputer,2021,15/08/2021,Lulus,21tr0015@student.uadw.ac.id
21TR0016,Hafiz Yusuf,Laki-laki,2003-08-08,Baubau,TR,Teknologi Rekayasa Komputer,2021,2021-08-24,Aktif,21tr0016@student.uadw.ac.id
21TR0017,Aulia Nugraha,P,2003-04-24,Ambon,TR,Teknologi Rekayasa Komputer,2021,2021-08-19,Lulus,21tr0017@student.uadw.ac.id
21TR0018,Nabila Ramadhan,P,2002-03-09,Yogyakarta,TR,TRK,2021,2021-08-22,Lulus,21tr0018@student.uadw.ac.id
21TR0019,Rani Utami Hermawan,L,19-May-2003,Kolaka,TR,TR,2021,18/08/2021,Lulus,21tr0019@student.uadw.ac.id
21TR0020,Zahra Kurniawan Hasan,L,24/10/2003,Palembang,TR,TR,2021,2021-08-23,Lulus,21tr0020@student.uadw.ac.id
21TR0021,Rina Permana Kurniadi,L,2004-05-19,Makassar,TR,Teknologi Rekayasa Komputer,2021,2021-08-19,Aktif,21tr0021@student.uadw.ac.id
21TR0022,Maya Lestari Mulyani,P,2003-04-06,Palu,TR,Teknologi Rekayasa Komputer,2021,2021-08-21,Lulus,21tr0022@student.uadw.ac.id
21TR0023,Salma Kurniawan Halim,L,2002-06-27,Bandung,TR,Teknologi Rekayasa Komputer,2021,2021-08-25,Aktif,21tr0023@student.uadw.ac.id
21TR0024,Syifa Ananda,L,21/07/2001,Ambon,TR,Teknologi Rekayasa Komputer,2021,2021-08-18,Aktif,21tr0024@student.uadw.ac.id
21TR0025,Yoga Saputra,P,21-Aug-2001,Ambon,TR,Teknologi Rekayasa Komputer,2021,2021-08-20,Aktif,21tr0025@student.uadw.ac.id
21TR0026,Iqbal Lestari,L,2003-05-13,Wakatobi,TR,TRK,2021,2021-08-17,Aktif,21tr0026@student.uadw.ac.id
21TR0027,Putri Ningsih,P,04/07/2001,Ambon,TR,Teknologi Rekayasa Komputer,2021,2021-08-23,Aktif,21tr0027@student.uadw.ac.id
21TR0028,Muhammad Maulana Mulyani,L,2002-11-23,Banda Aceh,TR,Teknologi Rekayasa Komputer,2021,2021-08-18,Lulus,21tr0028@student.uadw.ac.id
21TR0029,Rina Maharani Melati,L,2004-10-14,Kolaka,TR,Teknologi Rekayasa Komputer,2021,2021-08-22,Lulus,21tr0029@student.uadw.ac.id
21TR0030,Muhammad Anggraini,P,2003-11-13,Baubau,TR,Teknologi Rekayasa Komputer,2021,2021-08-16,Lulus,21tr0030@student.uadw.ac.id
21TR0031,Taufik Maharani Susanti,P,2003-10-23,Ambon,TR,Teknologi Rekayasa Komputer,2021,2021-08-22,Lulus,21tr0031@student.uadw.ac.id
21TR0032,Siti Pratama,P,2003-02-15,Raha,TR,Teknologi Rekayasa Komputer,2021,2021-08-25,Lulus,21tr0032@student.uadw.ac.id
21TR0033,Intan Rasyid Kusuma,P,18/04/2001,Yogyakarta,TR,Teknologi Rekayasa Komputer,2021,2021-08-15,Lulus,21tr0033@student.uadw.ac.id
21TR0034,Arif Setiawan,L,05-Sep-2003,Semarang,tr,Teknologi Rekayasa Komputer,2021,2021-08-15,Lulus,21tr0034@student.uadw.ac.id
21TR0035,Siti Hakim Prasetyo,P,02/10/2002,Gorontalo,TR,Teknologi Rekayasa Komputer,2021,2021-08-22,Aktif,21tr0035@student.uadw.ac.id
21TR0036,Iqbal Fauzi,L,2003-11-10,Yogyakarta,TR,Tek. Rekayasa Komputer,2021,2021-08-16,Lulus,21tr0036@student.uadw.ac.id
21TR0037,Raka Permana,L,2001-09-25,Banda Aceh,TR,Teknologi Rekayasa Komputer,2021,20-Aug-2021,Lulus,21tr0037@student.uadw.ac.id
21TR0038,Raka Nugraha Wibowo,Perempuan,01/05/2002,Surabaya,TR,Teknologi Rekayasa Komputer,2021,25/08/2021,Lulus,21tr0038@student.uadw.ac.id
21TR0039,Andi Rasyid Permatasari,P,15-Apr-2003,Bandung,TR,Tek. Rekayasa Komputer,2021,2021-08-20,Lulus,21tr0039@student.uadw.ac.id
21TR0040,Alya Anggraini Prasetyo,L,2002-09-09,Palembang, TR,Teknologi Rekayasa Komputer,2021,2021-08-24,Lulus,21tr0040@student.uadw.ac.id
21TR0041,Grace Wijaya Wibowo,L,2001-05-21,Gorontalo,TR,TRK,2021,2021-08-19,Lulus,21tr0041@student.uadw.ac.id
21TR0042,Rani Saputra Permatasari,L,21/06/2003,Palu,TR,Teknologi Rekayasa Komputer,2021,17/08/2021,Aktif,21tr0042@student.uadw.ac.id
21TR0043,Yoga Nugraha Nugroho,P,2003-04-09,Semarang,TR,Tek. Rekayasa Komputer,2021,20/08/2021,Aktif,21tr0043@student.uadw.ac.id
21TR0044,Aisyah Purnama Nugroho,L,2003-08-28,Wakatobi,TR,Teknologi Rekayasa Komputer,2021,2021-08-19,Aktif,21tr0044@student.uadw.ac.id
21TR0045,Salma Yusuf,Laki-laki,2001-01-17,Gorontalo,TR,Teknologi Rekayasa Komputer,2021,2021-08-20,Lulus,21tr0045@student.uadw.ac.id
21TR0046,Samuel Firmansyah,Perempuan,2003-12-19,Banda Aceh,TR,TR,2021,2021-08-25,Aktif,21tr0046@student.uadw.ac.id
21TR0047,Bima Santoso Oktaviani,P,2003-07-10,Wakatobi,TR,Teknologi Rekayasa Komputer,2021,2021-08-17,Lulus,21tr0047@student.uadw.ac.id
21TR0048,Nadia Anggraini Gunawan,L,2001-11-10,Raha,TR,Teknologi Rekayasa Komputer,2021,2021-08-23,Aktif,21tr0048@student.uadw.ac.id
21TR0049,Bagas Anggraini,Laki-laki,2003-08-27,Kendari,TR,Tek. Rekayasa Komputer,2021,2021-08-16,Aktif,21tr0049@student.uadw.ac.id
21TR0050,Ilham Fauzi,Perempuan,2002-03-20,Bandung,TR,TR,2021,2021-08-20,Lulus,21tr0050@student.uadw.ac.id
21TR0051,Wulan Nugraha Hasan,L,2003-03-17,Kolaka,tr,TRK,2021,2021-08-17,Lulus,21tr0051@student.uadw.ac.id
21TR0052,Iqbal Ananda Rahmawati,L,2003-03-16,Makassar,TR,TRK,2021,2021-08-21,Lulus,21tr0052@student.uadw.ac.id
21TR0053,Ilham Maharani,P,2002-12-08,Ambon,TR,Teknologi Rekayasa Komputer,2021,2021-08-24,Lulus,21tr0053@student.uadw.ac.id
21TR0054,Siti Putri,L,13-Feb-2003,Makassar,TR,Teknologi Rekayasa Komputer,2021,18/08/2021,Lulus,21tr0054@student.uadw.ac.id
21TR0055,Lukman Ningsih Kurniadi,L,2004-10-28,Palembang, TR,Teknologi Rekayasa Komputer,2021,2021-08-25,Lulus,21tr0055@student.uadw.ac.id
21TR0056,Hafiz Saputra Susanti,L,26/01/2003,Yogyakarta,TR,Teknologi Rekayasa Komputer,2021,25/08/2021,Lulus,21tr0056@student.uadw.ac.id
21TR0057,Aulia Putra Hasan,L,2002-08-21,Semarang,TR,TEKNOLOGI REKAYASA KOMPUTER,2021,2021-08-22,Lulus,21tr0057@student.uadw.ac.id
21TR0058,Dimas Permana,P,2002-08-17,Palu,TR,Teknologi Rekayasa Komputer,2021,2021-08-24,Lulus,21tr0058@student.uadw.ac.id
21TR0059,Iqbal Utami,P,25/01/2002,Padang,tr,TEKNOLOGI REKAYASA KOMPUTER,2021,2021-08-17,Lulus,21tr0059@student.uadw.ac.id
21TR0060,Rani Maharani,Laki-laki,14/08/2002,Raha,TR,TRK,2021,2021-08-17,Lulus,21tr0060@student.uadw.ac.id
21TR0061,Raka Pratama,P,2003-07-05,Mataram,TR ,Teknologi Rekayasa Komputer,2021,2021-08-16,Aktif,21tr0061@student.uadw.ac.id
21TR0062,Yoga Rasyid,P,2002-10-22,Kolaka,TR,TR,2021,2021-08-21,Lulus,21tr0062@student.uadw.ac.id
21TR0063,Rafi Nugraha Setiaji,M,2004-06-28,Mataram,TR,Teknologi Rekayasa Komputer,2021,2021-08-18,Lulus,21tr0063@student.uadw.ac.id
21TR0064,Iqbal Maharani,Laki-laki,2003-09-16,Baubau, TR,Tek. Rekayasa Komputer,2021,2021-08-21,Lulus,21tr0064@student.uadw.ac.id
21TR0065,Kevin Wahyuni Karim,L,2002-03-09,Mataram,TR,Teknologi Rekayasa Komputer,2021,2021-08-16,Lulus,21tr0065@student.uadw.ac.id
21BD0001,Fajar Amelia,L,2003-05-21,Kendari,BD,BD,2021,2021-08-23,Lulus,21bd0001@student.uadw.ac.id
21BD0002,Raka Firmansyah,Perempuan,03/10/2003,Bandung,BD,Bisnis digital,2021,2021-08-18,Aktif,21bd0002@student.uadw.ac.id
21BD0003,Raka Ananda Setiaji,P,2002-04-04,Padang,BD,Bisnis Digital,2021,17/08/2021,Lulus,21bd0003@student.uadw.ac.id
21BD0004,Ahmad Putri Siregar,Perempuan,2003-08-04,Mataram,BD,Bisnis Digital,2021,22-Aug-2021,Lulus,21bd0004@student.uadw.ac.id
21BD0005,Raka Ningsih Wardana,Laki-laki,2002-06-14,Palembang,BD,Bisnis digital,2021,2021-08-20,Lulus,21bd0005@student.uadw.ac.id
21BD0006,Ahmad Putra Mulyani,L,22-Mar-2004,Kendari,BD,Bisnis Digital,2021,25/08/2021,Lulus,21bd0006@student.uadw.ac.id
21BD0007,Galih Fauzi Fadillah,Perempuan,2004-01-08,Makassar,BD,Bisnis Digital,2021,24/08/2021,Lulus,21bd0007@student.uadw.ac.id
21BD0008,Nabila Amelia,L,2003-05-18,Ambon,BD,Bisnis Digital,2021,2021-08-22,Aktif,21bd0008@student.uadw.ac.id
21BD0009,Rina Santoso,P,2003-09-23,Padang,BD,Bisnis Digital,2021,2021-08-23,Lulus,21bd0009@student.uadw.ac.id
21BD0010,Reza Putri,P,2002-07-25,Palembang,bd,Bisnis Digital,2021,2021-08-23,Lulus,21bd0010@student.uadw.ac.id
21BD0011,Nadia Sari Herlambang,P,2004-05-28,Banda Aceh,BD,Bisnis Digital,2021,2021-08-24,Aktif,21bd0011@student.uadw.ac.id
21BD0012,Syifa Amelia Rahmawati,P,2001-05-18,Gorontalo,bd,Bisnis Digital,2021,2021-08-16,Aktif,21bd0012@student.uadw.ac.id
21BD0013,Intan Hidayat,F,2003-12-24,Padang,BD,Bisnis digital,2021,2021-08-21,Lulus,21bd0013@student.uadw.ac.id
21BD0014,Salma Wijaya,P,2002-08-14,Banda Aceh,BD,Bisnis Digital,2021,2021-08-17,Lulus,21bd0014@student.uadw.ac.id
21BD0015,Dewi Nugraha,P,07-Aug-2002,Palembang,BD,Bisnis Dig.,2021,2021-08-19,Lulus,21bd0015@student.uadw.ac.id
21BD0016,Andi Aziz,L,2003-06-03,Wakatobi,BD,Bisnis Dig.,2021,2021-08-20,Lulus,21bd0016@student.uadw.ac.id
21BD0017,Samuel Setiawan Siregar,Perempuan,2002-08-25,Ambon,BD,Bisnis Digital,2021,15-Aug-2021,Lulus,21bd0017@student.uadw.ac.id
21BD0018,Nadia Setiawan,P,24/08/2003,Yogyakarta,BD,Bisnis Digital,2021,2021-08-21,Lulus,21bd0018@student.uadw.ac.id
21BD0019,Nur Maulana,L,2003-05-21,Manado,BD,Bisnis Digital,2021,2021-08-22,Aktif,21bd0019@student.uadw.ac.id
21BD0020,Nabila Amelia,L,24-Aug-2002,Mataram,BD,Bisnis Digital,2021,22/08/2021,Aktif,21bd0020@student.uadw.ac.id
21BD0021,Intan Hakim,L,2002-12-08,Semarang,BD,Bisnis Digital,2021,2021-08-23,Lulus,21bd0021@student.uadw.ac.id
21BD0022,Arif Sari,P,2002-05-15,Palu,BD,Bisnis Digital,2021,19/08/2021,Aktif,21bd0022@student.uadw.ac.id
21BD0023,Taufik Saputra Mahendra,L,2002-11-18,Palu,BD,Bisnis Digital,2021,2021-08-16,Lulus,21bd0023@student.uadw.ac.id
21BD0024,Dimas Wijaya,P,06/09/2002,Unaaha,BD ,Bisnis Digital,2021,2021-08-24,Lulus,21bd0024@student.uadw.ac.id
21BD0025,Aulia Kurniawan Sulaiman,P,2003-08-07,Raha,BD,BISNIS DIGITAL,2021,2021-08-20,Lulus,21bd0025@student.uadw.ac.id
21BD0026,Taufik Anggraini,L,14-Jun-2002,Raha,BD,Bisnis Dig.,2021,25/08/2021,Aktif,21bd0026@student.uadw.ac.id
21BD0027,Akbar Firmansyah Kusuma,P,2003-08-10,Wakatobi,BD,Bisnis Digital,2021,2021-08-22,Lulus,21bd0027@student.uadw.ac.id
21BD0028,Alya Utami Mulyani,L,2002-06-09,Mataram,BD,Bisnis Digital,2021,2021-08-22,Lulus,21bd0028@student.uadw.ac.id
21BD0029,Arif Santoso,P,2004-04-28,Kolaka,BD,Bisnis Digital,2021,2021-08-21,Lulus,21bd0029@student.uadw.ac.id
21BD0030,Galih Setiawan Gunawan,Perempuan,2003-03-09,Yogyakarta,BD,Bisnis Digital,2021,21/08/2021,Lulus,21bd0030@student.uadw.ac.id
21BD0031,Fitri Hakim Maulida,P,2003-12-28,Palembang,BD,Bisnis Digital,2021,2021-08-15,Lulus,21bd0031@student.uadw.ac.id
21BD0032,Tiara Utami Herlambang,L,2001-12-04,Baubau,BD,Bisnis Digital,2021,2021-08-24,Aktif,21bd0032@student.uadw.ac.id
21BD0033,Dimas Purnama Halim,P,2003-05-11,Semarang,BD,Bisnis digital,2021,2021-08-15,Lulus,21bd0033@student.uadw.ac.id
21BD0034,Rina Febriani,L,2004-05-17,Yogyakarta,BD,Bisnis Digital,2021,2021-08-16,Lulus,21bd0034@student.uadw.ac.id
21BD0035,Galih Purnama,L,26/12/2004,Padang,BD,BD,2021,2021-08-15,Lulus,21bd0035@student.uadw.ac.id
21BD0036,Muhammad Ramadhan Herlambang,L,2004-05-05,Surabaya,BD,BD,2021,2021-08-17,Aktif,21bd0036@student.uadw.ac.id
21BD0037,Ahmad Utami,Laki-laki,2002-03-05,Baubau,BD,Bisnis Digital,2021,20/08/2021,Lulus,21bd0037@student.uadw.ac.id
21BD0038,Dimas Aziz,L,21/10/2003,Palembang,BD,Bisnis Digital,2021,2021-08-20,Lulus,21bd0038@student.uadw.ac.id
21BD0039,Galih Yusuf,Laki-laki,19/09/2002,Bandung,BD,Bisnis Digital,2021,2021-08-19,Lulus,21bd0039@student.uadw.ac.id
21BD0040,Dimas Utami,L,21-May-2003,Kolaka,BD,Bisnis Digital,2021,2021-08-15,Aktif,21bd0040@student.uadw.ac.id
21BD0041,Raka Purnama,P,19-Jan-2003,,BD,Bisnis Digital,2021,2021-08-18,Lulus,21bd0041@student.uadw.ac.id
21BD0042,Rahmat Hakim Herlambang,P,2002-11-18,Unaaha,BD,Bisnis Digital,2021,2021-08-22,Lulus,21bd0042@student.uadw.ac.id
21BD0043,Nadia Setiawan Iskandar,L,2003-10-24,Makassar,BD,Bisnis Digital,2021,22/08/2021,Lulus,21bd0043@student.uadw.ac.id
21BD0044,Taufik Hidayat,P,2002-10-03,Surabaya,BD,Bisnis Digital,2021,17/08/2021,Lulus,21bd0044@student.uadw.ac.id
21BD0045,Rani Febriani,Laki-laki,2003-10-28,Semarang,BD,Bisnis Digital,2021,15-Aug-2021,Lulus,21bd0045@student.uadw.ac.id
21BD0046,Fauzan Lestari Oktaviani,P,07/08/2003,Ambon,BD,Bisnis Digital,2021,2021-08-16,Aktif,21bd0046@student.uadw.ac.id
21BD0047,Fitri Wijaya,Perempuan,2003-02-27,Unaaha,BD,Bisnis Dig.,2021,23-Aug-2021,Lulus,21bd0047@student.uadw.ac.id
21BD0048,Ahmad Rasyid Melati,P,2003-01-20,Padang,BD,Bisnis Dig.,2021,2021-08-20,Lulus,21bd0048@student.uadw.ac.id
21BD0049,Salma Yusuf,L,19/08/2002,Semarang,BD,Bisnis Digital,2021,2021-08-16,Lulus,21bd0049@student.uadw.ac.id
21BD0050,Fajar Anggraini Halim,L,2002-01-14,Banda Aceh, BD,Bisnis Digital,2021,2021-08-20,Lulus,21bd0050@student.uadw.ac.id
21BD0051,Alya Nugraha Wibowo,P,20-Sep-2003,Banda Aceh,BD,BD,2021,2021-08-24,Lulus,21bd0051@student.uadw.ac.id
21BD0052,Dimas Setiawan Maulida,M,13/02/2003,Kolaka,BD,Bisnis Digital,2021,2021-08-25,Lulus,21bd0052@student.uadw.ac.id
21BD0053,Rizky Lestari Permatasari,P,2002-06-27,Yogyakarta,BD,BD,2021,2021-08-17,Lulus,21bd0053@student.uadw.ac.id
21BD0054,Salma Santoso Maulida,P,2003-11-01,Medan,BD,BD,2021,17/08/2021,Aktif,21bd0054@student.uadw.ac.id
21BD0055,Grace Anggraini,L,2002-10-14,Bandung,BD,Bisnis Digital,2021,2021-08-24,Lulus,21bd0055@student.uadw.ac.id
21BD0056,Syifa Amelia,P,27/08/2001,Ambon,BD,Bisnis Digital,2021,2021-08-19,Lulus,21bd0056@student.uadw.ac.id
21BD0057,Zahra Putra Sulaiman,P,20/05/2003,Manado, BD,BISNIS DIGITAL,2021,2021-08-25,Aktif,21bd0057@student.uadw.ac.id
21BD0058,Galih Anggraini,Perempuan,2001-10-24,Surabaya,BD,Bisnis Digital,2021,2021-08-24,Lulus,21bd0058@student.uadw.ac.id
21BD0059,Nadia Ningsih,P,2002-11-27,Kolaka,BD,Bisnis Digital,2021,2021-08-16,Aktif,21bd0059@student.uadw.ac.id
21BD0060,Siti Ramadhan,P,2003-07-10,Mataram,BD,Bisnis Digital,2021,20/08/2021,Lulus,21bd0060@student.uadw.ac.id
21BD0061,Fajar Firmansyah Kurniadi,L,2002-02-08,Gorontalo,BD,Bisnis Digital,2021,2021-08-22,Lulus,21bd0061@student.uadw.ac.id
21BD0062,Dian Febriani,Laki-laki,2003-12-22,Medan,BD,Bisnis Digital,2021,2021-08-25,Aktif,21bd0062@student.uadw.ac.id
21BD0063,Intan Ramadhan Rahmawati,P,2003-08-09,Gorontalo,BD,Bisnis Digital,2021,19-Aug-2021,Lulus,21bd0063@student.uadw.ac.id
21BD0064,Raka Kurniawan,L,2003-05-06,Wakatobi,BD,Bisnis Digital,2021,2021-08-19,Lulus,21bd0064@student.uadw.ac.id
21BD0065,Anisa Setiawan Nasution,L,2003-04-16,Unaaha,BD,Bisnis Digital,2021,2021-08-22,Lulus,21bd0065@student.uadw.ac.id
21BD0066,Lukman Purnama,L,2004-05-09,Ambon,BD,Bisnis Digital,2021,2021-08-21,Aktif,21bd0066@student.uadw.ac.id
21BD0067,Lukman Firmansyah,P,2003-06-20,Bandung,BD,Bisnis Digital,2021,2021-08-24,Aktif,21bd0067@student.uadw.ac.id
22TI0001,Zahra Saputra Halim,L,2002-12-28,Manado,TI,Teknologi Informasi,2022,24-Aug-2022,Aktif,22ti0001@student.uadw.ac.id
22TI0002,Galih Saputra,P,2003-09-06,Makassar,TI,Teknologi Informasi,2022,2022-08-21,Aktif,22ti0002@student.uadw.ac.id
22TI0003,Intan Maharani Prasetyo,P,2003-06-04,Makassar,TI,Teknologi Informasi,2022,18-Aug-2022,Aktif,22ti0003@student.uadw.ac.id
22TI0004,Nisa Setiawan,P,17-Jul-2004,Yogyakarta,TI,Teknologi Informasi,2022,19/08/2022,Aktif,22ti0004@student.uadw.ac.id
22TI0005,Taufik Sari,L,2004-06-10,Mataram,TI,Teknologi Informasi,2022,16/08/2022,Aktif,22ti0005@student.uadw.ac.id
22TI0006,Dimas Setiawan Prasetyo,L,2004-05-20,Gorontalo,TI,Teknologi Informasi,2022,24-Aug-2022,Aktif,22ti0006@student.uadw.ac.id
22TI0007,Zahra Setiawan,Perempuan,2005-01-20,Wakatobi,TI,Teknologi Informasi,2022,18/08/2022,Aktif,22ti0007@student.uadw.ac.id
22TI0008,Zahra Kurniawan Safitri,P,04-Oct-2004,Mataram,TI,Teknologi Informasi,2022,2022-08-22,Aktif,22ti0008@student.uadw.ac.id
22TI0009,Nabila Lestari Hasan,P,2003-07-25,Makassar,TI,Teknologi Informasi,2022,2022-08-24,Aktif,22ti0009@student.uadw.ac.id
22TI0010,Akbar Permana Syahputra,P,2004-01-27,Palu,TI,Tek. Informasi,2022,2022-08-23,Aktif,22ti0010@student.uadw.ac.id
22TI0011,Nabila Lestari,P,2004-01-27,Raha,TI,Teknologi Informasi,2022,2022-08-18,Aktif,22ti0011@student.uadw.ac.id
22TI0012,Samuel Ramadhan,L,2003-02-06,Unaaha,TI,Teknologi Informasi,2022,19-Aug-2022,Aktif,22ti0012@student.uadw.ac.id
22TI0013,Ahmad Ananda,P,2004-01-28,Makassar,TI,Tek. Informasi,2022,2022-08-23,Aktif,22ti0013@student.uadw.ac.id
22TI0014,Salma Ramadhan,M,2004-03-11,Bandung,TI,Teknologi Informasi,2022,2022-08-17,Aktif,22ti0014@student.uadw.ac.id
22TI0015,Farhan Setiawan,P,2003-06-25,Wakatobi,TI,Teknologi Informasi,2022,2022-08-23,Aktif,22ti0015@student.uadw.ac.id
22TI0016,Dian Aziz,L,2003-01-09,Gorontalo,TI,TEKNOLOGI INFORMASI,2022,2022-08-18,Aktif,22ti0016@student.uadw.ac.id
22TI0017,Rizky Permana Nugroho,M,2004-04-28,Mataram,TI,Teknologi Informasi,2022,2022-08-19,Aktif,22ti0017@student.uadw.ac.id
22TI0018,Yoga Rasyid Permatasari,P,08/09/2004,,TI,Teknologi Informasi,2022,2022-08-19,Aktif,22ti0018@student.uadw.ac.id
22TI0019,Iqbal Setiawan Fadillah,P,11-Aug-2004,Raha,TI,Tek. Informasi,2022,2022-08-18,Aktif,22ti0019@student.uadw.ac.id
22TI0020,Taufik Lestari Mulyani,Laki-laki,2003-04-24,Makassar,TI,Teknologi Informasi,2022,22-Aug-2022,Aktif,22ti0020@student.uadw.ac.id
22TI0021,Samuel Sari,P,2003-02-19,Unaaha,TI,Teknologi Informasi,2022,19/08/2022,Aktif,22ti0021@student.uadw.ac.id
22TI0022,Dian Wijaya Mahendra,P,2005-07-20,Baubau,TI,Teknologi Informasi,2022,2022-08-23,Aktif,22ti0022@student.uadw.ac.id
22TI0023,Fajar Rasyid,P,13/07/2004,Palembang,ti,TI,2022,2022-08-23,Aktif,22ti0023@student.uadw.ac.id
22TI0024,Yoga Nugraha,Perempuan,02/05/2004,Makassar,TI,Teknologi Informasi,2022,2022-08-19,Aktif,22ti0024@student.uadw.ac.id
22TI0025,Aulia Maulana Oktaviani,P,19/06/2003,Manado,TI,Teknologi Informasi,2022,2022-08-18,Aktif,22ti0025@student.uadw.ac.id
22TI0026,Fauzan Wahyuni Hermawan,L,02-Jun-2005,Kolaka,TI,Teknologi Informasi,2022,2022-08-15,Aktif,22ti0026@student.uadw.ac.id
22TI0027,Siti Permana,Laki-laki,14/04/2004,Surabaya,TI,TEKNOLOGI INFORMASI,2022,2022-08-22,Aktif,22ti0027@student.uadw.ac.id
22TI0028,Raka Kurniawan Herlambang,P,2005-05-24,Palu,ti,Teknologi informasi,2022,25/08/2022,Aktif,22ti0028@student.uadw.ac.id
22TI0029,Bima Saputra Prasetyo,L,03-Feb-2002,Gorontalo, TI,Teknologi Informasi,2022,22-Aug-2022,Aktif,22ti0029@student.uadw.ac.id
22TI0030,Nabila Purnama,F,2003-03-03,Gorontalo,ti,Teknologi informasi,2022,23/08/2022,Aktif,22ti0030@student.uadw.ac.id
22TI0031,Tiara Santoso,P,2004-08-23,Gorontalo,TI,Teknologi Informasi,2022,22/08/2022,Aktif,22ti0031@student.uadw.ac.id
22TI0032,Fitri Febriani,P,2005-11-28,Padang,TI,TEKNOLOGI INFORMASI,2022,2022-08-21,Aktif,22ti0032@student.uadw.ac.id
22TI0033,Akbar Setiawan,P,2003-12-27,Manado,TI,Teknologi Informasi,2022,2022-08-25,Aktif,22ti0033@student.uadw.ac.id
22TI0034,Iqbal Maulana Pamungkas,P,2004-03-10,Baubau,TI,Teknologi Informasi,2022,2022-08-19,Aktif,22ti0034@student.uadw.ac.id
22TI0035,Kevin Maharani Permatasari,L,2004-01-13,Wakatobi, TI,Teknologi Informasi,2022,21-Aug-2022,Aktif,22ti0035@student.uadw.ac.id
22TI0036,Akbar Setiawan Wardana,P,27-Apr-2003,Surabaya,TI,Teknologi Informasi,2022,2022-08-17,Aktif,22ti0036@student.uadw.ac.id
22TI0037,Aulia Purnama Karim,Perempuan,2004-03-28,Manado,TI,Teknologi Informasi,2022,2022-08-21,Aktif,22ti0037@student.uadw.ac.id
22TI0038,Syifa Putri Maulida,Perempuan,2004-05-26,Surabaya,TI,Teknologi Informasi,2022,2022-08-16,Aktif,22ti0038@student.uadw.ac.id
22TI0039,Bima Maulana Oktaviani,Laki-laki,2004-05-13,Manado,TI,Teknologi informasi,2022,2022-08-21,Aktif,22ti0039@student.uadw.ac.id
22TI0040,Galih Wahyuni,L,2004-07-25,Ambon,TI,Teknologi Informasi,2022,2022-08-24,Aktif,22ti0040@student.uadw.ac.id
22TI0041,Akbar Ningsih Mulyani,Laki-laki,2004-03-18,Makassar,TI,Teknologi Informasi,2022,2022-08-19,Aktif,22ti0041@student.uadw.ac.id
22TI0042,Hafiz Purnama,L,2005-09-10,Padang,TI,Teknologi Informasi,2022,2022-08-25,Aktif,22ti0042@student.uadw.ac.id
22TI0043,Fitri Maulana Wardana,Laki-laki,2004-12-26,Palu,TI,Teknologi Informasi,2022,19/08/2022,Aktif,22ti0043@student.uadw.ac.id
22TI0044,Siti Febriani Maulida,Laki-laki,2004-06-01,Surabaya,TI,Teknologi informasi,2022,2022-08-23,Aktif,22ti0044@student.uadw.ac.id
22TI0045,Ahmad Putra,P,22/11/2003,Manado,TI,Teknologi Informasi,2022,2022-08-16,Aktif,22ti0045@student.uadw.ac.id
22TI0046,Rafi Purnama,L,2004-07-07,Makassar,TI,Teknologi Informasi,2022,20/08/2022,Aktif,22ti0046@student.uadw.ac.id
22TI0047,Rani Purnama,P,2002-06-21,Kendari,TI,Teknologi Informasi,2022,2022-08-18,Aktif,22ti0047@student.uadw.ac.id
22TI0048,Alya Anggraini,P,2004-04-28,,TI,Teknologi Informasi,2022,2022-08-20,Aktif,22ti0048@student.uadw.ac.id
22TI0049,Putri Utami,Laki-laki,2004-07-03,Medan,TI,Teknologi Informasi,2022,18/08/2022,Aktif,22ti0049@student.uadw.ac.id
22TI0050,Vina Maharani,P,2003-12-15,Unaaha,TI,Teknologi Informasi,2022,2022-08-25,Aktif,22ti0050@student.uadw.ac.id
22TI0051,Fajar Putri Safitri,L,2002-06-27,Palembang,TI,Teknologi Informasi,2022,2022-08-18,Aktif,22ti0051@student.uadw.ac.id
22TI0052,Dewi Utami,P,2004-11-05,Raha,TI,Teknologi Informasi,2022,2022-08-25,AKTIF,22ti0052@student.uadw.ac.id
22TI0053,Aisyah Aziz,P,2004-11-21,Semarang,TI,Teknologi Informasi,2022,25/08/2022,Aktif,22ti0053@student.uadw.ac.id
22TI0054,Taufik Wijaya Gunawan,L,10-Dec-2002,Mataram,TI,Teknologi Informasi,2022,2022-08-21,Aktif,22ti0054@student.uadw.ac.id
22TI0055,Yoga Maulana Kurniadi,P,02-Sep-2004,Manado,TI,Teknologi Informasi,2022,2022-08-20,Aktif,22ti0055@student.uadw.ac.id
22TI0056,Intan Fauzi Pamungkas,F,28/04/2003,Unaaha,TI,TI,2022,2022-08-15,Aktif,22ti0056@student.uadw.ac.id
22TI0057,Reza Rasyid Gunawan,P,09/12/2004,Unaaha,TI,TEKNOLOGI INFORMASI,2022,24/08/2022,Aktif,22ti0057@student.uadw.ac.id
22TI0058,Intan Utami,P,14/06/2005,Kendari,TI,TI,2022,2022-08-22,Aktif,22ti0058@student.uadw.ac.id
22TI0059,Rafi Hidayat,F,2005-02-14,,TI ,Teknologi Informasi,2022,2022-08-18,Aktif ,22ti0059@student.uadw.ac.id
22TI0060,Rizky Permana,P,2004-01-27,Mataram,TI ,TEKNOLOGI INFORMASI,2022,2022-08-19,Aktif,22ti0060@student.uadw.ac.id
22TI0061,Rafi Ananda,Laki-laki,27/05/2004,Kendari,TI,Teknologi Informasi,2022,25-Aug-2022,Aktif,22ti0061@student.uadw.ac.id
22TI0062,Taufik Santoso,P,2003-07-06,Padang,TI,Teknologi Informasi,2022,2022-08-16,Aktif,22ti0062@student.uadw.ac.id
22TI0063,Ahmad Firmansyah Wibowo,L,2003-05-16,Palembang,TI,Teknologi Informasi,2022,2022-08-20,Aktif,22ti0063@student.uadw.ac.id
22TI0064,Fajar Anggraini Mahendra,L,2003-06-04,Makassar,TI,TEKNOLOGI INFORMASI,2022,2022-08-19,Aktif,22ti0064@student.uadw.ac.id
22TI0065,Syifa Yusuf,L,11/10/2005,Medan,TI ,TI,2022,2022-08-21,Aktif,22ti0065@student.uadw.ac.id
22TI0066,Rani Amelia,Laki-laki,12/06/2002,,TI,Tek. Informasi,2022,2022-08-17,Aktif,22ti0066@student.uadw.ac.id
22TI0067,Nur Setiawan Mulyani,M,2004-07-17,Mataram,TI,Teknologi Informasi,2022,2022-08-22,Aktif,22ti0067@student.uadw.ac.id
22TI0068,Intan Lestari,P,2003-04-22,,TI,Teknologi Informasi,2022,2022-08-16,Aktif,22ti0068@student.uadw.ac.id
22TI0069,Nur Fauzi Gunawan,L,2003-07-23,Bandung,TI,Teknologi Informasi,2022,2022-08-17,Aktif,22ti0069@student.uadw.ac.id
22TI0070,Samuel Saputra Setiaji,L,2005-07-27,Raha,TI,Teknologi Informasi,2022,2022-08-25,Aktif,22ti0070@student.uadw.ac.id
22TI0071,Zahra Utami Azzahra,L,2003-08-28,Medan,TI,TEKNOLOGI INFORMASI,2022,2022-08-23,Aktif,22ti0071@student.uadw.ac.id
22TI0072,Siti Maulana,L,06/02/2002,Semarang, TI,Teknologi Informasi,2022,22/08/2022,Aktif,22ti0072@student.uadw.ac.id
22TI0073,Tiara Rasyid Karim,Perempuan,2005-12-26,Ambon,TI,Teknologi Informasi,2022,2022-08-24,Aktif,22ti0073@student.uadw.ac.id
22TI0074,Dimas Setiawan Setiaji,P,2004-06-06,Wakatobi,TI,Teknologi Informasi,2022,2022-08-18,Aktif,22ti0074@student.uadw.ac.id
22TI0075,Aditya Fauzi,P,2004-02-27,Semarang,TI,Teknologi Informasi,2022,2022-08-25,Aktif,22ti0075@student.uadw.ac.id
22TI0076,Dewi Putri Permatasari,L,20/03/2004,Unaaha,TI,Teknologi Informasi,2022,2022-08-22,Aktif,22ti0076@student.uadw.ac.id
22TI0077,Galih Wijaya Hermawan,P,20/08/2004,Kolaka,TI,Teknologi informasi,2022,15-Aug-2022,Aktif,22ti0077@student.uadw.ac.id
22TI0078,Aisyah Lestari Setiaji,L,2003-05-08,Semarang,TI,Teknologi Informasi,2022,24-Aug-2022,Aktif,22ti0078@student.uadw.ac.id
22TI0079,Rina Permana,Perempuan,2002-07-23,Banda Aceh,TI,Teknologi Informasi,2022,2022-08-19,Aktif,22ti0079@student.uadw.ac.id
22TI0080,Ahmad Wahyuni,P,2004-06-27,Surabaya,TI,Teknologi Informasi,2022,2022-08-15,Aktif,22ti0080@student.uadw.ac.id
22TI0081,Fauzan Maharani,P,2003-03-16,Kolaka,TI,TEKNOLOGI INFORMASI,2022,2022-08-24,Aktif,22ti0081@student.uadw.ac.id
22TI0082,Galih Santoso Karim,L,2004-10-10,Padang,TI,Teknologi Informasi,2022,19/08/2022,Aktif,22ti0082@student.uadw.ac.id
22TI0083,Hafiz Ananda,L,2004-05-05,Manado,ti,Teknologi Informasi,2022,2022-08-21,Aktif,22ti0083@student.uadw.ac.id
22TI0084,Wulan Permana Karim,L,2003-01-03,Bandung,TI,Teknologi Informasi,2022,2022-08-17,Aktif,22ti0084@student.uadw.ac.id
22TI0085,Arif Hidayat Herlambang,P,2002-02-18,Surabaya,TI,Teknologi Informasi,2022,2022-08-25,Aktif,22ti0085@student.uadw.ac.id
22TI0086,Putri Ananda Wardana,L,2004-03-19,Kolaka,ti,Tek. Informasi,2022,22-Aug-2022,Aktif,22ti0086@student.uadw.ac.id
22TI0087,Yoga Amelia Syahputra,P,2003-07-08,Gorontalo,TI,Teknologi Informasi,2022,2022-08-25,Aktif,22ti0087@student.uadw.ac.id
22TI0088,Aulia Fauzi Melati,Perempuan,2003-11-06,Unaaha,TI,Teknologi Informasi,2022,18/08/2022,Aktif,22ti0088@student.uadw.ac.id
22TI0089,Aulia Purnama Kurniadi,P,2002-06-21,Ambon,TI,Teknologi Informasi,2022,2022-08-23,Aktif,22ti0089@student.uadw.ac.id
22TI0090,Muhammad Firmansyah Mulyani,F,2004-02-09,Palembang,TI,Teknologi Informasi,2022,2022-08-15,Aktif,22ti0090@student.uadw.ac.id
22SI0001,Muhammad Utami Mulyani,L,2004-05-02,Unaaha,SI,Sistem Informasi,2022,2022-08-23,Aktif,22si0001@student.uadw.ac.id
22SI0002,Lukman Amelia,Laki-laki,2005-10-18,Kolaka,SI,Sistem Informasi,2022,2022-08-17,Aktif,22si0002@student.uadw.ac.id
22SI0003,Rizky Hakim Mulyani,L,2004-07-21,Banda Aceh,SI ,Sistem Informasi,2022,2022-08-21,Aktif,22si0003@student.uadw.ac.id
22SI0004,Nisa Utami,L,2002-10-02,Padang,si,Sist. Informasi,2022,2022-08-19,Aktif,22si0004@student.uadw.ac.id
22SI0005,Arif Purnama Halim,P,01/05/2004,Semarang,SI,Sistem Informasi,2022,2022-08-16,Aktif,22si0005@student.uadw.ac.id
22SI0006,Putri Amelia Azzahra,L,2005-12-23,Surabaya,SI,Sistem Informasi,2022,2022-08-22,Aktif,22si0006@student.uadw.ac.id
22SI0007,Raka Putra Fadillah,P,2002-01-22,Raha,SI,Sistem Informasi,2022,2022-08-15,Aktif,22si0007@student.uadw.ac.id
22SI0008,Syifa Pratama Susanti,P,14/03/2004,Yogyakarta,SI,Sistem informasi,2022,2022-08-20,Aktif,22si0008@student.uadw.ac.id
22SI0009,Arif Saputra Prasetyo,L,2005-02-24,Kendari,SI,Sistem Informasi,2022,2022-08-18,Cuti,22si0009@student.uadw.ac.id
22SI0010,Siti Santoso,Laki-laki,2004-10-28,Medan,si,Sistem Informasi,2022,2022-08-22,Aktif,22si0010@student.uadw.ac.id
22SI0011,Fitri Sari Wibowo,P,2004-10-05,Gorontalo,SI,Sistem Informasi,2022,2022-08-21,Aktif,22si0011@student.uadw.ac.id
22SI0012,Bagas Purnama Prasetyo,P,2004-10-06,Kendari,SI,Sistem Informasi,2022,2022-08-22,Aktif,22si0012@student.uadw.ac.id
22SI0013,Raka Febriani Wardana,Laki-laki,18/03/2003,Kolaka,SI,Sistem Informasi,2022,2022-08-24,Aktif,22si0013@student.uadw.ac.id
22SI0014,Samuel Sari,L,05-Jul-2003,Unaaha,SI,Sistem Informasi,2022,2022-08-24,Aktif,22si0014@student.uadw.ac.id
22SI0015,Aulia Kurniawan,L,2005-02-18,Wakatobi,SI,Sistem Informasi,2022,21/08/2022,Aktif,22si0015@student.uadw.ac.id
22SI0016,Kevin Hidayat Siregar,L,03/08/2004,Palembang,SI,Sistem Informasi,2022,2022-08-23,Aktif,22si0016@student.uadw.ac.id
22SI0017,Iqbal Sari Herlambang,P,13/10/2003,Medan,SI,Sistem Informasi,2022,2022-08-25,Aktif,22si0017@student.uadw.ac.id
22SI0018,Rizky Anggraini Susanti,P,2003-04-12,Unaaha,SI,Sistem Informasi,2022,22/08/2022,AKTIF,22si0018@student.uadw.ac.id
22SI0019,Intan Putri Halim,L,2004-03-17,Surabaya,SI,SI,2022,2022-08-18,Aktif,22si0019@student.uadw.ac.id
22SI0020,Akbar Lestari Sulaiman,Perempuan,2004-09-04,Palembang,SI ,Sistem informasi,2022,20/08/2022,Aktif,22si0020@student.uadw.ac.id
22SI0021,Aisyah Saputra Gunawan,P,2003-09-26,,SI,Sistem Informasi,2022,18/08/2022,Aktif,22si0021@student.uadw.ac.id
22SI0022,Nadia Anggraini Fadillah,L,16-Aug-2004,Yogyakarta,SI,Sistem Informasi,2022,2022-08-23,Aktif,22si0022@student.uadw.ac.id
22SI0023,Grace Setiawan Setiaji,M,2004-03-28,Kendari,SI,SI,2022,2022-08-20,Aktif,22si0023@student.uadw.ac.id
22SI0024,Kevin Utami Siregar,L,2004-08-22,,SI,Sistem Informasi,2022,23/08/2022,Aktif,22si0024@student.uadw.ac.id
22SI0025,Iqbal Permana,L,09/06/2004,Surabaya,SI,Sistem Informasi,2022,2022-08-20,Aktif,22si0025@student.uadw.ac.id
22SI0026,Ilham Aziz,P,2003-08-05,Semarang, SI,Sistem Informasi,2022,2022-08-22,Aktif,22si0026@student.uadw.ac.id
22SI0027,Samuel Maharani,P,2004-09-03,Raha,SI,Sistem Informasi,2022,2022-08-20,Aktif,22si0027@student.uadw.ac.id
22SI0028,Kevin Pratama Wibowo,P,2004-06-28,Padang,SI,Sistem Informasi,2022,2022-08-17,Aktif,22si0028@student.uadw.ac.id
22SI0029,Grace Lestari Gunawan,P,08/07/2004,Makassar,SI,Sistem Informasi,2022,2022-08-22,Aktif,22si0029@student.uadw.ac.id
22SI0030,Kevin Saputra Wibowo,L,2005-12-20,Bandung,SI,SI,2022,2022-08-23,Aktif,22si0030@student.uadw.ac.id
22SI0031,Aditya Firmansyah,L,2002-08-06,Palembang,SI,SI,2022,2022-08-20,Aktif,22si0031@student.uadw.ac.id
22SI0032,Andi Yusuf,Perempuan,10/05/2004,Wakatobi,SI,Sistem Informasi,2022,2022-08-17,Aktif,22si0032@student.uadw.ac.id
22SI0033,Yoga Nugraha Nugroho,P,2002-10-25,Banda Aceh,SI,Sistem Informasi,2022,2022-08-18,Aktif,22si0033@student.uadw.ac.id
22SI0034,Akbar Putri,L,11-Feb-2004,Kendari,SI,Sistem Informasi,2022,25/08/2022,Aktif,22si0034@student.uadw.ac.id
22SI0035,Ahmad Yusuf Siregar,L,2003-06-19,Bandung,SI,SISTEM INFORMASI,2022,2022-08-25,Aktif,22si0035@student.uadw.ac.id
22SI0036,Rani Ningsih,Perempuan,2002-11-10,Gorontalo, SI,SI,2022,2022-08-18,Aktif,22si0036@student.uadw.ac.id
22SI0037,Andi Kurniawan Nugroho,P,2004-02-27,Gorontalo,SI ,Sistem Informasi,2022,2022-08-24,Aktif,22si0037@student.uadw.ac.id
22SI0038,Reza Wahyuni Azzahra,Laki-laki,2003-12-11,Semarang,SI,Sistem Informasi,2022,2022-08-22,Cuti,22si0038@student.uadw.ac.id
22SI0039,Rani Amelia,L,2005-04-09,Manado,SI,Sistem Informasi,2022,2022-08-24,Aktif,22si0039@student.uadw.ac.id
22SI0040,Fajar Fauzi,L,2003-04-26,Medan,si,SI,2022,2022-08-25,Aktif,22si0040@student.uadw.ac.id
22SI0041,Rahmat Maulana,L,2002-02-13,Mataram,SI,SI,2022,2022-08-24,Aktif,22si0041@student.uadw.ac.id
22SI0042,Nur Setiawan Herlambang,P,2004-09-13,Kendari,SI,Sistem Informasi,2022,2022-08-22,Aktif,22si0042@student.uadw.ac.id
22SI0043,Akbar Hakim Wardana,Laki-laki,2002-04-13,Ambon,SI,Sistem informasi,2022,2022-08-19,Aktif,22si0043@student.uadw.ac.id
22SI0044,Nabila Firmansyah,Laki-laki,22/10/2002,Makassar,SI,Sistem Informasi,2022,21/08/2022,Aktif,22si0044@student.uadw.ac.id
22SI0045,Wulan Pratama,L,2003-06-03,Medan,SI,Sistem Informasi,2022,23/08/2022,Aktif,22si0045@student.uadw.ac.id
22SI0046,Galih Rasyid Gunawan,L,2002-04-05,Wakatobi,SI,Sistem Informasi,2022,20/08/2022,Aktif,22si0046@student.uadw.ac.id
22SI0047,Siti Firmansyah Kusuma,L,2004-02-09,Gorontalo,SI,Sistem informasi,2022,22/08/2022,Cuti,22si0047@student.uadw.ac.id
22SI0048,Rafi Utami Karim,Perempuan,2004-02-11,Medan,SI,Sistem Informasi,2022,19/08/2022,Aktif,22si0048@student.uadw.ac.id
22SI0049,Dian Ramadhan Wardana,L,2004-12-19,Baubau,SI,Sistem Informasi,2022,2022-08-18,Aktif,22si0049@student.uadw.ac.id
22SI0050,Muhammad Lestari Kusuma,L,2004-02-27,Surabaya,SI ,Sistem Informasi,2022,15/08/2022,Aktif,22si0050@student.uadw.ac.id
22SI0051,Akbar Maulana,L,10-Mar-2004,Kolaka,SI,Sistem Informasi,2022,2022-08-21,Aktif,22si0051@student.uadw.ac.id
22SI0052,Alya Purnama,L,2005-12-11,Bandung,SI,Sistem Informasi,2022,2022-08-21,Aktif,22si0052@student.uadw.ac.id
22SI0053,Aditya Yusuf,L,2002-02-17,Medan,SI,Sistem Informasi,2022,21/08/2022,Aktif,22si0053@student.uadw.ac.id
22SI0054,Putri Lestari,Laki-laki,23/02/2002,Palu,SI,Sistem Informasi,2022,2022-08-24,Aktif,22si0054@student.uadw.ac.id
22SI0055,Fitri Wahyuni Susanti,P,07-Jul-2005,Wakatobi,SI,Sistem Informasi,2022,23/08/2022,Aktif,22si0055@student.uadw.ac.id
22SI0056,Lukman Ananda,P,2003-05-23,Mataram,SI,Sistem Informasi,2022,20-Aug-2022,Aktif,22si0056@student.uadw.ac.id
22SI0057,Dewi Maulana Azzahra,Laki-laki,2004-07-25,Palembang,SI,Sistem informasi,2022,24/08/2022,Aktif,22si0057@student.uadw.ac.id
22SI0058,Tiara Ramadhan Fadillah,L,2003-06-17,Medan,SI,Sist. Informasi,2022,2022-08-23,AKTIF,22si0058@student.uadw.ac.id
22SI0059,Hafiz Maulana,L,2003-09-08,Kolaka,SI,Sistem Informasi,2022,2022-08-19,Aktif,22si0059@student.uadw.ac.id
22SI0060,Intan Ramadhan Mahendra,P,14-Dec-2004,Ambon,SI,Sistem Informasi,2022,2022-08-23,Aktif,22si0060@student.uadw.ac.id
22SI0061,Ahmad Fauzi,Perempuan,23-Sep-2004,Surabaya,SI,Sistem Informasi,2022,2022-08-19,Aktif,22si0061@student.uadw.ac.id
22SI0062,Maya Saputra Hasan,Perempuan,03-Jul-2003,Palu,SI,Sistem Informasi,2022,2022-08-21,Aktif,22si0062@student.uadw.ac.id
22SI0063,Akbar Wijaya,L,2004-12-05,Ambon,SI,Sist. Informasi,2022,2022-08-20,Aktif,22si0063@student.uadw.ac.id
22SI0064,Taufik Maharani Maulida,P,04/09/2003,Padang,SI,Sistem Informasi,2022,2022-08-22,Aktif,22si0064@student.uadw.ac.id
22SI0065,Siti Putra Rahmawati,P,2004-06-05,Palembang,SI,Sistem Informasi,2022,2022-08-20,Aktif,22si0065@student.uadw.ac.id
22SI0066,Ahmad Rasyid Wardana,L,08-Sep-2004,Medan,SI,Sistem Informasi,2022,2022-08-17,Aktif,22si0066@student.uadw.ac.id
22SI0067,Alya Wahyuni,L,28/10/2003,Baubau,SI,Sistem Informasi,2022,25-Aug-2022,Aktif,22si0067@student.uadw.ac.id
22SI0068,Aisyah Nugraha,P,13-Jul-2004,Yogyakarta,SI,Sistem Informasi,2022,15/08/2022,Aktif,22si0068@student.uadw.ac.id
22SI0069,Fajar Yusuf,L,2003-10-25,Padang,SI,SI,2022,19/08/2022,Aktif,22si0069@student.uadw.ac.id
22SI0070,Nabila Purnama,P,2005-02-09,Unaaha,SI,Sistem Informasi,2022,19/08/2022,Aktif,22si0070@student.uadw.ac.id
22SI0071,Galih Santoso Maulida,P,2003-06-13,Wakatobi,SI,Sistem Informasi,2022,2022-08-25,Aktif,22si0071@student.uadw.ac.id
22SI0072,Galih Kurniawan Wibowo,L,12/06/2004,Wakatobi,si,Sistem Informasi,2022,2022-08-15,Aktif,22si0072@student.uadw.ac.id
22SI0073,Syifa Fauzi Herlambang,P,2005-03-05,Padang,SI,Sistem Informasi,2022,2022-08-21,Aktif,22si0073@student.uadw.ac.id
22SI0074,Muhammad Ramadhan,F,03-Dec-2005,Yogyakarta,SI,Sistem Informasi,2022,2022-08-16,Aktif,22si0074@student.uadw.ac.id
22SI0075,Rani Purnama Pamungkas,L,2003-02-02,Unaaha,SI,Sistem Informasi,2022,2022-08-25,Aktif,22si0075@student.uadw.ac.id
22SI0076,Wulan Putri Kurniadi,L,2003-03-08,Gorontalo,SI,Sistem Informasi,2022,2022-08-18,Aktif,22si0076@student.uadw.ac.id
22SI0077,Aisyah Febriani Syahputra,P,2003-06-05,Palembang,SI,Sistem informasi,2022,2022-08-21,Aktif,22si0077@student.uadw.ac.id
22SI0078,Raka Setiawan,Perempuan,2002-03-19,Ambon,SI,Sistem Informasi,2022,2022-08-25,Aktif,22si0078@student.uadw.ac.id
22SI0079,Intan Putri Rahmawati,L,2005-10-05,Kolaka,SI,Sistem Informasi,2022,2022-08-21,Aktif,22si0079@student.uadw.ac.id
22SI0080,Dewi Permana Safitri,P,2002-04-18,Padang,SI,Sist. Informasi,2022,2022-08-25,Aktif,22si0080@student.uadw.ac.id
22SI0081,Zahra Hidayat Nasution,Laki-laki,2005-08-13,Surabaya,SI,SI,2022,2022-08-16,Aktif,22si0081@student.uadw.ac.id
22SI0082,Aisyah Maulana Oktaviani,P,2002-02-11,Bandung,SI,Sistem Informasi,2022,2022-08-16,Aktif,22si0082@student.uadw.ac.id
22SI0083,Taufik Yusuf Nugroho,L,06/11/2004,Unaaha,SI,Sistem Informasi,2022,22/08/2022,Aktif,22si0083@student.uadw.ac.id
22SI0084,Intan Sari Permatasari,P,2004-12-02,Bandung,SI,Sistem Informasi,2022,19/08/2022,Aktif,22si0084@student.uadw.ac.id
22SI0085,Akbar Amelia Herlambang,L,09/08/2004,Kolaka,SI,Sistem Informasi,2022,24/08/2022,Aktif,22si0085@student.uadw.ac.id
22IF0001,Nadia Anggraini,P,2003-04-16,Wakatobi,IF,Informatika,2022,2022-08-23,Aktif,22if0001@student.uadw.ac.id
22IF0002,Nabila Rasyid,F,2004-01-19,Padang,IF,INFORMATIKA,2022,16-Aug-2022,Aktif,22if0002@student.uadw.ac.id
22IF0003,Ahmad Utami Nasution,P,28/12/2004,Kendari,IF,Informatika,2022,2022-08-17,Aktif,22if0003@student.uadw.ac.id
22IF0004,Dian Ramadhan,L,2004-06-08,Kolaka,if,informatika,2022,2022-08-17,Aktif ,22if0004@student.uadw.ac.id
22IF0005,Yoga Utami,L,2004-04-17,Medan,IF,Informatika,2022,19/08/2022,Aktif,22if0005@student.uadw.ac.id
22IF0006,Anisa Wahyuni,P,2002-03-14,Medan,IF,Informatika,2022,2022-08-16,Aktif,22if0006@student.uadw.ac.id
22IF0007,Syifa Pratama Gunawan,L,14/12/2005,Ambon,IF,INFORMATIKA,2022,15/08/2022,Aktif,22if0007@student.uadw.ac.id
22IF0008,Ilham Sari Rahmawati,Perempuan,2004-06-08,Semarang,IF,Informatika,2022,19-Aug-2022,Aktif,22if0008@student.uadw.ac.id
22IF0009,Nabila Kurniawan,L,2004-11-25,Padang,IF,Informatika,2022,2022-08-25,Aktif,22if0009@student.uadw.ac.id
22IF0010,Nur Kurniawan,L,2004-01-23,Surabaya,IF,Informatika,2022,2022-08-20,Aktif,22if0010@student.uadw.ac.id
22IF0011,Maya Wijaya,L,2002-01-02,Ambon,IF,Informatika,2022,2022-08-15,Aktif,22if0011@student.uadw.ac.id
22IF0012,Fitri Purnama,P,2004-02-07,Kendari,IF,Informatika,2022,2022-08-15,Aktif,22if0012@student.uadw.ac.id
22IF0013,Salma Permana,L,2005-05-26,Mataram,IF,Informatika,2022,2022-08-19,Aktif,22if0013@student.uadw.ac.id
22IF0014,Bagas Purnama,P,2005-03-09,Yogyakarta,IF,Informatika,2022,2022-08-19,Aktif,22if0014@student.uadw.ac.id
22IF0015,Nabila Wijaya,P,2004-02-13,Mataram,IF,Informatika,2022,2022-08-15,Aktif,22if0015@student.uadw.ac.id
22IF0016,Rina Nugraha,P,2002-03-05,Ambon,IF,Teknik Informatika,2022,2022-08-16,Aktif,22if0016@student.uadw.ac.id
22IF0017,Vina Hakim Kusuma,Perempuan,2005-08-10,Gorontalo,IF,Informatika,2022,19/08/2022,Aktif,22if0017@student.uadw.ac.id
22IF0018,Hafiz Fauzi Wardana,Laki-laki,2004-06-12,Ambon,IF,IF,2022,21/08/2022,Aktif,22if0018@student.uadw.ac.id
22IF0019,Rina Nugraha Halim,L,25/04/2002,Medan, IF,IF,2022,21/08/2022,Aktif,22if0019@student.uadw.ac.id
22IF0020,Andi Setiawan Wibowo,P,24-Mar-2002,Mataram,IF,Informatika,2022,2022-08-19,Aktif,22if0020@student.uadw.ac.id
22IF0021,Fitri Kurniawan Rahmawati,L,2004-10-08,Medan,IF,Informatika,2022,19/08/2022,Aktif,22if0021@student.uadw.ac.id
22IF0022,Galih Nugraha Oktaviani,L,2003-01-16,Ambon,IF,Informatika,2022,2022-08-22,Aktif,22if0022@student.uadw.ac.id
22IF0023,Wulan Ramadhan Syahputra,L,23/10/2003,Kolaka,IF,Informatika,2022,2022-08-15,Aktif,22if0023@student.uadw.ac.id
22IF0024,Aditya Anggraini,M,2003-12-28,Palu,IF,IF,2022,18-Aug-2022,Aktif,22if0024@student.uadw.ac.id
22IF0025,Dian Maulana,L,2003-05-05,Gorontalo,IF,Informatika,2022,2022-08-25,Aktif,22if0025@student.uadw.ac.id
22IF0026,Dian Santoso Susanti,L,16/05/2004,Banda Aceh,IF,Teknik Informatika,2022,2022-08-15,Aktif,22if0026@student.uadw.ac.id
22IF0027,Hafiz Hakim,L,25-Dec-2004,Palembang,IF,INFORMATIKA,2022,22/08/2022,Aktif,22if0027@student.uadw.ac.id
22IF0028,Yoga Santoso,Laki-laki,2004-04-24,Baubau,IF,informatika,2022,2022-08-17,Aktif,22if0028@student.uadw.ac.id
22IF0029,Akbar Putra,L,2003-03-19,Kolaka,IF,INFORMATIKA,2022,2022-08-20,Aktif,22if0029@student.uadw.ac.id
22IF0030,Grace Wijaya Oktaviani,P,21-Sep-2003,Makassar,IF,Informatika,2022,2022-08-16,Aktif,22if0030@student.uadw.ac.id
22IF0031,Rizky Febriani,L,2005-12-19,Bandung,IF,Informatika,2022,2022-08-24,Aktif,22if0031@student.uadw.ac.id
22IF0032,Syifa Ananda Nasution,L,2005-06-24,Semarang,IF,Informatika,2022,18-Aug-2022,Aktif,22if0032@student.uadw.ac.id
22IF0033,Rina Utami,P,2003-03-08,Kendari, IF,Informatika,2022,24/08/2022,Aktif,22if0033@student.uadw.ac.id
22IF0034,Dimas Aziz Fadillah,L,2004-07-09,Palu,IF,Informatika,2022,15/08/2022,Aktif,22if0034@student.uadw.ac.id
22IF0035,Galih Firmansyah Hermawan,L,2005-01-21,Palu,IF,Informatika,2022,2022-08-16,Aktif,22if0035@student.uadw.ac.id
22IF0036,Andi Santoso Mulyani,P,2003-06-16,Medan,IF,Informatika,2022,2022-08-23,Aktif,22if0036@student.uadw.ac.id
22IF0037,Yoga Ananda Kusuma,Perempuan,27/02/2004,Palembang,IF,Informatika,2022,19/08/2022,Aktif,22if0037@student.uadw.ac.id
22IF0038,Reza Saputra Karim,P,2005-01-16,Palu,IF,Informatika,2022,2022-08-22,Aktif,22if0038@student.uadw.ac.id
22IF0039,Rahmat Hakim,P,2004-10-04,Ambon,IF,Informatika,2022,2022-08-22,Aktif,22if0039@student.uadw.ac.id
22IF0040,Fauzan Lestari,P,23/07/2004,Padang,IF,Informatika,2022,2022-08-15,Aktif,22if0040@student.uadw.ac.id
22IF0041,Maya Febriani Nugroho,L,23/01/2003,Kendari,IF,Informatika,2022,2022-08-15,Aktif,22if0041@student.uadw.ac.id
22IF0042,Ilham Nugraha Mahendra,P,2004-04-21,Unaaha,IF,Informatika,2022,2022-08-20,Aktif,22if0042@student.uadw.ac.id
22IF0043,Intan Nugraha,L,2004-03-07,Unaaha,IF,Informatika,2022,2022-08-23,Aktif,22if0043@student.uadw.ac.id
22IF0044,Tiara Lestari,P,2003-06-20,Kendari,IF,informatika,2022,2022-08-23,Aktif,22if0044@student.uadw.ac.id
22IF0045,Dimas Saputra,P,09/08/2004,Kendari,IF,Informatika,2022,15-Aug-2022,Aktif,22if0045@student.uadw.ac.id
22IF0046,Rani Amelia,Perempuan,2004-03-21,Raha,IF,Informatika,2022,2022-08-25,Aktif,22if0046@student.uadw.ac.id
22IF0047,Vina Setiawan Maulida,L,2004-06-25,Manado,IF,Informatika,2022,22-Aug-2022,Aktif,22if0047@student.uadw.ac.id
22IF0048,Farhan Kurniawan,L,05/03/2004,Yogyakarta,IF,Informatika,2022,2022-08-16,Aktif,22if0048@student.uadw.ac.id
22IF0049,Tiara Yusuf Oktaviani,P,2003-10-09,Raha,IF,Informatika,2022,2022-08-15,Aktif,22if0049@student.uadw.ac.id
22IF0050,Syifa Febriani Wibowo,L,20/10/2003,Ambon,IF,Informatika,2022,2022-08-18,Aktif,22if0050@student.uadw.ac.id
22IF0051,Galih Santoso Azzahra,P,2004-09-27,Bandung,if,Informatika,2022,20/08/2022,AKTIF,22if0051@student.uadw.ac.id
22IF0052,Rina Aziz Melati,Perempuan,28/12/2004,Padang,IF,IF,2022,2022-08-17,Aktif,22if0052@student.uadw.ac.id
22IF0053,Aulia Maharani,Perempuan,2004-10-17,Bandung,IF,informatika,2022,16/08/2022,Aktif,22if0053@student.uadw.ac.id
22IF0054,Nur Lestari Setiaji,L,2003-07-24,Wakatobi,IF,Informatika,2022,2022-08-18,Aktif,22if0054@student.uadw.ac.id
22IF0055,Dewi Amelia,L,2004-02-20,Palembang,IF,Informatika,2022,2022-08-22,Aktif,22if0055@student.uadw.ac.id
22IF0056,Nisa Ananda,P,2004-06-13,Wakatobi,IF,Teknik Informatika,2022,2022-08-18,Aktif,22if0056@student.uadw.ac.id
22IF0057,Tiara Setiawan Safitri,P,2004-07-19,Wakatobi,IF,Informatika,2022,2022-08-24,Aktif,22if0057@student.uadw.ac.id
22IF0058,Yoga Ningsih,P,2005-03-09,Yogyakarta,IF,Informatika,2022,2022-08-25,Aktif,22if0058@student.uadw.ac.id
22IF0059,Rafi Wahyuni Kusuma,Laki-laki,2003-07-17,Makassar,IF,Informatika,2022,2022-08-18,Aktif,22if0059@student.uadw.ac.id
22IF0060,Hafiz Hidayat,L,2002-05-24,Padang,IF,IF,2022,19/08/2022,Aktif,22if0060@student.uadw.ac.id
22IF0061,Nisa Pratama,L,06-Nov-2004,Wakatobi,IF,IF,2022,2022-08-18,Aktif,22if0061@student.uadw.ac.id
22IF0062,Kevin Pratama Mulyani,L,2002-04-23,Kendari,IF,IF,2022,2022-08-17,Aktif,22if0062@student.uadw.ac.id
22IF0063,Nabila Kurniawan Nugroho,L,2004-01-27,Surabaya,IF,Informatika,2022,2022-08-20,Aktif,22if0063@student.uadw.ac.id
22IF0064,Alya Setiawan Setiaji,P,2004-03-14,Palu,IF,Informatika,2022,2022-08-18,Aktif,22if0064@student.uadw.ac.id
22IF0065,Fitri Maharani,L,2005-09-21,Surabaya,IF,Teknik Informatika,2022,2022-08-21,Aktif,22if0065@student.uadw.ac.id
22IF0066,Wulan Sari Mulyani,P,2003-05-20,Surabaya,IF,IF,2022,2022-08-22,Aktif,22if0066@student.uadw.ac.id
22IF0067,Aditya Firmansyah Setiaji,L,2005-04-13,Ambon,IF,Informatika,2022,2022-08-21,Aktif,22if0067@student.uadw.ac.id
22IF0068,Kevin Ananda Nugroho,L,2004-03-10,Wakatobi,IF,Informatika,2022,2022-08-25,Aktif,22if0068@student.uadw.ac.id
22IF0069,Aulia Wijaya Melati,P,2003-03-18,Ambon,IF,IF,2022,2022-08-21,Aktif ,22if0069@student.uadw.ac.id
22IF0070,Arif Sari,P,2005-10-09,Wakatobi,IF,Informatika,2022,25/08/2022,Aktif,22if0070@student.uadw.ac.id
22IF0071,Kevin Utami Setiaji,P,2004-09-28,Ambon,IF,Teknik Informatika,2022,16-Aug-2022,Aktif,22if0071@student.uadw.ac.id
22IF0072,Dimas Aziz Maulida,L,12-Jun-2003,Gorontalo,IF,Informatika,2022,2022-08-20,Aktif,22if0072@student.uadw.ac.id
22IF0073,Yoga Santoso Herlambang,L,2003-10-07,Wakatobi,IF,Informatika,2022,2022-08-18,Aktif,22if0073@student.uadw.ac.id
22IF0074,Zahra Fauzi,M,04/05/2003,Semarang,IF,INFORMATIKA,2022,2022-08-23,Aktif,22if0074@student.uadw.ac.id
22IF0075,Maya Wijaya Herlambang,Laki-laki,2005-11-27,Palu,IF,Informatika,2022,2022-08-15,Aktif,22if0075@student.uadw.ac.id
22IF0076,Putri Saputra Hasan,L,2005-05-07,Kendari,IF,Informatika,2022,2022-08-25,Aktif,22if0076@student.uadw.ac.id
22IF0077,Zahra Wijaya Gunawan,P,2004-06-16,Manado, IF,Informatika,2022,19/08/2022,Aktif,22if0077@student.uadw.ac.id
22IF0078,Fajar Ananda Gunawan,P,2003-02-20,Makassar,IF,Informatika,2022,24-Aug-2022,Aktif,22if0078@student.uadw.ac.id
22IF0079,Andi Febriani Gunawan,P,28/05/2004,Raha,IF,Informatika,2022,24/08/2022,Aktif,22if0079@student.uadw.ac.id
22IF0080,Fauzan Pratama Sulaiman,Perempuan,2003-11-25,Semarang,IF,Informatika,2022,2022-08-22,Aktif,22if0080@student.uadw.ac.id
22IF0081,Rizky Ramadhan,L,21-Dec-2003,Ambon,IF,INFORMATIKA,2022,2022-08-23,Aktif,22if0081@student.uadw.ac.id
22IF0082,Rina Yusuf Nasution,Perempuan,22/11/2005,,IF,Informatika,2022,21-Aug-2022,Aktif,22if0082@student.uadw.ac.id
22IF0083,Farhan Saputra,L,18-Oct-2005,Banda Aceh,IF,Informatika,2022,2022-08-22,Aktif,22if0083@student.uadw.ac.id
22IF0084,Rani Nugraha Wibowo,L,2003-08-16,Yogyakarta,IF,Informatika,2022,18/08/2022,Aktif,22if0084@student.uadw.ac.id
22IF0085,Nur Rasyid Hasan,L,2004-07-13,Yogyakarta,IF,Informatika,2022,18/08/2022,Aktif,22if0085@student.uadw.ac.id
22IF0086,Tiara Rasyid Karim,P,2005-01-05,Wakatobi,IF,informatika,2022,2022-08-22,Aktif,22if0086@student.uadw.ac.id
22IF0087,Vina Permana,P,16/11/2004,Kendari,IF,Informatika,2022,2022-08-19,Aktif,22if0087@student.uadw.ac.id
22IF0088,Fitri Putri,L,2004-02-27,Baubau,IF,Informatika,2022,2022-08-16,Aktif,22if0088@student.uadw.ac.id
22IF0089,Intan Ramadhan,L,28-Aug-2005,Raha,IF,Informatika,2022,2022-08-23,Aktif,22if0089@student.uadw.ac.id
22IF0090,Aisyah Putri,L,2004-09-12,Banda Aceh,IF,Informatika,2022,22/08/2022,AKTIF,22if0090@student.uadw.ac.id
22DS0001,Andi Aziz Herlambang,L,22-Sep-2002,Makassar,DS,SAINS DATA,2022,2022-08-15,Aktif,22ds0001@student.uadw.ac.id
22DS0002,Bagas Febriani Rahmawati,P,2005-08-07,Medan,ds,Sains Data,2022,2022-08-16,Aktif,22ds0002@student.uadw.ac.id
22DS0003,Bima Maulana Sulaiman,L,2004-03-26,Banda Aceh,DS,Sains Data,2022,2022-08-23,Aktif,22ds0003@student.uadw.ac.id
22DS0004,Vina Putra Setiaji,L,16-Sep-2002,Gorontalo,DS,Sains Data,2022,2022-08-22,Aktif,22ds0004@student.uadw.ac.id
22DS0005,Alya Fauzi Wibowo,Perempuan,12/08/2003,Manado,DS,Sains Data,2022,15/08/2022,Aktif,22ds0005@student.uadw.ac.id
22DS0006,Lukman Aziz,L,17/02/2003,Surabaya,DS,Sains Data,2022,24-Aug-2022,Aktif,22ds0006@student.uadw.ac.id
22DS0007,Aulia Utami Melati,P,2003-03-01,Unaaha,DS,Sains Data,2022,25-Aug-2022,Aktif,22ds0007@student.uadw.ac.id
22DS0008,Tiara Firmansyah,L,2004-09-07,Palembang,DS,Sains Data,2022,2022-08-18,Aktif,22ds0008@student.uadw.ac.id
22DS0009,Nur Pratama Halim,P,22/02/2002,Raha,DS,Sains Data,2022,2022-08-18,Aktif,22ds0009@student.uadw.ac.id
22DS0010,Ahmad Aziz,L,10-Jul-2004,Surabaya,DS,Sains Data,2022,25-Aug-2022,Aktif,22ds0010@student.uadw.ac.id
22DS0011,Kevin Saputra,P,2004-02-08,Baubau, DS,Data Science,2022,2022-08-19,Aktif,22ds0011@student.uadw.ac.id
22DS0012,Maya Rasyid Syahputra,L,2002-03-22,Raha,DS,Sains Data,2022,19-Aug-2022,Aktif,22ds0012@student.uadw.ac.id
22DS0013,Kevin Setiawan Mahendra,L,2004-12-14,,DS,DS,2022,2022-08-20,Aktif,22ds0013@student.uadw.ac.id
22DS0014,Vina Fauzi,L,2003-11-01,Mataram,DS,Sains data,2022,2022-08-25,Aktif,22ds0014@student.uadw.ac.id
22DS0015,Aulia Aziz Kurniadi,L,2003-10-25,Surabaya,DS,Sains Data,2022,19-Aug-2022,Aktif,22ds0015@student.uadw.ac.id
22DS0016,Lukman Ramadhan,Laki-laki,2004-12-09,Kendari,DS,Sains Data,2022,2022-08-25,Aktif,22ds0016@student.uadw.ac.id
22DS0017,Samuel Maulana,Laki-laki,2004-06-22,Bandung,DS,Sains Data,2022,2022-08-19,Aktif,22ds0017@student.uadw.ac.id
22DS0018,Dimas Nugraha Rahmawati,P,2004-09-17,Yogyakarta,DS,Sains Data,2022,2022-08-16,Aktif,22ds0018@student.uadw.ac.id
22DS0019,Raka Kurniawan Wibowo,L,2004-04-10,Kolaka,DS,Sains Data,2022,2022-08-17,Aktif,22ds0019@student.uadw.ac.id
22DS0020,Rizky Yusuf,M,2002-03-09,Bandung,DS,Sains Data,2022,25/08/2022,Aktif,22ds0020@student.uadw.ac.id
22DS0021,Vina Nugraha Nugroho,P,2002-07-09,Medan,DS,Sains Data,2022,16/08/2022,Aktif,22ds0021@student.uadw.ac.id
22DS0022,Akbar Fauzi,Perempuan,18-Apr-2004,Padang,DS,Data Science,2022,2022-08-18,Aktif,22ds0022@student.uadw.ac.id
22DS0023,Siti Ananda Nugroho,P,2003-04-08,Mataram,DS,Sains Data,2022,2022-08-23,Aktif,22ds0023@student.uadw.ac.id
22DS0024,Rizky Yusuf Mulyani,L,03/08/2005,Semarang,DS,Sains Data,2022,17/08/2022,Aktif,22ds0024@student.uadw.ac.id
22DS0025,Intan Aziz Nugroho,P,21-Aug-2004,Kolaka,DS,Sains Data,2022,2022-08-23,Aktif,22ds0025@student.uadw.ac.id
22DS0026,Nadia Ananda,L,2004-03-07,Baubau,DS,DS,2022,21/08/2022,Aktif,22ds0026@student.uadw.ac.id
22DS0027,Reza Saputra Susanti,P,2004-04-18,Medan,DS,Sains Data,2022,19-Aug-2022,Aktif,22ds0027@student.uadw.ac.id
22DS0028,Nur Fauzi,L,14/06/2004,Medan,DS,Sains Data,2022,2022-08-23,Aktif,22ds0028@student.uadw.ac.id
22DS0029,Hafiz Kurniawan,L,23/10/2003,Semarang,DS,Sains Data,2022,2022-08-18,Aktif,22ds0029@student.uadw.ac.id
22DS0030,Galih Putra,P,03/09/2004,Banda Aceh,DS,Sains Data,2022,2022-08-23,Aktif,22ds0030@student.uadw.ac.id
22DS0031,Fajar Putra,L,2002-12-14,Surabaya,DS,Sains Data,2022,2022-08-19,Aktif,22ds0031@student.uadw.ac.id
22DS0032,Dimas Pratama Syahputra,L,2003-09-27,Baubau,DS,Sains Data,2022,2022-08-23,Aktif,22ds0032@student.uadw.ac.id
22DS0033,Aditya Maulana Nugroho,L,24-Mar-2003,Padang,DS,Sains Data,2022,15/08/2022,Aktif,22ds0033@student.uadw.ac.id
22DS0034,Aulia Kurniawan,P,2005-10-13,Gorontalo,ds,Sains Data,2022,2022-08-16,Aktif,22ds0034@student.uadw.ac.id
22DS0035,Zahra Purnama Nasution,Laki-laki,2004-03-15,Manado,DS,Sains Data,2022,2022-08-17,Aktif,22ds0035@student.uadw.ac.id
22DS0036,Nabila Anggraini,P,2004-12-13,Manado,DS,Sains Data,2022,2022-08-23,Aktif,22ds0036@student.uadw.ac.id
22DS0037,Alya Saputra,L,19/05/2004,Kolaka,DS,SAINS DATA,2022,20/08/2022,Aktif,22ds0037@student.uadw.ac.id
22DS0038,Anisa Aziz,L,09/08/2004,Gorontalo,DS,Sains Data,2022,2022-08-20,Aktif,22ds0038@student.uadw.ac.id
22DS0039,Raka Utami,P,2004-08-24,Wakatobi,DS,Sains Data,2022,2022-08-18,Aktif,22ds0039@student.uadw.ac.id
22DS0040,Fauzan Wahyuni,L,24-May-2004,Makassar,DS,Sains Data,2022,2022-08-23,Aktif,22ds0040@student.uadw.ac.id
22DS0041,Dewi Setiawan,P,2002-06-26,Makassar,DS,Sains Data,2022,2022-08-23,Aktif,22ds0041@student.uadw.ac.id
22DS0042,Bagas Purnama,Perempuan,2003-05-23,Gorontalo,DS,Sains Data,2022,2022-08-25,Aktif,22ds0042@student.uadw.ac.id
22DS0043,Dewi Ramadhan Iskandar,P,2002-01-15,Gorontalo,DS,Sains Data,2022,2022-08-25,Aktif,22ds0043@student.uadw.ac.id
22DS0044,Syifa Purnama,L,2005-01-24,Makassar,DS,Sains Data,2022,2022-08-19,Aktif,22ds0044@student.uadw.ac.id
22DS0045,Salma Lestari Rahmawati,P,2004-04-21,Baubau,DS,Sains Data,2022,2022-08-20,Aktif,22ds0045@student.uadw.ac.id
22DS0046,Nur Santoso,L,12/02/2002,Yogyakarta,DS,Sains Data,2022,2022-08-23,Aktif,22ds0046@student.uadw.ac.id
22DS0047,Salma Hakim,Perempuan,17/06/2003,Medan, DS,Sains Data,2022,21-Aug-2022,Aktif,22ds0047@student.uadw.ac.id
22DS0048,Rani Maulana,P,2003-06-23,,DS,Sains Data,2022,2022-08-25,Aktif,22ds0048@student.uadw.ac.id
22DS0049,Intan Amelia Kurniadi,F,2004-05-26,Kolaka,ds,Sains Data,2022,2022-08-25,Aktif,22ds0049@student.uadw.ac.id
22DS0050,Siti Ananda Rahmawati,Perempuan,2004-10-03,Wakatobi,DS,Sains Data,2022,2022-08-20,Aktif,22ds0050@student.uadw.ac.id
22DS0051,Rina Ananda Herlambang,L,12-May-2003,Kendari,DS,Sains Data,2022,22/08/2022,Aktif,22ds0051@student.uadw.ac.id
22DS0052,Fajar Putra Hasan,P,12/12/2003,Semarang,DS,Sains data,2022,2022-08-16,Aktif,22ds0052@student.uadw.ac.id
22DS0053,Dewi Ningsih,Laki-laki,2005-05-01,Surabaya,DS,Sains Data,2022,2022-08-20,Aktif,22ds0053@student.uadw.ac.id
22DS0054,Salma Lestari Iskandar,Perempuan,2002-02-13,Manado, DS,Sains Data,2022,2022-08-24,Aktif,22ds0054@student.uadw.ac.id
22DS0055,Dimas Ramadhan Herlambang,L,24-Oct-2004,Yogyakarta,DS,Sains Data,2022,20-Aug-2022,Aktif,22ds0055@student.uadw.ac.id
22DS0056,Siti Putri Prasetyo,P,27-Dec-2004,Ambon,DS,Sains Data,2022,2022-08-21,Aktif,22ds0056@student.uadw.ac.id
22DS0057,Hafiz Ananda Hasan,P,2002-04-24,Mataram,DS,Sains Data,2022,2022-08-22,Aktif,22ds0057@student.uadw.ac.id
22DS0058,Aditya Hidayat Hermawan,L,2003-12-05,Medan,DS,Sains Data,2022,2022-08-24,Aktif,22ds0058@student.uadw.ac.id
22DS0059,Zahra Rasyid Oktaviani,P,22/12/2003,Padang,DS,Sains Data,2022,2022-08-25,Aktif,22ds0059@student.uadw.ac.id
22DS0060,Akbar Setiawan Oktaviani,M,2002-01-13,Mataram,DS,Sains Data,2022,2022-08-25,Aktif,22ds0060@student.uadw.ac.id
22DS0061,Rina Utami Kurniadi,L,2004-08-19,Gorontalo,DS,Sains Data,2022,2022-08-16,Aktif,22ds0061@student.uadw.ac.id
22DS0062,Andi Saputra Nugroho,P,2004-09-07,Bandung,DS,Sains Data,2022,2022-08-25,Aktif,22ds0062@student.uadw.ac.id
22DS0063,Nabila Santoso,P,03/01/2003,Palu,ds,Sains Data,2022,20/08/2022,Aktif,22ds0063@student.uadw.ac.id
22DS0064,Muhammad Anggraini,P,2004-10-17,Banda Aceh,DS,Sains Data,2022,2022-08-24,Aktif,22ds0064@student.uadw.ac.id
22DS0065,Aditya Pratama,Perempuan,2004-06-02,Ambon, DS,Sains Data,2022,2022-08-22,Aktif,22ds0065@student.uadw.ac.id
22DS0066,Fitri Putri Prasetyo,P,2005-11-10,Kendari,DS,Sains Data,2022,22/08/2022,Aktif,22ds0066@student.uadw.ac.id
22DS0067,Ahmad Putri Sulaiman,P,2004-09-19,Banda Aceh,DS,Sains Data,2022,2022-08-21,Aktif,22ds0067@student.uadw.ac.id
22DS0068,Dian Permana,L,08/07/2002,Surabaya,DS,Data Science,2022,2022-08-17,Aktif,22ds0068@student.uadw.ac.id
22DS0069,Fauzan Hidayat Oktaviani,P,02/07/2004,Kolaka,DS,SAINS DATA,2022,2022-08-15,Aktif,22ds0069@student.uadw.ac.id
22DS0070,Iqbal Fauzi Gunawan,L,2004-03-17,Banda Aceh,DS,Sains Data,2022,2022-08-18,Cuti,22ds0070@student.uadw.ac.id
22DS0071,Aisyah Putra,P,19/05/2003,Bandung,DS,Sains Data,2022,2022-08-24,Aktif,22ds0071@student.uadw.ac.id
22TR0001,Salma Ningsih Iskandar,P,2004-10-09,Surabaya,TR,Teknologi Rekayasa Komputer,2022,2022-08-17,Aktif,22tr0001@student.uadw.ac.id
22TR0002,Vina Permana,L,20/01/2002,Padang,TR,Teknologi Rekayasa Komputer,2022,2022-08-22,Aktif,22tr0002@student.uadw.ac.id
22TR0003,Vina Putri,P,2004-08-12,Palembang,TR,Teknologi Rekayasa Komputer,2022,2022-08-23,Aktif,22tr0003@student.uadw.ac.id
22TR0004,Dian Aziz,P,24/08/2004,Palembang,TR,Teknologi Rekayasa Komputer,2022,2022-08-23,Aktif,22tr0004@student.uadw.ac.id
22TR0005,Hafiz Amelia,P,25/08/2005,Banda Aceh,TR,Teknologi Rekayasa Komputer,2022,2022-08-17,Aktif,22tr0005@student.uadw.ac.id
22TR0006,Dian Wahyuni,M,2003-07-01,Banda Aceh,TR,Teknologi Rekayasa Komputer,2022,16-Aug-2022,Aktif,22tr0006@student.uadw.ac.id
22TR0007,Farhan Pratama Melati,L,2003-07-09,Yogyakarta,TR,TRK,2022,2022-08-18,Aktif,22tr0007@student.uadw.ac.id
22TR0008,Aisyah Wahyuni,P,2004-12-11,Palembang,TR,Teknologi Rekayasa Komputer,2022,25-Aug-2022,Aktif,22tr0008@student.uadw.ac.id
22TR0009,Grace Lestari,P,2003-10-27,Palembang,TR,Teknologi Rekayasa Komputer,2022,21/08/2022,Aktif,22tr0009@student.uadw.ac.id
22TR0010,Rina Ramadhan Herlambang,P,2004-09-27,Yogyakarta,TR,Teknologi Rekayasa Komputer,2022,18/08/2022,Aktif,22tr0010@student.uadw.ac.id
22TR0011,Intan Utami Prasetyo,P,11-May-2004,Medan,TR,Teknologi Rekayasa Komputer,2022,2022-08-16,Aktif,22tr0011@student.uadw.ac.id
22TR0012,Rahmat Putra Azzahra,Perempuan,2003-09-14,Gorontalo,TR,Teknologi Rekayasa Komputer,2022,2022-08-18,Aktif,22tr0012@student.uadw.ac.id
22TR0013,Dewi Anggraini Siregar,F,2004-08-06,Kendari,TR,Teknologi Rekayasa Komputer,2022,2022-08-17,Aktif,22tr0013@student.uadw.ac.id
22TR0014,Fajar Maharani,L,06-Oct-2004,Unaaha,TR,Teknologi Rekayasa Komputer,2022,2022-08-20,Aktif,22tr0014@student.uadw.ac.id
22TR0015,Taufik Purnama,Perempuan,2002-10-13,Kolaka,TR,Teknologi Rekayasa Komputer,2022,17-Aug-2022,Aktif,22tr0015@student.uadw.ac.id
22TR0016,Intan Hidayat Karim,P,2003-05-06,Yogyakarta,TR,Teknologi Rekayasa Komputer,2022,2022-08-24,Aktif,22tr0016@student.uadw.ac.id
22TR0017,Kevin Anggraini,L,2004-10-20,Makassar,TR,Teknologi Rekayasa Komputer,2022,2022-08-15,Aktif,22tr0017@student.uadw.ac.id
22TR0018,Reza Amelia Wardana,P,2004-10-08,Banda Aceh,TR,Teknologi Rekayasa Komputer,2022,2022-08-22,Aktif,22tr0018@student.uadw.ac.id
22TR0019,Reza Ananda Mulyani,L,2004-08-25,Ambon,TR,Teknologi Rekayasa Komputer,2022,2022-08-23,Aktif,22tr0019@student.uadw.ac.id
22TR0020,Putri Wahyuni Siregar,P,2005-12-01,,TR,Teknologi Rekayasa Komputer,2022,2022-08-23,Aktif,22tr0020@student.uadw.ac.id
22TR0021,Rafi Maulana,M,12/09/2002,Palembang,TR,Teknologi Rekayasa Komputer,2022,2022-08-22,Aktif,22tr0021@student.uadw.ac.id
22TR0022,Farhan Aziz Rahmawati,P,2003-11-10,Makassar,TR,Teknologi Rekayasa Komputer,2022,21/08/2022,Aktif,22tr0022@student.uadw.ac.id
22TR0023,Arif Purnama,P,17/06/2003,Ambon,TR,Teknologi Rekayasa Komputer,2022,2022-08-25,Aktif,22tr0023@student.uadw.ac.id
22TR0024,Siti Lestari,L,2002-02-25,Surabaya, TR,Teknologi Rekayasa Komputer,2022,24-Aug-2022,Aktif,22tr0024@student.uadw.ac.id
22TR0025,Aulia Sari,P,2005-06-07,Yogyakarta,TR,Teknologi Rekayasa Komputer,2022,2022-08-25,Aktif,22tr0025@student.uadw.ac.id
22TR0026,Kevin Kurniawan,L,2003-04-19,Palembang,TR,Teknologi Rekayasa Komputer,2022,24/08/2022,Aktif,22tr0026@student.uadw.ac.id
22TR0027,Anisa Putra Setiaji,P,2002-02-12,Medan,TR,Teknologi Rekayasa Komputer,2022,2022-08-20,Aktif,22tr0027@student.uadw.ac.id
22TR0028,Arif Setiawan Mahendra,P,2004-04-19,Semarang,TR,Teknologi Rekayasa Komputer,2022,2022-08-15,Aktif,22tr0028@student.uadw.ac.id
22TR0029,Grace Purnama,L,2005-03-23,Manado,TR,Teknologi Rekayasa Komputer,2022,22-Aug-2022,Aktif,22tr0029@student.uadw.ac.id
22TR0030,Intan Purnama,L,2004-07-04,Gorontalo,TR,Teknologi Rekayasa Komputer,2022,2022-08-19,Aktif,22tr0030@student.uadw.ac.id
22TR0031,Intan Yusuf Rahmawati,L,2004-03-23,Ambon,TR,Teknologi Rekayasa Komputer,2022,24/08/2022,Aktif,22tr0031@student.uadw.ac.id
22TR0032,Syifa Yusuf Pamungkas,L,2005-10-28,Ambon,TR,Teknologi Rekayasa Komputer,2022,2022-08-21,Aktif,22tr0032@student.uadw.ac.id
22TR0033,Muhammad Maharani,Perempuan,2003-02-12,Gorontalo,TR,Teknologi Rekayasa Komputer,2022,2022-08-16,Aktif,22tr0033@student.uadw.ac.id
22TR0034,Dian Wahyuni Wardana,L,25/11/2004,Palu,TR,Teknologi Rekayasa Komputer,2022,2022-08-15,Aktif,22tr0034@student.uadw.ac.id
22TR0035,Aditya Maulana,P,2003-06-15,Raha,TR,Teknologi Rekayasa Komputer,2022,2022-08-16,Aktif,22tr0035@student.uadw.ac.id
22TR0036,Vina Aziz Halim,Laki-laki,2003-10-03,Semarang,TR,TRK,2022,2022-08-16,Aktif,22tr0036@student.uadw.ac.id
22TR0037,Grace Nugraha Gunawan,Laki-laki,2003-06-07,Wakatobi, TR,Tek. Rekayasa Komputer,2022,2022-08-16,Aktif,22tr0037@student.uadw.ac.id
22TR0038,Putri Aziz,L,2003-08-20,Manado,TR,TRK,2022,2022-08-15,Aktif,22tr0038@student.uadw.ac.id
22TR0039,Nisa Maharani,Perempuan,2005-08-05,Wakatobi,TR,Teknologi Rekayasa Komputer,2022,24-Aug-2022,Aktif,22tr0039@student.uadw.ac.id
22TR0040,Nabila Wijaya,P,16/07/2003,Gorontalo,TR,Teknologi Rekayasa Komputer,2022,2022-08-25,Aktif,22tr0040@student.uadw.ac.id
22TR0041,Aditya Wahyuni,L,2004-01-10,Medan,TR,Teknologi Rekayasa Komputer,2022,2022-08-16,Aktif,22tr0041@student.uadw.ac.id
22TR0042,Andi Wahyuni,L,21/04/2004,,TR,TR,2022,2022-08-16,Aktif,22tr0042@student.uadw.ac.id
22TR0043,Salma Febriani Hermawan,P,2005-10-06,Palu,TR,Teknologi Rekayasa Komputer,2022,2022-08-19,Aktif,22tr0043@student.uadw.ac.id
22TR0044,Alya Santoso Pamungkas,P,2003-01-28,Ambon,TR,Teknologi Rekayasa Komputer,2022,2022-08-25,Aktif,22tr0044@student.uadw.ac.id
22TR0045,Bima Ananda,L,2003-11-03,Kendari,TR,Teknologi Rekayasa Komputer,2022,2022-08-25,Aktif,22tr0045@student.uadw.ac.id
22TR0046,Aisyah Ramadhan,F,15-Jan-2004,Gorontalo,TR,Teknologi Rekayasa Komputer,2022,2022-08-24,Aktif,22tr0046@student.uadw.ac.id
22TR0047,Nur Saputra,P,07/11/2004,Unaaha,TR,Teknologi Rekayasa Komputer,2022,24/08/2022,Aktif,22tr0047@student.uadw.ac.id
22TR0048,Zahra Fauzi Fadillah,P,09/04/2005,Medan,TR,TR,2022,2022-08-24,Aktif,22tr0048@student.uadw.ac.id
22TR0049,Galih Pratama Iskandar,L,2003-04-21,Banda Aceh,TR,Teknologi Rekayasa Komputer,2022,23/08/2022,Aktif,22tr0049@student.uadw.ac.id
22TR0050,Dian Utami Nugroho,F,26-May-2003,Palembang,TR,Teknologi Rekayasa Komputer,2022,2022-08-25,Aktif,22tr0050@student.uadw.ac.id
22TR0051,Bagas Purnama Kurniadi,L,2004-03-22,Bandung,TR,TR,2022,2022-08-16,Aktif,22tr0051@student.uadw.ac.id
22TR0052,Rahmat Rasyid,L,2005-06-06,Palu,TR,Teknologi Rekayasa Komputer,2022,2022-08-24,Aktif,22tr0052@student.uadw.ac.id
22TR0053,Aulia Setiawan,Perempuan,23/05/2004,Unaaha,TR,Teknologi Rekayasa Komputer,2022,2022-08-24,Aktif,22tr0053@student.uadw.ac.id
22TR0054,Hafiz Saputra Halim,L,02/10/2003,Raha,TR,Teknologi Rekayasa Komputer,2022,2022-08-22,cuti,22tr0054@student.uadw.ac.id
22TR0055,Nisa Ananda,P,2003-04-12,Gorontalo,TR,Teknologi Rekayasa Komputer,2022,2022-08-19,Aktif,22tr0055@student.uadw.ac.id
22TR0056,Anisa Purnama Melati,Laki-laki,2004-07-21,Kendari,TR,Teknologi Rekayasa Komputer,2022,2022-08-18,Aktif,22tr0056@student.uadw.ac.id
22TR0057,Taufik Amelia Kusuma,L,11/11/2002,Palembang,TR,Teknologi Rekayasa Komputer,2022,2022-08-16,Aktif,22tr0057@student.uadw.ac.id
22TR0058,Arif Ningsih,L,12/10/2002,Manado,TR,Teknologi Rekayasa Komputer,2022,2022-08-19,Aktif,22tr0058@student.uadw.ac.id
22TR0059,Aisyah Febriani,L,09/06/2002,Kolaka,TR,Tek. Rekayasa Komputer,2022,24/08/2022,Aktif,22tr0059@student.uadw.ac.id
22TR0060,Samuel Santoso,L,09/12/2005,Ambon,TR,Teknologi Rekayasa Komputer,2022,19/08/2022,Aktif,22tr0060@student.uadw.ac.id
22TR0061,Aulia Maulana,P,2004-11-18,Raha,TR,Teknologi Rekayasa Komputer,2022,16/08/2022,Aktif,22tr0061@student.uadw.ac.id
22TR0062,Rafi Febriani,Laki-laki,2004-07-04,Kendari,TR,Teknologi Rekayasa Komputer,2022,18/08/2022,Aktif,22tr0062@student.uadw.ac.id
22TR0063,Nadia Santoso,P,2003-09-12,Unaaha,TR,Teknologi Rekayasa Komputer,2022,2022-08-16,Aktif,22tr0063@student.uadw.ac.id
22TR0064,Vina Hakim,L,2002-08-27,Bandung,TR,TR,2022,24-Aug-2022,Aktif,22tr0064@student.uadw.ac.id
22TR0065,Maya Pratama,P,02/02/2004,Manado,TR,Teknologi Rekayasa Komputer,2022,2022-08-21,Aktif,22tr0065@student.uadw.ac.id
22TR0066,Nadia Nugraha Permatasari,L,2004-02-12,Unaaha,TR,Teknologi Rekayasa Komputer,2022,23/08/2022,Aktif,22tr0066@student.uadw.ac.id
22TR0067,Andi Permana,P,2005-10-15,Wakatobi,TR,Teknologi Rekayasa Komputer,2022,21/08/2022,Aktif,22tr0067@student.uadw.ac.id
22TR0068,Ilham Kurniawan,P,23-Aug-2002,Palu, TR,TR,2022,2022-08-19,Aktif,22tr0068@student.uadw.ac.id
22BD0001,Rizky Saputra Sulaiman,P,2005-04-05,Gorontalo,BD,Bisnis Digital,2022,2022-08-23,Aktif,22bd0001@student.uadw.ac.id
22BD0002,Rizky Anggraini,L,2004-05-12,Palembang,bd,Bisnis Digital,2022,2022-08-18,Aktif,22bd0002@student.uadw.ac.id
22BD0003,Muhammad Nugraha,P,2004-09-09,Yogyakarta,BD,Bisnis Digital,2022,2022-08-17,Aktif,22bd0003@student.uadw.ac.id
22BD0004,Wulan Setiawan Susanti,Perempuan,19/06/2004,Manado,BD,Bisnis Digital,2022,2022-08-23,Aktif,22bd0004@student.uadw.ac.id
22BD0005,Rani Utami,L,2003-12-17,Palu,BD,Bisnis digital,2022,22/08/2022,Aktif,22bd0005@student.uadw.ac.id
22BD0006,Ilham Febriani Iskandar,L,2004-08-06,Kendari,BD,Bisnis Digital,2022,2022-08-21,Aktif,22bd0006@student.uadw.ac.id
22BD0007,Syifa Maulana,P,23/10/2004,Gorontalo,BD,Bisnis Digital,2022,2022-08-24,Cuti,22bd0007@student.uadw.ac.id
22BD0008,Reza Setiawan Oktaviani,Perempuan,2003-03-06,Kendari,BD,Bisnis Digital,2022,2022-08-16,Aktif,22bd0008@student.uadw.ac.id
22BD0009,Rahmat Putra,P,2002-05-09,Mataram, BD,BD,2022,2022-08-17,Aktif,22bd0009@student.uadw.ac.id
22BD0010,Alya Putra Hermawan,L,2004-03-26,Makassar, BD,Bisnis Dig.,2022,2022-08-22,Aktif,22bd0010@student.uadw.ac.id
22BD0011,Fauzan Pratama Hermawan,P,2003-11-16,Bandung,BD,Bisnis Digital,2022,2022-08-19,Aktif,22bd0011@student.uadw.ac.id
22BD0012,Tiara Kurniawan Melati,P,2002-12-18,Raha,BD,Bisnis Digital,2022,2022-08-24,Aktif,22bd0012@student.uadw.ac.id
22BD0013,Intan Setiawan,P,01-Oct-2004,Unaaha,BD,Bisnis Digital,2022,2022-08-23,Aktif,22bd0013@student.uadw.ac.id
22BD0014,Rizky Rasyid,Laki-laki,2005-10-03,Yogyakarta,BD,Bisnis Digital,2022,15/08/2022,Aktif,22bd0014@student.uadw.ac.id
22BD0015,Bagas Amelia,L,2003-11-27,Makassar,BD,Bisnis Digital,2022,2022-08-23,Aktif,22bd0015@student.uadw.ac.id
22BD0016,Aisyah Amelia Sulaiman,Perempuan,2003-01-08,Baubau,BD,Bisnis Digital,2022,2022-08-16,Aktif,22bd0016@student.uadw.ac.id
22BD0017,Vina Purnama Kusuma,Perempuan,2002-06-11,Banda Aceh,BD,Bisnis Digital,2022,2022-08-21,Aktif,22bd0017@student.uadw.ac.id
22BD0018,Kevin Rasyid Fadillah,L,2004-04-28,Banda Aceh,BD,Bisnis Digital,2022,2022-08-25,Aktif,22bd0018@student.uadw.ac.id
22BD0019,Zahra Pratama,F,2005-10-05,Ambon, BD,Bisnis Digital,2022,2022-08-17,Aktif,22bd0019@student.uadw.ac.id
22BD0020,Andi Hidayat Syahputra,L,16-Sep-2003,Palu,BD,Bisnis Digital,2022,2022-08-19,Aktif,22bd0020@student.uadw.ac.id
22BD0021,Galih Setiawan,P,2004-09-13,Unaaha,BD,Bisnis Digital,2022,2022-08-19,Aktif,22bd0021@student.uadw.ac.id
22BD0022,Syifa Nugraha,Laki-laki,2004-10-13,Semarang,BD,Bisnis Digital,2022,2022-08-22,Aktif,22bd0022@student.uadw.ac.id
22BD0023,Grace Setiawan Azzahra,L,2002-03-14,Unaaha,BD,Bisnis Digital,2022,2022-08-21,Aktif,22bd0023@student.uadw.ac.id
22BD0024,Reza Ningsih Kurniadi,L,2004-04-03,Unaaha,BD,Bisnis Digital,2022,2022-08-16,Aktif,22bd0024@student.uadw.ac.id
22BD0025,Lukman Yusuf Rahmawati,Perempuan,23-Sep-2003,Padang,BD,Bisnis Digital,2022,2022-08-17,AKTIF,22bd0025@student.uadw.ac.id
22BD0026,Raka Yusuf,P,2004-12-03,Palu,BD,Bisnis Digital,2022,2022-08-22,Aktif,22bd0026@student.uadw.ac.id
22BD0027,Siti Saputra Susanti,P,2003-05-06,Ambon,BD,Bisnis Digital,2022,2022-08-19,Aktif,22bd0027@student.uadw.ac.id
22BD0028,Iqbal Ananda Iskandar,L,2003-10-07,Semarang,BD,Bisnis Digital,2022,2022-08-23,Aktif,22bd0028@student.uadw.ac.id
22BD0029,Taufik Fauzi Safitri,L,2004-01-22,Banda Aceh,BD,Bisnis Digital,2022,2022-08-22,Aktif,22bd0029@student.uadw.ac.id
22BD0030,Zahra Ananda,P,24/07/2005,Medan,BD,Bisnis Digital,2022,19-Aug-2022,Aktif,22bd0030@student.uadw.ac.id
22BD0031,Raka Putra,P,2004-04-21,Kendari,BD,Bisnis Digital,2022,22-Aug-2022,Aktif,22bd0031@student.uadw.ac.id
22BD0032,Kevin Putri Hermawan,P,2004-08-22,Yogyakarta,BD ,Bisnis Digital,2022,2022-08-24,Aktif,22bd0032@student.uadw.ac.id
22BD0033,Rina Firmansyah Nugroho,P,2004-09-12,Kendari,BD,Bisnis Digital,2022,2022-08-15,AKTIF,22bd0033@student.uadw.ac.id
22BD0034,Reza Ningsih,L,2004-05-27,Raha,BD,BISNIS DIGITAL,2022,20-Aug-2022,Aktif,22bd0034@student.uadw.ac.id
22BD0035,Aditya Anggraini,P,2004-10-13,Yogyakarta,BD,Bisnis Digital,2022,2022-08-19,Aktif,22bd0035@student.uadw.ac.id
22BD0036,Nur Rasyid Pamungkas,M,2003-10-10,Raha,BD,Bisnis Digital,2022,2022-08-21,Aktif,22bd0036@student.uadw.ac.id
22BD0037,Reza Lestari Siregar,P,2004-04-07,Palembang,BD,Bisnis digital,2022,2022-08-16,Aktif,22bd0037@student.uadw.ac.id
22BD0038,Tiara Maharani,L,14-Feb-2004,Surabaya,BD,Bisnis Digital,2022,2022-08-16,Aktif,22bd0038@student.uadw.ac.id
22BD0039,Muhammad Purnama Iskandar,L,2003-06-10,Semarang,BD,Bisnis Digital,2022,2022-08-19,Aktif,22bd0039@student.uadw.ac.id
22BD0040,Andi Aziz,P,2002-09-10,Ambon,BD,Bisnis Digital,2022,23/08/2022,Aktif,22bd0040@student.uadw.ac.id
22BD0041,Vina Santoso,L,16-Oct-2003,Bandung,BD,Bisnis Digital,2022,2022-08-19,Aktif,22bd0041@student.uadw.ac.id
22BD0042,Maya Kurniawan Siregar,P,2004-01-02,Semarang,bd,Bisnis Digital,2022,2022-08-17,Aktif,22bd0042@student.uadw.ac.id
22BD0043,Andi Rasyid,P,2002-10-24,Makassar,BD,Bisnis Digital,2022,2022-08-19,Aktif,22bd0043@student.uadw.ac.id
22BD0044,Ilham Amelia Karim,L,2004-05-05,Bandung,BD,Bisnis Dig.,2022,2022-08-22,Aktif,22bd0044@student.uadw.ac.id
22BD0045,Nabila Aziz,P,2005-12-22,Kolaka,BD,Bisnis Digital,2022,2022-08-20,Aktif,22bd0045@student.uadw.ac.id
22BD0046,Reza Lestari,P,07/08/2003,Wakatobi,BD,Bisnis Digital,2022,2022-08-23,Aktif,22bd0046@student.uadw.ac.id
22BD0047,Rina Maharani Safitri,Perempuan,14-Nov-2004,Unaaha,BD,Bisnis Digital,2022,2022-08-22,Aktif,22bd0047@student.uadw.ac.id
22BD0048,Intan Wijaya Karim,L,2004-01-16,Unaaha,BD,Bisnis Digital,2022,2022-08-18,Aktif,22bd0048@student.uadw.ac.id
22BD0049,Raka Rasyid Wardana,M,2004-07-24,Makassar,BD,Bisnis Dig.,2022,16/08/2022,Aktif,22bd0049@student.uadw.ac.id
22BD0050,Dimas Lestari Maulida,P,2004-06-19,Kolaka,BD,Bisnis Digital,2022,2022-08-19,Aktif,22bd0050@student.uadw.ac.id
22BD0051,Fitri Firmansyah Nugroho,L,2004-05-28,Bandung,BD,Bisnis Digital,2022,24-Aug-2022,Aktif,22bd0051@student.uadw.ac.id
22BD0052,Fauzan Anggraini,P,2004-04-01,Makassar,BD,Bisnis digital,2022,2022-08-25,Aktif,22bd0052@student.uadw.ac.id
22BD0053,Salma Wijaya,P,20-Mar-2003,Bandung,BD,Bisnis Digital,2022,2022-08-22,Aktif,22bd0053@student.uadw.ac.id
22BD0054,Syifa Saputra,Laki-laki,26/05/2004,Raha,BD,Bisnis Digital,2022,2022-08-20,Aktif,22bd0054@student.uadw.ac.id
22BD0055,Hafiz Hidayat Syahputra,F,2004-08-08,Mataram,BD,Bisnis Digital,2022,22/08/2022,Aktif,22bd0055@student.uadw.ac.id
22BD0056,Akbar Putra,Laki-laki,2002-01-27,Raha,BD,BISNIS DIGITAL,2022,2022-08-24,Aktif,22bd0056@student.uadw.ac.id
22BD0057,Siti Yusuf,L,2005-09-04,Wakatobi,BD,Bisnis Digital,2022,2022-08-21,Aktif,22bd0057@student.uadw.ac.id
22BD0058,Aulia Yusuf,L,19-Oct-2004,Padang,BD ,Bisnis Digital,2022,19/08/2022,Aktif,22bd0058@student.uadw.ac.id
22BD0059,Hafiz Anggraini,Perempuan,2002-02-10,Baubau,BD,Bisnis Digital,2022,2022-08-24,Aktif,22bd0059@student.uadw.ac.id
22BD0060,Putri Wahyuni,Laki-laki,28/02/2003,Mataram,BD,BD,2022,2022-08-24,Aktif,22bd0060@student.uadw.ac.id
22BD0061,Nabila Lestari Pamungkas,P,2004-11-09,Kolaka,BD,Bisnis Digital,2022,2022-08-22,Aktif,22bd0061@student.uadw.ac.id
22BD0062,Iqbal Putra Oktaviani,M,2005-08-09,Palu,BD,BD,2022,2022-08-25,Aktif,22bd0062@student.uadw.ac.id
22BD0063,Dimas Putra,Laki-laki,2005-12-18,Padang,BD,Bisnis Digital,2022,2022-08-16,Aktif,22bd0063@student.uadw.ac.id
22BD0064,Grace Fauzi Maulida,L,2002-08-09,Wakatobi,BD,BISNIS DIGITAL,2022,2022-08-17,Aktif,22bd0064@student.uadw.ac.id
22BD0065,Taufik Saputra,L,2004-04-10,Manado,BD,Bisnis Digital,2022,2022-08-25,Aktif,22bd0065@student.uadw.ac.id
22BD0066,Fitri Putri,P,2003-08-14,Baubau,BD,Bisnis Digital,2022,17-Aug-2022,Aktif,22bd0066@student.uadw.ac.id
22BD0067,Wulan Maulana,P,06/09/2004,Yogyakarta,BD,Bisnis Digital,2022,19/08/2022,Aktif,22bd0067@student.uadw.ac.id
22BD0068,Taufik Ananda Setiaji,Laki-laki,2003-07-11,Gorontalo,BD,Bisnis Digital,2022,20/08/2022,Aktif,22bd0068@student.uadw.ac.id
22BD0069,Syifa Wijaya,P,2003-06-19,Gorontalo,BD,Bisnis Digital,2022,2022-08-16,Aktif,22bd0069@student.uadw.ac.id
22BD0070,Bagas Putri Wibowo,L,26/08/2005,Palembang,BD,Bisnis Digital,2022,2022-08-20,Aktif,22bd0070@student.uadw.ac.id
22BD0071,Bima Wahyuni Mahendra,P,2002-01-03,Bandung,BD,Bisnis Digital,2022,25-Aug-2022,Aktif,22bd0071@student.uadw.ac.id
23TI0001,Aulia Ramadhan Oktaviani,P,20-May-2006,Medan,TI ,TI,2023,24-Aug-2023,Aktif,23ti0001@student.uadw.ac.id
23TI0002,Rahmat Firmansyah,Laki-laki,03-Jan-2004,Padang,TI,TI,2023,2023-08-21,Aktif,23ti0002@student.uadw.ac.id
23TI0003,Vina Kurniawan Wardana,L,2004-10-21,Kolaka,TI,TEKNOLOGI INFORMASI,2023,2023-08-15,Aktif,23ti0003@student.uadw.ac.id
23TI0004,Rina Lestari,P,26/07/2004,Medan,TI,Teknologi Informasi,2023,2023-08-16,Aktif,23ti0004@student.uadw.ac.id
23TI0005,Salma Utami,P,2003-12-01,Kendari,TI,Teknologi Informasi,2023,2023-08-21,Aktif,23ti0005@student.uadw.ac.id
23TI0006,Rizky Santoso,Perempuan,01/07/2004,Kendari,TI,Teknologi Informasi,2023,15/08/2023,Aktif,23ti0006@student.uadw.ac.id
23TI0007,Dewi Amelia Maulida,P,2005-03-28,Semarang,TI,Tek. Informasi,2023,2023-08-21,Aktif,23ti0007@student.uadw.ac.id
23TI0008,Zahra Hidayat Rahmawati,L,2004-12-19,Medan,ti,Teknologi Informasi,2023,15-Aug-2023,Aktif,23ti0008@student.uadw.ac.id
23TI0009,Alya Putri Melati,P,2005-08-12,Kendari,TI,Teknologi Informasi,2023,2023-08-23,Aktif,23ti0009@student.uadw.ac.id
23TI0010,Dimas Firmansyah Mulyani,M,2004-08-06,Yogyakarta,ti,Teknologi Informasi,2023,16-Aug-2023,Aktif,23ti0010@student.uadw.ac.id
23TI0011,Grace Fauzi Pamungkas,Perempuan,2005-04-15,Gorontalo,TI,Teknologi Informasi,2023,22/08/2023,Aktif,23ti0011@student.uadw.ac.id
23TI0012,Bagas Putri Kusuma,L,26/11/2004,Gorontalo,TI,Tek. Informasi,2023,2023-08-25,Aktif,23ti0012@student.uadw.ac.id
23TI0013,Nabila Kurniawan,P,11/04/2003,Gorontalo,TI,Teknologi Informasi,2023,2023-08-15,Aktif,23ti0013@student.uadw.ac.id
23TI0014,Galih Fauzi Susanti,L,2003-01-26,Manado,TI,Teknologi Informasi,2023,2023-08-21,Aktif,23ti0014@student.uadw.ac.id
23TI0015,Nisa Fauzi Fadillah,M,2006-02-02,Semarang,TI,Teknologi Informasi,2023,2023-08-18,Aktif,23ti0015@student.uadw.ac.id
23TI0016,Aisyah Ananda,F,2006-10-20,Raha,TI,Teknologi Informasi,2023,2023-08-17,Aktif,23ti0016@student.uadw.ac.id
23TI0017,Reza Kurniawan Kurniadi,L,2005-07-13,Kendari,TI,Teknologi Informasi,2023,2023-08-23,Aktif,23ti0017@student.uadw.ac.id
23TI0018,Dewi Rasyid,L,2005-09-08,Manado,TI,Teknologi Informasi,2023,2023-08-22,Aktif,23ti0018@student.uadw.ac.id
23TI0019,Iqbal Putri,Laki-laki,12-Nov-2004,Gorontalo,TI,Teknologi Informasi,2023,2023-08-17,Aktif,23ti0019@student.uadw.ac.id
23TI0020,Salma Nugraha,L,12-Feb-2004,Unaaha,TI,Teknologi Informasi,2023,23/08/2023,Aktif,23ti0020@student.uadw.ac.id
23TI0021,Anisa Firmansyah Kusuma,P,24-Mar-2004,Medan,TI,TI,2023,2023-08-16,Aktif,23ti0021@student.uadw.ac.id
23TI0022,Zahra Maharani Prasetyo,P,07/08/2006,Medan,TI,Teknologi Informasi,2023,2023-08-20,Aktif,23ti0022@student.uadw.ac.id
23TI0023,Samuel Wijaya Safitri,P,12/11/2004,Ambon,TI,Teknologi Informasi,2023,2023-08-22,Aktif,23ti0023@student.uadw.ac.id
23TI0024,Akbar Santoso Wibowo,Laki-laki,2006-06-18,Unaaha,TI,Teknologi Informasi,2023,2023-08-24,Aktif,23ti0024@student.uadw.ac.id
23TI0025,Nabila Putri Melati,Laki-laki,2005-10-11,Banda Aceh,TI,Teknologi Informasi,2023,2023-08-18,Aktif,23ti0025@student.uadw.ac.id
23TI0026,Farhan Firmansyah,Perempuan,19/08/2005,Palembang,TI,Teknologi Informasi,2023,2023-08-25,Aktif,23ti0026@student.uadw.ac.id
23TI0027,Putri Putra Karim,P,2003-08-01,Palu,TI,Teknologi Informasi,2023,21/08/2023,Aktif,23ti0027@student.uadw.ac.id
23TI0028,Syifa Wijaya Halim,P,28-Apr-2004,Palembang,TI,TI,2023,2023-08-21,Aktif,23ti0028@student.uadw.ac.id
23TI0029,Nabila Wijaya Kusuma,L,2004-09-22,Makassar,TI,Teknologi Informasi,2023,2023-08-25,Aktif,23ti0029@student.uadw.ac.id
23TI0030,Iqbal Ananda Sulaiman,Laki-laki,2004-08-16,Mataram,TI,Teknologi Informasi,2023,22/08/2023,Aktif,23ti0030@student.uadw.ac.id
23TI0031,Dimas Maulana Nasution,Perempuan,2006-08-06,Makassar,TI,Teknologi Informasi,2023,2023-08-24,Aktif,23ti0031@student.uadw.ac.id
23TI0032,Nabila Rasyid Siregar,P,2003-06-27,Padang, TI,Teknologi Informasi,2023,2023-08-16,Aktif,23ti0032@student.uadw.ac.id
23TI0033,Hafiz Ramadhan,P,2004-08-17,Palu,TI,Teknologi Informasi,2023,2023-08-20,Aktif,23ti0033@student.uadw.ac.id
23TI0034,Zahra Firmansyah Susanti,L,26/03/2005,Unaaha,TI,TI,2023,2023-08-20,Aktif,23ti0034@student.uadw.ac.id
23TI0035,Andi Febriani Pamungkas,P,2004-08-25,Palu,TI,Teknologi Informasi,2023,2023-08-24,Aktif,23ti0035@student.uadw.ac.id
23TI0036,Galih Hakim,F,2003-08-09,Palembang,TI,Teknologi Informasi,2023,2023-08-20,Aktif,23ti0036@student.uadw.ac.id
23TI0037,Nisa Sari Permatasari,P,2005-05-01,Palu,TI,Tek. Informasi,2023,2023-08-18,Aktif,23ti0037@student.uadw.ac.id
23TI0038,Rizky Febriani Kusuma,P,2005-01-14,Semarang,TI,Tek. Informasi,2023,25/08/2023,Aktif,23ti0038@student.uadw.ac.id
23TI0039,Raka Fauzi,P,2004-01-19,Unaaha,TI,Teknologi Informasi,2023,18-Aug-2023,Aktif,23ti0039@student.uadw.ac.id
23TI0040,Bagas Firmansyah,P,2005-09-23,Semarang, TI,Teknologi Informasi,2023,24-Aug-2023,Aktif,23ti0040@student.uadw.ac.id
23TI0041,Rina Firmansyah,L,2004-07-13,Raha,TI,Teknologi Informasi,2023,2023-08-22,AKTIF,23ti0041@student.uadw.ac.id
23TI0042,Rafi Anggraini,P,2005-10-20,Bandung,TI,Teknologi Informasi,2023,2023-08-15,Aktif,23ti0042@student.uadw.ac.id
23TI0043,Rafi Pratama,L,19/11/2003,Mataram,TI,Teknologi Informasi,2023,2023-08-25,Aktif,23ti0043@student.uadw.ac.id
23TI0044,Nabila Amelia Siregar,L,2005-04-23,Gorontalo,TI,TI,2023,2023-08-17,Aktif,23ti0044@student.uadw.ac.id
23TI0045,Rahmat Purnama,L,2005-11-25,Kendari,TI,Teknologi Informasi,2023,2023-08-15,Aktif,23ti0045@student.uadw.ac.id
23TI0046,Andi Yusuf,L,2006-05-02,Medan,TI,Teknologi Informasi,2023,2023-08-19,Aktif ,23ti0046@student.uadw.ac.id
23TI0047,Intan Ramadhan,L,2005-12-23,,TI,Teknologi Informasi,2023,2023-08-24,Aktif,23ti0047@student.uadw.ac.id
23TI0048,Reza Wahyuni,L,2005-09-05,Palu,TI,Teknologi Informasi,2023,2023-08-25,Aktif,23ti0048@student.uadw.ac.id
23TI0049,Kevin Santoso,P,17-Jan-2005,Baubau,TI,Teknologi Informasi,2023,2023-08-22,Aktif,23ti0049@student.uadw.ac.id
23TI0050,Dian Setiawan Kurniadi,M,26/10/2004,Ambon,TI,TI,2023,23/08/2023,Aktif,23ti0050@student.uadw.ac.id
23TI0051,Kevin Ananda,P,2003-12-25,Baubau,ti,Teknologi Informasi,2023,2023-08-16,Aktif,23ti0051@student.uadw.ac.id
23TI0052,Nisa Permana Wardana,L,2003-05-14,Baubau,TI,Teknologi Informasi,2023,22-Aug-2023,Aktif,23ti0052@student.uadw.ac.id
23TI0053,Bima Maulana,P,2003-09-28,Surabaya,TI,Teknologi Informasi,2023,2023-08-22,Aktif,23ti0053@student.uadw.ac.id
23TI0054,Nabila Aziz Sulaiman,P,24/07/2005,Unaaha,TI ,Teknologi Informasi,2023,19-Aug-2023,Aktif,23ti0054@student.uadw.ac.id
23TI0055,Ilham Ramadhan Wibowo,P,2004-07-23,Unaaha,TI,TEKNOLOGI INFORMASI,2023,2023-08-15,Aktif,23ti0055@student.uadw.ac.id
23TI0056,Yoga Maharani Herlambang,Perempuan,2005-06-14,Manado, TI,Teknologi Informasi,2023,2023-08-16,Aktif,23ti0056@student.uadw.ac.id
23TI0057,Iqbal Ananda,L,2003-10-04,Padang,TI,Teknologi Informasi,2023,2023-08-22,Aktif,23ti0057@student.uadw.ac.id
23TI0058,Andi Putri,P,21/08/2006,Surabaya,TI,Teknologi Informasi,2023,25-Aug-2023,Aktif,23ti0058@student.uadw.ac.id
23TI0059,Nur Lestari Wibowo,P,2004-09-28,Banda Aceh,TI,Teknologi Informasi,2023,21-Aug-2023,Aktif,23ti0059@student.uadw.ac.id
23TI0060,Akbar Setiawan Setiaji,Perempuan,2003-01-24,Bandung,TI,Teknologi Informasi,2023,22-Aug-2023,Aktif,23ti0060@student.uadw.ac.id
23TI0061,Kevin Ramadhan,L,2005-09-23,Medan,TI,Teknologi Informasi,2023,15/08/2023,Aktif,23ti0061@student.uadw.ac.id
23TI0062,Alya Amelia Oktaviani,L,2004-05-08,Padang,TI,TEKNOLOGI INFORMASI,2023,25/08/2023,Aktif,23ti0062@student.uadw.ac.id
23TI0063,Galih Wijaya,P,05/07/2005,Padang,TI,Teknologi Informasi,2023,2023-08-25,Aktif,23ti0063@student.uadw.ac.id
23TI0064,Nur Hakim,L,2003-01-01,Yogyakarta,TI,Teknologi Informasi,2023,17-Aug-2023,Aktif,23ti0064@student.uadw.ac.id
23TI0065,Kevin Hakim,P,2005-05-19,Kolaka,TI,Teknologi Informasi,2023,18/08/2023,Aktif,23ti0065@student.uadw.ac.id
23TI0066,Fajar Amelia Mahendra,Laki-laki,2005-04-17,Kendari,TI,Teknologi Informasi,2023,2023-08-19,Aktif,23ti0066@student.uadw.ac.id
23TI0067,Nur Saputra,Laki-laki,27-Jul-2006,Yogyakarta,TI,Teknologi Informasi,2023,16/08/2023,Aktif,23ti0067@student.uadw.ac.id
23TI0068,Arif Santoso,P,2003-12-08,Wakatobi,TI,Teknologi Informasi,2023,2023-08-17,Aktif,23ti0068@student.uadw.ac.id
23TI0069,Ilham Fauzi Wardana,Laki-laki,09-Sep-2005,Mataram,TI,Teknologi Informasi,2023,25-Aug-2023,Aktif,23ti0069@student.uadw.ac.id
23TI0070,Farhan Fauzi,P,2005-02-08,Kolaka,TI,Teknologi Informasi,2023,2023-08-20,Aktif,23ti0070@student.uadw.ac.id
23TI0071,Rizky Wahyuni Hasan,P,2004-08-09,Raha,TI,Teknologi Informasi,2023,2023-08-25,Aktif,23ti0071@student.uadw.ac.id
23TI0072,Ahmad Hidayat Nugroho,L,2005-12-11,Manado,TI,Tek. Informasi,2023,2023-08-21,Aktif,23ti0072@student.uadw.ac.id
23TI0073,Rani Nugraha Azzahra,L,2005-11-05,Palembang,TI,Teknologi Informasi,2023,2023-08-21,Aktif,23ti0073@student.uadw.ac.id
23TI0074,Salma Putri Pamungkas,L,2005-10-17,Ambon,TI,Teknologi Informasi,2023,2023-08-21,Aktif,23ti0074@student.uadw.ac.id
23TI0075,Wulan Utami Gunawan,Laki-laki,2005-03-16,Palembang,TI,Teknologi Informasi,2023,2023-08-16,Aktif,23ti0075@student.uadw.ac.id
23TI0076,Akbar Ningsih Wibowo,L,16-Feb-2005,Manado,TI ,Teknologi Informasi,2023,2023-08-21,Aktif,23ti0076@student.uadw.ac.id
23TI0077,Intan Putra Kurniadi,L,2005-12-12,Unaaha,TI,Teknologi Informasi,2023,15/08/2023,Aktif,23ti0077@student.uadw.ac.id
23TI0078,Nadia Amelia Sulaiman,Laki-laki,2006-10-10,Mataram,TI,Teknologi Informasi,2023,2023-08-16,Aktif,23ti0078@student.uadw.ac.id
23TI0079,Alya Rasyid,L,09/11/2003,Medan,TI,Teknologi Informasi,2023,2023-08-21,Aktif,23ti0079@student.uadw.ac.id
23TI0080,Yoga Setiawan,Laki-laki,2003-02-14,Raha,TI,Teknologi Informasi,2023,2023-08-16,Aktif,23ti0080@student.uadw.ac.id
23TI0081,Yoga Permana Melati,P,2004-04-05,Surabaya,TI,Teknologi Informasi,2023,2023-08-15,Aktif,23ti0081@student.uadw.ac.id
23TI0082,Galih Santoso,Laki-laki,2004-07-18,Palembang,TI,Teknologi Informasi,2023,23-Aug-2023,Aktif,23ti0082@student.uadw.ac.id
23TI0083,Bagas Hakim Kurniadi,L,02/10/2004,Raha, TI,Teknologi Informasi,2023,2023-08-23,Aktif,23ti0083@student.uadw.ac.id
23TI0084,Arif Pratama Hermawan,L,04/08/2003,Manado,TI,TI,2023,15/08/2023,Aktif,23ti0084@student.uadw.ac.id
23TI0085,Farhan Kurniawan,Laki-laki,2005-03-22,Medan,TI,Teknologi Informasi,2023,2023-08-17,Aktif,23ti0085@student.uadw.ac.id
23TI0086,Raka Rasyid,L,20/04/2006,Baubau, TI,Teknologi Informasi,2023,2023-08-17,Aktif,23ti0086@student.uadw.ac.id
23TI0087,Anisa Anggraini,L,2004-02-21,Palembang,TI ,Teknologi Informasi,2023,2023-08-22,Aktif,23ti0087@student.uadw.ac.id
23TI0088,Hafiz Kurniawan,P,2005-08-25,Mataram,TI,Teknologi Informasi,2023,2023-08-17,Aktif,23ti0088@student.uadw.ac.id
23TI0089,Raka Anggraini,P,2005-04-27,Baubau,TI,Teknologi Informasi,2023,2023-08-23,Aktif,23ti0089@student.uadw.ac.id
23TI0090,Kevin Anggraini Oktaviani,P,2004-09-02,Ambon,TI,Teknologi Informasi,2023,2023-08-20,Aktif,23ti0090@student.uadw.ac.id
23TI0091,Rani Ningsih Iskandar,L,01/03/2006,Medan,TI,Teknologi Informasi,2023,2023-08-19,Aktif,23ti0091@student.uadw.ac.id
23TI0092,Aditya Yusuf,L,2005-01-10,Unaaha,TI,TI,2023,2023-08-25,Aktif,23ti0092@student.uadw.ac.id
23TI0093,Siti Nugraha Oktaviani,Perempuan,2003-12-15,Gorontalo,TI,Teknologi Informasi,2023,2023-08-19,Aktif,23ti0093@student.uadw.ac.id
23TI0094,Intan Rasyid,L,2004-12-20,Padang,TI,TEKNOLOGI INFORMASI,2023,2023-08-24,Aktif,23ti0094@student.uadw.ac.id
23TI0095,Galih Nugraha Azzahra,L,2003-10-24,Palembang,TI,Teknologi Informasi,2023,19-Aug-2023,Aktif,23ti0095@student.uadw.ac.id
23SI0001,Siti Ananda Mahendra,L,02-May-2004,Ambon,SI,Sistem Informasi,2023,2023-08-23,Aktif,23si0001@student.uadw.ac.id
23SI0002,Rahmat Utami Herlambang,P,2005-12-17,Ambon,SI,Sistem informasi,2023,23-Aug-2023,Aktif,23si0002@student.uadw.ac.id
23SI0003,Rizky Ningsih Prasetyo,Perempuan,01-Sep-2005,Bandung,SI,SI,2023,25-Aug-2023,Aktif,23si0003@student.uadw.ac.id
23SI0004,Dian Amelia Sulaiman,L,2005-01-02,Surabaya,SI,Sistem Informasi,2023,20-Aug-2023,Aktif,23si0004@student.uadw.ac.id
23SI0005,Rani Yusuf Sulaiman,P,2004-03-22,Semarang,SI,Sistem Informasi,2023,18/08/2023,Aktif,23si0005@student.uadw.ac.id
23SI0006,Reza Firmansyah Halim,L,2004-09-16,Surabaya,SI,Sistem Informasi,2023,2023-08-17,Aktif,23si0006@student.uadw.ac.id
23SI0007,Galih Rasyid Wibowo,L,2005-06-01,Medan,SI,Sistem Informasi,2023,2023-08-21,Aktif,23si0007@student.uadw.ac.id
23SI0008,Tiara Lestari,L,04-Nov-2005,Ambon,SI,Sistem Informasi,2023,2023-08-16,Aktif,23si0008@student.uadw.ac.id
23SI0009,Hafiz Ningsih,P,2004-01-24,Baubau,SI,Sistem Informasi,2023,20-Aug-2023,Aktif,23si0009@student.uadw.ac.id
23SI0010,Rahmat Putra Susanti,L,2003-07-10,Palembang,SI,Sistem Informasi,2023,2023-08-19,Aktif,23si0010@student.uadw.ac.id
23SI0011,Putri Putri Wibowo,Laki-laki,04/06/2004,Unaaha,SI,Sistem Informasi,2023,2023-08-20,Aktif,23si0011@student.uadw.ac.id
23SI0012,Nur Santoso Mulyani,P,2005-11-06,Kolaka,SI ,Sistem Informasi,2023,24-Aug-2023,Aktif,23si0012@student.uadw.ac.id
23SI0013,Akbar Yusuf Syahputra,P,2005-05-21,Baubau,SI,Sistem Informasi,2023,2023-08-16,Aktif,23si0013@student.uadw.ac.id
23SI0014,Rafi Rasyid Mulyani,P,19-Oct-2004,Padang,SI,Sist. Informasi,2023,22-Aug-2023,Aktif,23si0014@student.uadw.ac.id
23SI0015,Akbar Nugraha Sulaiman,L,2004-09-24,Mataram,SI,Sistem informasi,2023,2023-08-15,Aktif,23si0015@student.uadw.ac.id
23SI0016,Rahmat Sari,P,2005-01-06,Padang,SI,Sistem Informasi,2023,2023-08-19,Aktif,23si0016@student.uadw.ac.id
23SI0017,Anisa Maulana Mulyani,P,09/12/2003,Baubau,SI,SI,2023,2023-08-24,Aktif,23si0017@student.uadw.ac.id
23SI0018,Dian Ramadhan Melati,L,2005-07-02,Makassar,SI,Sistem Informasi,2023,2023-08-20,Aktif,23si0018@student.uadw.ac.id
23SI0019,Rizky Amelia Hermawan,L,2005-11-14,Kendari,SI,Sistem informasi,2023,2023-08-16,Aktif,23si0019@student.uadw.ac.id
23SI0020,Aditya Anggraini,L,2004-05-23,Semarang,SI,Sistem Informasi,2023,2023-08-24,Aktif,23si0020@student.uadw.ac.id
23SI0021,Dian Aziz Prasetyo,L,2005-12-22,Kolaka,SI,Sistem Informasi,2023,2023-08-18,AKTIF,23si0021@student.uadw.ac.id
23SI0022,Intan Ramadhan Melati,P,2003-02-13,Bandung,SI,Sistem Informasi,2023,2023-08-22,Aktif,23si0022@student.uadw.ac.id
23SI0023,Anisa Ningsih Hermawan,P,2004-05-09,Yogyakarta,SI,Sistem Informasi,2023,2023-08-15,Aktif,23si0023@student.uadw.ac.id
23SI0024,Aisyah Wahyuni Fadillah,Perempuan,06-Aug-2004,Unaaha,SI,Sistem Informasi,2023,2023-08-18,Aktif,23si0024@student.uadw.ac.id
23SI0025,Tiara Anggraini,Perempuan,08/06/2005,Wakatobi,SI,Sistem Informasi,2023,24/08/2023,Aktif,23si0025@student.uadw.ac.id
23SI0026,Bima Putra Oktaviani,P,28-Nov-2005,Baubau,SI,Sistem Informasi,2023,2023-08-19,Aktif,23si0026@student.uadw.ac.id
23SI0027,Fauzan Fauzi,L,2005-10-28,Mataram, SI,Sistem Informasi,2023,2023-08-23,Aktif,23si0027@student.uadw.ac.id
23SI0028,Samuel Hakim,L,2005-01-05,Makassar,si,Sistem Informasi,2023,23/08/2023,Aktif,23si0028@student.uadw.ac.id
23SI0029,Salma Hakim,Perempuan,2006-05-06,Kolaka,SI,Sistem Informasi,2023,2023-08-20,Aktif,23si0029@student.uadw.ac.id
23SI0030,Galih Maharani Hasan,L,2003-09-15,Yogyakarta,SI,Sistem Informasi,2023,2023-08-17,Aktif,23si0030@student.uadw.ac.id
23SI0031,Alya Sari,P,2003-12-28,Kolaka,SI,Sistem Informasi,2023,2023-08-23,Aktif,23si0031@student.uadw.ac.id
23SI0032,Raka Ningsih Oktaviani,P,2005-03-09,Makassar,SI,Sistem Informasi,2023,2023-08-19,Aktif,23si0032@student.uadw.ac.id
23SI0033,Bima Fauzi Maulida,P,2003-08-06,Ambon,SI,Sistem Informasi,2023,2023-08-22,Aktif,23si0033@student.uadw.ac.id
23SI0034,Arif Saputra,P,2003-03-23,Baubau,SI ,Sistem Informasi,2023,2023-08-15,Aktif,23si0034@student.uadw.ac.id
23SI0035,Putri Anggraini,L,2003-12-07,Medan, SI,Sistem Informasi,2023,2023-08-23,Aktif,23si0035@student.uadw.ac.id
23SI0036,Raka Purnama Pamungkas,P,2005-11-14,Banda Aceh,SI ,Sist. Informasi,2023,2023-08-21,Aktif,23si0036@student.uadw.ac.id
23SI0037,Taufik Hidayat,P,2004-04-24,Baubau,SI,Sistem Informasi,2023,23/08/2023,Aktif,23si0037@student.uadw.ac.id
23SI0038,Bima Maharani Safitri,P,2003-06-26,Raha,SI,Sistem Informasi,2023,2023-08-20,Aktif,23si0038@student.uadw.ac.id
23SI0039,Iqbal Maulana,L,2005-08-26,Kendari,SI,Sistem Informasi,2023,2023-08-24,Aktif,23si0039@student.uadw.ac.id
23SI0040,Rizky Anggraini Nugroho,P,2003-05-01,Raha,SI,Sistem Informasi,2023,2023-08-20,Aktif,23si0040@student.uadw.ac.id
23SI0041,Aulia Purnama,L,2005-01-25,Gorontalo,SI,Sistem Informasi,2023,2023-08-18,Aktif,23si0041@student.uadw.ac.id
23SI0042,Anisa Putri,P,2004-03-26,Unaaha,SI,Sistem Informasi,2023,2023-08-25,Aktif,23si0042@student.uadw.ac.id
23SI0043,Yoga Pratama Fadillah,P,2003-11-07,Yogyakarta,SI,Sistem Informasi,2023,2023-08-15,Aktif,23si0043@student.uadw.ac.id
23SI0044,Ahmad Santoso Rahmawati,L,22/09/2004,Kolaka,SI,Sistem Informasi,2023,23-Aug-2023,Aktif,23si0044@student.uadw.ac.id
23SI0045,Vina Wijaya Siregar,Perempuan,2004-05-22,Padang,SI,Sistem Informasi,2023,17/08/2023,Aktif ,23si0045@student.uadw.ac.id
23SI0046,Nur Maulana Syahputra,M,18/11/2005,Mataram,SI,Sistem Informasi,2023,2023-08-15,Aktif,23si0046@student.uadw.ac.id
23SI0047,Fajar Putri,P,2004-08-09,Wakatobi,SI,Sistem Informasi,2023,19-Aug-2023,Aktif,23si0047@student.uadw.ac.id
23SI0048,Muhammad Hakim Azzahra,F,10/10/2006,Makassar,SI,Sistem Informasi,2023,2023-08-16,Aktif,23si0048@student.uadw.ac.id
23SI0049,Lukman Putra Sulaiman,L,21/06/2005,Semarang,SI,Sist. Informasi,2023,2023-08-22,Aktif,23si0049@student.uadw.ac.id
23SI0050,Vina Setiawan Setiaji,P,2005-06-22,Manado,SI,Sistem Informasi,2023,2023-08-16,Aktif,23si0050@student.uadw.ac.id
23SI0051,Reza Rasyid,L,2006-03-26,Mataram,SI,SISTEM INFORMASI,2023,2023-08-16,Aktif,23si0051@student.uadw.ac.id
23SI0052,Bima Lestari,P,2004-11-01,Bandung,SI,Sist. Informasi,2023,2023-08-17,Aktif,23si0052@student.uadw.ac.id
23SI0053,Aditya Febriani Nasution,L,25-Mar-2004,Medan,SI,Sistem Informasi,2023,2023-08-21,Aktif,23si0053@student.uadw.ac.id
23SI0054,Hafiz Lestari Oktaviani,Laki-laki,2005-12-05,Kolaka,SI,Sistem Informasi,2023,20-Aug-2023,Aktif,23si0054@student.uadw.ac.id
23SI0055,Aditya Wijaya Herlambang,L,03/04/2004,Palu,SI,Sistem Informasi,2023,2023-08-17,AKTIF,23si0055@student.uadw.ac.id
23SI0056,Yoga Putri Maulida,P,2003-11-18,Padang,SI,Sistem Informasi,2023,2023-08-19,Aktif,23si0056@student.uadw.ac.id
23SI0057,Rafi Permana Maulida,L,2004-04-13,Raha,SI,Sistem Informasi,2023,2023-08-20,Aktif,23si0057@student.uadw.ac.id
23SI0058,Siti Santoso Nugroho,P,2005-07-24,Palu,SI,Sistem Informasi,2023,18-Aug-2023,Aktif,23si0058@student.uadw.ac.id
23SI0059,Fauzan Wahyuni Nasution,P,2003-06-24,Padang,SI,Sistem Informasi,2023,19/08/2023,Aktif,23si0059@student.uadw.ac.id
23SI0060,Andi Hidayat Nugroho,M,2006-03-22,Unaaha,SI,Sistem Informasi,2023,2023-08-22,Aktif,23si0060@student.uadw.ac.id
23SI0061,Yoga Wijaya Nasution,P,2004-12-08,Raha,SI,Sistem Informasi,2023,2023-08-19,Aktif,23si0061@student.uadw.ac.id
23SI0062,Bagas Amelia Fadillah,Laki-laki,2005-07-16,Bandung,SI,Sistem Informasi,2023,25-Aug-2023,Aktif,23si0062@student.uadw.ac.id
23SI0063,Zahra Firmansyah Safitri,F,2004-09-10,Baubau,SI,Sistem Informasi,2023,2023-08-21,Aktif,23si0063@student.uadw.ac.id
23SI0064,Bima Maulana,L,2003-03-21,Palembang,SI,Sistem Informasi,2023,2023-08-19,Aktif,23si0064@student.uadw.ac.id
23SI0065,Dimas Saputra,P,2004-04-11,Kolaka,SI,Sistem Informasi,2023,2023-08-15,Aktif,23si0065@student.uadw.ac.id
23SI0066,Iqbal Amelia,F,2006-12-02,Unaaha,SI,Sistem Informasi,2023,15/08/2023,Aktif,23si0066@student.uadw.ac.id
23SI0067,Nadia Saputra Gunawan,P,20/06/2005,Raha,SI,Sistem Informasi,2023,2023-08-23,Aktif,23si0067@student.uadw.ac.id
23SI0068,Taufik Putra,L,2004-03-28,Unaaha, SI,SISTEM INFORMASI,2023,2023-08-22,Aktif,23si0068@student.uadw.ac.id
23SI0069,Nadia Putri Sulaiman,P,04-Jun-2006,Ambon,SI ,Sistem Informasi,2023,2023-08-20,Aktif,23si0069@student.uadw.ac.id
23SI0070,Iqbal Hidayat Safitri,Laki-laki,05-Feb-2005,Yogyakarta,SI,Sistem Informasi,2023,2023-08-17,Aktif,23si0070@student.uadw.ac.id
23SI0071,Tiara Wijaya Fadillah,M,08/08/2004,Mataram,SI,Sistem Informasi,2023,16/08/2023,Aktif,23si0071@student.uadw.ac.id
23SI0072,Wulan Aziz Karim,M,2004-09-01,Bandung,SI,Sistem Informasi,2023,2023-08-18,Aktif,23si0072@student.uadw.ac.id
23SI0073,Bagas Amelia Halim,Perempuan,05-Dec-2003,Kendari,SI ,Sistem Informasi,2023,2023-08-18,Aktif,23si0073@student.uadw.ac.id
23SI0074,Dian Permana,L,2004-03-08,Wakatobi,SI,Sistem Informasi,2023,24/08/2023,Aktif ,23si0074@student.uadw.ac.id
23SI0075,Aulia Maulana,L,17-Nov-2005,Bandung,SI,Sistem Informasi,2023,2023-08-23,Aktif ,23si0075@student.uadw.ac.id
23SI0076,Iqbal Maulana Permatasari,P,2006-06-28,Baubau,SI,Sistem Informasi,2023,2023-08-18,Aktif,23si0076@student.uadw.ac.id
23SI0077,Aulia Febriani Halim,L,2004-11-14,Palu,SI,Sistem Informasi,2023,2023-08-25,Aktif,23si0077@student.uadw.ac.id
23SI0078,Rina Maulana,P,2003-08-12,Raha,SI,Sistem Informasi,2023,15/08/2023,Aktif,23si0078@student.uadw.ac.id
23SI0079,Vina Putri Sulaiman,L,2005-12-13,Manado,SI,SI,2023,2023-08-19,Aktif,23si0079@student.uadw.ac.id
23SI0080,Anisa Setiawan Sulaiman,P,2003-02-20,Baubau,SI,Sistem Informasi,2023,2023-08-22,Aktif,23si0080@student.uadw.ac.id
23SI0081,Andi Kurniawan,L,2004-10-13,Gorontalo,SI,Sist. Informasi,2023,2023-08-18,Aktif,23si0081@student.uadw.ac.id
23SI0082,Nabila Pratama Kurniadi,L,25/10/2004,Palu,SI,Sistem Informasi,2023,17/08/2023,Aktif,23si0082@student.uadw.ac.id
23SI0083,Hafiz Aziz,L,2004-06-08,Kendari,SI,Sistem Informasi,2023,2023-08-16,Aktif,23si0083@student.uadw.ac.id
23SI0084,Maya Ningsih Kurniadi,P,25-Sep-2006,Kolaka,SI,Sistem Informasi,2023,2023-08-15,Aktif,23si0084@student.uadw.ac.id
23SI0085,Rahmat Hidayat Kurniadi,L,17-Jan-2006,Raha,SI,Sistem Informasi,2023,2023-08-15,Aktif,23si0085@student.uadw.ac.id
23SI0086,Lukman Utami Hermawan,P,25/02/2004,Yogyakarta,SI,Sistem Informasi,2023,2023-08-19,Aktif,23si0086@student.uadw.ac.id
23SI0087,Nabila Pratama Melati,L,25/10/2005,Semarang, SI,Sistem Informasi,2023,2023-08-15,Aktif,23si0087@student.uadw.ac.id
23SI0088,Iqbal Kurniawan Oktaviani,P,2004-03-15,Baubau,SI,Sistem Informasi,2023,2023-08-18,Aktif,23si0088@student.uadw.ac.id
23SI0089,Fitri Pratama Hasan,P,2005-05-04,Surabaya,SI,Sistem informasi,2023,2023-08-18,Aktif,23si0089@student.uadw.ac.id
23SI0090,Galih Maulana Herlambang,L,2004-04-04,Palu,SI,Sistem Informasi,2023,2023-08-25,Aktif,23si0090@student.uadw.ac.id
23IF0001,Arif Anggraini Oktaviani,P,2005-11-22,Surabaya,IF,IF,2023,2023-08-20,Aktif,23if0001@student.uadw.ac.id
23IF0002,Aisyah Firmansyah Melati,Perempuan,2004-10-11,Padang,IF,Informatika,2023,2023-08-21,Aktif,23if0002@student.uadw.ac.id
23IF0003,Aulia Anggraini,Laki-laki,2006-11-10,,IF,IF,2023,2023-08-19,Aktif,23if0003@student.uadw.ac.id
23IF0004,Maya Utami Wibowo,Perempuan,21/06/2006,Ambon,IF,Informatika,2023,25-Aug-2023,Aktif,23if0004@student.uadw.ac.id
23IF0005,Taufik Ananda,P,2005-04-07,Raha,IF,Informatika,2023,2023-08-24,Aktif,23if0005@student.uadw.ac.id
23IF0006,Samuel Kurniawan Hermawan,P,11-Mar-2005,Baubau,IF,Teknik Informatika,2023,2023-08-24,Aktif,23if0006@student.uadw.ac.id
23IF0007,Rafi Setiawan Pamungkas,P,2005-04-25,Kolaka,IF,Informatika,2023,15-Aug-2023,Aktif,23if0007@student.uadw.ac.id
23IF0008,Rafi Wijaya Karim,L,2005-07-19,Ambon,IF,IF,2023,2023-08-17,Aktif,23if0008@student.uadw.ac.id
23IF0009,Intan Purnama,P,2004-11-28,Manado,IF,Informatika,2023,16-Aug-2023,Aktif,23if0009@student.uadw.ac.id
23IF0010,Syifa Maulana Maulida,P,2005-06-18,Bandung,IF,Informatika,2023,20/08/2023,Aktif,23if0010@student.uadw.ac.id
23IF0011,Alya Utami,Perempuan,2006-03-15,Gorontalo,IF,Informatika,2023,2023-08-15,Aktif,23if0011@student.uadw.ac.id
23IF0012,Dian Febriani Kusuma,P,2005-05-11,Kolaka,IF,Informatika,2023,2023-08-19,Aktif,23if0012@student.uadw.ac.id
23IF0013,Grace Firmansyah,M,2004-05-28,Gorontalo,IF,Informatika,2023,2023-08-16,cuti,23if0013@student.uadw.ac.id
23IF0014,Rizky Nugraha Nasution,L,27/09/2006,Gorontalo,IF,Informatika,2023,2023-08-18,Aktif,23if0014@student.uadw.ac.id
23IF0015,Nabila Kurniawan Kurniadi,P,2003-11-07,Gorontalo,IF,Informatika,2023,2023-08-19,Aktif,23if0015@student.uadw.ac.id
23IF0016,Aulia Amelia,L,28/04/2005,Ambon,IF,Informatika,2023,2023-08-20,Aktif,23if0016@student.uadw.ac.id
23IF0017,Grace Ramadhan Kurniadi,P,2003-02-05,Gorontalo, IF,Informatika,2023,2023-08-15,Aktif,23if0017@student.uadw.ac.id
23IF0018,Rafi Permana Oktaviani,P,06/06/2005,Padang,IF,Informatika,2023,2023-08-23,Aktif,23if0018@student.uadw.ac.id
23IF0019,Salma Fauzi Pamungkas,L,2004-06-01,Gorontalo,IF,informatika,2023,16/08/2023,Aktif,23if0019@student.uadw.ac.id
23IF0020,Samuel Anggraini Mulyani,P,02/09/2005,Baubau,IF,informatika,2023,16/08/2023,Aktif,23if0020@student.uadw.ac.id
23IF0021,Yoga Wijaya,L,2005-06-12,Baubau,IF,Teknik Informatika,2023,2023-08-17,Aktif,23if0021@student.uadw.ac.id
23IF0022,Siti Lestari Wardana,P,22/04/2004,Palembang,IF,Informatika,2023,2023-08-15,Aktif,23if0022@student.uadw.ac.id
23IF0023,Lukman Putri,L,2004-10-05,Bandung,if,Informatika,2023,2023-08-22,Aktif,23if0023@student.uadw.ac.id
23IF0024,Intan Ananda Mulyani,L,2004-07-19,Yogyakarta,IF,Informatika,2023,24/08/2023,Aktif,23if0024@student.uadw.ac.id
23IF0025,Intan Wahyuni,L,2003-06-16,Palu,IF,Teknik Informatika,2023,2023-08-22,Aktif,23if0025@student.uadw.ac.id
23IF0026,Ahmad Fauzi,L,2005-04-28,Raha,IF,Informatika,2023,2023-08-22,Aktif,23if0026@student.uadw.ac.id
23IF0027,Intan Ramadhan Gunawan,L,25/10/2006,Medan,IF,Informatika,2023,24/08/2023,Aktif,23if0027@student.uadw.ac.id
23IF0028,Syifa Wahyuni Halim,L,2005-07-22,Unaaha,IF,INFORMATIKA,2023,2023-08-25,Aktif,23if0028@student.uadw.ac.id
23IF0029,Fajar Firmansyah,L,2005-12-23,Kendari,IF,informatika,2023,2023-08-21,Aktif,23if0029@student.uadw.ac.id
23IF0030,Galih Febriani Mulyani,L,2006-02-14,Semarang,IF,Informatika,2023,2023-08-16,Aktif,23if0030@student.uadw.ac.id
23IF0031,Galih Santoso,L,17/08/2004,Kolaka,IF,Informatika,2023,2023-08-23,Aktif,23if0031@student.uadw.ac.id
23IF0032,Fajar Maharani Gunawan,P,2004-04-14,Kolaka,IF,Informatika,2023,2023-08-18,Aktif,23if0032@student.uadw.ac.id
23IF0033,Rizky Maulana Safitri,L,2005-12-02,Mataram,IF,Informatika,2023,2023-08-17,Aktif,23if0033@student.uadw.ac.id
23IF0034,Taufik Maharani Sulaiman,L,2006-02-25,Ambon,IF,Informatika,2023,2023-08-19,Aktif,23if0034@student.uadw.ac.id
23IF0035,Dian Utami Permatasari,P,2005-04-24,Semarang,IF,Informatika,2023,2023-08-18,Aktif,23if0035@student.uadw.ac.id
23IF0036,Grace Putra Hermawan,L,2005-05-26,Palembang,IF,Informatika,2023,2023-08-16,Aktif,23if0036@student.uadw.ac.id
23IF0037,Wulan Purnama Siregar,P,2005-05-28,Surabaya,IF,Informatika,2023,2023-08-15,Aktif,23if0037@student.uadw.ac.id
23IF0038,Taufik Hidayat,L,2005-10-16,Manado,IF,Informatika,2023,2023-08-16,Aktif,23if0038@student.uadw.ac.id
23IF0039,Dimas Saputra,P,2004-10-26,Kendari,IF,Informatika,2023,2023-08-19,Aktif,23if0039@student.uadw.ac.id
23IF0040,Intan Santoso,P,2004-04-24,Wakatobi,IF,Informatika,2023,2023-08-16,Aktif,23if0040@student.uadw.ac.id
23IF0041,Dewi Permana Setiaji,F,03-Jul-2005,Surabaya,IF,Informatika,2023,2023-08-22,Aktif,23if0041@student.uadw.ac.id
23IF0042,Nur Amelia,L,2005-02-17,Medan,IF,Informatika,2023,25/08/2023,Aktif,23if0042@student.uadw.ac.id
23IF0043,Zahra Aziz Wibowo,L,2005-07-06,Mataram,IF ,Informatika,2023,22-Aug-2023,Aktif,23if0043@student.uadw.ac.id
23IF0044,Fauzan Fauzi,L,2005-07-16,Kolaka,IF,Informatika,2023,16/08/2023,Aktif,23if0044@student.uadw.ac.id
23IF0045,Ilham Yusuf,L,2004-03-05,Palembang,IF,INFORMATIKA,2023,2023-08-25,Aktif,23if0045@student.uadw.ac.id
23IF0046,Farhan Putri Iskandar,P,2003-08-15,Surabaya,IF,Informatika,2023,2023-08-16,Aktif,23if0046@student.uadw.ac.id
23IF0047,Rina Maulana,P,2004-06-08,Kolaka,IF,IF,2023,2023-08-24,Aktif,23if0047@student.uadw.ac.id
23IF0048,Taufik Febriani,P,05-Nov-2005,Wakatobi,IF,Informatika,2023,2023-08-20,Aktif,23if0048@student.uadw.ac.id
23IF0049,Zahra Setiawan,L,2006-01-13,Makassar,IF,Informatika,2023,2023-08-21,Aktif,23if0049@student.uadw.ac.id
23IF0050,Zahra Ananda Gunawan,P,2004-02-07,Ambon,IF,Informatika,2023,2023-08-19,Aktif,23if0050@student.uadw.ac.id
23IF0051,Raka Maulana Mahendra,Laki-laki,2005-03-24,Baubau,IF,Informatika,2023,25-Aug-2023,Aktif,23if0051@student.uadw.ac.id
23IF0052,Syifa Sari Gunawan,Perempuan,2006-02-26,Semarang,IF,Informatika,2023,2023-08-17,Aktif ,23if0052@student.uadw.ac.id
23IF0053,Raka Aziz,L,17/10/2004,Kendari,IF,Informatika,2023,2023-08-17,Aktif,23if0053@student.uadw.ac.id
23IF0054,Akbar Rasyid Mulyani,L,07/11/2004,Makassar,IF,Informatika,2023,2023-08-18,Aktif,23if0054@student.uadw.ac.id
23IF0055,Fitri Yusuf,P,2005-06-17,Padang,IF,informatika,2023,18/08/2023,Aktif,23if0055@student.uadw.ac.id
23IF0056,Fajar Rasyid Gunawan,P,2005-01-03,Mataram,IF,Informatika,2023,2023-08-22,Aktif,23if0056@student.uadw.ac.id
23IF0057,Nisa Sari Mahendra,L,2005-07-08,Padang,IF,Informatika,2023,2023-08-15,Aktif,23if0057@student.uadw.ac.id
23IF0058,Aisyah Firmansyah Iskandar,P,2005-01-06,Kendari,IF,Informatika,2023,22-Aug-2023,Aktif,23if0058@student.uadw.ac.id
23IF0059,Maya Maulana Halim,Perempuan,2004-04-07,Kendari,IF,Informatika,2023,2023-08-24,Aktif,23if0059@student.uadw.ac.id
23IF0060,Ilham Utami,P,10/10/2004,Ambon,IF,Informatika,2023,20/08/2023,Aktif,23if0060@student.uadw.ac.id
23IF0061,Lukman Permana,L,07/12/2004,Ambon,IF,Informatika,2023,2023-08-24,Aktif,23if0061@student.uadw.ac.id
23IF0062,Salma Hakim Sulaiman,Laki-laki,2003-08-22,Palembang,IF ,Informatika,2023,2023-08-25,Aktif,23if0062@student.uadw.ac.id
23IF0063,Maya Ningsih Permatasari,L,25/03/2004,Baubau,IF,Informatika,2023,2023-08-21,Aktif,23if0063@student.uadw.ac.id
23IF0064,Arif Yusuf Iskandar,Laki-laki,2004-03-05,Semarang,IF,informatika,2023,19/08/2023,Aktif,23if0064@student.uadw.ac.id
23IF0065,Alya Ananda,P,12-Feb-2004,Palu,IF,Informatika,2023,2023-08-19,Aktif,23if0065@student.uadw.ac.id
23IF0066,Wulan Firmansyah Mahendra,P,12-Mar-2006,Palu,IF,informatika,2023,2023-08-18,Aktif,23if0066@student.uadw.ac.id
23IF0067,Arif Purnama,P,2005-10-20,Palembang,IF,Teknik Informatika,2023,20-Aug-2023,Aktif,23if0067@student.uadw.ac.id
23IF0068,Aulia Nugraha,P,2005-11-16,Semarang,IF,Informatika,2023,2023-08-21,AKTIF,23if0068@student.uadw.ac.id
23IF0069,Akbar Permana,Perempuan,2005-03-20,Unaaha,IF,Informatika,2023,2023-08-15,Aktif,23if0069@student.uadw.ac.id
23IF0070,Ahmad Ramadhan Pamungkas,Laki-laki,27/10/2004,Makassar,IF,Informatika,2023,2023-08-20,Aktif,23if0070@student.uadw.ac.id
23IF0071,Intan Aziz,Laki-laki,2006-02-13,Kolaka, IF,Informatika,2023,20/08/2023,Aktif,23if0071@student.uadw.ac.id
23IF0072,Maya Saputra,L,05/08/2006,Palu,IF,Informatika,2023,18/08/2023,Aktif,23if0072@student.uadw.ac.id
23IF0073,Nadia Kurniawan Sulaiman,L,2005-08-01,Mataram,IF,Informatika,2023,2023-08-23,Aktif,23if0073@student.uadw.ac.id
23IF0074,Aisyah Hakim Syahputra,M,2005-02-03,Surabaya,IF,Informatika,2023,2023-08-15,Aktif,23if0074@student.uadw.ac.id
23IF0075,Rani Rasyid,L,2005-08-03,Kolaka,IF,Informatika,2023,2023-08-22,Aktif,23if0075@student.uadw.ac.id
23IF0076,Nadia Yusuf Karim,P,2006-04-09,Palembang,IF,Informatika,2023,2023-08-19,Aktif,23if0076@student.uadw.ac.id
23IF0077,Ahmad Sari,P,2005-02-11,Baubau,IF,Teknik Informatika,2023,2023-08-21,AKTIF,23if0077@student.uadw.ac.id
23IF0078,Kevin Sari,P,2006-09-02,Baubau,IF,Informatika,2023,2023-08-16,Aktif,23if0078@student.uadw.ac.id
23IF0079,Muhammad Amelia Siregar,Laki-laki,2005-09-25,Wakatobi,IF,Informatika,2023,2023-08-25,Aktif,23if0079@student.uadw.ac.id
23IF0080,Grace Pratama Iskandar,P,25/08/2004,Mataram,IF,Informatika,2023,2023-08-21,Aktif,23if0080@student.uadw.ac.id
23IF0081,Lukman Wahyuni,Laki-laki,25/07/2006,Makassar,IF,Teknik Informatika,2023,2023-08-22,Aktif,23if0081@student.uadw.ac.id
23IF0082,Muhammad Setiawan Fadillah,L,2004-01-15,Makassar,IF,INFORMATIKA,2023,2023-08-16,Aktif,23if0082@student.uadw.ac.id
23IF0083,Farhan Putra Wibowo,P,24/03/2003,Palu,IF,Informatika,2023,2023-08-19,Aktif,23if0083@student.uadw.ac.id
23IF0084,Aulia Yusuf Safitri,Perempuan,2004-04-24,,IF,IF,2023,2023-08-24,Aktif,23if0084@student.uadw.ac.id
23IF0085,Raka Saputra,L,2006-05-14,Medan,IF,Informatika,2023,2023-08-21,Aktif,23if0085@student.uadw.ac.id
23IF0086,Iqbal Sari,L,10-Dec-2004,Baubau,IF,Informatika,2023,15/08/2023,Aktif,23if0086@student.uadw.ac.id
23IF0087,Reza Setiawan Mahendra,L,2005-07-22,Unaaha,IF,Informatika,2023,2023-08-22,Aktif,23if0087@student.uadw.ac.id
23IF0088,Salma Aziz,P,2005-05-05,Kolaka,IF,IF,2023,2023-08-17,Aktif,23if0088@student.uadw.ac.id
23IF0089,Zahra Maharani,Laki-laki,2004-10-27,Yogyakarta,IF,Informatika,2023,17-Aug-2023,Aktif,23if0089@student.uadw.ac.id
23IF0090,Galih Pratama,P,11/02/2005,Palu,IF,IF,2023,2023-08-22,Aktif,23if0090@student.uadw.ac.id
23IF0091,Vina Aziz Maulida,L,2003-07-27,Surabaya,IF,Informatika,2023,2023-08-24,Aktif,23if0091@student.uadw.ac.id
23IF0092,Andi Rasyid Fadillah,L,2004-02-16,Mataram,IF,Informatika,2023,2023-08-18,Aktif,23if0092@student.uadw.ac.id
23IF0093,Fajar Setiawan,L,26/05/2003,Banda Aceh,IF ,Informatika,2023,2023-08-23,Aktif,23if0093@student.uadw.ac.id
23IF0094,Alya Ananda,L,2003-07-12,Kolaka,IF,Informatika,2023,16/08/2023,Aktif,23if0094@student.uadw.ac.id
23IF0095,Fajar Hidayat Halim,Perempuan,2004-02-27,Kolaka,IF,Informatika,2023,2023-08-25,Aktif,23if0095@student.uadw.ac.id
23DS0001,Raka Fauzi Hasan,L,2005-11-22,Padang,DS,Sains Data,2023,23/08/2023,Aktif,23ds0001@student.uadw.ac.id
23DS0002,Anisa Maulana Siregar,P,2005-09-28,Makassar,DS,Sains Data,2023,2023-08-25,Aktif,23ds0002@student.uadw.ac.id
23DS0003,Kevin Hakim,L,2004-03-24,Banda Aceh,DS,Sains Data,2023,2023-08-21,Aktif,23ds0003@student.uadw.ac.id
23DS0004,Lukman Kurniawan Nasution,L,2005-04-24,Baubau,DS,Sains Data,2023,2023-08-20,Aktif,23ds0004@student.uadw.ac.id
23DS0005,Andi Hidayat Nasution,Laki-laki,2006-10-24,Yogyakarta,DS,Sains Data,2023,18/08/2023,Aktif,23ds0005@student.uadw.ac.id
23DS0006,Hafiz Putra,Perempuan,22/04/2005,Kolaka,DS,Sains Data,2023,2023-08-22,Aktif,23ds0006@student.uadw.ac.id
23DS0007,Fauzan Santoso,M,2005-09-26,Kendari, DS,Sains Data,2023,2023-08-23,Aktif,23ds0007@student.uadw.ac.id
23DS0008,Aulia Permana Sulaiman,P,2005-05-13,Kolaka,DS,Sains Data,2023,18/08/2023,Aktif,23ds0008@student.uadw.ac.id
23DS0009,Rafi Santoso,L,02/02/2005,Unaaha,DS,Sains Data,2023,16/08/2023,Aktif,23ds0009@student.uadw.ac.id
23DS0010,Raka Saputra,L,13/12/2005,Kendari,DS,Sains Data,2023,2023-08-21,Aktif,23ds0010@student.uadw.ac.id
23DS0011,Andi Maulana Fadillah,Perempuan,21-Jul-2004,Mataram, DS,SAINS DATA,2023,22-Aug-2023,Aktif,23ds0011@student.uadw.ac.id
23DS0012,Siti Lestari,L,2005-02-13,Raha,DS,Sains Data,2023,2023-08-17,Aktif,23ds0012@student.uadw.ac.id
23DS0013,Rahmat Putri,L,2003-04-19,Yogyakarta,DS,Sains Data,2023,15/08/2023,Aktif,23ds0013@student.uadw.ac.id
23DS0014,Rina Lestari,Perempuan,13-Feb-2004,Unaaha,DS,Sains Data,2023,19-Aug-2023,Aktif,23ds0014@student.uadw.ac.id
23DS0015,Rizky Hidayat Wibowo,M,2005-03-28,Gorontalo,DS ,Sains Data,2023,2023-08-23,Aktif,23ds0015@student.uadw.ac.id
23DS0016,Taufik Nugraha,L,2004-07-06,Padang,DS,Sains Data,2023,2023-08-22,Aktif,23ds0016@student.uadw.ac.id
23DS0017,Maya Ramadhan Susanti,P,2003-03-15,Palu,DS,Sains Data,2023,16/08/2023,Aktif,23ds0017@student.uadw.ac.id
23DS0018,Ilham Ramadhan,P,2003-01-28,Kolaka,DS,Sains Data,2023,2023-08-20,Aktif,23ds0018@student.uadw.ac.id
23DS0019,Bima Ramadhan Karim,L,2006-04-18,Palembang,DS,Sains Data,2023,2023-08-22,Aktif,23ds0019@student.uadw.ac.id
23DS0020,Maya Putri Syahputra,Perempuan,16-Mar-2004,Padang,DS,Sains Data,2023,16/08/2023,Aktif,23ds0020@student.uadw.ac.id
23DS0021,Dian Saputra Oktaviani,L,17/10/2005,Kendari,DS,Sains Data,2023,2023-08-25,Aktif,23ds0021@student.uadw.ac.id
23DS0022,Zahra Putra Sulaiman,P,2004-07-18,Banda Aceh,DS,Sains Data,2023,2023-08-24,Aktif,23ds0022@student.uadw.ac.id
23DS0023,Wulan Aziz,L,2005-08-11,Medan,DS,Sains Data,2023,2023-08-25,Aktif,23ds0023@student.uadw.ac.id
23DS0024,Anisa Putra,L,2005-12-26,Medan,DS,DS,2023,2023-08-22,Aktif,23ds0024@student.uadw.ac.id
23DS0025,Nabila Sari Fadillah,P,08/09/2004,Medan,DS,Sains Data,2023,2023-08-16,Aktif,23ds0025@student.uadw.ac.id
23DS0026,Reza Pratama Nasution,P,2004-03-02,Semarang,DS,DS,2023,2023-08-19,Aktif,23ds0026@student.uadw.ac.id
23DS0027,Rafi Purnama Permatasari,P,2006-10-20,Palu,DS,Sains Data,2023,2023-08-18,Aktif,23ds0027@student.uadw.ac.id
23DS0028,Andi Saputra Setiaji,P,2004-02-16,Ambon,DS,Sains Data,2023,25/08/2023,Aktif,23ds0028@student.uadw.ac.id
23DS0029,Dian Fauzi,M,14/10/2005,Unaaha,DS,Data Science,2023,2023-08-24,Aktif,23ds0029@student.uadw.ac.id
23DS0030,Reza Permana,M,2005-12-17,Baubau,ds,Sains Data,2023,22/08/2023,Aktif,23ds0030@student.uadw.ac.id
23DS0031,Lukman Febriani,L,2004-07-12,Unaaha,DS,DS,2023,2023-08-20,Aktif,23ds0031@student.uadw.ac.id
23DS0032,Farhan Ananda,L,23/03/2005,Gorontalo,DS,Sains Data,2023,16/08/2023,Aktif,23ds0032@student.uadw.ac.id
23DS0033,Rafi Hakim Azzahra,P,2005-01-15,Palu,DS,Sains Data,2023,23/08/2023,Aktif,23ds0033@student.uadw.ac.id
23DS0034,Putri Wahyuni Permatasari,P,2004-09-17,Makassar,ds,Sains Data,2023,2023-08-20,Aktif,23ds0034@student.uadw.ac.id
23DS0035,Rizky Lestari,P,2004-11-24,Padang,DS,Sains Data,2023,2023-08-22,Aktif,23ds0035@student.uadw.ac.id
23DS0036,Alya Permana Iskandar,Laki-laki,2005-05-22,Unaaha,DS,Sains Data,2023,2023-08-24,Aktif,23ds0036@student.uadw.ac.id
23DS0037,Aditya Setiawan Syahputra,L,2006-11-16,Banda Aceh,DS,Sains Data,2023,2023-08-22,Aktif,23ds0037@student.uadw.ac.id
23DS0038,Zahra Purnama,P,2005-06-07,Palu,DS,Sains Data,2023,21-Aug-2023,Aktif,23ds0038@student.uadw.ac.id
23DS0039,Nur Firmansyah Kurniadi,L,2004-08-06,Palembang,DS,Sains Data,2023,2023-08-22,Cuti,23ds0039@student.uadw.ac.id
23DS0040,Fajar Utami Azzahra,L,2005-02-06,Palembang,DS,Sains Data,2023,2023-08-18,Aktif,23ds0040@student.uadw.ac.id
23DS0041,Dimas Kurniawan,Perempuan,19/01/2004,Gorontalo,DS,Sains Data,2023,2023-08-21,Aktif,23ds0041@student.uadw.ac.id
23DS0042,Alya Kurniawan,L,09-May-2006,Mataram,DS,SAINS DATA,2023,2023-08-17,Aktif,23ds0042@student.uadw.ac.id
23DS0043,Lukman Maulana Hasan,P,2005-03-03,Raha,DS,Sains Data,2023,2023-08-16,Aktif,23ds0043@student.uadw.ac.id
23DS0044,Reza Wahyuni Kurniadi,Laki-laki,2005-11-19,Banda Aceh,DS,DS,2023,2023-08-24,Aktif,23ds0044@student.uadw.ac.id
23DS0045,Iqbal Amelia Maulida,P,11-Aug-2004,Mataram,DS,Sains data,2023,2023-08-15,Aktif,23ds0045@student.uadw.ac.id
23DS0046,Intan Lestari Rahmawati,L,2004-01-11,Medan,DS,Sains data,2023,2023-08-24,Aktif,23ds0046@student.uadw.ac.id
23DS0047,Taufik Ananda Halim,Perempuan,02/02/2005,Unaaha,DS ,Data Science,2023,22-Aug-2023,Aktif,23ds0047@student.uadw.ac.id
23DS0048,Wulan Firmansyah Pamungkas,L,02-Sep-2006,Mataram,DS,SAINS DATA,2023,16/08/2023,Aktif,23ds0048@student.uadw.ac.id
23DS0049,Alya Nugraha Hasan,M,2006-11-02,Kolaka,DS,DS,2023,15-Aug-2023,Aktif,23ds0049@student.uadw.ac.id
23DS0050,Putri Firmansyah Prasetyo,Perempuan,2003-12-04,Surabaya,DS,Sains Data,2023,2023-08-17,Aktif,23ds0050@student.uadw.ac.id
23DS0051,Galih Saputra Rahmawati,L,23/08/2005,Mataram,DS,Sains Data,2023,16-Aug-2023,Aktif,23ds0051@student.uadw.ac.id
23DS0052,Grace Wijaya Siregar,L,2005-10-03,Makassar,DS,Sains Data,2023,2023-08-17,Aktif,23ds0052@student.uadw.ac.id
23DS0053,Fauzan Rasyid Wibowo,Laki-laki,2005-03-25,Bandung,ds,DS,2023,2023-08-25,Aktif,23ds0053@student.uadw.ac.id
23DS0054,Fauzan Sari Kurniadi,P,2005-05-10,Gorontalo,DS,Sains Data,2023,2023-08-19,Aktif,23ds0054@student.uadw.ac.id
23DS0055,Yoga Setiawan,L,15-Jul-2005,Unaaha,DS,Sains Data,2023,25/08/2023,Aktif,23ds0055@student.uadw.ac.id
23DS0056,Taufik Sari Syahputra,Perempuan,18-Mar-2003,Medan,DS,DS,2023,2023-08-20,Aktif,23ds0056@student.uadw.ac.id
23DS0057,Nadia Santoso,L,2004-02-05,Raha,DS,DS,2023,21-Aug-2023,Aktif,23ds0057@student.uadw.ac.id
23DS0058,Rahmat Putra,L,2005-01-18,Palembang,DS,Sains Data,2023,25/08/2023,Aktif,23ds0058@student.uadw.ac.id
23DS0059,Zahra Ramadhan Mahendra,L,2005-10-08,Padang,DS,Sains Data,2023,2023-08-15,AKTIF,23ds0059@student.uadw.ac.id
23DS0060,Alya Lestari Mulyani,M,25/01/2004,Bandung,DS,Sains Data,2023,24-Aug-2023,Aktif,23ds0060@student.uadw.ac.id
23DS0061,Rahmat Maharani,Perempuan,2005-12-02,Mataram,DS,Sains Data,2023,19/08/2023,Aktif,23ds0061@student.uadw.ac.id
23DS0062,Hafiz Fauzi,Laki-laki,2005-07-17,Wakatobi,DS,Sains Data,2023,17/08/2023,Aktif,23ds0062@student.uadw.ac.id
23DS0063,Galih Wahyuni Kurniadi,L,2005-03-22,Unaaha,DS,Sains Data,2023,2023-08-25,Aktif,23ds0063@student.uadw.ac.id
23DS0064,Raka Nugraha,L,2005-11-09,Kendari,DS,Sains Data,2023,2023-08-21,Aktif,23ds0064@student.uadw.ac.id
23DS0065,Rina Anggraini,P,2006-03-10,Ambon,ds,Sains Data,2023,15/08/2023,Aktif,23ds0065@student.uadw.ac.id
23DS0066,Zahra Ramadhan Mulyani,Laki-laki,2005-10-09,Ambon,DS,Sains Data,2023,2023-08-18,Aktif,23ds0066@student.uadw.ac.id
23DS0067,Samuel Firmansyah Oktaviani,P,09/07/2004,Yogyakarta,DS,Sains Data,2023,20/08/2023,Aktif,23ds0067@student.uadw.ac.id
23DS0068,Aulia Wahyuni,P,2005-09-15,Baubau,DS,SAINS DATA,2023,2023-08-23,Aktif,23ds0068@student.uadw.ac.id
23DS0069,Anisa Febriani Sulaiman,L,2005-09-09,Medan,DS,DS,2023,2023-08-23,Aktif,23ds0069@student.uadw.ac.id
23DS0070,Bagas Purnama Kusuma,P,2005-07-15,Kolaka, DS,Sains data,2023,2023-08-15,Aktif,23ds0070@student.uadw.ac.id
23DS0071,Rani Ramadhan,L,2005-08-01,Bandung,DS,Sains Data,2023,2023-08-24,Aktif,23ds0071@student.uadw.ac.id
23DS0072,Lukman Amelia,L,14-Jun-2005,Kolaka,DS,Sains Data,2023,2023-08-25,Aktif,23ds0072@student.uadw.ac.id
23DS0073,Syifa Santoso,L,22/08/2003,Raha,DS,Sains Data,2023,2023-08-25,cuti,23ds0073@student.uadw.ac.id
23DS0074,Rina Ningsih,L,2004-02-23,Unaaha,DS,Sains Data,2023,2023-08-25,Aktif,23ds0074@student.uadw.ac.id
23DS0075,Samuel Lestari Oktaviani,Laki-laki,2004-04-24,Ambon,DS,Sains Data,2023,2023-08-21,Aktif,23ds0075@student.uadw.ac.id
23TR0001,Aulia Febriani Kurniadi,P,2003-05-15,Makassar,TR,Teknologi Rekayasa Komputer,2023,2023-08-25,Aktif,23tr0001@student.uadw.ac.id
23TR0002,Akbar Ramadhan Melati,L,2005-11-21,Raha,TR,Teknologi Rekayasa Komputer,2023,15/08/2023,Aktif,23tr0002@student.uadw.ac.id
23TR0003,Rina Kurniawan,L,2004-05-22,Kolaka,TR,Teknologi Rekayasa Komputer,2023,17-Aug-2023,Aktif,23tr0003@student.uadw.ac.id
23TR0004,Nadia Firmansyah,P,2004-09-10,Padang,TR,TRK,2023,2023-08-23,Aktif,23tr0004@student.uadw.ac.id
23TR0005,Rani Santoso Setiaji,L,03-Sep-2004,Padang,TR,Teknologi Rekayasa Komputer,2023,16-Aug-2023,Aktif,23tr0005@student.uadw.ac.id
23TR0006,Lukman Ningsih Gunawan,Perempuan,23/01/2006,Yogyakarta,TR,Teknologi Rekayasa Komputer,2023,2023-08-20,Aktif,23tr0006@student.uadw.ac.id
23TR0007,Nur Firmansyah,P,2005-05-15,Semarang,TR,Teknologi Rekayasa Komputer,2023,2023-08-25,Aktif,23tr0007@student.uadw.ac.id
23TR0008,Aisyah Fauzi Hasan,P,2003-09-01,Kolaka,TR,Teknologi Rekayasa Komputer,2023,2023-08-19,Aktif,23tr0008@student.uadw.ac.id
23TR0009,Fauzan Hidayat,Laki-laki,08-May-2004,Palembang,TR,Teknologi Rekayasa Komputer,2023,2023-08-24,Aktif,23tr0009@student.uadw.ac.id
23TR0010,Lukman Firmansyah,P,2005-03-04,Mataram,TR,Teknologi Rekayasa Komputer,2023,2023-08-18,Aktif,23tr0010@student.uadw.ac.id
23TR0011,Ahmad Yusuf,P,2004-11-15,Gorontalo,TR,Teknologi Rekayasa Komputer,2023,2023-08-15,Aktif,23tr0011@student.uadw.ac.id
23TR0012,Vina Purnama,L,2004-11-03,Gorontalo, TR,Tek. Rekayasa Komputer,2023,20-Aug-2023,Aktif,23tr0012@student.uadw.ac.id
23TR0013,Dimas Hidayat Prasetyo,P,2004-02-15,Palembang,TR,Teknologi Rekayasa Komputer,2023,2023-08-20,Aktif,23tr0013@student.uadw.ac.id
23TR0014,Andi Hakim,Perempuan,2005-07-19,Medan,TR,TEKNOLOGI REKAYASA KOMPUTER,2023,2023-08-19,Aktif,23tr0014@student.uadw.ac.id
23TR0015,Andi Aziz,L,2003-04-27,Wakatobi,tr,TEKNOLOGI REKAYASA KOMPUTER,2023,2023-08-20,Aktif,23tr0015@student.uadw.ac.id
23TR0016,Lukman Pratama Wardana,L,12-Oct-2005,Banda Aceh,TR,TEKNOLOGI REKAYASA KOMPUTER,2023,17-Aug-2023,Aktif,23tr0016@student.uadw.ac.id
23TR0017,Nabila Wahyuni,L,2004-04-15,Raha,TR,Teknologi Rekayasa Komputer,2023,2023-08-21,Aktif,23tr0017@student.uadw.ac.id
23TR0018,Farhan Maulana,P,2004-06-02,Medan,TR,Teknologi Rekayasa Komputer,2023,20-Aug-2023,Aktif,23tr0018@student.uadw.ac.id
23TR0019,Yoga Lestari,P,2004-10-15,Gorontalo,TR,Teknologi Rekayasa Komputer,2023,22/08/2023,Aktif,23tr0019@student.uadw.ac.id
23TR0020,Salma Fauzi,P,2005-01-12,Manado,TR,Teknologi Rekayasa Komputer,2023,18/08/2023,Aktif,23tr0020@student.uadw.ac.id
23TR0021,Raka Amelia Permatasari,P,2005-01-24,Bandung,TR,Teknologi Rekayasa Komputer,2023,21/08/2023,Aktif,23tr0021@student.uadw.ac.id
23TR0022,Farhan Maharani Karim,L,2005-06-15,Baubau,TR,Teknologi Rekayasa Komputer,2023,2023-08-17,Aktif,23tr0022@student.uadw.ac.id
23TR0023,Hafiz Putri Rahmawati,P,2005-02-10,Padang,TR,Teknologi Rekayasa Komputer,2023,2023-08-21,Aktif ,23tr0023@student.uadw.ac.id
23TR0024,Samuel Putra,P,2006-05-02,Yogyakarta,TR,Teknologi Rekayasa Komputer,2023,2023-08-17,Aktif,23tr0024@student.uadw.ac.id
23TR0025,Lukman Kurniawan,P,2006-12-07,Padang,TR,Teknologi Rekayasa Komputer,2023,2023-08-23,Aktif,23tr0025@student.uadw.ac.id
23TR0026,Nabila Ananda,L,22/02/2005,Palu,TR,Teknologi Rekayasa Komputer,2023,2023-08-18,Aktif,23tr0026@student.uadw.ac.id
23TR0027,Hafiz Lestari,P,24-May-2004,Palu,TR,Teknologi Rekayasa Komputer,2023,25/08/2023,Aktif,23tr0027@student.uadw.ac.id
23TR0028,Muhammad Maharani,L,2006-01-12,Padang,TR,TEKNOLOGI REKAYASA KOMPUTER,2023,2023-08-24,Aktif,23tr0028@student.uadw.ac.id
23TR0029,Salma Ramadhan Wibowo,P,2006-04-20,Kolaka,TR,TRK,2023,2023-08-15,Aktif,23tr0029@student.uadw.ac.id
23TR0030,Hafiz Maharani Wibowo,M,01/10/2005,Kendari,TR,Teknologi Rekayasa Komputer,2023,2023-08-23,Aktif,23tr0030@student.uadw.ac.id
23TR0031,Intan Ananda,L,2004-11-01,Palu,TR,Tek. Rekayasa Komputer,2023,2023-08-25,Aktif,23tr0031@student.uadw.ac.id
23TR0032,Rafi Ningsih,P,2006-12-08,Medan,TR,Teknologi Rekayasa Komputer,2023,2023-08-15,Aktif,23tr0032@student.uadw.ac.id
23TR0033,Akbar Ananda Prasetyo,L,2005-10-25,Palu,TR,Teknologi Rekayasa Komputer,2023,2023-08-25,Aktif,23tr0033@student.uadw.ac.id
23TR0034,Galih Rasyid,F,2004-01-23,Makassar,TR,Teknologi Rekayasa Komputer,2023,2023-08-15,Aktif,23tr0034@student.uadw.ac.id
23TR0035,Samuel Permana Fadillah,P,2005-01-12,Palu,TR,Teknologi Rekayasa Komputer,2023,23/08/2023,Aktif,23tr0035@student.uadw.ac.id
23TR0036,Galih Febriani,P,2005-03-09,Palembang,tr,Tek. Rekayasa Komputer,2023,2023-08-16,Aktif,23tr0036@student.uadw.ac.id
23TR0037,Hafiz Maharani Melati,Perempuan,2006-08-14,Palembang,TR,Teknologi Rekayasa Komputer,2023,2023-08-24,Aktif,23tr0037@student.uadw.ac.id
23TR0038,Putri Utami,P,2006-02-25,Surabaya,TR,Teknologi Rekayasa Komputer,2023,2023-08-24,Aktif,23tr0038@student.uadw.ac.id
23TR0039,Bima Saputra,F,2004-06-20,Palembang,TR,Teknologi Rekayasa Komputer,2023,2023-08-23,Aktif,23tr0039@student.uadw.ac.id
23TR0040,Hafiz Putri Kusuma,Laki-laki,2006-01-03,Padang,TR,Teknologi Rekayasa Komputer,2023,2023-08-17,Aktif,23tr0040@student.uadw.ac.id
23TR0041,Akbar Yusuf Gunawan,L,2005-10-04,Ambon,TR,Teknologi Rekayasa Komputer,2023,2023-08-18,Aktif,23tr0041@student.uadw.ac.id
23TR0042,Zahra Febriani Rahmawati,Perempuan,2005-01-27,Palembang,TR,Teknologi Rekayasa Komputer,2023,2023-08-25,Aktif,23tr0042@student.uadw.ac.id
23TR0043,Nisa Nugraha,P,19/02/2005,Surabaya,TR,Teknologi Rekayasa Komputer,2023,2023-08-24,Aktif,23tr0043@student.uadw.ac.id
23TR0044,Yoga Ningsih Azzahra,P,2005-06-10,Padang,TR,Teknologi Rekayasa Komputer,2023,2023-08-18,Aktif,23tr0044@student.uadw.ac.id
23TR0045,Aditya Ningsih Kusuma,L,20-Sep-2005,Gorontalo, TR,Teknologi Rekayasa Komputer,2023,2023-08-17,Aktif,23tr0045@student.uadw.ac.id
23TR0046,Nabila Purnama,L,2005-01-16,Yogyakarta,TR,Teknologi Rekayasa Komputer,2023,23/08/2023,Aktif,23tr0046@student.uadw.ac.id
23TR0047,Dewi Ananda Safitri,Laki-laki,2005-02-06,Bandung,TR,Teknologi Rekayasa Komputer,2023,2023-08-17,Aktif,23tr0047@student.uadw.ac.id
23TR0048,Syifa Ramadhan Siregar,P,2005-09-10,Semarang,TR,Teknologi Rekayasa Komputer,2023,2023-08-20,Aktif,23tr0048@student.uadw.ac.id
23TR0049,Muhammad Nugraha Halim,L,26/06/2005,Palembang,TR,Teknologi Rekayasa Komputer,2023,2023-08-24,Aktif,23tr0049@student.uadw.ac.id
23TR0050,Wulan Nugraha Karim,P,2005-06-06,Surabaya,TR,TEKNOLOGI REKAYASA KOMPUTER,2023,2023-08-16,Aktif,23tr0050@student.uadw.ac.id
23TR0051,Maya Santoso Gunawan,L,26/01/2006,Raha,TR,Teknologi Rekayasa Komputer,2023,2023-08-25,Aktif,23tr0051@student.uadw.ac.id
23TR0052,Kevin Putra,P,2005-11-22,Semarang,TR,Teknologi Rekayasa Komputer,2023,17/08/2023,Aktif,23tr0052@student.uadw.ac.id
23TR0053,Ahmad Maharani Sulaiman,M,02/09/2005,Baubau,TR,Teknologi Rekayasa Komputer,2023,2023-08-22,Aktif,23tr0053@student.uadw.ac.id
23TR0054,Rani Rasyid Iskandar,L,01/04/2006,Palembang,TR,Teknologi Rekayasa Komputer,2023,2023-08-19,Aktif,23tr0054@student.uadw.ac.id
23TR0055,Grace Ningsih Prasetyo,Laki-laki,2005-05-27,Yogyakarta,TR,Teknologi Rekayasa Komputer,2023,2023-08-24,Aktif,23tr0055@student.uadw.ac.id
23TR0056,Galih Amelia,P,2003-04-13,,TR,Teknologi Rekayasa Komputer,2023,24/08/2023,Aktif,23tr0056@student.uadw.ac.id
23TR0057,Ilham Ramadhan Halim,L,2004-02-21,Padang,TR,TRK,2023,2023-08-21,Aktif,23tr0057@student.uadw.ac.id
23TR0058,Putri Permana,L,26/03/2005,Banda Aceh,TR,TR,2023,2023-08-18,Aktif,23tr0058@student.uadw.ac.id
23TR0059,Hafiz Yusuf Safitri,L,2005-08-05,Mataram,TR,TRK,2023,2023-08-20,Aktif,23tr0059@student.uadw.ac.id
23TR0060,Galih Putri,L,2004-07-20,Kendari,TR ,Teknologi Rekayasa Komputer,2023,2023-08-25,Aktif,23tr0060@student.uadw.ac.id
23TR0061,Aisyah Hakim Halim,P,2004-09-21,Padang,TR,Teknologi Rekayasa Komputer,2023,2023-08-17,Aktif,23tr0061@student.uadw.ac.id
23TR0062,Intan Setiawan Nugroho,L,2005-07-12,Manado,tr,TEKNOLOGI REKAYASA KOMPUTER,2023,2023-08-15,Aktif,23tr0062@student.uadw.ac.id
23TR0063,Siti Febriani Hasan,P,2004-12-02,Raha,TR,Teknologi Rekayasa Komputer,2023,23/08/2023,Aktif,23tr0063@student.uadw.ac.id
23TR0064,Hafiz Santoso Hermawan,L,2003-04-05,Kendari,TR,Teknologi Rekayasa Komputer,2023,2023-08-24,Aktif,23tr0064@student.uadw.ac.id
23TR0065,Hafiz Setiawan Siregar,L,2003-06-14,Banda Aceh,TR,Teknologi Rekayasa Komputer,2023,2023-08-25,Aktif,23tr0065@student.uadw.ac.id
23TR0066,Iqbal Fauzi,Perempuan,2003-03-05,Wakatobi,TR,Teknologi Rekayasa Komputer,2023,2023-08-19,Aktif,23tr0066@student.uadw.ac.id
23TR0067,Fauzan Ananda Wibowo,L,2006-05-06,Manado,TR,Teknologi Rekayasa Komputer,2023,2023-08-24,Aktif,23tr0067@student.uadw.ac.id
23TR0068,Syifa Maharani Maulida,P,20-Feb-2006,Surabaya,TR,Teknologi Rekayasa Komputer,2023,2023-08-19,Aktif,23tr0068@student.uadw.ac.id
23TR0069,Siti Rasyid Oktaviani,P,2005-02-03,Padang,TR,TEKNOLOGI REKAYASA KOMPUTER,2023,2023-08-24,Aktif,23tr0069@student.uadw.ac.id
23TR0070,Fauzan Maharani Mahendra,P,19-May-2004,Unaaha,TR,Teknologi Rekayasa Komputer,2023,2023-08-17,Aktif,23tr0070@student.uadw.ac.id
23BD0001,Anisa Wahyuni,P,06/05/2005,Kendari,BD,Bisnis Digital,2023,2023-08-16,Aktif,23bd0001@student.uadw.ac.id
23BD0002,Fitri Wahyuni Iskandar,Perempuan,2005-12-16,Kendari,BD,Bisnis Digital,2023,2023-08-25,Aktif,23bd0002@student.uadw.ac.id
23BD0003,Ahmad Ananda Hermawan,L,27/04/2004,Yogyakarta,BD,Bisnis Dig.,2023,21-Aug-2023,Aktif,23bd0003@student.uadw.ac.id
23BD0004,Ahmad Purnama Hermawan,Perempuan,2005-04-18,Manado,BD,Bisnis Dig.,2023,2023-08-20,Aktif,23bd0004@student.uadw.ac.id
23BD0005,Nadia Rasyid Nasution,P,28/01/2004,Padang,BD,BD,2023,2023-08-18,Aktif,23bd0005@student.uadw.ac.id
23BD0006,Aulia Kurniawan,Perempuan,2004-03-04,Ambon,BD,Bisnis Digital,2023,2023-08-18,Aktif,23bd0006@student.uadw.ac.id
23BD0007,Aditya Aziz Gunawan,L,2005-02-15,Semarang,BD,Bisnis Digital,2023,2023-08-17,Aktif,23bd0007@student.uadw.ac.id
23BD0008,Nur Yusuf Kusuma,P,2004-02-27,Palu,BD,Bisnis Digital,2023,2023-08-15,Aktif,23bd0008@student.uadw.ac.id
23BD0009,Aisyah Hidayat,L,2006-10-11,Surabaya,BD,BD,2023,2023-08-17,Aktif,23bd0009@student.uadw.ac.id
23BD0010,Bagas Pratama Susanti,L,2005-03-04,Ambon,BD,Bisnis digital,2023,2023-08-25,Aktif,23bd0010@student.uadw.ac.id
23BD0011,Vina Saputra Azzahra,P,2004-09-03,Kendari,BD,Bisnis Digital,2023,2023-08-20,Aktif,23bd0011@student.uadw.ac.id
23BD0012,Grace Pratama,Perempuan,2005-10-12,Banda Aceh,BD,Bisnis Digital,2023,2023-08-16,Aktif,23bd0012@student.uadw.ac.id
23BD0013,Bima Purnama Setiaji,L,2006-02-19,Ambon,BD,Bisnis Digital,2023,2023-08-19,Aktif,23bd0013@student.uadw.ac.id
23BD0014,Raka Yusuf,P,2005-11-02,Kendari, BD,Bisnis Digital,2023,2023-08-25,Aktif,23bd0014@student.uadw.ac.id
23BD0015,Nur Ramadhan Syahputra,P,2005-04-05,Palu,BD,Bisnis Digital,2023,2023-08-19,Aktif,23bd0015@student.uadw.ac.id
23BD0016,Bima Ramadhan Siregar,L,2005-09-28,Wakatobi,BD,Bisnis Digital,2023,16/08/2023,Aktif,23bd0016@student.uadw.ac.id
23BD0017,Fajar Nugraha,L,10/05/2004,Gorontalo,BD,BISNIS DIGITAL,2023,15/08/2023,Aktif,23bd0017@student.uadw.ac.id
23BD0018,Vina Hidayat Permatasari,L,2003-02-12,Kendari,BD,Bisnis Digital,2023,2023-08-22,Aktif,23bd0018@student.uadw.ac.id
23BD0019,Nabila Hakim Kusuma,M,2005-11-20,Padang,BD,Bisnis Digital,2023,16-Aug-2023,Aktif,23bd0019@student.uadw.ac.id
23BD0020,Aditya Aziz Wardana,P,2004-05-18,Kolaka,BD,Bisnis digital,2023,2023-08-16,Aktif,23bd0020@student.uadw.ac.id
23BD0021,Iqbal Ananda Melati,L,21/12/2004,Makassar,BD,Bisnis Digital,2023,2023-08-24,Aktif,23bd0021@student.uadw.ac.id
23BD0022,Akbar Saputra,P,2003-07-16,Medan,BD,Bisnis Digital,2023,2023-08-24,Aktif,23bd0022@student.uadw.ac.id
23BD0023,Vina Aziz,L,26/05/2005,Padang, BD,Bisnis Digital,2023,15-Aug-2023,Aktif,23bd0023@student.uadw.ac.id
23BD0024,Kevin Rasyid Wardana,Laki-laki,2005-09-10,Kendari,BD,BISNIS DIGITAL,2023,2023-08-17,Aktif,23bd0024@student.uadw.ac.id
23BD0025,Alya Kurniawan Syahputra,P,2003-01-17,Makassar,BD,Bisnis digital,2023,2023-08-22,Aktif,23bd0025@student.uadw.ac.id
23BD0026,Alya Wijaya,P,12-Sep-2006,Raha,BD,Bisnis Digital,2023,2023-08-15,Aktif,23bd0026@student.uadw.ac.id
23BD0027,Dimas Amelia Safitri,P,2006-04-21,Banda Aceh,BD,Bisnis Digital,2023,2023-08-19,Aktif,23bd0027@student.uadw.ac.id
23BD0028,Aditya Santoso Prasetyo,P,2005-06-03,Kendari,BD,Bisnis Digital,2023,2023-08-18,Aktif,23bd0028@student.uadw.ac.id
23BD0029,Anisa Permana Permatasari,P,2005-09-19,Yogyakarta,BD,Bisnis Digital,2023,20-Aug-2023,Aktif,23bd0029@student.uadw.ac.id
23BD0030,Vina Lestari Karim,P,2005-12-03,Baubau,BD,Bisnis Digital,2023,2023-08-19,Aktif,23bd0030@student.uadw.ac.id
23BD0031,Rizky Amelia Kurniadi,L,2005-06-21,Gorontalo,BD,Bisnis Digital,2023,2023-08-15,Aktif,23bd0031@student.uadw.ac.id
23BD0032,Ilham Hidayat Maulida,L,03/11/2005,Kolaka,BD,Bisnis Digital,2023,18/08/2023,Aktif,23bd0032@student.uadw.ac.id
23BD0033,Lukman Maharani Azzahra,L,2005-07-24,Palembang,BD,Bisnis Dig.,2023,2023-08-16,Aktif,23bd0033@student.uadw.ac.id
23BD0034,Nadia Fauzi Wardana,P,17/08/2005,Palu,BD,Bisnis Digital,2023,25-Aug-2023,Aktif,23bd0034@student.uadw.ac.id
23BD0035,Bagas Setiawan Nasution,L,2004-09-09,Makassar,BD,BISNIS DIGITAL,2023,17/08/2023,Aktif,23bd0035@student.uadw.ac.id
23BD0036,Maya Ananda Karim,L,2005-03-06,Banda Aceh,BD ,Bisnis Digital,2023,2023-08-15,Aktif,23bd0036@student.uadw.ac.id
23BD0037,Arif Maulana Permatasari,P,13/08/2005,Baubau, BD,Bisnis Digital,2023,2023-08-15,Aktif,23bd0037@student.uadw.ac.id
23BD0038,Salma Saputra Oktaviani,P,02/08/2003,Baubau,BD,Bisnis Digital,2023,2023-08-17,Aktif,23bd0038@student.uadw.ac.id
23BD0039,Rahmat Permana,P,2004-06-27,Unaaha,BD,Bisnis Digital,2023,2023-08-16,Aktif,23bd0039@student.uadw.ac.id
23BD0040,Alya Amelia,P,05-Sep-2005,Bandung,BD,Bisnis Digital,2023,2023-08-19,Aktif,23bd0040@student.uadw.ac.id
23BD0041,Grace Febriani,L,2003-12-21,Banda Aceh,BD,Bisnis Digital,2023,2023-08-24,cuti,23bd0041@student.uadw.ac.id
23BD0042,Bagas Kurniawan,L,2005-07-22,Gorontalo,BD,BD,2023,24-Aug-2023,Aktif,23bd0042@student.uadw.ac.id
23BD0043,Akbar Wahyuni Sulaiman,Laki-laki,2006-12-07,Baubau,BD,Bisnis Digital,2023,24/08/2023,Aktif,23bd0043@student.uadw.ac.id
23BD0044,Alya Pratama Pamungkas,P,2006-10-28,Baubau,BD,Bisnis Dig.,2023,15/08/2023,Aktif ,23bd0044@student.uadw.ac.id
23BD0045,Dimas Fauzi Syahputra,P,28/10/2005,Padang,BD,BD,2023,19/08/2023,Aktif,23bd0045@student.uadw.ac.id
23BD0046,Dewi Hidayat,Laki-laki,16-Oct-2003,Palembang,BD,Bisnis Digital,2023,2023-08-25,Aktif,23bd0046@student.uadw.ac.id
23BD0047,Vina Ananda,P,05-Sep-2005,Kendari,BD,Bisnis Digital,2023,2023-08-21,Aktif,23bd0047@student.uadw.ac.id
23BD0048,Rahmat Ningsih,P,2003-04-19,Semarang, BD,Bisnis Digital,2023,2023-08-18,Aktif,23bd0048@student.uadw.ac.id
23BD0049,Putri Nugraha Hasan,P,2004-03-09,Yogyakarta,BD,Bisnis Dig.,2023,18-Aug-2023,Aktif,23bd0049@student.uadw.ac.id
23BD0050,Nabila Amelia Halim,L,2003-07-08,Unaaha,BD,Bisnis Digital,2023,2023-08-16,Aktif,23bd0050@student.uadw.ac.id
23BD0051,Siti Santoso,Laki-laki,2004-06-25,Banda Aceh,BD ,Bisnis Digital,2023,2023-08-17,Aktif,23bd0051@student.uadw.ac.id
23BD0052,Yoga Ningsih,L,2004-12-19,,BD,BD,2023,2023-08-21,Aktif,23bd0052@student.uadw.ac.id
23BD0053,Zahra Rasyid,P,2003-03-11,Gorontalo,BD,Bisnis Digital,2023,2023-08-15,Aktif,23bd0053@student.uadw.ac.id
23BD0054,Tiara Kurniawan Kurniadi,P,2005-06-12,Ambon,BD,BISNIS DIGITAL,2023,2023-08-15,Aktif ,23bd0054@student.uadw.ac.id
23BD0055,Bima Sari Hermawan,M,2005-08-18,Medan,BD,Bisnis Digital,2023,2023-08-18,Aktif,23bd0055@student.uadw.ac.id
23BD0056,Rahmat Firmansyah,P,2004-11-08,Kendari,BD,Bisnis digital,2023,18-Aug-2023,Aktif,23bd0056@student.uadw.ac.id
23BD0057,Lukman Permana Karim,P,2005-08-04,Baubau,BD,Bisnis digital,2023,23/08/2023,cuti,23bd0057@student.uadw.ac.id
23BD0058,Rina Fauzi,L,22-Nov-2004,Mataram, BD,Bisnis Digital,2023,2023-08-18,Aktif,23bd0058@student.uadw.ac.id
23BD0059,Reza Rasyid Nasution,L,2005-04-28,Palu,BD,Bisnis Digital,2023,15/08/2023,Aktif,23bd0059@student.uadw.ac.id
23BD0060,Intan Utami,L,13/02/2005,Kendari,BD,Bisnis Digital,2023,2023-08-16,Aktif,23bd0060@student.uadw.ac.id
23BD0061,Kevin Ananda,P,2005-01-28,Kendari,BD,Bisnis Digital,2023,2023-08-20,Aktif,23bd0061@student.uadw.ac.id
23BD0062,Syifa Setiawan Siregar,P,2005-10-18,Palu,BD,Bisnis Digital,2023,16/08/2023,Aktif,23bd0062@student.uadw.ac.id
23BD0063,Taufik Rasyid,L,2004-07-14,Surabaya,BD,Bisnis Digital,2023,22-Aug-2023,Aktif,23bd0063@student.uadw.ac.id
23BD0064,Intan Anggraini,P,2005-02-08,Kolaka,bd,Bisnis Digital,2023,2023-08-15,Aktif ,23bd0064@student.uadw.ac.id
23BD0065,Fajar Lestari Melati,L,2005-07-07,Kendari,BD,Bisnis Digital,2023,2023-08-25,Aktif,23bd0065@student.uadw.ac.id
23BD0066,Aditya Wijaya Safitri,P,2005-12-02,Bandung,bd,Bisnis Digital,2023,2023-08-22,Aktif,23bd0066@student.uadw.ac.id
23BD0067,Intan Ningsih,Perempuan,22/04/2005,Banda Aceh,BD,Bisnis Digital,2023,2023-08-19,Aktif,23bd0067@student.uadw.ac.id
23BD0068,Grace Purnama,L,18-Oct-2005,Raha,BD,Bisnis Digital,2023,2023-08-17,Aktif,23bd0068@student.uadw.ac.id
23BD0069,Rafi Kurniawan,L,2006-12-14,Semarang,BD ,Bisnis Digital,2023,2023-08-18,Aktif,23bd0069@student.uadw.ac.id
23BD0070,Samuel Rasyid,L,2006-11-22,Ambon,BD,Bisnis Dig.,2023,2023-08-19,Aktif,23bd0070@student.uadw.ac.id
23BD0071,Aisyah Rasyid Hermawan,P,18/08/2004,Semarang,BD,Bisnis Digital,2023,2023-08-18,Aktif,23bd0071@student.uadw.ac.id
23BD0072,Samuel Nugraha,M,2005-03-14,Unaaha,BD,Bisnis Digital,2023,2023-08-21,Aktif,23bd0072@student.uadw.ac.id
23BD0073,Kevin Saputra Permatasari,Laki-laki,27-Oct-2006,Gorontalo,BD,Bisnis Digital,2023,2023-08-18,Aktif,23bd0073@student.uadw.ac.id
23BD0074,Ilham Sari,L,2005-04-28,Palembang,BD,Bisnis Digital,2023,2023-08-21,Aktif,23bd0074@student.uadw.ac.id
23BD0075,Intan Santoso Safitri,P,2006-03-22,Kolaka,BD,Bisnis Digital,2023,18-Aug-2023,Aktif,23bd0075@student.uadw.ac.id
24TI0001,Grace Ananda,L,14-Nov-2006,Palembang,TI,Tek. Informasi,2024,20-Aug-2024,Aktif,24ti0001@student.uadw.ac.id
24TI0002,Aulia Putra Hermawan,P,2005-01-28,Kolaka,TI ,Teknologi Informasi,2024,2024-08-17,Aktif,24ti0002@student.uadw.ac.id
24TI0003,Muhammad Anggraini Herlambang,L,02-Mar-2006,Gorontalo,TI,Teknologi Informasi,2024,2024-08-17,Aktif,24ti0003@student.uadw.ac.id
24TI0004,Reza Pratama Gunawan,F,2006-10-25,Padang, TI,Teknologi Informasi,2024,2024-08-21,Aktif,24ti0004@student.uadw.ac.id
24TI0005,Siti Febriani Azzahra,Laki-laki,2004-12-25,Manado,TI,Teknologi Informasi,2024,2024-08-19,Aktif,24ti0005@student.uadw.ac.id
24TI0006,Hafiz Amelia Azzahra,L,2006-08-12,Mataram,TI,TI,2024,2024-08-18,Aktif,24ti0006@student.uadw.ac.id
24TI0007,Iqbal Putri Rahmawati,P,2005-03-06,Manado,TI,Teknologi Informasi,2024,2024-08-21,Aktif,24ti0007@student.uadw.ac.id
24TI0008,Yoga Hidayat Iskandar,Perempuan,2007-05-05,Medan,TI,Teknologi Informasi,2024,2024-08-23,Aktif,24ti0008@student.uadw.ac.id
24TI0009,Raka Maharani,L,2006-04-28,Surabaya,TI,Teknologi Informasi,2024,23/08/2024,Aktif,24ti0009@student.uadw.ac.id
24TI0010,Rizky Maharani Mulyani,P,09-Jan-2006,Banda Aceh,TI,Tek. Informasi,2024,2024-08-17,Aktif,24ti0010@student.uadw.ac.id
24TI0011,Vina Lestari Nugroho,P,03/04/2006,Palu,TI,Teknologi Informasi,2024,15/08/2024,Aktif,24ti0011@student.uadw.ac.id
24TI0012,Salma Pratama Hermawan,L,2005-06-19,Palu,TI,Teknologi Informasi,2024,15/08/2024,Aktif,24ti0012@student.uadw.ac.id
24TI0013,Tiara Setiawan,P,2004-07-27,Wakatobi,TI,Teknologi Informasi,2024,2024-08-19,Aktif,24ti0013@student.uadw.ac.id
24TI0014,Anisa Putra,L,2006-02-20,Manado, TI,Teknologi Informasi,2024,2024-08-21,Aktif,24ti0014@student.uadw.ac.id
24TI0015,Hafiz Anggraini,Laki-laki,2006-12-25,Surabaya,TI ,Teknologi Informasi,2024,17-Aug-2024,Aktif,24ti0015@student.uadw.ac.id
24TI0016,Intan Wahyuni Nugroho,P,21/12/2005,Palembang,ti,Teknologi Informasi,2024,21-Aug-2024,Aktif,24ti0016@student.uadw.ac.id
24TI0017,Intan Wahyuni Herlambang,L,2006-11-28,Mataram,ti,Teknologi informasi,2024,2024-08-20,Aktif,24ti0017@student.uadw.ac.id
24TI0018,Siti Permana,P,2006-04-13,Manado,TI,Teknologi Informasi,2024,2024-08-22,Aktif,24ti0018@student.uadw.ac.id
24TI0019,Dimas Maharani Pamungkas,P,07-Apr-2006,Bandung,TI,Teknologi Informasi,2024,17/08/2024,Aktif,24ti0019@student.uadw.ac.id
24TI0020,Fauzan Santoso,P,11-Nov-2005,Semarang,TI,TEKNOLOGI INFORMASI,2024,2024-08-20,Aktif,24ti0020@student.uadw.ac.id
24TI0021,Zahra Yusuf Wardana,P,2005-10-07,Medan,TI,Teknologi Informasi,2024,2024-08-20,Aktif,24ti0021@student.uadw.ac.id
24TI0022,Rani Sari Nugroho,L,25-Jan-2006,Padang,TI,TEKNOLOGI INFORMASI,2024,20/08/2024,Aktif,24ti0022@student.uadw.ac.id
24TI0023,Reza Utami,P,03/01/2006,Raha,TI,Teknologi Informasi,2024,15-Aug-2024,Aktif,24ti0023@student.uadw.ac.id
24TI0024,Nabila Kurniawan Safitri,L,2006-03-15,Raha,TI,Teknologi Informasi,2024,18/08/2024,Aktif,24ti0024@student.uadw.ac.id
24TI0025,Aulia Permana,P,2006-09-17,Unaaha,TI,TEKNOLOGI INFORMASI,2024,2024-08-25,Aktif,24ti0025@student.uadw.ac.id
24TI0026,Akbar Wijaya,P,24-Jul-2006,Makassar,ti,Tek. Informasi,2024,2024-08-20,Aktif,24ti0026@student.uadw.ac.id
24TI0027,Andi Pratama,L,2006-08-12,Raha,TI ,Teknologi Informasi,2024,2024-08-15,Aktif,24ti0027@student.uadw.ac.id
24TI0028,Intan Maulana Gunawan,L,05/08/2007,Padang,TI,Teknologi Informasi,2024,2024-08-21,Aktif,24ti0028@student.uadw.ac.id
24TI0029,Alya Wahyuni,Perempuan,2006-05-17,Makassar,TI,Tek. Informasi,2024,2024-08-21,Aktif,24ti0029@student.uadw.ac.id
24TI0030,Aulia Santoso Sulaiman,P,2006-09-28,Manado, TI,Teknologi Informasi,2024,2024-08-19,Aktif,24ti0030@student.uadw.ac.id
24TI0031,Nabila Kurniawan,L,2007-02-20,Raha,TI,TI,2024,2024-08-18,Aktif,24ti0031@student.uadw.ac.id
24TI0032,Syifa Lestari Mulyani,L,2004-12-04,Yogyakarta,TI,Teknologi Informasi,2024,2024-08-25,Aktif,24ti0032@student.uadw.ac.id
24TI0033,Nur Ananda Prasetyo,L,2005-08-11,Wakatobi,TI,Teknologi Informasi,2024,2024-08-19,Aktif,24ti0033@student.uadw.ac.id
24TI0034,Samuel Setiawan,P,2007-03-06,Palembang,TI,TI,2024,2024-08-15,Aktif,24ti0034@student.uadw.ac.id
24TI0035,Yoga Wijaya Melati,Laki-laki,2005-03-17,Raha,TI,Teknologi Informasi,2024,16/08/2024,Aktif,24ti0035@student.uadw.ac.id
24TI0036,Ahmad Wahyuni,Perempuan,05/07/2005,Bandung,TI,Teknologi Informasi,2024,17-Aug-2024,Aktif,24ti0036@student.uadw.ac.id
24TI0037,Dimas Hakim Gunawan,P,2005-01-19,Palembang,TI,Teknologi informasi,2024,24-Aug-2024,Aktif,24ti0037@student.uadw.ac.id
24TI0038,Aulia Maulana,P,25-Apr-2006,Palembang,TI,Teknologi Informasi,2024,18-Aug-2024,Aktif,24ti0038@student.uadw.ac.id
24TI0039,Andi Firmansyah,P,2006-06-01,Manado,TI,Teknologi Informasi,2024,2024-08-18,Aktif,24ti0039@student.uadw.ac.id
24TI0040,Aulia Ramadhan Kusuma,P,2006-04-22,Baubau,TI,Teknologi Informasi,2024,2024-08-25,Aktif,24ti0040@student.uadw.ac.id
24TI0041,Dimas Maulana Syahputra,M,2007-07-08,Kolaka,TI,Teknologi Informasi,2024,2024-08-15,Aktif,24ti0041@student.uadw.ac.id
24TI0042,Aulia Ningsih Iskandar,L,2005-06-01,Padang,TI,Teknologi Informasi,2024,2024-08-25,Aktif,24ti0042@student.uadw.ac.id
24TI0043,Yoga Santoso,P,2006-04-26,Makassar,TI,Teknologi Informasi,2024,2024-08-17,Aktif,24ti0043@student.uadw.ac.id
24TI0044,Vina Pratama Kusuma,L,2004-05-01,Surabaya,TI,Teknologi Informasi,2024,2024-08-16,Cuti,24ti0044@student.uadw.ac.id
24TI0045,Kevin Maharani,L,21-Sep-2007,Wakatobi,TI,Tek. Informasi,2024,24/08/2024,Aktif,24ti0045@student.uadw.ac.id
24TI0046,Yoga Santoso,L,2005-04-25,Ambon,TI,Teknologi Informasi,2024,2024-08-23,Aktif,24ti0046@student.uadw.ac.id
24TI0047,Kevin Yusuf Mahendra,L,2006-03-21,Manado,TI,Teknologi informasi,2024,15/08/2024,Aktif,24ti0047@student.uadw.ac.id
24TI0048,Grace Rasyid Maulida,L,2004-10-28,Baubau,TI,Teknologi Informasi,2024,2024-08-25,Aktif,24ti0048@student.uadw.ac.id
24TI0049,Dian Kurniawan Nugroho,Perempuan,2004-11-14,Mataram,ti,Teknologi Informasi,2024,2024-08-20,Aktif,24ti0049@student.uadw.ac.id
24TI0050,Dewi Fauzi,P,28/05/2005,Manado,TI,Teknologi Informasi,2024,2024-08-21,Aktif,24ti0050@student.uadw.ac.id
24TI0051,Raka Aziz Susanti,L,2004-12-11,Wakatobi,TI,Teknologi informasi,2024,2024-08-21,Aktif,24ti0051@student.uadw.ac.id
24TI0052,Kevin Lestari,L,23-May-2005,Surabaya,TI,Teknologi Informasi,2024,24-Aug-2024,Aktif,24ti0052@student.uadw.ac.id
24TI0053,Siti Wahyuni Setiaji,M,2006-03-15,Banda Aceh, TI,Teknologi Informasi,2024,17/08/2024,Aktif,24ti0053@student.uadw.ac.id
24TI0054,Alya Kurniawan Azzahra,L,2006-08-21,Palembang,TI,Teknologi Informasi,2024,24/08/2024,Aktif,24ti0054@student.uadw.ac.id
24TI0055,Maya Nugraha Fadillah,L,2005-08-24,Raha,TI,Teknologi Informasi,2024,2024-08-23,Aktif,24ti0055@student.uadw.ac.id
24TI0056,Samuel Ningsih,P,2007-03-19,Bandung,TI,Teknologi Informasi,2024,2024-08-22,Aktif,24ti0056@student.uadw.ac.id
24TI0057,Reza Febriani Herlambang,Perempuan,2005-08-11,Wakatobi,TI,Teknologi Informasi,2024,2024-08-24,Aktif,24ti0057@student.uadw.ac.id
24TI0058,Nisa Febriani Wardana,L,2005-03-23,Semarang,TI,Teknologi Informasi,2024,2024-08-21,Aktif,24ti0058@student.uadw.ac.id
24TI0059,Nabila Saputra,L,2005-06-22,Bandung,TI,Teknologi Informasi,2024,2024-08-18,Aktif,24ti0059@student.uadw.ac.id
24TI0060,Galih Saputra,L,2004-05-01,Manado,TI,Teknologi informasi,2024,2024-08-18,Aktif,24ti0060@student.uadw.ac.id
24TI0061,Nabila Pratama,Perempuan,2006-07-22,Manado,TI,Teknologi Informasi,2024,2024-08-15,Aktif,24ti0061@student.uadw.ac.id
24TI0062,Bima Amelia Halim,L,2005-03-19,Padang,TI,TI,2024,2024-08-20,Aktif,24ti0062@student.uadw.ac.id
24TI0063,Dian Utami,Laki-laki,2006-09-09,Medan, TI,Teknologi Informasi,2024,21-Aug-2024,Aktif,24ti0063@student.uadw.ac.id
24TI0064,Nisa Nugraha,P,2006-05-23,Yogyakarta,TI,TEKNOLOGI INFORMASI,2024,2024-08-24,Aktif,24ti0064@student.uadw.ac.id
24TI0065,Tiara Hidayat,P,2007-01-23,Medan,TI ,Teknologi Informasi,2024,2024-08-16,Aktif,24ti0065@student.uadw.ac.id
24TI0066,Vina Putri Pamungkas,P,2005-01-05,Medan,TI,TI,2024,2024-08-20,Aktif,24ti0066@student.uadw.ac.id
24TI0067,Muhammad Maulana,L,2006-10-25,Wakatobi,TI,Teknologi Informasi,2024,2024-08-16,Aktif,24ti0067@student.uadw.ac.id
24TI0068,Nadia Utami Fadillah,M,2006-06-16,Kolaka,TI,TI,2024,2024-08-23,Aktif,24ti0068@student.uadw.ac.id
24TI0069,Arif Kurniawan,Laki-laki,2005-01-17,Palembang, TI,Teknologi Informasi,2024,2024-08-17,Aktif,24ti0069@student.uadw.ac.id
24TI0070,Siti Saputra Pamungkas,L,2005-11-27,Wakatobi,TI,Tek. Informasi,2024,2024-08-16,Aktif,24ti0070@student.uadw.ac.id
24TI0071,Rani Wahyuni Sulaiman,P,2005-05-05,Palembang,TI,Teknologi Informasi,2024,2024-08-17,Aktif,24ti0071@student.uadw.ac.id
24TI0072,Aisyah Permana,L,2007-04-12,Kolaka,TI,Tek. Informasi,2024,2024-08-25,Aktif,24ti0072@student.uadw.ac.id
24TI0073,Kevin Febriani,P,2006-03-06,Gorontalo,TI,Teknologi Informasi,2024,2024-08-22,Aktif,24ti0073@student.uadw.ac.id
24TI0074,Fauzan Fauzi Prasetyo,P,2005-12-14,Baubau,TI,Teknologi Informasi,2024,19/08/2024,Aktif,24ti0074@student.uadw.ac.id
24TI0075,Wulan Aziz,Perempuan,02/03/2005,Padang,TI ,Teknologi Informasi,2024,2024-08-22,Aktif,24ti0075@student.uadw.ac.id
24TI0076,Arif Ramadhan,L,2006-04-13,Padang,TI,Teknologi Informasi,2024,2024-08-15,Aktif,24ti0076@student.uadw.ac.id
24TI0077,Rani Santoso,F,2007-02-20,Baubau,TI,Tek. Informasi,2024,2024-08-24,Aktif,24ti0077@student.uadw.ac.id
24TI0078,Kevin Ningsih,P,2007-09-14,Unaaha,TI,Teknologi Informasi,2024,2024-08-25,Aktif,24ti0078@student.uadw.ac.id
24TI0079,Akbar Firmansyah Wardana,P,2006-04-28,Banda Aceh,TI,Teknologi Informasi,2024,2024-08-16,Aktif,24ti0079@student.uadw.ac.id
24TI0080,Lukman Putra,L,2007-05-12,,TI,Teknologi Informasi,2024,2024-08-24,Aktif,24ti0080@student.uadw.ac.id
24TI0081,Rahmat Fauzi,L,2004-09-19,Manado,TI,Teknologi Informasi,2024,2024-08-22,Aktif,24ti0081@student.uadw.ac.id
24TI0082,Ilham Ananda Hasan,P,11/11/2007,Padang,TI,Teknologi Informasi,2024,2024-08-22,Aktif,24ti0082@student.uadw.ac.id
24TI0083,Rafi Pratama,L,10/10/2005,Palu,TI,Teknologi Informasi,2024,2024-08-21,Aktif,24ti0083@student.uadw.ac.id
24TI0084,Fauzan Pratama Setiaji,P,20/10/2006,Semarang,TI,Teknologi Informasi,2024,2024-08-21,Aktif,24ti0084@student.uadw.ac.id
24TI0085,Ahmad Wahyuni Mahendra,Perempuan,2004-02-26,Yogyakarta,TI,Teknologi Informasi,2024,2024-08-18,Aktif,24ti0085@student.uadw.ac.id
24TI0086,Bagas Sari,P,2005-11-04,Wakatobi,TI,TI,2024,2024-08-16,Aktif,24ti0086@student.uadw.ac.id
24TI0087,Reza Fauzi Susanti,L,2005-11-15,Medan,TI,Teknologi Informasi,2024,2024-08-22,Aktif,24ti0087@student.uadw.ac.id
24TI0088,Intan Hakim Karim,P,2004-07-26,Gorontalo,TI ,Teknologi Informasi,2024,2024-08-20,Aktif,24ti0088@student.uadw.ac.id
24TI0089,Dian Wijaya,P,2006-12-06,Baubau,TI,Teknologi Informasi,2024,2024-08-19,Aktif,24ti0089@student.uadw.ac.id
24TI0090,Dewi Ananda,L,18-Sep-2006,Yogyakarta,TI,Teknologi informasi,2024,2024-08-17,Aktif,24ti0090@student.uadw.ac.id
24TI0091,Bagas Wijaya Karim,L,03/09/2005,Kendari,TI,TI,2024,2024-08-17,Aktif,24ti0091@student.uadw.ac.id
24TI0092,Andi Permana Nasution,Laki-laki,2007-07-10,Makassar,TI,Teknologi Informasi,2024,22-Aug-2024,Aktif,24ti0092@student.uadw.ac.id
24TI0093,Putri Rasyid,L,2005-05-11,Yogyakarta,TI,Teknologi Informasi,2024,2024-08-22,Aktif,24ti0093@student.uadw.ac.id
24TI0094,Rafi Ananda,L,2007-02-10,Semarang,TI,Teknologi Informasi,2024,2024-08-22,Aktif,24ti0094@student.uadw.ac.id
24TI0095,Ahmad Aziz,L,2006-12-13,Yogyakarta,TI,Tek. Informasi,2024,2024-08-23,Aktif,24ti0095@student.uadw.ac.id
24TI0096,Samuel Maulana,P,2006-10-05,, TI,Tek. Informasi,2024,2024-08-18,Aktif,24ti0096@student.uadw.ac.id
24TI0097,Ilham Sari Safitri,P,2005-05-11,Unaaha,TI,TEKNOLOGI INFORMASI,2024,2024-08-18,cuti,24ti0097@student.uadw.ac.id
24TI0098,Rafi Putra,L,2006-04-13,Unaaha,TI,TEKNOLOGI INFORMASI,2024,2024-08-15,Aktif,24ti0098@student.uadw.ac.id
24TI0099,Galih Lestari,P,2006-01-05,Palu, TI,Teknologi Informasi,2024,2024-08-25,Aktif,24ti0099@student.uadw.ac.id
24SI0001,Wulan Kurniawan,Laki-laki,2007-12-01,Palu,SI,Sistem Informasi,2024,2024-08-18,Aktif,24si0001@student.uadw.ac.id
24SI0002,Siti Santoso,L,24-Nov-2006,Palu,SI,Sistem Informasi,2024,2024-08-25,Aktif,24si0002@student.uadw.ac.id
24SI0003,Dewi Febriani Kusuma,L,09-Nov-2006,Ambon,SI,Sistem Informasi,2024,2024-08-15,Aktif,24si0003@student.uadw.ac.id
24SI0004,Syifa Hidayat Iskandar,L,2006-11-11,Mataram,SI,Sistem Informasi,2024,2024-08-17,Aktif,24si0004@student.uadw.ac.id
24SI0005,Rizky Aziz,P,2007-01-02,Kolaka,SI,Sistem Informasi,2024,2024-08-15,Aktif,24si0005@student.uadw.ac.id
24SI0006,Intan Santoso Maulida,L,03/04/2005,Palu,SI,Sistem Informasi,2024,2024-08-22,Aktif,24si0006@student.uadw.ac.id
24SI0007,Raka Firmansyah,P,2006-01-27,Wakatobi,SI,Sistem Informasi,2024,17/08/2024,Aktif,24si0007@student.uadw.ac.id
24SI0008,Fajar Permana,Perempuan,2006-09-01,Medan,SI,Sistem Informasi,2024,2024-08-16,Aktif,24si0008@student.uadw.ac.id
24SI0009,Maya Putra,P,2006-05-25,Makassar,SI,SISTEM INFORMASI,2024,2024-08-15,Aktif,24si0009@student.uadw.ac.id
24SI0010,Syifa Kurniawan Sulaiman,L,01/01/2004,Unaaha,SI,Sistem Informasi,2024,25-Aug-2024,Aktif,24si0010@student.uadw.ac.id
24SI0011,Anisa Sari Permatasari,L,2004-09-08,Manado,SI,Sistem Informasi,2024,23-Aug-2024,Aktif,24si0011@student.uadw.ac.id
24SI0012,Dewi Setiawan Siregar,P,2007-05-21,Makassar,SI,Sistem Informasi,2024,2024-08-21,Aktif,24si0012@student.uadw.ac.id
24SI0013,Farhan Sari,P,2004-07-03,Bandung,SI,Sistem Informasi,2024,17/08/2024,Aktif,24si0013@student.uadw.ac.id
24SI0014,Siti Amelia Azzahra,P,2004-12-11,Banda Aceh,SI,SISTEM INFORMASI,2024,2024-08-24,Aktif,24si0014@student.uadw.ac.id
24SI0015,Hafiz Rasyid,P,25/08/2005,Medan,SI,SISTEM INFORMASI,2024,19/08/2024,Aktif,24si0015@student.uadw.ac.id
24SI0016,Farhan Permana,P,21/10/2007,Palu,si,Sistem Informasi,2024,15/08/2024,Aktif,24si0016@student.uadw.ac.id
24SI0017,Grace Ananda,L,2006-08-24,Manado,SI ,Sistem Informasi,2024,18/08/2024,Aktif,24si0017@student.uadw.ac.id
24SI0018,Nabila Pratama,P,2004-06-11,Makassar,SI,Sistem Informasi,2024,2024-08-23,Aktif,24si0018@student.uadw.ac.id
24SI0019,Nadia Sari Kurniadi,L,2006-08-26,Banda Aceh,SI,Sistem Informasi,2024,2024-08-20,Aktif,24si0019@student.uadw.ac.id
24SI0020,Raka Firmansyah Sulaiman,L,2005-03-11,Baubau,SI,Sistem Informasi,2024,2024-08-17,Aktif,24si0020@student.uadw.ac.id
24SI0021,Aditya Anggraini Syahputra,L,21-Jan-2004,Semarang,SI,Sistem Informasi,2024,2024-08-24,Aktif,24si0021@student.uadw.ac.id
24SI0022,Ahmad Hakim Azzahra,L,2004-03-17,Padang,SI,SISTEM INFORMASI,2024,19/08/2024,Aktif,24si0022@student.uadw.ac.id
24SI0023,Fitri Ramadhan,P,01-Jan-2006,Raha,SI,SISTEM INFORMASI,2024,24/08/2024,Aktif,24si0023@student.uadw.ac.id
24SI0024,Rina Putri,L,2005-01-03,Kolaka,SI,Sistem Informasi,2024,2024-08-22,Aktif,24si0024@student.uadw.ac.id
24SI0025,Bima Rasyid Prasetyo,L,2005-12-27,Gorontalo,SI,Sistem Informasi,2024,2024-08-18,Aktif,24si0025@student.uadw.ac.id
24SI0026,Nur Kurniawan Prasetyo,L,2005-08-13,Medan,SI,Sistem Informasi,2024,2024-08-17,Aktif,24si0026@student.uadw.ac.id
24SI0027,Nisa Putra Melati,P,2006-10-09,Palembang,SI,Sistem Informasi,2024,2024-08-21,Aktif,24si0027@student.uadw.ac.id
24SI0028,Syifa Pratama Wibowo,L,2005-07-12,Palu,SI,Sistem Informasi,2024,24/08/2024,Aktif,24si0028@student.uadw.ac.id
24SI0029,Andi Maulana Setiaji,L,2006-05-01,,SI,Sistem Informasi,2024,21/08/2024,Aktif,24si0029@student.uadw.ac.id
24SI0030,Fajar Rasyid Susanti,P,2006-03-08,Semarang,SI,Sistem Informasi,2024,19/08/2024,Aktif,24si0030@student.uadw.ac.id
24SI0031,Vina Amelia Mulyani,L,2005-09-12,Semarang,SI,Sistem Informasi,2024,19/08/2024,Aktif,24si0031@student.uadw.ac.id
24SI0032,Akbar Putri Maulida,Perempuan,2007-12-10,Yogyakarta,SI,Sistem Informasi,2024,2024-08-17,Aktif,24si0032@student.uadw.ac.id
24SI0033,Samuel Utami,P,2007-10-04,Ambon,SI,Sistem Informasi,2024,2024-08-20,Aktif,24si0033@student.uadw.ac.id
24SI0034,Muhammad Ningsih Permatasari,P,2006-12-22,Bandung,SI,Sistem Informasi,2024,2024-08-18,Aktif,24si0034@student.uadw.ac.id
24SI0035,Yoga Lestari Mahendra,Laki-laki,2005-06-07,Medan,SI,Sistem Informasi,2024,2024-08-15,Aktif,24si0035@student.uadw.ac.id
24SI0036,Yoga Hidayat,P,2006-02-27,Surabaya,SI,Sistem Informasi,2024,2024-08-15,Aktif,24si0036@student.uadw.ac.id
24SI0037,Bima Setiawan Iskandar,P,2005-09-12,Padang,SI ,Sistem Informasi,2024,19-Aug-2024,Aktif,24si0037@student.uadw.ac.id
24SI0038,Salma Pratama Wardana,M,2006-12-18,Manado,SI,Sistem Informasi,2024,2024-08-23,Aktif,24si0038@student.uadw.ac.id
24SI0039,Iqbal Saputra,L,2005-02-18,Gorontalo,SI,Sistem Informasi,2024,25/08/2024,Aktif ,24si0039@student.uadw.ac.id
24SI0040,Samuel Utami Oktaviani,Perempuan,2006-05-24,Kolaka,SI,Sistem Informasi,2024,2024-08-22,Aktif,24si0040@student.uadw.ac.id
24SI0041,Zahra Ramadhan Nasution,P,08/02/2005,Kolaka,SI,Sistem Informasi,2024,2024-08-16,Aktif,24si0041@student.uadw.ac.id
24SI0042,Nadia Putra,F,2006-04-18,Padang,si,Sistem Informasi,2024,22-Aug-2024,Aktif,24si0042@student.uadw.ac.id
24SI0043,Siti Ningsih Karim,Perempuan,2005-08-20,Bandung,SI,Sistem Informasi,2024,2024-08-25,Aktif,24si0043@student.uadw.ac.id
24SI0044,Alya Amelia,L,2006-02-22,Unaaha,SI,Sistem Informasi,2024,2024-08-23,Aktif,24si0044@student.uadw.ac.id
24SI0045,Rani Setiawan,Perempuan,24/02/2006,Manado,SI,Sistem Informasi,2024,2024-08-18,Aktif,24si0045@student.uadw.ac.id
24SI0046,Aulia Ningsih,P,2006-12-13,Medan,SI,Sistem Informasi,2024,2024-08-20,Aktif,24si0046@student.uadw.ac.id
24SI0047,Siti Yusuf Hermawan,L,2006-01-10,Mataram,SI,Sistem Informasi,2024,2024-08-18,Aktif,24si0047@student.uadw.ac.id
24SI0048,Kevin Febriani Syahputra,P,2004-07-25,Kendari,SI,Sistem Informasi,2024,21/08/2024,Aktif,24si0048@student.uadw.ac.id
24SI0049,Anisa Ningsih Sulaiman,L,2007-05-08,Wakatobi,SI,Sistem Informasi,2024,2024-08-15,Aktif,24si0049@student.uadw.ac.id
24SI0050,Ilham Hakim Wardana,Perempuan,2006-02-19,Palembang,SI,Sistem Informasi,2024,2024-08-17,Aktif,24si0050@student.uadw.ac.id
24SI0051,Farhan Hidayat Wardana,P,24-Sep-2007,Mataram,SI,SISTEM INFORMASI,2024,2024-08-25,Aktif,24si0051@student.uadw.ac.id
24SI0052,Dewi Ramadhan Oktaviani,Perempuan,2005-05-09,Bandung,SI,Sistem Informasi,2024,2024-08-20,AKTIF,24si0052@student.uadw.ac.id
24SI0053,Salma Utami,L,2007-08-04,Padang,SI,SISTEM INFORMASI,2024,22/08/2024,Aktif,24si0053@student.uadw.ac.id
24SI0054,Syifa Ningsih Prasetyo,L,2006-11-09,Raha,SI,Sist. Informasi,2024,2024-08-18,Aktif,24si0054@student.uadw.ac.id
24SI0055,Alya Febriani,L,2006-04-27,Makassar,SI,Sistem Informasi,2024,25-Aug-2024,Aktif,24si0055@student.uadw.ac.id
24SI0056,Rizky Ramadhan Gunawan,Perempuan,2006-09-16,Medan,SI,Sistem Informasi,2024,2024-08-23,Aktif,24si0056@student.uadw.ac.id
24SI0057,Zahra Firmansyah Herlambang,P,2006-02-16,Raha,SI,Sistem Informasi,2024,2024-08-25,Aktif,24si0057@student.uadw.ac.id
24SI0058,Rafi Putra Karim,L,2007-03-09,Surabaya,SI,Sistem Informasi,2024,2024-08-18,Aktif,24si0058@student.uadw.ac.id
24SI0059,Rizky Fauzi Hermawan,P,2004-05-27,Bandung,SI,Sistem Informasi,2024,2024-08-25,Aktif,24si0059@student.uadw.ac.id
24SI0060,Anisa Ananda,P,2005-10-14,Padang,SI,Sistem Informasi,2024,2024-08-20,Aktif,24si0060@student.uadw.ac.id
24SI0061,Maya Febriani Azzahra,Perempuan,2005-08-15,Raha,SI,Sist. Informasi,2024,17-Aug-2024,Aktif,24si0061@student.uadw.ac.id
24SI0062,Nur Febriani,L,16-May-2007,Banda Aceh,SI,Sistem Informasi,2024,2024-08-19,Aktif,24si0062@student.uadw.ac.id
24SI0063,Nadia Hidayat Wardana,Perempuan,12/11/2006,Kendari,SI,Sistem Informasi,2024,23-Aug-2024,Aktif,24si0063@student.uadw.ac.id
24SI0064,Fitri Utami Permatasari,L,2004-01-11,Kendari, SI,Sistem Informasi,2024,2024-08-23,Aktif,24si0064@student.uadw.ac.id
24SI0065,Maya Firmansyah Nugroho,L,2004-03-05,Medan,SI,SISTEM INFORMASI,2024,19-Aug-2024,Aktif,24si0065@student.uadw.ac.id
24SI0066,Siti Yusuf,P,2006-02-06,Padang,SI,Sistem Informasi,2024,2024-08-15,Aktif,24si0066@student.uadw.ac.id
24SI0067,Dewi Putri Rahmawati,L,2006-04-12,Semarang,SI,Sistem Informasi,2024,2024-08-25,Aktif,24si0067@student.uadw.ac.id
24SI0068,Dian Saputra,P,2005-09-22,Medan,SI,Sistem Informasi,2024,2024-08-16,Aktif,24si0068@student.uadw.ac.id
24SI0069,Fajar Firmansyah Nugroho,Laki-laki,2005-09-13,Baubau,SI,Sistem Informasi,2024,2024-08-18,Aktif,24si0069@student.uadw.ac.id
24SI0070,Hafiz Hakim Pamungkas,L,01-Jul-2005,Palembang,SI,Sistem Informasi,2024,2024-08-23,Aktif,24si0070@student.uadw.ac.id
24SI0071,Galih Maulana,P,2005-06-02,Wakatobi,SI,SISTEM INFORMASI,2024,17/08/2024,Aktif,24si0071@student.uadw.ac.id
24SI0072,Intan Fauzi Nugroho,L,11/01/2007,Kendari,SI,Sistem Informasi,2024,2024-08-23,Aktif,24si0072@student.uadw.ac.id
24SI0073,Aisyah Ningsih Fadillah,Laki-laki,03/11/2006,Kolaka,SI ,SI,2024,2024-08-15,Aktif,24si0073@student.uadw.ac.id
24SI0074,Akbar Wahyuni Nugroho,L,2006-06-27,Kolaka,SI ,Sistem Informasi,2024,2024-08-16,Aktif,24si0074@student.uadw.ac.id
24SI0075,Vina Wijaya Karim,L,2004-08-10,Wakatobi,SI,Sistem Informasi,2024,2024-08-19,Aktif,24si0075@student.uadw.ac.id
24SI0076,Aditya Wijaya Azzahra,L,2005-02-27,Palu,SI,Sistem Informasi,2024,16/08/2024,Aktif,24si0076@student.uadw.ac.id
24SI0077,Rahmat Santoso Wibowo,P,2005-09-27,Baubau,SI,Sistem Informasi,2024,2024-08-23,Aktif,24si0077@student.uadw.ac.id
24SI0078,Ahmad Nugraha Rahmawati,P,2005-06-26,Raha,SI,Sistem Informasi,2024,25-Aug-2024,Aktif,24si0078@student.uadw.ac.id
24SI0079,Aditya Hidayat,Laki-laki,2005-08-26,Kolaka,SI,SISTEM INFORMASI,2024,2024-08-15,Aktif,24si0079@student.uadw.ac.id
24SI0080,Taufik Wijaya Mahendra,Laki-laki,2007-10-07,Gorontalo,SI,Sistem Informasi,2024,21-Aug-2024,Aktif,24si0080@student.uadw.ac.id
24SI0081,Nadia Setiawan Kusuma,L,2006-01-20,Banda Aceh,SI,Sistem Informasi,2024,2024-08-25,Aktif,24si0081@student.uadw.ac.id
24SI0082,Vina Purnama Safitri,P,2006-11-05,Palembang,SI,Sistem informasi,2024,2024-08-17,Aktif,24si0082@student.uadw.ac.id
24SI0083,Alya Ananda,Perempuan,2006-08-03,Surabaya,SI,Sistem Informasi,2024,2024-08-17,Aktif,24si0083@student.uadw.ac.id
24SI0084,Kevin Purnama Kurniadi,L,2006-03-18,Gorontalo,SI,Sistem Informasi,2024,2024-08-19,Aktif,24si0084@student.uadw.ac.id
24SI0085,Dewi Amelia,Laki-laki,2005-02-07,Makassar,SI,Sistem Informasi,2024,2024-08-25,Aktif,24si0085@student.uadw.ac.id
24SI0086,Nadia Fauzi,Perempuan,19/11/2005,Gorontalo,SI,Sistem Informasi,2024,21/08/2024,Aktif,24si0086@student.uadw.ac.id
24SI0087,Tiara Aziz Hasan,P,2006-05-18,Surabaya,SI,Sistem Informasi,2024,19-Aug-2024,Aktif,24si0087@student.uadw.ac.id
24SI0088,Grace Kurniawan Prasetyo,P,2005-02-24,Unaaha,SI,Sistem Informasi,2024,19/08/2024,Aktif,24si0088@student.uadw.ac.id
24SI0089,Putri Permana Prasetyo,L,2006-12-20,Baubau,SI,Sistem Informasi,2024,19/08/2024,Aktif,24si0089@student.uadw.ac.id
24SI0090,Rahmat Santoso Kurniadi,Laki-laki,13/12/2005,Ambon,SI,SI,2024,2024-08-19,Aktif,24si0090@student.uadw.ac.id
24SI0091,Muhammad Wahyuni Hermawan,L,2006-12-28,Gorontalo,SI,Sistem Informasi,2024,2024-08-19,Aktif,24si0091@student.uadw.ac.id
24SI0092,Nabila Permana Kusuma,P,2006-02-07,Yogyakarta,SI,Sistem Informasi,2024,2024-08-23,Aktif,24si0092@student.uadw.ac.id
24SI0093,Rina Saputra,P,2005-03-26,Raha,SI,Sistem Informasi,2024,2024-08-16,AKTIF,24si0093@student.uadw.ac.id
24SI0094,Zahra Wahyuni,Laki-laki,2004-06-22,Manado,SI,Sistem Informasi,2024,2024-08-25,Aktif,24si0094@student.uadw.ac.id
24IF0001,Reza Rasyid Susanti,P,04/02/2004,Baubau,IF,Informatika,2024,16/08/2024,Aktif,24if0001@student.uadw.ac.id
24IF0002,Nadia Firmansyah Siregar,P,2006-02-14,Palembang,IF,Informatika,2024,22/08/2024,Aktif,24if0002@student.uadw.ac.id
24IF0003,Tiara Utami Mahendra,Laki-laki,2005-03-15,Gorontalo,IF,IF,2024,18/08/2024,Aktif,24if0003@student.uadw.ac.id
24IF0004,Aulia Setiawan Susanti,Perempuan,2006-05-26,Kolaka,IF,Informatika,2024,2024-08-23,Aktif,24if0004@student.uadw.ac.id
24IF0005,Putri Saputra Kurniadi,P,2006-06-09,,IF,Informatika,2024,2024-08-16,Aktif,24if0005@student.uadw.ac.id
24IF0006,Taufik Saputra Siregar,L,2006-05-27,Kolaka,IF,Informatika,2024,2024-08-25,Aktif,24if0006@student.uadw.ac.id
24IF0007,Nisa Aziz,P,13/02/2007,Palu,IF,Informatika,2024,20-Aug-2024,Aktif,24if0007@student.uadw.ac.id
24IF0008,Raka Yusuf Sulaiman,L,2005-05-10,Bandung,IF,Informatika,2024,2024-08-16,Aktif,24if0008@student.uadw.ac.id
24IF0009,Galih Saputra Melati,P,2006-02-13,Baubau,IF,Informatika,2024,2024-08-15,Aktif,24if0009@student.uadw.ac.id
24IF0010,Dian Ramadhan Mahendra,Perempuan,17/12/2005,Kendari,IF,Informatika,2024,20/08/2024,Aktif,24if0010@student.uadw.ac.id
24IF0011,Rizky Kurniawan Herlambang,L,2005-04-20,Manado,IF,Informatika,2024,2024-08-24,Aktif,24if0011@student.uadw.ac.id
24IF0012,Arif Utami,L,11-Sep-2006,Ambon,IF,IF,2024,2024-08-15,Aktif,24if0012@student.uadw.ac.id
24IF0013,Siti Firmansyah Sulaiman,L,2007-08-19,Bandung,IF,Informatika,2024,2024-08-23,Aktif,24if0013@student.uadw.ac.id
24IF0014,Vina Kurniawan Rahmawati,Perempuan,2006-03-05,, IF,Informatika,2024,2024-08-19,Aktif,24if0014@student.uadw.ac.id
24IF0015,Andi Ananda,Laki-laki,2006-06-11,Banda Aceh,IF,Informatika,2024,2024-08-20,Aktif,24if0015@student.uadw.ac.id
24IF0016,Arif Ananda,P,2005-04-02,Surabaya,IF,Informatika,2024,16/08/2024,Aktif,24if0016@student.uadw.ac.id
24IF0017,Syifa Yusuf Azzahra,L,2005-11-01,Palu,IF,informatika,2024,2024-08-25,Aktif,24if0017@student.uadw.ac.id
24IF0018,Galih Nugraha Sulaiman,L,2006-10-08,Palembang,IF,Informatika,2024,2024-08-18,Aktif,24if0018@student.uadw.ac.id
24IF0019,Dian Firmansyah,L,2005-04-16,Manado,IF,Informatika,2024,18-Aug-2024,Aktif,24if0019@student.uadw.ac.id
24IF0020,Raka Anggraini Halim,P,2006-12-19,Baubau,IF,Informatika,2024,15/08/2024,Aktif,24if0020@student.uadw.ac.id
24IF0021,Kevin Fauzi Mahendra,L,14/07/2006,Manado,IF,Informatika,2024,2024-08-16,Aktif,24if0021@student.uadw.ac.id
24IF0022,Nur Hidayat Fadillah,P,10/03/2006,Mataram,IF,Informatika,2024,17/08/2024,Aktif,24if0022@student.uadw.ac.id
24IF0023,Ahmad Purnama,L,2006-07-07,Baubau,if,Informatika,2024,2024-08-21,Aktif,24if0023@student.uadw.ac.id
24IF0024,Fauzan Sari Nugroho,L,2006-09-10,Makassar,IF,Informatika,2024,2024-08-22,Aktif,24if0024@student.uadw.ac.id
24IF0025,Farhan Wahyuni Oktaviani,L,2007-06-17,Medan,IF,IF,2024,24/08/2024,Aktif,24if0025@student.uadw.ac.id
24IF0026,Maya Ningsih Hasan,Perempuan,2006-07-26,Padang,IF,Informatika,2024,23/08/2024,Aktif,24if0026@student.uadw.ac.id
24IF0027,Siti Wijaya Karim,P,20-Sep-2004,Palu,IF,Informatika,2024,21-Aug-2024,Aktif,24if0027@student.uadw.ac.id
24IF0028,Vina Maharani,Perempuan,2005-01-15,Raha,IF,Informatika,2024,2024-08-21,Aktif,24if0028@student.uadw.ac.id
24IF0029,Rani Fauzi Azzahra,P,2006-03-04,Wakatobi,IF,INFORMATIKA,2024,16/08/2024,Aktif,24if0029@student.uadw.ac.id
24IF0030,Dimas Wijaya,L,2004-01-12,Medan,IF,IF,2024,2024-08-24,Aktif,24if0030@student.uadw.ac.id
24IF0031,Aditya Nugraha Syahputra,L,2005-11-25,Surabaya,IF,Informatika,2024,2024-08-19,Aktif,24if0031@student.uadw.ac.id
24IF0032,Muhammad Anggraini,L,2006-12-04,Wakatobi,IF,Informatika,2024,2024-08-15,Aktif,24if0032@student.uadw.ac.id
24IF0033,Rani Maharani,L,2006-05-06,Padang,IF,IF,2024,2024-08-24,Aktif,24if0033@student.uadw.ac.id
24IF0034,Siti Rasyid Prasetyo,L,2005-04-02,Baubau,IF,Informatika,2024,2024-08-22,Aktif,24if0034@student.uadw.ac.id
24IF0035,Dimas Anggraini Azzahra,P,28/07/2006,Manado,if,Informatika,2024,2024-08-15,Aktif,24if0035@student.uadw.ac.id
24IF0036,Taufik Hakim,P,15/11/2006,Kendari,IF,Informatika,2024,2024-08-15,Aktif,24if0036@student.uadw.ac.id
24IF0037,Rafi Hidayat,L,2006-08-11,Padang,IF,IF,2024,2024-08-20,Aktif,24if0037@student.uadw.ac.id
24IF0038,Galih Amelia,L,2006-01-12,Wakatobi,IF,Teknik Informatika,2024,2024-08-17,Aktif,24if0038@student.uadw.ac.id
24IF0039,Fauzan Rasyid,L,2004-07-16,Bandung,IF,Informatika,2024,2024-08-23,Aktif,24if0039@student.uadw.ac.id
24IF0040,Reza Maulana Karim,L,2007-07-15,Yogyakarta,IF,Informatika,2024,2024-08-23,Aktif,24if0040@student.uadw.ac.id
24IF0041,Lukman Ramadhan,P,2006-08-10,Kendari,IF,Informatika,2024,2024-08-15,Aktif,24if0041@student.uadw.ac.id
24IF0042,Akbar Putri Kusuma,Laki-laki,25/02/2006,Baubau,IF,Informatika,2024,2024-08-16,Aktif,24if0042@student.uadw.ac.id
24IF0043,Muhammad Putra,Perempuan,2006-07-18,Unaaha,IF,Teknik Informatika,2024,2024-08-25,Aktif,24if0043@student.uadw.ac.id
24IF0044,Maya Utami Sulaiman,P,01/01/2006,Banda Aceh,IF,Informatika,2024,2024-08-15,Aktif,24if0044@student.uadw.ac.id
24IF0045,Rahmat Anggraini,P,2007-01-14,Kolaka,IF,Informatika,2024,2024-08-17,Aktif,24if0045@student.uadw.ac.id
24IF0046,Galih Hakim Siregar,L,2007-09-08,Gorontalo,IF,IF,2024,2024-08-20,Aktif,24if0046@student.uadw.ac.id
24IF0047,Rahmat Kurniawan Setiaji,P,2005-01-28,Kendari,IF,Informatika,2024,2024-08-22,Aktif,24if0047@student.uadw.ac.id
24IF0048,Rani Santoso Fadillah,P,2005-02-05,Kendari,IF,Informatika,2024,23/08/2024,Aktif,24if0048@student.uadw.ac.id
24IF0049,Nur Wijaya Hermawan,L,2005-06-02,Palu,IF,Informatika,2024,2024-08-20,Aktif,24if0049@student.uadw.ac.id
24IF0050,Nisa Amelia Hermawan,P,01/05/2005,Yogyakarta,IF,Informatika,2024,21/08/2024,Aktif,24if0050@student.uadw.ac.id
24IF0051,Akbar Hakim,P,05/07/2005,Kolaka,IF,Informatika,2024,17-Aug-2024,Aktif,24if0051@student.uadw.ac.id
24IF0052,Tiara Maulana,M,2007-12-13,Banda Aceh,IF,IF,2024,2024-08-17,Aktif,24if0052@student.uadw.ac.id
24IF0053,Hafiz Lestari,L,2005-04-24,Yogyakarta,IF,Informatika,2024,16-Aug-2024,Aktif,24if0053@student.uadw.ac.id
24IF0054,Arif Putri,Perempuan,2005-12-02,Palu,IF,Informatika,2024,20-Aug-2024,Aktif,24if0054@student.uadw.ac.id
24IF0055,Hafiz Ningsih,L,2006-04-10,Kendari,IF,Teknik Informatika,2024,2024-08-21,Aktif,24if0055@student.uadw.ac.id
24IF0056,Dian Ananda,P,2005-02-08,Banda Aceh,if,Informatika,2024,2024-08-19,Aktif,24if0056@student.uadw.ac.id
24IF0057,Bima Maharani,L,14-Aug-2006,Raha,IF,Informatika,2024,22/08/2024,Aktif,24if0057@student.uadw.ac.id
24IF0058,Rafi Anggraini Susanti,Perempuan,2005-12-20,Raha,IF,informatika,2024,19-Aug-2024,Aktif,24if0058@student.uadw.ac.id
24IF0059,Salma Ananda,L,2007-10-11,Gorontalo,IF,Informatika,2024,2024-08-21,Aktif,24if0059@student.uadw.ac.id
24IF0060,Siti Firmansyah,M,2006-06-23,Raha,IF,Informatika,2024,2024-08-24,Aktif,24if0060@student.uadw.ac.id
24IF0061,Dewi Purnama Susanti,P,2004-04-19,Baubau,IF,Informatika,2024,2024-08-24,cuti,24if0061@student.uadw.ac.id
24IF0062,Andi Nugraha Nasution,L,21/08/2005,Mataram,IF,Informatika,2024,2024-08-19,Aktif,24if0062@student.uadw.ac.id
24IF0063,Fauzan Nugraha,F,09-Dec-2006,Bandung,IF,informatika,2024,2024-08-18,Aktif,24if0063@student.uadw.ac.id
24IF0064,Andi Sari Kurniadi,L,2006-04-06,Surabaya,IF,Informatika,2024,2024-08-25,Aktif,24if0064@student.uadw.ac.id
24IF0065,Maya Pratama Syahputra,Perempuan,2006-10-10,Manado,IF,Informatika,2024,2024-08-21,Aktif,24if0065@student.uadw.ac.id
24IF0066,Reza Maharani Prasetyo,Laki-laki,2004-11-22,Wakatobi,IF,Informatika,2024,2024-08-22,Aktif,24if0066@student.uadw.ac.id
24IF0067,Fauzan Santoso,Perempuan,2006-07-26,Banda Aceh,if,Informatika,2024,2024-08-18,Aktif,24if0067@student.uadw.ac.id
24IF0068,Putri Wijaya Sulaiman,L,02/08/2004,Kendari, IF,Informatika,2024,2024-08-21,Aktif,24if0068@student.uadw.ac.id
24IF0069,Dewi Maulana Karim,P,2007-09-12,Wakatobi, IF,Informatika,2024,20/08/2024,Aktif,24if0069@student.uadw.ac.id
24IF0070,Hafiz Rasyid Melati,P,09/07/2007,Wakatobi,IF,Informatika,2024,16/08/2024,Aktif,24if0070@student.uadw.ac.id
24IF0071,Alya Anggraini,P,20/12/2004,Palembang,IF,Teknik Informatika,2024,2024-08-18,Aktif,24if0071@student.uadw.ac.id
24IF0072,Rizky Amelia,L,2004-03-16,Padang, IF,Informatika,2024,2024-08-20,Aktif,24if0072@student.uadw.ac.id
24IF0073,Nur Santoso,L,03/01/2007,Kendari,IF,Informatika,2024,2024-08-16,Aktif,24if0073@student.uadw.ac.id
24IF0074,Aditya Maharani,Perempuan,2004-12-19,Raha,IF,Informatika,2024,2024-08-23,Aktif,24if0074@student.uadw.ac.id
24IF0075,Farhan Ananda Prasetyo,P,2007-11-07,Medan,IF,Informatika,2024,25-Aug-2024,Aktif,24if0075@student.uadw.ac.id
24IF0076,Syifa Utami,P,2005-05-19,Manado, IF,informatika,2024,2024-08-20,Aktif,24if0076@student.uadw.ac.id
24IF0077,Nadia Fauzi Halim,F,21-Jul-2004,Kendari,IF,Informatika,2024,2024-08-17,Aktif,24if0077@student.uadw.ac.id
24IF0078,Raka Lestari,Perempuan,2004-11-16,Makassar,IF,Informatika,2024,2024-08-17,Aktif,24if0078@student.uadw.ac.id
24IF0079,Andi Amelia Pamungkas,L,2005-06-16,Gorontalo,IF,IF,2024,2024-08-15,Aktif,24if0079@student.uadw.ac.id
24IF0080,Aditya Maulana,L,2005-09-14,Yogyakarta,IF,Informatika,2024,2024-08-21,Aktif,24if0080@student.uadw.ac.id
24IF0081,Aisyah Putri,L,2006-01-27,Semarang,IF,Informatika,2024,2024-08-20,Aktif,24if0081@student.uadw.ac.id
24IF0082,Aisyah Ningsih Nugroho,P,17-Sep-2007,Raha,IF,Informatika,2024,2024-08-24,Aktif,24if0082@student.uadw.ac.id
24IF0083,Galih Nugraha Azzahra,L,28-Oct-2005,Bandung,IF,IF,2024,21/08/2024,Aktif,24if0083@student.uadw.ac.id
24IF0084,Rafi Firmansyah Iskandar,F,2004-01-13,Yogyakarta,IF,Informatika,2024,2024-08-24,Aktif,24if0084@student.uadw.ac.id
24IF0085,Rizky Utami Halim,P,2005-07-06,Raha,if,Informatika,2024,2024-08-17,Aktif,24if0085@student.uadw.ac.id
24IF0086,Akbar Kurniawan Gunawan,Perempuan,14/04/2006,Surabaya,IF,INFORMATIKA,2024,2024-08-21,Aktif,24if0086@student.uadw.ac.id
24IF0087,Nabila Santoso Safitri,P,17/04/2007,Medan,IF,Teknik Informatika,2024,2024-08-15,Aktif,24if0087@student.uadw.ac.id
24IF0088,Fauzan Firmansyah Siregar,L,2006-01-23,Kendari,IF,Informatika,2024,2024-08-23,Aktif,24if0088@student.uadw.ac.id
24IF0089,Akbar Wahyuni,L,2004-08-28,Medan,IF,IF,2024,17-Aug-2024,Aktif,24if0089@student.uadw.ac.id
24IF0090,Fauzan Hakim,L,2006-08-04,Semarang,IF,Informatika,2024,2024-08-22,Aktif,24if0090@student.uadw.ac.id
24IF0091,Nur Rasyid,Perempuan,2007-08-08,Kendari,if,Informatika,2024,25-Aug-2024,Aktif,24if0091@student.uadw.ac.id
24IF0092,Intan Utami,P,2006-02-05,Gorontalo,IF,Informatika,2024,21/08/2024,Aktif,24if0092@student.uadw.ac.id
24IF0093,Rahmat Saputra Mulyani,Laki-laki,2006-12-14,Unaaha,if,Informatika,2024,2024-08-17,Aktif,24if0093@student.uadw.ac.id
24IF0094,Grace Pratama Permatasari,L,2004-06-08,Kolaka,IF,Informatika,2024,2024-08-22,Aktif,24if0094@student.uadw.ac.id
24IF0095,Nisa Yusuf Safitri,Perempuan,2007-09-20,Gorontalo,if,IF,2024,2024-08-15,Aktif,24if0095@student.uadw.ac.id
24IF0096,Nisa Utami,P,2007-04-13,Ambon,IF,Teknik Informatika,2024,2024-08-17,Aktif,24if0096@student.uadw.ac.id
24IF0097,Yoga Hakim,P,2005-10-05,Kolaka,IF,Teknik Informatika,2024,2024-08-15,cuti,24if0097@student.uadw.ac.id
24IF0098,Farhan Ningsih,L,2006-12-24,Makassar,IF,Informatika,2024,22/08/2024,Aktif,24if0098@student.uadw.ac.id
24IF0099,Vina Hidayat,L,2006-08-13,Manado,IF,INFORMATIKA,2024,2024-08-17,Aktif,24if0099@student.uadw.ac.id
24DS0001,Fitri Pratama,L,12-Apr-2007,Mataram,DS,DS,2024,2024-08-16,Aktif,24ds0001@student.uadw.ac.id
24DS0002,Raka Anggraini,P,2006-09-09,Banda Aceh,DS,Sains Data,2024,2024-08-20,Aktif,24ds0002@student.uadw.ac.id
24DS0003,Samuel Wahyuni,P,2006-08-09,Wakatobi,DS,Sains Data,2024,2024-08-25,Aktif,24ds0003@student.uadw.ac.id
24DS0004,Galih Fauzi,P,2005-05-28,Unaaha,ds,Sains Data,2024,21-Aug-2024,Aktif,24ds0004@student.uadw.ac.id
24DS0005,Arif Putri Karim,P,2006-05-12,Gorontalo,DS,DS,2024,20-Aug-2024,Aktif,24ds0005@student.uadw.ac.id
24DS0006,Putri Utami Safitri,L,2006-07-21,Unaaha,DS,Sains Data,2024,2024-08-23,Aktif,24ds0006@student.uadw.ac.id
24DS0007,Hafiz Kurniawan Melati,P,2006-01-16,Semarang,DS,Sains Data,2024,2024-08-16,cuti,24ds0007@student.uadw.ac.id
24DS0008,Samuel Yusuf Wardana,Laki-laki,2006-02-19,Palembang,DS,Sains Data,2024,23/08/2024,Aktif,24ds0008@student.uadw.ac.id
24DS0009,Vina Purnama Pamungkas,L,2006-10-08,Makassar,DS,Sains Data,2024,2024-08-25,Aktif,24ds0009@student.uadw.ac.id
24DS0010,Salma Amelia Kurniadi,L,2005-03-28,Unaaha,DS,Sains Data,2024,2024-08-16,Aktif,24ds0010@student.uadw.ac.id
24DS0011,Fajar Fauzi,P,2005-04-05,Mataram,DS,Sains Data,2024,2024-08-19,Aktif,24ds0011@student.uadw.ac.id
24DS0012,Putri Utami,P,2006-02-12,Ambon,DS,Sains Data,2024,2024-08-22,Aktif,24ds0012@student.uadw.ac.id
24DS0013,Reza Permana,F,27/06/2005,Mataram,DS,Sains Data,2024,2024-08-25,Aktif,24ds0013@student.uadw.ac.id
24DS0014,Nadia Putri Safitri,L,2005-05-27,Ambon,DS,DS,2024,2024-08-23,Aktif,24ds0014@student.uadw.ac.id
24DS0015,Alya Pratama Halim,P,2005-07-06,Palembang,DS,Sains Data,2024,2024-08-22,Aktif,24ds0015@student.uadw.ac.id
24DS0016,Arif Saputra Prasetyo,P,2005-11-04,Medan,DS,Sains Data,2024,21/08/2024,Aktif,24ds0016@student.uadw.ac.id
24DS0017,Samuel Wijaya,Perempuan,02/01/2006,Kolaka,DS,Sains data,2024,17-Aug-2024,Aktif,24ds0017@student.uadw.ac.id
24DS0018,Maya Ramadhan,L,12/09/2007,Baubau,DS,Sains Data,2024,21-Aug-2024,Aktif,24ds0018@student.uadw.ac.id
24DS0019,Maya Amelia,L,17/03/2004,Gorontalo,DS,Data Science,2024,25-Aug-2024,Aktif,24ds0019@student.uadw.ac.id
24DS0020,Grace Wijaya Wardana,P,2007-10-23,Unaaha,DS,Sains Data,2024,2024-08-17,Aktif,24ds0020@student.uadw.ac.id
24DS0021,Nadia Rasyid Oktaviani,L,2007-01-14,Kendari,ds,DS,2024,2024-08-25,Aktif,24ds0021@student.uadw.ac.id
24DS0022,Iqbal Anggraini,P,10/05/2006,Yogyakarta,DS,Sains Data,2024,2024-08-25,Aktif,24ds0022@student.uadw.ac.id
24DS0023,Anisa Maulana Herlambang,P,2005-06-24,Makassar,DS,Sains Data,2024,20/08/2024,Aktif,24ds0023@student.uadw.ac.id
24DS0024,Hafiz Pratama Pamungkas,Perempuan,24/09/2005,Mataram,DS,Sains Data,2024,23/08/2024,Aktif,24ds0024@student.uadw.ac.id
24DS0025,Iqbal Santoso Hasan,L,2005-03-18,Unaaha,DS,Sains Data,2024,15/08/2024,Aktif,24ds0025@student.uadw.ac.id
24DS0026,Syifa Putra,Perempuan,14/10/2005,Semarang,DS,Data Science,2024,19/08/2024,Aktif,24ds0026@student.uadw.ac.id
24DS0027,Wulan Ramadhan,L,14/06/2006,Gorontalo,DS,Sains Data,2024,17/08/2024,Aktif,24ds0027@student.uadw.ac.id
24DS0028,Nadia Hakim Melati,P,2004-07-22,Banda Aceh,DS,Sains Data,2024,2024-08-24,Aktif,24ds0028@student.uadw.ac.id
24DS0029,Ilham Hakim Susanti,P,2006-06-02,Palu,DS,Sains Data,2024,2024-08-19,Aktif,24ds0029@student.uadw.ac.id
24DS0030,Rafi Santoso Kusuma,P,2005-08-09,Kendari,DS,Sains Data,2024,2024-08-16,Aktif,24ds0030@student.uadw.ac.id
24DS0031,Arif Permana Pamungkas,P,2006-08-15,Yogyakarta,DS,Sains Data,2024,2024-08-25,Aktif,24ds0031@student.uadw.ac.id
24DS0032,Yoga Maharani,P,2006-03-16,Unaaha,DS,Sains Data,2024,2024-08-25,Aktif,24ds0032@student.uadw.ac.id
24DS0033,Anisa Sari,L,2007-05-14,Makassar,DS,Sains Data,2024,2024-08-18,Aktif,24ds0033@student.uadw.ac.id
24DS0034,Dimas Santoso,L,2007-10-01,Padang,DS,Sains Data,2024,2024-08-15,Aktif,24ds0034@student.uadw.ac.id
24DS0035,Galih Rasyid Nasution,L,2004-10-28,Unaaha,DS,DS,2024,23-Aug-2024,Aktif ,24ds0035@student.uadw.ac.id
24DS0036,Zahra Maulana,P,2005-01-10,Kolaka,DS,Sains Data,2024,2024-08-18,Aktif,24ds0036@student.uadw.ac.id
24DS0037,Arif Fauzi Iskandar,L,2006-11-14,Unaaha,DS,Sains Data,2024,2024-08-23,AKTIF,24ds0037@student.uadw.ac.id
24DS0038,Andi Santoso Halim,P,2004-07-14,Yogyakarta, DS,Sains Data,2024,2024-08-20,Aktif,24ds0038@student.uadw.ac.id
24DS0039,Galih Saputra Prasetyo,P,25/07/2007,Baubau,DS,Sains Data,2024,2024-08-22,Aktif,24ds0039@student.uadw.ac.id
24DS0040,Iqbal Ananda Gunawan,P,2007-09-19,Wakatobi,DS,Sains Data,2024,2024-08-21,Aktif,24ds0040@student.uadw.ac.id
24DS0041,Samuel Utami,P,2006-12-26,Palembang,DS,Sains Data,2024,2024-08-17,Aktif,24ds0041@student.uadw.ac.id
24DS0042,Rani Lestari Wardana,L,2006-09-22,Palembang,DS,Sains Data,2024,2024-08-23,Aktif,24ds0042@student.uadw.ac.id
24DS0043,Nadia Putra Safitri,Perempuan,2005-08-23,Yogyakarta,DS,Sains Data,2024,2024-08-18,Aktif,24ds0043@student.uadw.ac.id
24DS0044,Anisa Amelia Mulyani,L,09-Dec-2006,Palu,DS,Sains Data,2024,25/08/2024,Aktif,24ds0044@student.uadw.ac.id
24DS0045,Galih Pratama Safitri,L,2006-05-22,Wakatobi, DS,Sains Data,2024,2024-08-23,Aktif,24ds0045@student.uadw.ac.id
24DS0046,Alya Hakim Azzahra,L,2006-09-09,Padang,DS,Sains Data,2024,15/08/2024,Aktif,24ds0046@student.uadw.ac.id
24DS0047,Reza Kurniawan,L,2007-01-27,Unaaha,DS,Sains Data,2024,19/08/2024,Aktif,24ds0047@student.uadw.ac.id
24DS0048,Zahra Maulana,L,2006-09-26,Manado,DS,Sains Data,2024,16-Aug-2024,Aktif,24ds0048@student.uadw.ac.id
24DS0049,Fauzan Ramadhan Halim,M,07-Oct-2006,Palu,DS,Sains Data,2024,25-Aug-2024,Aktif,24ds0049@student.uadw.ac.id
24DS0050,Wulan Fauzi Karim,Laki-laki,28/08/2004,Manado,DS,Sains Data,2024,22/08/2024,Aktif,24ds0050@student.uadw.ac.id
24DS0051,Dewi Saputra,L,2004-10-04,Wakatobi,DS,Sains Data,2024,2024-08-20,Aktif,24ds0051@student.uadw.ac.id
24DS0052,Lukman Firmansyah Maulida,Perempuan,2007-06-09,Palembang,DS,Sains Data,2024,2024-08-24,Aktif,24ds0052@student.uadw.ac.id
24DS0053,Rani Anggraini,P,16/04/2006,Wakatobi,DS,Sains Data,2024,2024-08-17,Aktif,24ds0053@student.uadw.ac.id
24DS0054,Farhan Firmansyah,L,2006-07-11,Palu,DS,Sains Data,2024,2024-08-16,Aktif,24ds0054@student.uadw.ac.id
24DS0055,Dimas Permana Wibowo,Perempuan,2005-08-15,Mataram,DS,Sains Data,2024,15/08/2024,Aktif,24ds0055@student.uadw.ac.id
24DS0056,Tiara Setiawan Wibowo,M,2004-07-08,Padang,DS,Data Science,2024,2024-08-24,Aktif,24ds0056@student.uadw.ac.id
24DS0057,Hafiz Amelia Siregar,P,2007-12-04,Unaaha,DS,Sains Data,2024,2024-08-17,Aktif,24ds0057@student.uadw.ac.id
24DS0058,Rizky Wijaya,L,2006-04-06,Ambon,DS,Sains Data,2024,2024-08-16,Aktif,24ds0058@student.uadw.ac.id
24DS0059,Bagas Hidayat,P,12-Jul-2006,Palu,DS,Sains Data,2024,24/08/2024,Aktif,24ds0059@student.uadw.ac.id
24DS0060,Dewi Lestari Wardana,L,2005-03-09,Gorontalo,DS,Sains Data,2024,2024-08-23,Aktif,24ds0060@student.uadw.ac.id
24DS0061,Bagas Kurniawan Prasetyo,L,2007-08-18,Yogyakarta,DS,Sains Data,2024,2024-08-19,Aktif,24ds0061@student.uadw.ac.id
24DS0062,Bima Lestari,P,2004-11-08,Palembang,DS,Sains Data,2024,2024-08-20,Aktif,24ds0062@student.uadw.ac.id
24DS0063,Salma Maharani Nasution,P,2005-01-07,Baubau,DS,Sains Data,2024,15/08/2024,Aktif,24ds0063@student.uadw.ac.id
24DS0064,Akbar Saputra Wardana,L,2005-10-25,Palu,DS,Sains Data,2024,2024-08-16,Aktif,24ds0064@student.uadw.ac.id
24DS0065,Hafiz Purnama Nasution,P,2006-05-23,Ambon,DS,DS,2024,2024-08-18,Aktif,24ds0065@student.uadw.ac.id
24DS0066,Kevin Ningsih,Perempuan,17/12/2006,Padang,DS,Sains Data,2024,2024-08-22,Aktif,24ds0066@student.uadw.ac.id
24DS0067,Wulan Febriani,Perempuan,24/07/2006,Mataram,DS,Sains Data,2024,23/08/2024,Aktif,24ds0067@student.uadw.ac.id
24DS0068,Galih Hidayat Herlambang,P,2005-05-07,Bandung,DS,Sains Data,2024,2024-08-20,Aktif,24ds0068@student.uadw.ac.id
24DS0069,Aditya Rasyid,P,2007-02-27,Kendari,DS,Sains Data,2024,2024-08-25,Aktif,24ds0069@student.uadw.ac.id
24DS0070,Galih Setiawan,P,2006-12-13,Yogyakarta,DS,DS,2024,2024-08-18,Aktif,24ds0070@student.uadw.ac.id
24DS0071,Nadia Ramadhan,L,2006-01-10,Unaaha,DS,Sains Data,2024,23-Aug-2024,Aktif,24ds0071@student.uadw.ac.id
24DS0072,Nisa Pratama,L,2006-08-12,Palu,DS,DS,2024,25/08/2024,Aktif,24ds0072@student.uadw.ac.id
24DS0073,Bima Aziz Azzahra,L,2007-01-15,Unaaha,DS,Sains data,2024,2024-08-20,Aktif,24ds0073@student.uadw.ac.id
24DS0074,Zahra Maulana,L,2004-11-10,Surabaya,DS,Sains Data,2024,2024-08-16,Aktif,24ds0074@student.uadw.ac.id
24DS0075,Dian Setiawan Pamungkas,P,2007-03-22,Makassar,DS,Sains Data,2024,2024-08-20,Aktif,24ds0075@student.uadw.ac.id
24DS0076,Intan Maharani Kurniadi,P,2005-07-10,Ambon,DS,Sains Data,2024,2024-08-21,Aktif,24ds0076@student.uadw.ac.id
24DS0077,Iqbal Pratama,L,03/07/2006,Wakatobi,DS,Sains data,2024,2024-08-24,Aktif,24ds0077@student.uadw.ac.id
24DS0078,Lukman Saputra Wibowo,P,2007-01-08,Kolaka,ds,Sains Data,2024,15/08/2024,Aktif,24ds0078@student.uadw.ac.id
24TR0001,Yoga Anggraini Wibowo,L,2004-12-07,Palu,TR,Teknologi Rekayasa Komputer,2024,23-Aug-2024,Aktif,24tr0001@student.uadw.ac.id
24TR0002,Arif Utami,L,2006-02-22,Makassar,TR,TRK,2024,24-Aug-2024,Aktif,24tr0002@student.uadw.ac.id
24TR0003,Yoga Fauzi,L,2004-09-13,Makassar,TR,Teknologi Rekayasa Komputer,2024,21/08/2024,Aktif,24tr0003@student.uadw.ac.id
24TR0004,Zahra Utami Rahmawati,P,2006-06-14,Kendari,TR,Tek. Rekayasa Komputer,2024,2024-08-20,Aktif,24tr0004@student.uadw.ac.id
24TR0005,Dimas Amelia Sulaiman,Perempuan,2006-09-13,Surabaya,TR,Teknologi Rekayasa Komputer,2024,16/08/2024,Aktif,24tr0005@student.uadw.ac.id
24TR0006,Nisa Saputra,L,2005-06-22,Wakatobi,TR,Teknologi Rekayasa Komputer,2024,2024-08-25,Aktif,24tr0006@student.uadw.ac.id
24TR0007,Nisa Wijaya Halim,P,2006-12-24,Palembang,TR,Teknologi Rekayasa Komputer,2024,2024-08-18,Aktif,24tr0007@student.uadw.ac.id
24TR0008,Iqbal Firmansyah,P,04/09/2006,Kolaka,TR,Teknologi Rekayasa Komputer,2024,2024-08-23,Aktif,24tr0008@student.uadw.ac.id
24TR0009,Reza Wijaya Oktaviani,L,2004-03-27,Raha,TR,TR,2024,2024-08-23,Aktif,24tr0009@student.uadw.ac.id
24TR0010,Anisa Purnama,P,2006-04-07,Banda Aceh,TR,Teknologi Rekayasa Komputer,2024,2024-08-25,Aktif,24tr0010@student.uadw.ac.id
24TR0011,Fajar Rasyid,L,2007-03-02,Banda Aceh,tr,Teknologi Rekayasa Komputer,2024,2024-08-24,Aktif,24tr0011@student.uadw.ac.id
24TR0012,Tiara Sari,P,2007-12-19,Banda Aceh,TR,Teknologi Rekayasa Komputer,2024,17/08/2024,Aktif,24tr0012@student.uadw.ac.id
24TR0013,Dewi Firmansyah Iskandar,L,08/11/2006,Medan,TR,Teknologi Rekayasa Komputer,2024,2024-08-17,Aktif,24tr0013@student.uadw.ac.id
24TR0014,Zahra Putra Permatasari,Laki-laki,2006-07-18,Unaaha,TR,Teknologi Rekayasa Komputer,2024,2024-08-19,Aktif,24tr0014@student.uadw.ac.id
24TR0015,Aisyah Hidayat Hermawan,P,2006-06-01,Kendari,TR,Teknologi Rekayasa Komputer,2024,2024-08-19,Aktif,24tr0015@student.uadw.ac.id
24TR0016,Bagas Lestari Rahmawati,L,2004-06-03,Banda Aceh,tr,Teknologi Rekayasa Komputer,2024,2024-08-15,Aktif,24tr0016@student.uadw.ac.id
24TR0017,Nisa Ananda,F,2005-02-22,Makassar,TR,Teknologi Rekayasa Komputer,2024,2024-08-18,Aktif,24tr0017@student.uadw.ac.id
24TR0018,Arif Permana Halim,L,2006-06-06,Baubau,TR,Teknologi Rekayasa Komputer,2024,2024-08-23,Aktif,24tr0018@student.uadw.ac.id
24TR0019,Bima Yusuf Mahendra,P,2004-09-01,Baubau,TR,TRK,2024,2024-08-15,Aktif,24tr0019@student.uadw.ac.id
24TR0020,Fitri Amelia Siregar,Perempuan,07-May-2005,Makassar,TR,Tek. Rekayasa Komputer,2024,2024-08-17,Aktif,24tr0020@student.uadw.ac.id
24TR0021,Ahmad Yusuf Mulyani,L,2005-07-20,Palu,TR ,Teknologi Rekayasa Komputer,2024,2024-08-21,Aktif,24tr0021@student.uadw.ac.id
24TR0022,Syifa Putra,P,09/12/2006,Wakatobi,TR,Teknologi Rekayasa Komputer,2024,2024-08-23,Aktif,24tr0022@student.uadw.ac.id
24TR0023,Salma Fauzi Siregar,Laki-laki,2005-10-17,Manado, TR,TEKNOLOGI REKAYASA KOMPUTER,2024,2024-08-18,Aktif,24tr0023@student.uadw.ac.id
24TR0024,Fauzan Wijaya Maulida,Laki-laki,2006-02-26,Yogyakarta,TR,Teknologi Rekayasa Komputer,2024,2024-08-25,Aktif,24tr0024@student.uadw.ac.id
24TR0025,Nisa Pratama,L,2006-08-06,Makassar,TR,Teknologi Rekayasa Komputer,2024,21-Aug-2024,Aktif,24tr0025@student.uadw.ac.id
24TR0026,Nabila Santoso,F,2006-09-23,Unaaha,TR,Teknologi Rekayasa Komputer,2024,24/08/2024,Aktif,24tr0026@student.uadw.ac.id
24TR0027,Raka Amelia Pamungkas,F,04/02/2004,Kendari,TR,Teknologi Rekayasa Komputer,2024,2024-08-23,Aktif,24tr0027@student.uadw.ac.id
24TR0028,Syifa Febriani Kusuma,L,2004-07-16,Semarang,TR,Teknologi Rekayasa Komputer,2024,2024-08-19,Aktif,24tr0028@student.uadw.ac.id
24TR0029,Rina Utami,P,2006-02-03,Mataram,tr,Teknologi Rekayasa Komputer,2024,2024-08-21,Aktif,24tr0029@student.uadw.ac.id
24TR0030,Grace Yusuf Siregar,P,2004-05-08,Palembang,TR,Teknologi Rekayasa Komputer,2024,2024-08-23,Aktif,24tr0030@student.uadw.ac.id
24TR0031,Iqbal Aziz,P,2006-08-19,Raha,TR,Teknologi Rekayasa Komputer,2024,2024-08-19,Aktif,24tr0031@student.uadw.ac.id
24TR0032,Yoga Firmansyah,Laki-laki,2006-03-17,Ambon,TR,Teknologi Rekayasa Komputer,2024,18-Aug-2024,Aktif,24tr0032@student.uadw.ac.id
24TR0033,Rani Maharani Iskandar,L,2004-01-05,Raha,TR,Teknologi Rekayasa Komputer,2024,17/08/2024,Aktif,24tr0033@student.uadw.ac.id
24TR0034,Rina Saputra,Laki-laki,2005-10-18,Padang,TR,Teknologi Rekayasa Komputer,2024,2024-08-15,Aktif,24tr0034@student.uadw.ac.id
24TR0035,Bagas Amelia,Laki-laki,05/06/2007,Banda Aceh,TR,Teknologi Rekayasa Komputer,2024,2024-08-24,Aktif,24tr0035@student.uadw.ac.id
24TR0036,Iqbal Hidayat,M,2006-01-21,Palembang,TR,Teknologi Rekayasa Komputer,2024,15/08/2024,Aktif,24tr0036@student.uadw.ac.id
24TR0037,Rani Sari Fadillah,P,14/08/2004,Yogyakarta, TR,Teknologi Rekayasa Komputer,2024,2024-08-22,Aktif,24tr0037@student.uadw.ac.id
24TR0038,Vina Firmansyah,L,2006-06-09,Palembang,TR,Tek. Rekayasa Komputer,2024,2024-08-24,Aktif,24tr0038@student.uadw.ac.id
24TR0039,Bagas Wijaya Herlambang,L,2006-09-21,Palu,TR,Teknologi Rekayasa Komputer,2024,16-Aug-2024,Aktif,24tr0039@student.uadw.ac.id
24TR0040,Galih Wahyuni,P,17/02/2007,Makassar,TR,Teknologi Rekayasa Komputer,2024,2024-08-22,Aktif,24tr0040@student.uadw.ac.id
24TR0041,Nadia Saputra,P,2005-03-22,Kolaka,tr,Teknologi Rekayasa Komputer,2024,2024-08-19,Aktif,24tr0041@student.uadw.ac.id
24TR0042,Dian Putri,L,22-Dec-2005,Palembang,TR,Teknologi Rekayasa Komputer,2024,24/08/2024,Aktif,24tr0042@student.uadw.ac.id
24TR0043,Alya Maharani Susanti,L,2006-05-19,Semarang,TR,Teknologi Rekayasa Komputer,2024,2024-08-20,Aktif,24tr0043@student.uadw.ac.id
24TR0044,Iqbal Yusuf,P,2006-02-19,Padang,TR,Teknologi Rekayasa Komputer,2024,2024-08-17,Aktif,24tr0044@student.uadw.ac.id
24TR0045,Aulia Ramadhan,P,2005-09-27,Mataram,TR,Teknologi Rekayasa Komputer,2024,2024-08-23,Aktif,24tr0045@student.uadw.ac.id
24TR0046,Siti Rasyid Wardana,Perempuan,2006-05-07,Yogyakarta,TR,Teknologi Rekayasa Komputer,2024,2024-08-19,Aktif,24tr0046@student.uadw.ac.id
24TR0047,Iqbal Ananda,L,17-Jun-2006,Semarang,TR,Teknologi Rekayasa Komputer,2024,2024-08-17,Aktif,24tr0047@student.uadw.ac.id
24TR0048,Arif Anggraini,L,04/08/2007,Semarang,TR,Teknologi Rekayasa Komputer,2024,2024-08-16,Aktif,24tr0048@student.uadw.ac.id
24TR0049,Nadia Pratama,L,2005-04-07,Surabaya,TR,Teknologi Rekayasa Komputer,2024,2024-08-23,Aktif,24tr0049@student.uadw.ac.id
24TR0050,Yoga Putri Kurniadi,Laki-laki,2006-02-22,Mataram,TR,Teknologi Rekayasa Komputer,2024,2024-08-19,Aktif,24tr0050@student.uadw.ac.id
24TR0051,Grace Kurniawan,L,20/05/2006,,TR,Teknologi Rekayasa Komputer,2024,19-Aug-2024,Aktif,24tr0051@student.uadw.ac.id
24TR0052,Maya Ramadhan,L,2005-10-22,Palembang,TR,Teknologi Rekayasa Komputer,2024,2024-08-15,Aktif,24tr0052@student.uadw.ac.id
24TR0053,Nisa Firmansyah,Perempuan,2005-04-05,Palembang,TR,Teknologi Rekayasa Komputer,2024,19/08/2024,Aktif,24tr0053@student.uadw.ac.id
24TR0054,Samuel Fauzi Gunawan,P,2006-06-14,Padang,TR,Teknologi Rekayasa Komputer,2024,2024-08-21,Aktif,24tr0054@student.uadw.ac.id
24TR0055,Aditya Kurniawan,M,2005-06-25,Bandung,TR,Teknologi Rekayasa Komputer,2024,2024-08-21,Aktif,24tr0055@student.uadw.ac.id
24TR0056,Intan Putri Mahendra,L,22/07/2004,Kendari,TR,Teknologi Rekayasa Komputer,2024,2024-08-17,Aktif,24tr0056@student.uadw.ac.id
24TR0057,Ilham Firmansyah,Laki-laki,2006-02-02,Ambon,TR,Teknologi Rekayasa Komputer,2024,2024-08-21,Aktif,24tr0057@student.uadw.ac.id
24TR0058,Wulan Nugraha Siregar,Perempuan,2005-12-20,Yogyakarta, TR,Teknologi Rekayasa Komputer,2024,2024-08-23,Aktif,24tr0058@student.uadw.ac.id
24TR0059,Dian Utami,P,2006-07-14,Yogyakarta,TR,Tek. Rekayasa Komputer,2024,2024-08-25,Aktif,24tr0059@student.uadw.ac.id
24TR0060,Wulan Utami,L,2006-11-12,Gorontalo,TR,TEKNOLOGI REKAYASA KOMPUTER,2024,16/08/2024,Aktif,24tr0060@student.uadw.ac.id
24TR0061,Samuel Firmansyah,P,15/10/2006,Kendari,TR,Teknologi Rekayasa Komputer,2024,18/08/2024,Aktif,24tr0061@student.uadw.ac.id
24TR0062,Nabila Kurniawan Azzahra,Perempuan,2007-03-19,Manado,TR,Teknologi Rekayasa Komputer,2024,2024-08-16,Aktif,24tr0062@student.uadw.ac.id
24TR0063,Fajar Setiawan,P,01-Aug-2004,Raha,TR,TEKNOLOGI REKAYASA KOMPUTER,2024,2024-08-15,Aktif,24tr0063@student.uadw.ac.id
24TR0064,Syifa Aziz,L,02/07/2006,Raha,TR,Teknologi Rekayasa Komputer,2024,2024-08-15,Aktif,24tr0064@student.uadw.ac.id
24TR0065,Grace Setiawan,L,2004-02-22,Baubau,TR,Teknologi Rekayasa Komputer,2024,18/08/2024,Aktif,24tr0065@student.uadw.ac.id
24TR0066,Fajar Hakim,P,2005-01-17,Banda Aceh,TR,Teknologi Rekayasa Komputer,2024,23-Aug-2024,Aktif,24tr0066@student.uadw.ac.id
24TR0067,Fajar Kurniawan,P,2007-09-18,Ambon,tr,TR,2024,2024-08-22,Aktif,24tr0067@student.uadw.ac.id
24TR0068,Rafi Ramadhan Iskandar,Perempuan,22/05/2005,Gorontalo,TR,Teknologi Rekayasa Komputer,2024,2024-08-23,Aktif,24tr0068@student.uadw.ac.id
24TR0069,Arif Kurniawan Halim,L,17-Jul-2005,Surabaya,TR,Teknologi Rekayasa Komputer,2024,2024-08-22,Aktif,24tr0069@student.uadw.ac.id
24TR0070,Ilham Sari,Perempuan,28/06/2006,Medan,TR,Teknologi Rekayasa Komputer,2024,2024-08-25,Aktif,24tr0070@student.uadw.ac.id
24TR0071,Aditya Purnama,L,2005-08-24,Palu,TR,Teknologi Rekayasa Komputer,2024,2024-08-17,Aktif,24tr0071@student.uadw.ac.id
24TR0072,Kevin Ningsih,P,2007-02-15,Bandung,TR,Teknologi Rekayasa Komputer,2024,2024-08-25,Aktif,24tr0072@student.uadw.ac.id
24TR0073,Iqbal Sari,Laki-laki,2006-01-13,Medan,TR,Teknologi Rekayasa Komputer,2024,2024-08-18,Aktif,24tr0073@student.uadw.ac.id
24TR0074,Dimas Ramadhan Pamungkas,M,2005-08-23,Palu,TR,Teknologi Rekayasa Komputer,2024,2024-08-24,Aktif,24tr0074@student.uadw.ac.id
24TR0075,Iqbal Wahyuni Setiaji,P,2006-11-18,Baubau,TR,Tek. Rekayasa Komputer,2024,2024-08-16,Aktif,24tr0075@student.uadw.ac.id
24TR0076,Kevin Ramadhan Mulyani,L,2006-10-25,Kolaka,TR,Teknologi Rekayasa Komputer,2024,2024-08-21,Aktif,24tr0076@student.uadw.ac.id
24TR0077,Zahra Ningsih Permatasari,P,13-Mar-2004,Raha,TR,Teknologi Rekayasa Komputer,2024,2024-08-20,Aktif,24tr0077@student.uadw.ac.id
24BD0001,Bima Maulana,P,2005-04-06,Padang, BD,Bisnis Digital,2024,22/08/2024,AKTIF,24bd0001@student.uadw.ac.id
24BD0002,Ahmad Maharani Wardana,L,2007-09-27,Padang,BD,Bisnis Digital,2024,24-Aug-2024,Aktif,24bd0002@student.uadw.ac.id
24BD0003,Vina Saputra,P,2006-12-19,Manado,BD ,Bisnis Digital,2024,2024-08-25,Aktif,24bd0003@student.uadw.ac.id
24BD0004,Nur Febriani,P,2006-08-24,Palembang,BD,Bisnis Digital,2024,2024-08-17,Aktif,24bd0004@student.uadw.ac.id
24BD0005,Ilham Rasyid,P,16/06/2006,Manado,BD,BD,2024,2024-08-16,Aktif,24bd0005@student.uadw.ac.id
24BD0006,Galih Kurniawan Maulida,L,2005-07-16,Gorontalo,BD,Bisnis Digital,2024,2024-08-17,Aktif,24bd0006@student.uadw.ac.id
24BD0007,Nabila Santoso Oktaviani,P,2006-10-10,Mataram,BD,Bisnis Digital,2024,2024-08-22,Aktif,24bd0007@student.uadw.ac.id
24BD0008,Tiara Putri Rahmawati,Laki-laki,2006-04-19,Manado,BD,Bisnis Digital,2024,2024-08-15,Aktif,24bd0008@student.uadw.ac.id
24BD0009,Syifa Kurniawan Fadillah,P,2006-01-05,Wakatobi,bd,Bisnis Digital,2024,2024-08-25,Aktif,24bd0009@student.uadw.ac.id
24BD0010,Arif Yusuf Pamungkas,P,2006-06-17,Surabaya,BD,Bisnis Digital,2024,2024-08-17,Aktif,24bd0010@student.uadw.ac.id
24BD0011,Ilham Putra Wibowo,Laki-laki,2006-01-06,Raha,BD,Bisnis Digital,2024,2024-08-21,Aktif,24bd0011@student.uadw.ac.id
24BD0012,Rahmat Aziz Oktaviani,P,2006-02-14,Gorontalo,BD,Bisnis Digital,2024,23/08/2024,Aktif,24bd0012@student.uadw.ac.id
24BD0013,Hafiz Febriani,P,2006-10-20,Bandung,BD,Bisnis Digital,2024,2024-08-18,Aktif,24bd0013@student.uadw.ac.id
24BD0014,Ilham Putri,P,2004-04-19,Gorontalo,BD,Bisnis Digital,2024,2024-08-25,Aktif,24bd0014@student.uadw.ac.id
24BD0015,Tiara Pratama Mulyani,Laki-laki,21/01/2004,Kendari,BD,Bisnis Digital,2024,2024-08-19,Aktif,24bd0015@student.uadw.ac.id
24BD0016,Akbar Lestari,L,2005-04-14,Yogyakarta,BD,Bisnis Digital,2024,22/08/2024,Aktif,24bd0016@student.uadw.ac.id
24BD0017,Siti Ramadhan Iskandar,P,2004-01-06,Mataram,BD,Bisnis Digital,2024,2024-08-24,Aktif,24bd0017@student.uadw.ac.id
24BD0018,Rizky Amelia Safitri,L,2006-05-01,Palu,bd,Bisnis Dig.,2024,2024-08-22,Aktif,24bd0018@student.uadw.ac.id
24BD0019,Reza Amelia Azzahra,L,02-Feb-2007,Raha,BD,BD,2024,2024-08-23,Aktif,24bd0019@student.uadw.ac.id
24BD0020,Dimas Rasyid Hermawan,P,2006-11-23,Padang,BD,BISNIS DIGITAL,2024,2024-08-23,Aktif,24bd0020@student.uadw.ac.id
24BD0021,Bima Lestari Karim,Laki-laki,2006-03-16,Raha,BD,Bisnis Digital,2024,2024-08-16,Aktif,24bd0021@student.uadw.ac.id
24BD0022,Zahra Aziz Safitri,Perempuan,2007-09-23,Gorontalo,BD,Bisnis Digital,2024,17-Aug-2024,Aktif,24bd0022@student.uadw.ac.id
24BD0023,Yoga Maharani Permatasari,Laki-laki,2006-07-21,Ambon,bd,Bisnis Digital,2024,2024-08-18,Aktif,24bd0023@student.uadw.ac.id
24BD0024,Putri Setiawan Mulyani,P,2006-08-06,Kolaka,BD ,Bisnis Digital,2024,15-Aug-2024,Aktif,24bd0024@student.uadw.ac.id
24BD0025,Hafiz Nugraha Susanti,P,2005-08-24,Palu,BD,Bisnis Digital,2024,2024-08-22,Aktif,24bd0025@student.uadw.ac.id
24BD0026,Ilham Sari,L,2006-11-03,Surabaya,BD,Bisnis Digital,2024,2024-08-21,Aktif,24bd0026@student.uadw.ac.id
24BD0027,Dian Amelia Permatasari,L,2005-09-10,Makassar,BD,Bisnis Digital,2024,2024-08-25,Aktif,24bd0027@student.uadw.ac.id
24BD0028,Reza Maharani,L,19/12/2005,Wakatobi, BD,Bisnis digital,2024,2024-08-24,Aktif,24bd0028@student.uadw.ac.id
24BD0029,Akbar Maulana Mulyani,L,2006-02-08,Yogyakarta,BD,Bisnis Digital,2024,19/08/2024,Aktif,24bd0029@student.uadw.ac.id
24BD0030,Kevin Maharani Herlambang,P,2006-07-25,Yogyakarta,BD,Bisnis Digital,2024,2024-08-19,Aktif,24bd0030@student.uadw.ac.id
24BD0031,Raka Aziz,F,2006-04-09,Gorontalo,BD,Bisnis Digital,2024,23/08/2024,Aktif,24bd0031@student.uadw.ac.id
24BD0032,Maya Lestari Syahputra,Laki-laki,2007-07-05,Wakatobi,bd,Bisnis Digital,2024,2024-08-18,Aktif,24bd0032@student.uadw.ac.id
24BD0033,Nisa Saputra,P,2006-07-04,Gorontalo, BD,BISNIS DIGITAL,2024,21/08/2024,Aktif ,24bd0033@student.uadw.ac.id
24BD0034,Intan Fauzi Rahmawati,P,01-May-2006,Palu,BD,Bisnis Digital,2024,23-Aug-2024,Aktif,24bd0034@student.uadw.ac.id
24BD0035,Raka Ramadhan,P,22/12/2006,Makassar,BD,Bisnis Dig.,2024,2024-08-22,Aktif,24bd0035@student.uadw.ac.id
24BD0036,Fajar Aziz Kusuma,L,01/05/2006,Medan,BD,Bisnis Digital,2024,23/08/2024,Aktif,24bd0036@student.uadw.ac.id
24BD0037,Iqbal Ramadhan Maulida,Perempuan,24-Apr-2006,Padang,BD ,BD,2024,2024-08-24,Aktif,24bd0037@student.uadw.ac.id
24BD0038,Lukman Permana,Laki-laki,18-Aug-2006,Bandung,BD,Bisnis Dig.,2024,18-Aug-2024,Aktif,24bd0038@student.uadw.ac.id
24BD0039,Fajar Lestari Sulaiman,P,23/10/2007,Raha,BD,Bisnis Digital,2024,16/08/2024,Aktif,24bd0039@student.uadw.ac.id
24BD0040,Taufik Febriani Pamungkas,L,19-Jun-2006,Bandung,BD,Bisnis Digital,2024,2024-08-16,Aktif,24bd0040@student.uadw.ac.id
24BD0041,Farhan Anggraini Sulaiman,Perempuan,2006-10-26,Ambon,BD,Bisnis Digital,2024,25/08/2024,Aktif,24bd0041@student.uadw.ac.id
24BD0042,Iqbal Wijaya Rahmawati,Laki-laki,2005-06-03,Padang,BD,Bisnis Digital,2024,2024-08-22,Aktif,24bd0042@student.uadw.ac.id
24BD0043,Zahra Rasyid Rahmawati,P,2006-01-13,Kolaka,BD,Bisnis Digital,2024,2024-08-24,Aktif,24bd0043@student.uadw.ac.id
24BD0044,Samuel Hakim Hasan,L,2004-03-16,Mataram,BD,BD,2024,19/08/2024,Aktif,24bd0044@student.uadw.ac.id
24BD0045,Yoga Aziz,P,2006-05-25,Unaaha,BD ,BISNIS DIGITAL,2024,2024-08-15,Aktif,24bd0045@student.uadw.ac.id
24BD0046,Dian Hakim Melati,P,2005-01-17,Makassar,bd,Bisnis Digital,2024,15/08/2024,Aktif,24bd0046@student.uadw.ac.id
24BD0047,Rahmat Sari Safitri,L,05/10/2006,Gorontalo,BD,Bisnis Digital,2024,2024-08-19,Aktif,24bd0047@student.uadw.ac.id
24BD0048,Alya Santoso Sulaiman,P,2006-05-25,Mataram,BD,BD,2024,22/08/2024,Aktif,24bd0048@student.uadw.ac.id
24BD0049,Reza Ningsih,L,04/05/2007,Kendari,BD,Bisnis digital,2024,2024-08-24,Aktif,24bd0049@student.uadw.ac.id
24BD0050,Samuel Utami,P,2004-03-09,Baubau,bd,Bisnis Digital,2024,2024-08-22,Aktif,24bd0050@student.uadw.ac.id
24BD0051,Ahmad Aziz Kurniadi,L,2005-02-20,Palembang,BD,Bisnis Digital,2024,2024-08-19,Aktif,24bd0051@student.uadw.ac.id
24BD0052,Galih Amelia,Perempuan,2004-05-13,Surabaya,BD,Bisnis Digital,2024,2024-08-16,Aktif,24bd0052@student.uadw.ac.id
24BD0053,Dian Permana,P,2006-11-21,Semarang,BD,Bisnis Digital,2024,2024-08-18,Aktif,24bd0053@student.uadw.ac.id
24BD0054,Fitri Nugraha,Laki-laki,2007-10-02,Medan,BD,Bisnis Digital,2024,2024-08-18,Aktif,24bd0054@student.uadw.ac.id
24BD0055,Fitri Ananda,Perempuan,17/06/2005,Unaaha,BD,Bisnis Digital,2024,25-Aug-2024,Aktif,24bd0055@student.uadw.ac.id
24BD0056,Bagas Lestari Setiaji,L,2006-04-12,Raha,BD,Bisnis Digital,2024,2024-08-19,Aktif,24bd0056@student.uadw.ac.id
24BD0057,Nadia Wahyuni,P,2006-03-11,Gorontalo,BD,Bisnis Digital,2024,16/08/2024,Aktif,24bd0057@student.uadw.ac.id
24BD0058,Tiara Febriani,L,2006-01-17,Semarang,BD,Bisnis Digital,2024,17/08/2024,Aktif,24bd0058@student.uadw.ac.id
24BD0059,Samuel Fauzi Syahputra,Perempuan,2006-11-12,Mataram,BD,Bisnis Digital,2024,16-Aug-2024,Aktif,24bd0059@student.uadw.ac.id
24BD0060,Salma Utami,P,10/04/2006,Padang, BD,Bisnis Digital,2024,21/08/2024,Aktif,24bd0060@student.uadw.ac.id
24BD0061,Nabila Purnama Hasan,P,2005-12-13,Bandung,BD,Bisnis Digital,2024,2024-08-16,Aktif,24bd0061@student.uadw.ac.id
24BD0062,Taufik Purnama Mulyani,L,2006-05-26,Manado,BD,Bisnis Digital,2024,2024-08-18,Aktif,24bd0062@student.uadw.ac.id
24BD0063,Nabila Santoso Oktaviani,Perempuan,2007-11-24,Banda Aceh, BD,Bisnis Digital,2024,15/08/2024,Aktif,24bd0063@student.uadw.ac.id
24BD0064,Galih Setiawan,Perempuan,2007-11-05,Manado,BD,Bisnis Digital,2024,2024-08-22,Aktif,24bd0064@student.uadw.ac.id
24BD0065,Nisa Amelia Susanti,Laki-laki,09-Jan-2006,Banda Aceh,BD,Bisnis Digital,2024,2024-08-20,Aktif,24bd0065@student.uadw.ac.id
24BD0066,Hafiz Amelia Fadillah,L,11/02/2004,Bandung,BD,Bisnis Digital,2024,16/08/2024,Aktif,24bd0066@student.uadw.ac.id
24BD0067,Aisyah Santoso Hasan,P,21/12/2006,Gorontalo,BD,Bisnis Digital,2024,2024-08-21,Aktif,24bd0067@student.uadw.ac.id
24BD0068,Nadia Setiawan,P,22-Nov-2007,Kendari,BD,Bisnis Digital,2024,2024-08-21,AKTIF,24bd0068@student.uadw.ac.id
24BD0069,Rina Permana Iskandar,L,26/09/2006,Medan,BD,Bisnis Digital,2024,2024-08-20,Aktif,24bd0069@student.uadw.ac.id
24BD0070,Rahmat Maharani,P,2005-08-02,Baubau,BD,Bisnis Digital,2024,2024-08-18,Aktif,24bd0070@student.uadw.ac.id
24BD0071,Dian Anggraini,P,2006-07-06,Wakatobi, BD,Bisnis Digital,2024,2024-08-21,Aktif,24bd0071@student.uadw.ac.id
24BD0072,Akbar Fauzi Oktaviani,Laki-laki,2006-11-16,Baubau,BD,Bisnis Digital,2024,2024-08-16,Aktif,24bd0072@student.uadw.ac.id
24BD0073,Dian Setiawan Susanti,P,2006-01-09,Medan,BD,Bisnis Digital,2024,2024-08-17,Aktif,24bd0073@student.uadw.ac.id
24BD0074,Taufik Ramadhan Prasetyo,L,07-Dec-2006,Manado,BD,Bisnis Digital,2024,23/08/2024,Aktif,24bd0074@student.uadw.ac.id
24BD0075,Maya Yusuf,Laki-laki,2005-05-10,Medan,BD,Bisnis Digital,2024,2024-08-23,Aktif,24bd0075@student.uadw.ac.id
24BD0076,Dewi Pratama,L,2006-02-03,Mataram,BD,Bisnis Digital,2024,2024-08-24,Aktif,24bd0076@student.uadw.ac.id
24BD0077,Putri Maharani Sulaiman,L,2006-03-24,Padang,BD,BD,2024,23/08/2024,Aktif,24bd0077@student.uadw.ac.id
24BD0078,Fajar Anggraini,L,2005-12-18,Mataram,BD,Bisnis Dig.,2024,21/08/2024,Aktif,24bd0078@student.uadw.ac.id
23SI0082,Nabila Pratama Kurniadi,L,25/10/2004,Palu,SI,Sistem Informasi,2023,17/08/2023,Aktif,23si0082@student.uadw.ac.id
23TI0055,Ilham Ramadhan Wibowo,P,2004-07-23,Unaaha,TI,TEKNOLOGI INFORMASI,2023,2023-08-15,Aktif,23ti0055@student.uadw.ac.id
24BD0019,Reza Amelia Azzahra,L,02-Feb-2007,Raha,BD,BD,2024,2024-08-23,Aktif,24bd0019@student.uadw.ac.id
24BD0013,Hafiz Febriani,P,2006-10-20,Bandung,BD,Bisnis Digital,2024,2024-08-18,Aktif,24bd0013@student.uadw.ac.id
21TI0042,Grace Aziz Karim,L,2001-11-07,Yogyakarta,TI,Teknologi Informasi,2021,2021-08-17,Lulus,21ti0042@student.uadw.ac.id
23DS0040,Fajar Utami Azzahra,L,2005-02-06,Palembang,DS,Sains Data,2023,2023-08-18,Aktif,23ds0040@student.uadw.ac.id
24TI0005,Siti Febriani Azzahra,Laki-laki,2004-12-25,Manado,TI,Teknologi Informasi,2024,2024-08-19,Aktif,24ti0005@student.uadw.ac.id
22IF0004,Dian Ramadhan,L,2004-06-08,Kolaka,if,informatika,2022,2022-08-17,Aktif ,22if0004@student.uadw.ac.id
24BD0028,Reza Maharani,L,19/12/2005,Wakatobi, BD,Bisnis digital,2024,2024-08-24,Aktif,24bd0028@student.uadw.ac.id
22BD0068,Taufik Ananda Setiaji,Laki-laki,2003-07-11,Gorontalo,BD,Bisnis Digital,2022,20/08/2022,Aktif,22bd0068@student.uadw.ac.id
24TI0062,Bima Amelia Halim,L,2005-03-19,Padang,TI,TI,2024,2024-08-20,Aktif,24ti0062@student.uadw.ac.id
23SI0066,Iqbal Amelia,F,2006-12-02,Unaaha,SI,Sistem Informasi,2023,15/08/2023,Aktif,23si0066@student.uadw.ac.id
21TR0015,Rahmat Ramadhan,L,2003-11-01,Manado,TR,Teknologi Rekayasa Komputer,2021,15/08/2021,Lulus,21tr0015@student.uadw.ac.id
24DS0078,Lukman Saputra Wibowo,P,2007-01-08,Kolaka,ds,Sains Data,2024,15/08/2024,Aktif,24ds0078@student.uadw.ac.id
21IF0052,Anisa Pratama Nugroho,L,2004-07-02,Unaaha,IF,Informatika,2021,2021-08-25,Lulus,21if0052@student.uadw.ac.id
