pembayaran_id,nim,semester_id,tanggal_bayar_raw,nominal_tagihan,nominal_bayar,status_pembayaran,kanal
PAY0000001,21TI0001,2021G,,5500000,0,Belum Lunas,E-Wallet
PAY0000002,21TI0002,2021G,2021-09-19,5500000,5500000,Lunas,VA Bank
PAY0000003,21TI0003,2021G,2021-09-21,5500000,5500000,Lunas,VA Bank
PAY0000004,21TI0004,2021G,2021-09-04,5500000,5500000,Lunas,E-Wallet
PAY0000005,21TI0005,2021G,2021-10-02,5500000,5500000,Lunas,Loket Kampus
PAY0000006,21TI0006,2021G,04-Oct-2021,5500000,5500000,Lunas,E-Wallet
PAY0000007,21TI0007,2021G,02-Oct-2021,5500000,5500000,Lunas,E-Wallet
PAY0000008,21TI0008,2021G,2021-09-20,5500000,5500000,Lunas,E-Wallet
PAY0000009,21TI0009,2021G,2021-08-20,5500000,5500000,Lunas,Loket Kampus
PAY0000010,21TI0010,2021G,2021-09-17,5500000,2700000,Cicilan,E-Wallet
PAY0000011,21TI0011,2021G,2021-10-02,5500000,5500000,Lunas,Loket Kampus
PAY0000012,21TI0012,2021G,2021-09-27,5500000,5500000,Lunas,VA Bank
PAY0000013,21TI0013,2021G,26-Sep-2021,5500000,5500000,Lunas,Transfer Bank
PAY0000014,21TI0014,2021G,2021-09-12,5500000,3600000,Cicilan,E-Wallet
PAY0000015,21TI0015,2021G,21-Sep-2021,5500000,3400000,Cicilan,Transfer Bank
PAY0000016,21TI0016,2021G,2021-09-10,5500000,5500000,Lunas,Transfer Bank
PAY0000017,21TI0017,2021G,2021-09-24,5500000,5500000,Lunas,VA Bank
PAY0000018,21TI0018,2021G,2021-09-24,5500000,5500000,Lunas,Transfer Bank
PAY0000019,21TI0019,2021G,27-Sep-2021,5500000,5500000,Lunas,E-Wallet
PAY0000020,21TI0020,2021G,2021-09-07,5500000,5500000,Lunas,E-Wallet
PAY0000021,21TI0021,2021G,08-Sep-2021,5500000,5500000,Lunas,Loket Kampus
PAY0000022,21TI0022,2021G,01/10/2021,5500000,5500000,Lunas,E-Wallet
PAY0000023,21TI0023,2021G,01-Sep-2021,5500000,5500000,Lunas,VA Bank
PAY0000024,21TI0024,2021G,2021-09-09,5500000,5500000,Lunas,VA Bank
PAY0000025,21TI0025,2021G,2021-09-17,5500000,5500000,Lunas,VA Bank
PAY0000026,21TI0026,2021G,2021-09-06,5500000,5500000,Lunas,Transfer Bank
PAY0000027,21TI0027,2021G,2021-08-25,5500000,5500000,Lunas,Transfer Bank
PAY0000028,21TI0028,2021G,2021-09-29,5500000,5500000,Lunas,E-Wallet
PAY0000029,21TI0029,2021G,2021-08-20,5500000,5500000,Lunas,Loket Kampus
PAY0000030,21TI0030,2021G,2021-09-02,5500000,5500000,Lunas,Transfer Bank
PAY0000031,21TI0031,2021G,,5500000,5500000,Lunas,Loket Kampus
PAY0000032,21TI0032,2021G,2021-09-11,5500000,5500000,Lunas,Transfer Bank
PAY0000033,21TI0033,2021G,2021-09-02,5500000,5500000,Lunas,VA Bank
PAY0000034,21TI0034,2021G,2021-09-04,5500000,5500000,Lunas,VA Bank
PAY0000035,21TI0035,2021G,2021-08-21,5500000,3500000,Cicilan,E-Wallet
PAY0000036,21TI0036,2021G,2021-09-11,5500000,5500000,Lunas,VA Bank
PAY0000037,21TI0037,2021G,,5500000,0,Belum Lunas,E-Wallet
PAY0000038,21TI0038,2021G,2021-08-22,5500000,5500000,Lunas,Loket Kampus
PAY0000039,21TI0039,2021G,2021-08-20,5500000,5500000,Lunas,Loket Kampus
PAY0000040,21TI0040,2021G,2021-09-01,5500000,5500000,Lunas,E-Wallet
PAY0000041,21TI0041,2021G,2021-08-22,5500000,5500000,Lunas,Loket Kampus
PAY0000042,21TI0042,2021G,20/08/2021,5500000,5500000,Lunas,VA Bank
PAY0000043,21TI0043,2021G,17-Sep-2021,5500000,5500000,Lunas,Transfer Bank
PAY0000044,21TI0044,2021G,2021-08-25,5500000,5500000,Lunas,E-Wallet
PAY0000045,21TI0045,2021G,2021-09-28,5500000,5500000,Lunas,E-Wallet
PAY0000046,21TI0046,2021G,2021-08-27,5500000,5500000,Lunas,E-Wallet
PAY0000047,21TI0047,2021G,2021-09-04,5500000,5500000,Lunas,Transfer Bank
PAY0000048,21TI0048,2021G,2021-08-26,5500000,5500000,Lunas,Loket Kampus
PAY0000049,21TI0049,2021G,2021-09-29,5500000,3800000,Cicilan,Transfer Bank
PAY0000050,21TI0050,2021G,2021-08-30,5500000,5500000,Lunas,E-Wallet
PAY0000051,21TI0051,2021G,2021-09-04,5500000,5500000,Lunas,E-Wallet
PAY0000052,21TI0052,2021G,2021-09-14,5500000,5500000,Lunas,Loket Kampus
PAY0000053,21TI0053,2021G,2021-08-29,5500000,5500000,Lunas,E-Wallet
PAY0000054,21TI0054,2021G,2021-09-08,5500000,5500000,Lunas,E-Wallet
PAY0000055,21TI0055,2021G,20/09/2021,5500000,5500000,Lunas,VA Bank
PAY0000056,21TI0056,2021G,2021-08-22,5500000,5500000,Lunas,Loket Kampus
PAY0000057,21TI0057,2021G,2021-08-23,5500000,5500000,Lunas,Loket Kampus
PAY0000058,21TI0058,2021G,2021-08-29,5500000,5500000,Lunas,Loket Kampus
PAY0000059,21TI0059,2021G,2021-09-26,5500000,5500000,Lunas,Loket Kampus
PAY0000060,21TI0060,2021G,2021-09-24,5500000,5500000,Lunas,E-Wallet
PAY0000061,21TI0061,2021G,,5500000,0,Belum Lunas,E-Wallet
PAY0000062,21TI0062,2021G,2021-08-24,5500000,5500000,Lunas,Transfer Bank
PAY0000063,21TI0063,2021G,2021-09-10,5500000,5500000,Lunas,VA Bank
PAY0000064,21TI0064,2021G,,5500000,0,Belum Lunas,E-Wallet
PAY0000065,21TI0065,2021G,19/09/2021,5500000,5500000,Lunas,E-Wallet
PAY0000066,21TI0066,2021G,2021-09-11,5500000,5500000,Lunas,VA Bank
PAY0000067,21TI0067,2021G,18/09/2021,5500000,5500000,Lunas,VA Bank
PAY0000068,21TI0068,2021G,2021-10-01,5500000,5500000,Lunas,VA Bank
PAY0000069,21TI0069,2021G,2021-08-31,5500000,5500000,Lunas,E-Wallet
PAY0000070,21TI0070,2021G,05/09/2021,5500000,5500000,Lunas,VA Bank
PAY0000071,21TI0071,2021G,2021-09-27,5500000,5500000,Lunas,VA Bank
PAY0000072,21TI0072,2021G,2021-09-14,5500000,5500000,Lunas,Loket Kampus
PAY0000073,21TI0073,2021G,22/08/2021,5500000,5500000,Lunas,Loket Kampus
PAY0000074,21TI0074,2021G,2021-09-19,5500000,5500000,Lunas,Loket Kampus
PAY0000075,21TI0075,2021G,09-Sep-2021,5500000,5500000,Lunas,VA Bank
PAY0000076,21TI0076,2021G,2021-09-23,5500000,5500000,Lunas,VA Bank
PAY0000077,21TI0077,2021G,2021-09-07,5500000,5500000,Lunas,E-Wallet
PAY0000078,21TI0078,2021G,2021-09-04,5500000,5500000,Lunas,Loket Kampus
PAY0000079,21TI0079,2021G,2021-10-02,5500000,5500000,Lunas,E-Wallet
PAY0000080,21TI0080,2021G,2021-09-23,5500000,5500000,Lunas,E-Wallet
PAY0000081,21TI0081,2021G,2021-09-21,5500000,5500000,Lunas,Loket Kampus
PAY0000082,21TI0082,2021G,01/10/2021,5500000,3200000,Cicilan,E-Wallet
PAY0000083,21TI0083,2021G,2021-08-23,5500000,5500000,Lunas,Loket Kampus
PAY0000084,21TI0084,2021G,2021-08-24,5500000,5500000,Lunas,Loket Kampus
PAY0000085,21TI0085,2021G,2021-09-10,5500000,3200000,Cicilan,VA Bank
PAY0000086,21SI0001,2021G,,5250000,0,Belum Lunas,Loket Kampus
PAY0000087,21SI0002,2021G,21/09/2021,5250000,5250000,Lunas,Transfer Bank
PAY0000088,21SI0003,2021G,2021-08-26,5250000,5250000,Lunas,VA Bank
PAY0000089,21SI0004,2021G,2021-10-02,5250000,5250000,Lunas,E-Wallet
PAY0000090,21SI0005,2021G,2021-09-05,5250000,5250000,Lunas,Loket Kampus
PAY0000091,21SI0006,2021G,2021-09-21,5250000,5250000,Lunas,VA Bank
PAY0000092,21SI0007,2021G,2021-09-22,5250000,5250000,Lunas,Loket Kampus
PAY0000093,21SI0008,2021G,27-Sep-2021,5250000,5250000,Lunas,Transfer Bank
PAY0000094,21SI0009,2021G,2021-09-10,5250000,5250000,Lunas,Loket Kampus
PAY0000095,21SI0010,2021G,2021-09-12,5250000,5250000,Lunas,Loket Kampus
PAY0000096,21SI0011,2021G,2021-09-05,5250000,5250000,Lunas,Loket Kampus
PAY0000097,21SI0012,2021G,02-Oct-2021,5250000,5250000,Lunas,Transfer Bank
PAY0000098,21SI0013,2021G,08-Sep-2021,5250000,5250000,Lunas,Loket Kampus
PAY0000099,21SI0014,2021G,2021-09-17,5250000,5250000,Lunas,Transfer Bank
PAY0000100,21SI0015,2021G,2021-10-02,5250000,5250000,Lunas,Transfer Bank
PAY0000101,21SI0016,2021G,2021-09-06,5250000,2500000,Cicilan,E-Wallet
PAY0000102,21SI0017,2021G,21-Sep-2021,5250000,5250000,Lunas,Transfer Bank
PAY0000103,21SI0018,2021G,2021-09-16,5250000,5250000,Lunas,E-Wallet
PAY0000104,21SI0019,2021G,2021-08-25,5250000,5250000,Lunas,E-Wallet
PAY0000105,21SI0020,2021G,2021-09-09,5250000,5250000,Lunas,Loket Kampus
PAY0000106,21SI0021,2021G,2021-08-28,5250000,5250000,Lunas,Transfer Bank
PAY0000107,21SI0022,2021G,14/09/2021,5250000,2200000,Cicilan,E-Wallet
PAY0000108,21SI0023,2021G,2021-09-22,5250000,5250000,Lunas,Transfer Bank
PAY0000109,21SI0024,2021G,2021-08-23,5250000,5250000,Lunas,Transfer Bank
PAY0000110,21SI0025,2021G,2021-09-02,5250000,5250000,Lunas,Transfer Bank
PAY0000111,21SI0026,2021G,13/09/2021,5250000,5250000,Lunas,Loket Kampus
PAY0000112,21SI0027,2021G,2021-09-15,5250000,5250000,Lunas,Transfer Bank
PAY0000113,21SI0028,2021G,2021-09-23,5250000,5250000,Lunas,Loket Kampus
PAY0000114,21SI0029,2021G,21/08/2021,5250000,3300000,Cicilan,VA Bank
PAY0000115,21SI0030,2021G,2021-08-27,5250000,2100000,Cicilan,VA Bank
PAY0000116,21SI0031,2021G,2021-09-04,5250000,5250000,Lunas,Loket Kampus
PAY0000117,21SI0032,2021G,,5250000,0,Belum Lunas,Loket Kampus
PAY0000118,21SI0033,2021G,2021-09-07,5250000,5250000,Lunas,Loket Kampus
PAY0000119,21SI0034,2021G,2021-09-18,5250000,5250000,Lunas,Transfer Bank
PAY0000120,21SI0035,2021G,2021-09-26,5250000,5250000,Lunas,Loket Kampus
PAY0000121,21SI0036,2021G,2021-09-20,5250000,5250000,Lunas,Transfer Bank
PAY0000122,21SI0037,2021G,2021-09-01,5250000,5250000,Lunas,E-Wallet
PAY0000123,21SI0038,2021G,2021-09-22,5250000,5250000,Lunas,E-Wallet
PAY0000124,21SI0039,2021G,08/09/2021,5250000,5250000,Lunas,VA Bank
PAY0000125,21SI0040,2021G,,5250000,0,Belum Lunas,Loket Kampus
PAY0000126,21SI0041,2021G,2021-09-12,5250000,5250000,Lunas,VA Bank
PAY0000127,21SI0042,2021G,2021-08-27,5250000,5250000,Lunas,E-Wallet
PAY0000128,21SI0043,2021G,03/10/2021,5250000,5250000,Lunas,E-Wallet
PAY0000129,21SI0044,2021G,22-Sep-2021,5250000,5250000,Lunas,Loket Kampus
PAY0000130,21SI0045,2021G,04-Oct-2021,5250000,5250000,Lunas,Loket Kampus
PAY0000131,21SI0046,2021G,26/08/2021,5250000,5250000,Lunas,Transfer Bank
PAY0000132,21SI0047,2021G,2021-09-09,5250000,5250000,Lunas,E-Wallet
PAY0000133,21SI0048,2021G,2021-09-25,5250000,5250000,Lunas,E-Wallet
PAY0000134,21SI0049,2021G,2021-08-21,5250000,5250000,Lunas,E-Wallet
PAY0000135,21SI0050,2021G,20/09/2021,5250000,5250000,Lunas,Transfer Bank
PAY0000136,21SI0051,2021G,2021-09-16,5250000,5250000,Lunas,E-Wallet
PAY0000137,21SI0052,2021G,2021-09-09,5250000,5250000,Lunas,Transfer Bank
PAY0000138,21SI0053,2021G,2021-09-24,5250000,5250000,Lunas,Transfer Bank
PAY0000139,21SI0054,2021G,2021-09-09,5250000,5250000,Lunas,VA Bank
PAY0000140,21SI0055,2021G,2021-08-23,5250000,5250000,Lunas,Transfer Bank
PAY0000141,21SI0056,2021G,,5250000,0,Belum Lunas,Loket Kampus
PAY0000142,21SI0057,2021G,2021-09-29,5250000,5250000,Lunas,E-Wallet
PAY0000143,21SI0058,2021G,03/10/2021,5250000,5250000,Lunas,Transfer Bank
PAY0000144,21SI0059,2021G,2021-09-08,5250000,5250000,Lunas,Loket Kampus
PAY0000145,21SI0060,2021G,28-Sep-2021,5250000,5250000,Lunas,Loket Kampus
PAY0000146,21SI0061,2021G,30-Sep-2021,5250000,5250000,Lunas,VA Bank
PAY0000147,21SI0062,2021G,23-Sep-2021,5250000,5250000,Lunas,VA Bank
PAY0000148,21SI0063,2021G,2021-09-11,5250000,5250000,Lunas,Transfer Bank
PAY0000149,21SI0064,2021G,2021-08-24,5250000,5250000,Lunas,Transfer Bank
PAY0000150,21SI0065,2021G,24/08/2021,5250000,5250000,Lunas,Transfer Bank
PAY0000151,21SI0066,2021G,22-Aug-2021,5250000,5250000,Lunas,VA Bank
PAY0000152,21SI0067,2021G,2021-09-28,5250000,5250000,Lunas,VA Bank
PAY0000153,21SI0068,2021G,2021-09-02,5250000,5250000,Lunas,E-Wallet
PAY0000154,21SI0069,2021G,2021-09-10,5250000,5250000,Lunas,VA Bank
PAY0000155,21SI0070,2021G,13/09/2021,5250000,5250000,Lunas,Transfer Bank
PAY0000156,21SI0071,2021G,2021-08-21,5250000,5250000,Lunas,VA Bank
PAY0000157,21SI0072,2021G,2021-09-18,5250000,5250000,Lunas,Transfer Bank
PAY0000158,21SI0073,2021G,2021-10-01,5250000,5250000,Lunas,E-Wallet
PAY0000159,21SI0074,2021G,2021-09-15,5250000,5250000,Lunas,Transfer Bank
PAY0000160,21SI0075,2021G,10-Sep-2021,5250000,5250000,Lunas,E-Wallet
PAY0000161,21SI0076,2021G,2021-10-02,5250000,5250000,Lunas,E-Wallet
PAY0000162,21SI0077,2021G,2021-09-29,5250000,5250000,Lunas,VA Bank
PAY0000163,21SI0078,2021G,23-Sep-2021,5250000,5250000,Lunas,Transfer Bank
PAY0000164,21SI0079,2021G,02/09/2021,5250000,5250000,Lunas,E-Wallet
PAY0000165,21SI0080,2021G,2021-09-04,5250000,5250000,Lunas,Loket Kampus
PAY0000166,21SI0081,2021G,28/09/2021,5250000,5250000,Lunas,E-Wallet
PAY0000167,21IF0001,2021G,,5750000,0,Belum Lunas,VA Bank
PAY0000168,21IF0002,2021G,2021-09-19,5750000,5750000,Lunas,Loket Kampus
PAY0000169,21IF0003,2021G,2021-08-22,5750000,5750000,Lunas,E-Wallet
PAY0000170,21IF0004,2021G,2021-08-27,5750000,2500000,Cicilan,VA Bank
PAY0000171,21IF0005,2021G,19/09/2021,5750000,5750000,Lunas,E-Wallet
PAY0000172,21IF0006,2021G,2021-08-24,5750000,5750000,Lunas,Loket Kampus
PAY0000173,21IF0007,2021G,20/08/2021,5750000,5750000,Lunas,VA Bank
PAY0000174,21IF0008,2021G,,5750000,0,Belum Lunas,Loket Kampus
PAY0000175,21IF0009,2021G,2021-09-25,5750000,5750000,Lunas,Loket Kampus
PAY0000176,21IF0010,2021G,25/09/2021,5750000,5750000,Lunas,E-Wallet
PAY0000177,21IF0011,2021G,2021-08-30,5750000,5750000,Lunas,E-Wallet
PAY0000178,21IF0012,2021G,2021-08-31,5750000,5750000,Lunas,Transfer Bank
PAY0000179,21IF0013,2021G,2021-09-06,5750000,5750000,Lunas,Transfer Bank
PAY0000180,21IF0014,2021G,13/09/2021,5750000,5750000,Lunas,Loket Kampus
PAY0000181,21IF0015,2021G,2021-09-11,5750000,5750000,Lunas,E-Wallet
PAY0000182,21IF0016,2021G,2021-08-20,5750000,3700000,Cicilan,Transfer Bank
PAY0000183,21IF0017,2021G,2021-08-31,5750000,5750000,Lunas,VA Bank
PAY0000184,21IF0018,2021G,26-Sep-2021,5750000,5750000,Lunas,E-Wallet
PAY0000185,21IF0019,2021G,03/10/2021,5750000,5750000,Lunas,Transfer Bank
PAY0000186,21IF0020,2021G,2021-08-25,5750000,5750000,Lunas,Loket Kampus
PAY0000187,21IF0021,2021G,2021-09-12,5750000,5750000,Lunas,VA Bank
PAY0000188,21IF0022,2021G,2021-09-30,5750000,5750000,Lunas,E-Wallet
PAY0000189,21IF0023,2021G,17/09/2021,5750000,5750000,Lunas,Transfer Bank
PAY0000190,21IF0024,2021G,,5750000,0,Belum Lunas,Loket Kampus
PAY0000191,21IF0025,2021G,2021-09-02,5750000,5750000,Lunas,Transfer Bank
PAY0000192,21IF0026,2021G,01-Oct-2021,5750000,5750000,Lunas,Transfer Bank
PAY0000193,21IF0027,2021G,2021-08-27,5750000,5750000,Lunas,VA Bank
PAY0000194,21IF0028,2021G,2021-08-28,5750000,5750000,Lunas,VA Bank
PAY0000195,21IF0029,2021G,2021-10-03,5750000,5750000,Lunas,Loket Kampus
PAY0000196,21IF0030,2021G,2021-09-21,5750000,5750000,Lunas,VA Bank
PAY0000197,21IF0031,2021G,2021-09-18,5750000,5750000,Lunas,VA Bank
PAY0000198,21IF0032,2021G,2021-08-20,5750000,5750000,Lunas,Loket Kampus
PAY0000199,21IF0033,2021G,21/08/2021,5750000,5750000,Lunas,VA Bank
PAY0000200,21IF0034,2021G,2021-10-01,5750000,5750000,Lunas,Transfer Bank
PAY0000201,21IF0035,2021G,2021-10-01,5750000,2700000,Cicilan,E-Wallet
PAY0000202,21IF0036,2021G,2021-09-02,5750000,2200000,Cicilan,E-Wallet
PAY0000203,21IF0037,2021G,2021-09-05,5750000,5750000,Lunas,Loket Kampus
PAY0000204,21IF0038,2021G,,5750000,0,Belum Lunas,Transfer Bank
PAY0000205,21IF0039,2021G,2021-09-21,5750000,4200000,Cicilan,Loket Kampus
PAY0000206,21IF0040,2021G,2021-09-30,5750000,2300000,Cicilan,VA Bank
PAY0000207,21IF0041,2021G,2021-09-01,5750000,5750000,Lunas,Transfer Bank
PAY0000208,21IF0042,2021G,2021-09-20,5750000,2400000,Cicilan,Transfer Bank
PAY0000209,21IF0043,2021G,2021-09-24,5750000,5750000,Lunas,Transfer Bank
PAY0000210,21IF0044,2021G,23/09/2021,5750000,5750000,Lunas,E-Wallet
PAY0000211,21IF0045,2021G,2021-08-21,5750000,5750000,Lunas,E-Wallet
PAY0000212,21IF0046,2021G,2021-10-02,5750000,5750000,Lunas,Transfer Bank
PAY0000213,21IF0047,2021G,30/09/2021,5750000,5750000,Lunas,E-Wallet
PAY0000214,21IF0048,2021G,2021-08-23,5750000,5750000,Lunas,Loket Kampus
PAY0000215,21IF0049,2021G,2021-09-29,5750000,5750000,Lunas,Loket Kampus
PAY0000216,21IF0050,2021G,2021-09-15,5750000,5750000,Lunas,VA Bank
PAY0000217,21IF0051,2021G,2021-08-20,5750000,5750000,Lunas,Transfer Bank
PAY0000218,21IF0052,2021G,2021-08-25,5750000,5750000,Lunas,Transfer Bank
PAY0000219,21IF0053,2021G,2021-09-05,5750000,5750000,Lunas,Transfer Bank
PAY0000220,21IF0054,2021G,2021-09-28,5750000,5750000,Lunas,Loket Kampus
PAY0000221,21IF0055,2021G,2021-09-12,5750000,4200000,Cicilan,Transfer Bank
PAY0000222,21IF0056,2021G,2021-09-23,5750000,5750000,Lunas,E-Wallet
PAY0000223,21IF0057,2021G,2021-09-19,5750000,2500000,Cicilan,Transfer Bank
PAY0000224,21IF0058,2021G,20/08/2021,5750000,5750000,Lunas,E-Wallet
PAY0000225,21IF0059,2021G,04/09/2021,5750000,2000000,Cicilan,Transfer Bank
PAY0000226,21IF0060,2021G,22-Aug-2021,5750000,3200000,Cicilan,Loket Kampus
PAY0000227,21IF0061,2021G,2021-09-05,5750000,5750000,Lunas,Loket Kampus
PAY0000228,21IF0062,2021G,31-Aug-2021,5750000,5750000,Lunas,Transfer Bank
PAY0000229,21IF0063,2021G,,5750000,0,Belum Lunas,VA Bank
PAY0000230,21IF0064,2021G,2021-09-08,5750000,5750000,Lunas,E-Wallet
PAY0000231,21IF0065,2021G,2021-09-12,5750000,5750000,Lunas,VA Bank
PAY0000232,21IF0066,2021G,2021-08-22,5750000,5750000,Lunas,VA Bank
PAY0000233,21IF0067,2021G,2021-08-25,5750000,5750000,Lunas,Transfer Bank
PAY0000234,21IF0068,2021G,15-Sep-2021,5750000,5750000,Lunas,Transfer Bank
PAY0000235,21IF0069,2021G,2021-09-09,5750000,2100000,Cicilan,VA Bank
PAY0000236,21IF0070,2021G,2021-09-29,5750000,5750000,Lunas,Transfer Bank
PAY0000237,21IF0071,2021G,2021-08-21,5750000,5750000,Lunas,E-Wallet
PAY0000238,21IF0072,2021G,21/08/2021,5750000,5750000,Lunas,Loket Kampus
PAY0000239,21IF0073,2021G,2021-08-21,5750000,3900000,Cicilan,Loket Kampus
PAY0000240,21IF0074,2021G,2021-08-26,5750000,5750000,Lunas,E-Wallet
PAY0000241,21IF0075,2021G,18/09/2021,5750000,5750000,Lunas,Loket Kampus
PAY0000242,21IF0076,2021G,2021-09-30,5750000,5750000,Lunas,Transfer Bank
PAY0000243,21IF0077,2021G,17-Sep-2021,5750000,5750000,Lunas,Loket Kampus
PAY0000244,21IF0078,2021G,2021-09-20,5750000,5750000,Lunas,VA Bank
PAY0000245,21IF0079,2021G,2021-09-01,5750000,2900000,Cicilan,Loket Kampus
PAY0000246,21IF0080,2021G,2021-08-29,5750000,2900000,Cicilan,Transfer Bank
PAY0000247,21IF0081,2021G,2021-09-17,5750000,5750000,Lunas,E-Wallet
PAY0000248,21IF0082,2021G,2021-08-30,5750000,5750000,Lunas,Loket Kampus
PAY0000249,21IF0083,2021G,2021-09-04,5750000,5750000,Lunas,VA Bank
PAY0000250,21IF0084,2021G,2021-10-01,5750000,5750000,Lunas,E-Wallet
PAY0000251,21IF0085,2021G,2021-09-13,5750000,5750000,Lunas,VA Bank
PAY0000252,21DS0001,2021G,27/08/2021,6000000,6000000,Lunas,Loket Kampus
PAY0000253,21DS0002,2021G,2021-10-01,6000000,6000000,Lunas,E-Wallet
PAY0000254,21DS0003,2021G,31/08/2021,6000000,6000000,Lunas,Loket Kampus
PAY0000255,21DS0004,2021G,2021-08-21,6000000,6000000,Lunas,Transfer Bank
PAY0000256,21DS0005,2021G,2021-09-11,6000000,6000000,Lunas,Transfer Bank
PAY0000257,21DS0006,2021G,21/09/2021,6000000,6000000,Lunas,Transfer Bank
PAY0000258,21DS0007,2021G,04-Oct-2021,6000000,6000000,Lunas,Loket Kampus
PAY0000259,21DS0008,2021G,06/09/2021,6000000,6000000,Lunas,VA Bank
PAY0000260,21DS0009,2021G,2021-09-23,6000000,6000000,Lunas,E-Wallet
PAY0000261,21DS0010,2021G,2021-08-24,6000000,6000000,Lunas,Loket Kampus
PAY0000262,21DS0011,2021G,17-Sep-2021,6000000,6000000,Lunas,Transfer Bank
PAY0000263,21DS0012,2021G,2021-09-04,6000000,6000000,Lunas,VA Bank
PAY0000264,21DS0013,2021G,2021-08-25,6000000,6000000,Lunas,Transfer Bank
PAY0000265,21DS0014,2021G,2021-09-10,6000000,6000000,Lunas,VA Bank
PAY0000266,21DS0015,2021G,2021-08-27,6000000,6000000,Lunas,Transfer Bank
PAY0000267,21DS0016,2021G,02/09/2021,6000000,6000000,Lunas,VA Bank
PAY0000268,21DS0017,2021G,2021-08-22,6000000,3100000,Cicilan,VA Bank
PAY0000269,21DS0018,2021G,2021-09-26,6000000,6000000,Lunas,VA Bank
PAY0000270,21DS0019,2021G,2021-10-02,6000000,6000000,Lunas,E-Wallet
PAY0000271,21DS0020,2021G,2021-08-20,6000000,6000000,Lunas,Loket Kampus
PAY0000272,21DS0021,2021G,08/09/2021,6000000,6000000,Lunas,Loket Kampus
PAY0000273,21DS0022,2021G,2021-09-12,6000000,6000000,Lunas,VA Bank
PAY0000274,21DS0023,2021G,2021-09-25,6000000,6000000,Lunas,E-Wallet
PAY0000275,21DS0024,2021G,2021-08-24,6000000,6000000,Lunas,Transfer Bank
PAY0000276,21DS0025,2021G,27-Aug-2021,6000000,6000000,Lunas,E-Wallet
PAY0000277,21DS0026,2021G,2021-08-28,6000000,6000000,Lunas,Transfer Bank
PAY0000278,21DS0027,2021G,2021-09-15,6000000,6000000,Lunas,VA Bank
PAY0000279,21DS0028,2021G,24/08/2021,6000000,6000000,Lunas,E-Wallet
PAY0000280,21DS0029,2021G,2021-09-28,6000000,6000000,Lunas,VA Bank
PAY0000281,21DS0030,2021G,2021-09-29,6000000,6000000,Lunas,VA Bank
PAY0000282,21DS0031,2021G,,6000000,0,Belum Lunas,E-Wallet
PAY0000283,21DS0032,2021G,2021-10-03,6000000,6000000,Lunas,VA Bank
PAY0000284,21DS0033,2021G,2021-09-08,6000000,6000000,Lunas,VA Bank
PAY0000285,21DS0034,2021G,2021-09-25,6000000,6000000,Lunas,Loket Kampus
PAY0000286,21DS0035,2021G,2021-08-28,6000000,6000000,Lunas,Transfer Bank
PAY0000287,21DS0036,2021G,26/09/2021,6000000,6000000,Lunas,VA Bank
PAY0000288,21DS0037,2021G,07/09/2021,6000000,6000000,Lunas,VA Bank
PAY0000289,21DS0038,2021G,2021-09-30,6000000,6000000,Lunas,E-Wallet
PAY0000290,21DS0039,2021G,2021-08-26,6000000,6000000,Lunas,Loket Kampus
PAY0000291,21DS0040,2021G,2021-09-12,6000000,6000000,Lunas,Loket Kampus
PAY0000292,21DS0041,2021G,26/09/2021,6000000,6000000,Lunas,Transfer Bank
PAY0000293,21DS0042,2021G,2021-10-03,6000000,6000000,Lunas,E-Wallet
PAY0000294,21DS0043,2021G,2021-09-23,6000000,6000000,Lunas,Loket Kampus
PAY0000295,21DS0044,2021G,2021-09-05,6000000,3300000,Cicilan,VA Bank
PAY0000296,21DS0045,2021G,19/09/2021,6000000,6000000,Lunas,VA Bank
PAY0000297,21DS0046,2021G,2021-10-02,6000000,3900000,Cicilan,Transfer Bank
PAY0000298,21DS0047,2021G,2021-08-20,6000000,6000000,Lunas,Loket Kampus
PAY0000299,21DS0048,2021G,27/09/2021,6000000,3200000,Cicilan,E-Wallet
PAY0000300,21DS0049,2021G,2021-09-19,6000000,6000000,Lunas,E-Wallet
PAY0000301,21DS0050,2021G,2021-09-02,6000000,6000000,Lunas,VA Bank
PAY0000302,21DS0051,2021G,2021-09-21,6000000,6000000,Lunas,Loket Kampus
PAY0000303,21DS0052,2021G,24/09/2021,6000000,6000000,Lunas,Transfer Bank
PAY0000304,21DS0053,2021G,2021-08-30,6000000,6000000,Lunas,E-Wallet
PAY0000305,21DS0054,2021G,04/10/2021,6000000,6000000,Lunas,Transfer Bank
PAY0000306,21DS0055,2021G,2021-09-12,6000000,3400000,Cicilan,VA Bank
PAY0000307,21DS0056,2021G,2021-09-03,6000000,6000000,Lunas,E-Wallet
PAY0000308,21DS0057,2021G,2021-09-15,6000000,2800000,Cicilan,E-Wallet
PAY0000309,21DS0058,2021G,2021-09-27,6000000,6000000,Lunas,E-Wallet
PAY0000310,21DS0059,2021G,2021-09-04,6000000,6000000,Lunas,Transfer Bank
PAY0000311,21DS0060,2021G,14/09/2021,6000000,6000000,Lunas,Loket Kampus
PAY0000312,21DS0061,2021G,17-Sep-2021,6000000,6000000,Lunas,Transfer Bank
PAY0000313,21DS0062,2021G,12/09/2021,6000000,6000000,Lunas,Loket Kampus
PAY0000314,21DS0063,2021G,03/10/2021,6000000,6000000,Lunas,Transfer Bank
PAY0000315,21DS0064,2021G,2021-09-15,6000000,6000000,Lunas,Loket Kampus
PAY0000316,21DS0065,2021G,2021-09-11,6000000,6000000,Lunas,VA Bank
PAY0000317,21DS0066,2021G,17/09/2021,6000000,2300000,Cicilan,Transfer Bank
PAY0000318,21DS0067,2021G,22-Aug-2021,6000000,6000000,Lunas,Loket Kampus
PAY0000319,21TR0001,2021G,2021-09-24,5700000,5700000,Lunas,Transfer Bank
PAY0000320,21TR0002,2021G,04/09/2021,5700000,5700000,Lunas,E-Wallet
PAY0000321,21TR0003,2021G,2021-09-11,5700000,5700000,Lunas,E-Wallet
PAY0000322,21TR0004,2021G,2021-10-04,5700000,5700000,Lunas,Loket Kampus
PAY0000323,21TR0005,2021G,2021-09-30,5700000,5700000,Lunas,VA Bank
PAY0000324,21TR0006,2021G,2021-09-11,5700000,2600000,Cicilan,Transfer Bank
PAY0000325,21TR0007,2021G,2021-08-24,5700000,5700000,Lunas,E-Wallet
PAY0000326,21TR0008,2021G,2021-08-22,5700000,5700000,Lunas,VA Bank
PAY0000327,21TR0009,2021G,2021-09-21,5700000,5700000,Lunas,E-Wallet
PAY0000328,21TR0010,2021G,06/09/2021,5700000,5700000,Lunas,VA Bank
PAY0000329,21TR0011,2021G,2021-09-10,5700000,3000000,Cicilan,Transfer Bank
PAY0000330,21TR0012,2021G,31-Aug-2021,5700000,5700000,Lunas,VA Bank
PAY0000331,21TR0013,2021G,2021-08-22,5700000,5700000,Lunas,Transfer Bank
PAY0000332,21TR0014,2021G,2021-08-27,5700000,5700000,Lunas,Transfer Bank
PAY0000333,21TR0015,2021G,04/09/2021,5700000,5700000,Lunas,VA Bank
PAY0000334,21TR0016,2021G,22/08/2021,5700000,5700000,Lunas,VA Bank
PAY0000335,21TR0017,2021G,01/10/2021,5700000,5700000,Lunas,E-Wallet
PAY0000336,21TR0018,2021G,2021-09-03,5700000,5700000,Lunas,Transfer Bank
PAY0000337,21TR0019,2021G,2021-09-05,5700000,3900000,Cicilan,VA Bank
PAY0000338,21TR0020,2021G,2021-09-11,5700000,5700000,Lunas,Transfer Bank
PAY0000339,21TR0021,2021G,20/09/2021,5700000,5700000,Lunas,Loket Kampus
PAY0000340,21TR0022,2021G,2021-09-22,5700000,5700000,Lunas,E-Wallet
PAY0000341,21TR0023,2021G,2021-09-18,5700000,5700000,Lunas,Transfer Bank
PAY0000342,21TR0024,2021G,2021-09-11,5700000,5700000,Lunas,Loket Kampus
PAY0000343,21TR0025,2021G,2021-09-14,5700000,5700000,Lunas,E-Wallet
PAY0000344,21TR0026,2021G,2021-08-28,5700000,5700000,Lunas,Transfer Bank
PAY0000345,21TR0027,2021G,2021-10-01,5700000,5700000,Lunas,E-Wallet
PAY0000346,21TR0028,2021G,2021-08-20,5700000,5700000,Lunas,Transfer Bank
PAY0000347,21TR0029,2021G,2021-10-01,5700000,5700000,Lunas,Transfer Bank
PAY0000348,21TR0030,2021G,2021-09-26,5700000,5700000,Lunas,Transfer Bank
PAY0000349,21TR0031,2021G,,5700000,0,Belum Lunas,VA Bank
PAY0000350,21TR0032,2021G,03/10/2021,5700000,5700000,Lunas,Loket Kampus
PAY0000351,21TR0033,2021G,20-Sep-2021,5700000,5700000,Lunas,Loket Kampus
PAY0000352,21TR0034,2021G,2021-09-18,5700000,5700000,Lunas,Loket Kampus
PAY0000353,21TR0035,2021G,2021-08-31,5700000,5700000,Lunas,Transfer Bank
PAY0000354,21TR0036,2021G,2021-09-20,5700000,5700000,Lunas,E-Wallet
PAY0000355,21TR0037,2021G,2021-09-03,5700000,5700000,Lunas,Transfer Bank
PAY0000356,21TR0038,2021G,2021-09-16,5700000,5700000,Lunas,E-Wallet
PAY0000357,21TR0039,2021G,31/08/2021,5700000,2400000,Cicilan,Loket Kampus
PAY0000358,21TR0040,2021G,2021-09-04,5700000,5700000,Lunas,Loket Kampus
PAY0000359,21TR0041,2021G,2021-10-04,5700000,5700000,Lunas,Transfer Bank
PAY0000360,21TR0042,2021G,2021-08-29,5700000,5700000,Lunas,E-Wallet
PAY0000361,21TR0043,2021G,2021-09-22,5700000,5700000,Lunas,Loket Kampus
PAY0000362,21TR0044,2021G,,5700000,0,Belum Lunas,Transfer Bank
PAY0000363,21TR0045,2021G,2021-08-24,5700000,5700000,Lunas,VA Bank
PAY0000364,21TR0046,2021G,07/09/2021,5700000,5700000,Lunas,Loket Kampus
PAY0000365,21TR0047,2021G,2021-09-20,5700000,5700000,Lunas,VA Bank
PAY0000366,21TR0048,2021G,27/09/2021,5700000,5700000,Lunas,E-Wallet
PAY0000367,21TR0049,2021G,2021-10-03,5700000,5700000,Lunas,E-Wallet
PAY0000368,21TR0050,2021G,2021-08-25,5700000,5700000,Lunas,Loket Kampus
PAY0000369,21TR0051,2021G,2021-09-10,5700000,5700000,Lunas,E-Wallet
PAY0000370,21TR0052,2021G,2021-09-08,5700000,5700000,Lunas,E-Wallet
PAY0000371,21TR0053,2021G,2021-08-23,5700000,5700000,Lunas,Loket Kampus
PAY0000372,21TR0054,2021G,2021-09-14,5700000,5700000,Lunas,VA Bank
PAY0000373,21TR0055,2021G,26/08/2021,5700000,5700000,Lunas,Transfer Bank
PAY0000374,21TR0056,2021G,2021-09-27,5700000,5700000,Lunas,Loket Kampus
PAY0000375,21TR0057,2021G,2021-08-29,5700000,5700000,Lunas,VA Bank
PAY0000376,21TR0058,2021G,2021-09-29,5700000,5700000,Lunas,Loket Kampus
PAY0000377,21TR0059,2021G,19-Sep-2021,5700000,5700000,Lunas,Transfer Bank
PAY0000378,21TR0060,2021G,2021-10-03,5700000,5700000,Lunas,E-Wallet
PAY0000379,21TR0061,2021G,02/10/2021,5700000,5700000,Lunas,Transfer Bank
PAY0000380,21TR0062,2021G,2021-09-20,5700000,5700000,Lunas,Transfer Bank
PAY0000381,21TR0063,2021G,02-Oct-2021,5700000,2100000,Cicilan,VA Bank
PAY0000382,21TR0064,2021G,2021-09-13,5700000,2500000,Cicilan,Loket Kampus
PAY0000383,21TR0065,2021G,2021-09-22,5700000,5700000,Lunas,Loket Kampus
PAY0000384,21BD0001,2021G,2021-09-05,5000000,5000000,Lunas,E-Wallet
PAY0000385,21BD0002,2021G,2021-08-24,5000000,5000000,Lunas,Transfer Bank
PAY0000386,21BD0003,2021G,2021-09-02,5000000,5000000,Lunas,Transfer Bank
PAY0000387,21BD0004,2021G,2021-10-02,5000000,5000000,Lunas,VA Bank
PAY0000388,21BD0005,2021G,2021-08-20,5000000,2600000,Cicilan,Transfer Bank
PAY0000389,21BD0006,2021G,2021-09-14,5000000,5000000,Lunas,Loket Kampus
PAY0000390,21BD0007,2021G,2021-08-20,5000000,5000000,Lunas,VA Bank
PAY0000391,21BD0008,2021G,31/08/2021,5000000,5000000,Lunas,Loket Kampus
PAY0000392,21BD0009,2021G,23/09/2021,5000000,5000000,Lunas,VA Bank
PAY0000393,21BD0010,2021G,02/10/2021,5000000,5000000,Lunas,Transfer Bank
PAY0000394,21BD0011,2021G,2021-09-11,5000000,5000000,Lunas,E-Wallet
PAY0000395,21BD0012,2021G,2021-08-29,5000000,5000000,Lunas,Transfer Bank
PAY0000396,21BD0013,2021G,2021-09-17,5000000,5000000,Lunas,Loket Kampus
PAY0000397,21BD0014,2021G,22/08/2021,5000000,5000000,Lunas,Loket Kampus
PAY0000398,21BD0015,2021G,2021-08-31,5000000,5000000,Lunas,Loket Kampus
PAY0000399,21BD0016,2021G,2021-08-22,5000000,3500000,Cicilan,E-Wallet
PAY0000400,21BD0017,2021G,2021-09-19,5000000,3200000,Cicilan,VA Bank
PAY0000401,21BD0018,2021G,2021-08-31,5000000,5000000,Lunas,Loket Kampus
PAY0000402,21BD0019,2021G,20-Aug-2021,5000000,5000000,Lunas,E-Wallet
PAY0000403,21BD0020,2021G,2021-09-08,5000000,5000000,Lunas,Loket Kampus
PAY0000404,21BD0021,2021G,26-Aug-2021,5000000,5000000,Lunas,E-Wallet
PAY0000405,21BD0022,2021G,2021-09-19,5000000,5000000,Lunas,VA Bank
PAY0000406,21BD0023,2021G,2021-08-25,5000000,5000000,Lunas,Transfer Bank
PAY0000407,21BD0024,2021G,2021-09-02,5000000,5000000,Lunas,Loket Kampus
PAY0000408,21BD0025,2021G,06-Sep-2021,5000000,3000000,Cicilan,Loket Kampus
PAY0000409,21BD0026,2021G,02/09/2021,5000000,5000000,Lunas,Transfer Bank
PAY0000410,21BD0027,2021G,2021-09-11,5000000,5000000,Lunas,E-Wallet
PAY0000411,21BD0028,2021G,2021-08-27,5000000,5000000,Lunas,E-Wallet
PAY0000412,21BD0029,2021G,30-Aug-2021,5000000,5000000,Lunas,Transfer Bank
PAY0000413,21BD0030,2021G,22/09/2021,5000000,2900000,Cicilan,Transfer Bank
PAY0000414,21BD0031,2021G,2021-09-02,5000000,3200000,Cicilan,Loket Kampus
PAY0000415,21BD0032,2021G,2021-09-22,5000000,5000000,Lunas,E-Wallet
PAY0000416,21BD0033,2021G,,5000000,0,Belum Lunas,Transfer Bank
PAY0000417,21BD0034,2021G,2021-09-07,5000000,5000000,Lunas,VA Bank
PAY0000418,21BD0035,2021G,2021-08-25,5000000,5000000,Lunas,Transfer Bank
PAY0000419,21BD0036,2021G,2021-10-03,5000000,5000000,Lunas,E-Wallet
PAY0000420,21BD0037,2021G,24-Sep-2021,5000000,5000000,Lunas,Transfer Bank
PAY0000421,21BD0038,2021G,2021-09-21,5000000,5000000,Lunas,Loket Kampus
PAY0000422,21BD0039,2021G,24/09/2021,5000000,5000000,Lunas,VA Bank
PAY0000423,21BD0040,2021G,2021-09-30,5000000,5000000,Lunas,Loket Kampus
PAY0000424,21BD0041,2021G,2021-09-15,5000000,5000000,Lunas,Loket Kampus
PAY0000425,21BD0042,2021G,2021-09-30,5000000,5000000,Lunas,E-Wallet
PAY0000426,21BD0043,2021G,2021-09-17,5000000,3500000,Cicilan,E-Wallet
PAY0000427,21BD0044,2021G,2021-09-09,5000000,5000000,Lunas,VA Bank
PAY0000428,21BD0045,2021G,2021-09-24,5000000,5000000,Lunas,Loket Kampus
PAY0000429,21BD0046,2021G,2021-09-22,5000000,3000000,Cicilan,VA Bank
PAY0000430,21BD0047,2021G,2021-10-03,5000000,5000000,Lunas,Loket Kampus
PAY0000431,21BD0048,2021G,14/09/2021,5000000,5000000,Lunas,Transfer Bank
PAY0000432,21BD0049,2021G,2021-08-29,5000000,5000000,Lunas,Transfer Bank
PAY0000433,21BD0050,2021G,30-Aug-2021,5000000,5000000,Lunas,Loket Kampus
PAY0000434,21BD0051,2021G,02/09/2021,5000000,5000000,Lunas,E-Wallet
PAY0000435,21BD0052,2021G,2021-08-31,5000000,5000000,Lunas,E-Wallet
PAY0000436,21BD0053,2021G,14-Sep-2021,5000000,5000000,Lunas,VA Bank
PAY0000437,21BD0054,2021G,2021-08-23,5000000,5000000,Lunas,VA Bank
PAY0000438,21BD0055,2021G,2021-10-01,5000000,5000000,Lunas,VA Bank
PAY0000439,21BD0056,2021G,01-Oct-2021,5000000,5000000,Lunas,VA Bank
PAY0000440,21BD0057,2021G,2021-09-28,5000000,5000000,Lunas,Loket Kampus
PAY0000441,21BD0058,2021G,07/09/2021,5000000,5000000,Lunas,Transfer Bank
PAY0000442,21BD0059,2021G,2021-08-24,5000000,5000000,Lunas,E-Wallet
PAY0000443,21BD0060,2021G,17-Sep-2021,5000000,5000000,Lunas,Loket Kampus
PAY0000444,21BD0061,2021G,2021-09-11,5000000,5000000,Lunas,Transfer Bank
PAY0000445,21BD0062,2021G,2021-08-20,5000000,5000000,Lunas,Transfer Bank
PAY0000446,21BD0063,2021G,31/08/2021,5000000,5000000,Lunas,Loket Kampus
PAY0000447,21BD0064,2021G,2021-09-05,5000000,5000000,Lunas,E-Wallet
PAY0000448,21BD0065,2021G,2021-08-28,5000000,5000000,Lunas,VA Bank
PAY0000449,21BD0066,2021G,2021-10-01,5000000,5000000,Lunas,VA Bank
PAY0000450,21BD0067,2021G,30-Sep-2021,5000000,5000000,Lunas,E-Wallet
PAY0000451,21TI0001,2021E,2022-03-22,5500000,5500000,Lunas,VA Bank
PAY0000452,21TI0002,2021E,2022-02-27,5500000,5500000,Lunas,Loket Kampus
PAY0000453,21TI0003,2021E,27/03/2022,5500000,3900000,Cicilan,Loket Kampus
PAY0000454,21TI0004,2021E,2022-04-01,5500000,5500000,Lunas,VA Bank
PAY0000455,21TI0005,2021E,31/03/2022,5500000,5500000,Lunas,E-Wallet
PAY0000456,21TI0006,2021E,2022-02-21,5500000,5500000,Lunas,E-Wallet
PAY0000457,21TI0007,2021E,20-Mar-2022,5500000,5500000,Lunas,E-Wallet
PAY0000458,21TI0008,2021E,20-Mar-2022,5500000,5500000,Lunas,E-Wallet
PAY0000459,21TI0009,2021E,14/03/2022,5500000,5500000,Lunas,Transfer Bank
PAY0000460,21TI0010,2021E,2022-03-23,5500000,5500000,Lunas,E-Wallet
PAY0000461,21TI0011,2021E,2022-03-13,5500000,5500000,Lunas,VA Bank
PAY0000462,21TI0012,2021E,25/02/2022,5500000,5500000,Lunas,Loket Kampus
PAY0000463,21TI0013,2021E,27/02/2022,5500000,5500000,Lunas,VA Bank
PAY0000464,21TI0014,2021E,2022-03-23,5500000,5500000,Lunas,VA Bank
PAY0000465,21TI0015,2021E,2022-03-17,5500000,5500000,Lunas,Loket Kampus
PAY0000466,21TI0016,2021E,02/03/2022,5500000,5500000,Lunas,Transfer Bank
PAY0000467,21TI0017,2021E,,5500000,0,Belum Lunas,E-Wallet
PAY0000468,21TI0018,2021E,2022-02-25,5500000,5500000,Lunas,VA Bank
PAY0000469,21TI0019,2021E,2022-03-01,5500000,5500000,Lunas,VA Bank
PAY0000470,21TI0020,2021E,2022-03-14,5500000,5500000,Lunas,E-Wallet
PAY0000471,21TI0021,2021E,2022-03-15,5500000,5500000,Lunas,Loket Kampus
PAY0000472,21TI0022,2021E,2022-03-03,5500000,5500000,Lunas,Loket Kampus
PAY0000473,21TI0023,2021E,27/02/2022,5500000,5500000,Lunas,VA Bank
PAY0000474,21TI0024,2021E,09-Mar-2022,5500000,5500000,Lunas,E-Wallet
PAY0000475,21TI0025,2021E,2022-02-26,5500000,5500000,Lunas,E-Wallet
PAY0000476,21TI0026,2021E,2022-03-15,5500000,5500000,Lunas,Transfer Bank
PAY0000477,21TI0027,2021E,20-Feb-2022,5500000,5500000,Lunas,E-Wallet
PAY0000478,21TI0028,2021E,2022-03-02,5500000,5500000,Lunas,Loket Kampus
PAY0000479,21TI0029,2021E,2022-03-25,5500000,3000000,Cicilan,VA Bank
PAY0000480,21TI0030,2021E,14/03/2022,5500000,5500000,Lunas,E-Wallet
PAY0000481,21TI0031,2021E,2022-03-08,5500000,5500000,Lunas,Loket Kampus
PAY0000482,21TI0032,2021E,05-Mar-2022,5500000,5500000,Lunas,Loket Kampus
PAY0000483,21TI0033,2021E,03/03/2022,5500000,5500000,Lunas,Loket Kampus
PAY0000484,21TI0034,2021E,2022-02-18,5500000,5500000,Lunas,E-Wallet
PAY0000485,21TI0035,2021E,2022-02-21,5500000,5500000,Lunas,Transfer Bank
PAY0000486,21TI0036,2021E,2022-02-23,5500000,5500000,Lunas,E-Wallet
PAY0000487,21TI0037,2021E,2022-02-26,5500000,5500000,Lunas,VA Bank
PAY0000488,21TI0038,2021E,2022-02-22,5500000,5500000,Lunas,Transfer Bank
PAY0000489,21TI0039,2021E,13/03/2022,5500000,5500000,Lunas,E-Wallet
PAY0000490,21TI0040,2021E,2022-03-18,5500000,5500000,Lunas,VA Bank
PAY0000491,21TI0041,2021E,2022-02-15,5500000,5500000,Lunas,E-Wallet
PAY0000492,21TI0042,2021E,2022-03-31,5500000,5500000,Lunas,E-Wallet
PAY0000493,21TI0043,2021E,17/03/2022,5500000,2900000,Cicilan,Transfer Bank
PAY0000494,21TI0044,2021E,2022-03-22,5500000,5500000,Lunas,E-Wallet
PAY0000495,21TI0045,2021E,11-Mar-2022,5500000,5500000,Lunas,E-Wallet
PAY0000496,21TI0046,2021E,,5500000,0,Belum Lunas,VA Bank
PAY0000497,21TI0047,2021E,,5500000,0,Belum Lunas,Loket Kampus
PAY0000498,21TI0048,2021E,2022-03-17,5500000,5500000,Lunas,Loket Kampus
PAY0000499,21TI0049,2021E,2022-03-19,5500000,5500000,Lunas,Transfer Bank
PAY0000500,21TI0050,2021E,2022-03-01,5500000,5500000,Lunas,E-Wallet
PAY0000501,21TI0051,2021E,2022-03-10,5500000,5500000,Lunas,VA Bank
PAY0000502,21TI0052,2021E,27/03/2022,5500000,5500000,Lunas,Transfer Bank
PAY0000503,21TI0053,2021E,13/03/2022,5500000,5500000,Lunas,Transfer Bank
PAY0000504,21TI0054,2021E,2022-02-16,5500000,5500000,Lunas,VA Bank
PAY0000505,21TI0055,2021E,2022-03-12,5500000,5500000,Lunas,Loket Kampus
PAY0000506,21TI0056,2021E,2022-03-09,5500000,5500000,Lunas,Transfer Bank
PAY0000507,21TI0057,2021E,2022-02-16,5500000,5500000,Lunas,Transfer Bank
PAY0000508,21TI0058,2021E,2022-03-12,5500000,5500000,Lunas,Loket Kampus
PAY0000509,21TI0059,2021E,2022-03-23,5500000,5500000,Lunas,E-Wallet
PAY0000510,21TI0060,2021E,2022-02-16,5500000,5500000,Lunas,VA Bank
PAY0000511,21TI0061,2021E,2022-03-18,5500000,5500000,Lunas,Transfer Bank
PAY0000512,21TI0062,2021E,2022-02-27,5500000,5500000,Lunas,Loket Kampus
PAY0000513,21TI0063,2021E,23/03/2022,5500000,5500000,Lunas,Transfer Bank
PAY0000514,21TI0064,2021E,2022-04-01,5500000,5500000,Lunas,Loket Kampus
PAY0000515,21TI0065,2021E,2022-02-21,5500000,5500000,Lunas,Transfer Bank
PAY0000516,21TI0066,2021E,2022-03-14,5500000,5500000,Lunas,VA Bank
PAY0000517,21TI0067,2021E,2022-03-29,5500000,2500000,Cicilan,VA Bank
PAY0000518,21TI0068,2021E,2022-02-28,5500000,2100000,Cicilan,Loket Kampus
PAY0000519,21TI0069,2021E,28/03/2022,5500000,5500000,Lunas,E-Wallet
PAY0000520,21TI0070,2021E,2022-02-25,5500000,5500000,Lunas,E-Wallet
PAY0000521,21TI0071,2021E,2022-02-24,5500000,5500000,Lunas,E-Wallet
PAY0000522,21TI0072,2021E,2022-03-26,5500000,2500000,Cicilan,Loket Kampus
PAY0000523,21TI0073,2021E,02/03/2022,5500000,3100000,Cicilan,Loket Kampus
PAY0000524,21TI0074,2021E,2022-03-10,5500000,5500000,Lunas,E-Wallet
PAY0000525,21TI0075,2021E,2022-03-27,5500000,5500000,Lunas,Transfer Bank
PAY0000526,21TI0076,2021E,08/03/2022,5500000,3800000,Cicilan,VA Bank
PAY0000527,21TI0077,2021E,20/03/2022,5500000,5500000,Lunas,Transfer Bank
PAY0000528,21TI0078,2021E,2022-03-04,5500000,3800000,Cicilan,E-Wallet
PAY0000529,21TI0079,2021E,10-Mar-2022,5500000,5500000,Lunas,Transfer Bank
PAY0000530,21TI0080,2021E,2022-03-24,5500000,5500000,Lunas,VA Bank
PAY0000531,21TI0081,2021E,2022-03-24,5500000,5500000,Lunas,VA Bank
PAY0000532,21TI0082,2021E,2022-03-02,5500000,5500000,Lunas,Loket Kampus
PAY0000533,21TI0083,2021E,2022-02-24,5500000,5500000,Lunas,Transfer Bank
PAY0000534,21TI0084,2021E,28-Feb-2022,5500000,5500000,Lunas,Loket Kampus
PAY0000535,21TI0085,2021E,2022-03-22,5500000,5500000,Lunas,VA Bank
PAY0000536,21SI0001,2021E,2022-03-29,5250000,5250000,Lunas,Transfer Bank
PAY0000537,21SI0002,2021E,2022-03-29,5250000,3300000,Cicilan,VA Bank
PAY0000538,21SI0003,2021E,2022-02-15,5250000,5250000,Lunas,Loket Kampus
PAY0000539,21SI0004,2021E,12/03/2022,5250000,5250000,Lunas,Loket Kampus
PAY0000540,21SI0005,2021E,2022-02-25,5250000,5250000,Lunas,Loket Kampus
PAY0000541,21SI0006,2021E,2022-02-18,5250000,5250000,Lunas,E-Wallet
PAY0000542,21SI0007,2021E,01/04/2022,5250000,5250000,Lunas,Transfer Bank
PAY0000543,21SI0008,2021E,2022-02-22,5250000,5250000,Lunas,Transfer Bank
PAY0000544,21SI0009,2021E,20/02/2022,5250000,5250000,Lunas,Transfer Bank
PAY0000545,21SI0010,2021E,2022-02-27,5250000,5250000,Lunas,Transfer Bank
PAY0000546,21SI0011,2021E,,5250000,0,Belum Lunas,Transfer Bank
PAY0000547,21SI0012,2021E,2022-02-20,5250000,5250000,Lunas,Loket Kampus
PAY0000548,21SI0013,2021E,07/03/2022,5250000,5250000,Lunas,Transfer Bank
PAY0000549,21SI0014,2021E,2022-03-01,5250000,5250000,Lunas,Transfer Bank
PAY0000550,21SI0015,2021E,2022-03-08,5250000,5250000,Lunas,Transfer Bank
PAY0000551,21SI0016,2021E,2022-02-19,5250000,5250000,Lunas,E-Wallet
PAY0000552,21SI0017,2021E,27/03/2022,5250000,5250000,Lunas,Transfer Bank
PAY0000553,21SI0018,2021E,2022-03-21,5250000,5250000,Lunas,VA Bank
PAY0000554,21SI0019,2021E,2022-03-06,5250000,5250000,Lunas,Loket Kampus
PAY0000555,21SI0020,2021E,22/02/2022,5250000,5250000,Lunas,E-Wallet
PAY0000556,21SI0021,2021E,12/03/2022,5250000,5250000,Lunas,VA Bank
PAY0000557,21SI0022,2021E,22-Mar-2022,5250000,3400000,Cicilan,Loket Kampus
PAY0000558,21SI0023,2021E,2022-03-02,5250000,2600000,Cicilan,Loket Kampus
PAY0000559,21SI0024,2021E,2022-03-04,5250000,5250000,Lunas,E-Wallet
PAY0000560,21SI0025,2021E,2022-03-01,5250000,5250000,Lunas,Loket Kampus
PAY0000561,21SI0026,2021E,2022-03-12,5250000,5250000,Lunas,Loket Kampus
PAY0000562,21SI0027,2021E,2022-03-01,5250000,5250000,Lunas,VA Bank
PAY0000563,21SI0028,2021E,14-Mar-2022,5250000,5250000,Lunas,Transfer Bank
PAY0000564,21SI0029,2021E,2022-03-30,5250000,5250000,Lunas,Loket Kampus
PAY0000565,21SI0030,2021E,2022-03-15,5250000,5250000,Lunas,Loket Kampus
PAY0000566,21SI0031,2021E,2022-02-22,5250000,5250000,Lunas,Transfer Bank
PAY0000567,21SI0032,2021E,17-Mar-2022,5250000,5250000,Lunas,Transfer Bank
PAY0000568,21SI0033,2021E,2022-03-02,5250000,2200000,Cicilan,Loket Kampus
PAY0000569,21SI0034,2021E,,5250000,0,Belum Lunas,Transfer Bank
PAY0000570,21SI0035,2021E,,5250000,0,Belum Lunas,Transfer Bank
PAY0000571,21SI0036,2021E,2022-02-20,5250000,5250000,Lunas,VA Bank
PAY0000572,21SI0037,2021E,24/03/2022,5250000,5250000,Lunas,VA Bank
PAY0000573,21SI0038,2021E,,5250000,0,Belum Lunas,E-Wallet
PAY0000574,21SI0039,2021E,31/03/2022,5250000,5250000,Lunas,Transfer Bank
PAY0000575,21SI0040,2021E,29-Mar-2022,5250000,5250000,Lunas,Loket Kampus
PAY0000576,21SI0041,2021E,2022-03-30,5250000,5250000,Lunas,E-Wallet
PAY0000577,21SI0042,2021E,05/03/2022,5250000,5250000,Lunas,Transfer Bank
PAY0000578,21SI0043,2021E,2022-03-09,5250000,5250000,Lunas,Loket Kampus
PAY0000579,21SI0044,2021E,,5250000,0,Belum Lunas,Transfer Bank
PAY0000580,21SI0045,2021E,19/02/2022,5250000,3900000,Cicilan,Transfer Bank
PAY0000581,21SI0046,2021E,2022-03-18,5250000,5250000,Lunas,E-Wallet
PAY0000582,21SI0047,2021E,2022-02-25,5250000,5250000,Lunas,Loket Kampus
PAY0000583,21SI0048,2021E,2022-02-15,5250000,5250000,Lunas,Loket Kampus
PAY0000584,21SI0049,2021E,2022-02-16,5250000,5250000,Lunas,Loket Kampus
PAY0000585,21SI0050,2021E,2022-03-15,5250000,5250000,Lunas,Transfer Bank
PAY0000586,21SI0051,2021E,2022-03-13,5250000,5250000,Lunas,VA Bank
PAY0000587,21SI0052,2021E,20-Mar-2022,5250000,5250000,Lunas,VA Bank
PAY0000588,21SI0053,2021E,2022-03-13,5250000,5250000,Lunas,Transfer Bank
PAY0000589,21SI0054,2021E,2022-03-26,5250000,5250000,Lunas,Loket Kampus
PAY0000590,21SI0055,2021E,19/02/2022,5250000,5250000,Lunas,VA Bank
PAY0000591,21SI0056,2021E,25/03/2022,5250000,5250000,Lunas,Loket Kampus
PAY0000592,21SI0057,2021E,2022-03-11,5250000,5250000,Lunas,VA Bank
PAY0000593,21SI0058,2021E,2022-03-22,5250000,5250000,Lunas,E-Wallet
PAY0000594,21SI0059,2021E,17-Mar-2022,5250000,5250000,Lunas,E-Wallet
PAY0000595,21SI0060,2021E,2022-02-27,5250000,5250000,Lunas,E-Wallet
PAY0000596,21SI0061,2021E,2022-03-30,5250000,5250000,Lunas,VA Bank
PAY0000597,21SI0062,2021E,2022-02-17,5250000,5250000,Lunas,E-Wallet
PAY0000598,21SI0063,2021E,2022-02-26,5250000,5250000,Lunas,VA Bank
PAY0000599,21SI0064,2021E,03/03/2022,5250000,5250000,Lunas,Transfer Bank
PAY0000600,21SI0065,2021E,2022-02-17,5250000,5250000,Lunas,E-Wallet
PAY0000601,21SI0066,2021E,2022-03-17,5250000,2200000,Cicilan,VA Bank
PAY0000602,21SI0067,2021E,,5250000,0,Belum Lunas,E-Wallet
PAY0000603,21SI0068,2021E,19-Feb-2022,5250000,5250000,Lunas,VA Bank
PAY0000604,21SI0069,2021E,2022-03-30,5250000,5250000,Lunas,Transfer Bank
PAY0000605,21SI0070,2021E,15/02/2022,5250000,5250000,Lunas,E-Wallet
PAY0000606,21SI0071,2021E,2022-03-16,5250000,5250000,Lunas,E-Wallet
PAY0000607,21SI0072,2021E,2022-04-01,5250000,5250000,Lunas,Loket Kampus
PAY0000608,21SI0073,2021E,2022-03-29,5250000,5250000,Lunas,E-Wallet
PAY0000609,21SI0074,2021E,2022-03-25,5250000,5250000,Lunas,VA Bank
PAY0000610,21SI0075,2021E,2022-03-19,5250000,5250000,Lunas,VA Bank
PAY0000611,21SI0076,2021E,2022-03-25,5250000,5250000,Lunas,Loket Kampus
PAY0000612,21SI0077,2021E,2022-03-24,5250000,5250000,Lunas,E-Wallet
PAY0000613,21SI0078,2021E,2022-03-15,5250000,5250000,Lunas,Loket Kampus
PAY0000614,21SI0079,2021E,27-Feb-2022,5250000,5250000,Lunas,E-Wallet
PAY0000615,21SI0080,2021E,2022-03-06,5250000,5250000,Lunas,VA Bank
PAY0000616,21SI0081,2021E,2022-03-29,5250000,5250000,Lunas,Loket Kampus
PAY0000617,21IF0001,2021E,2022-04-01,5750000,3900000,Cicilan,Transfer Bank
PAY0000618,21IF0002,2021E,2022-03-18,5750000,5750000,Lunas,VA Bank
PAY0000619,21IF0003,2021E,27/03/2022,5750000,5750000,Lunas,VA Bank
PAY0000620,21IF0004,2021E,2022-02-25,5750000,5750000,Lunas,Transfer Bank
PAY0000621,21IF0005,2021E,2022-02-23,5750000,5750000,Lunas,VA Bank
PAY0000622,21IF0006,2021E,2022-03-14,5750000,5750000,Lunas,Transfer Bank
PAY0000623,21IF0007,2021E,2022-02-25,5750000,5750000,Lunas,VA Bank
PAY0000624,21IF0008,2021E,26-Feb-2022,5750000,5750000,Lunas,VA Bank
PAY0000625,21IF0009,2021E,2022-03-17,5750000,5750000,Lunas,E-Wallet
PAY0000626,21IF0010,2021E,2022-03-27,5750000,5750000,Lunas,Transfer Bank
PAY0000627,21IF0011,2021E,18-Feb-2022,5750000,5750000,Lunas,VA Bank
PAY0000628,21IF0012,2021E,20/03/2022,5750000,5750000,Lunas,VA Bank
PAY0000629,21IF0013,2021E,30/03/2022,5750000,5750000,Lunas,Loket Kampus
PAY0000630,21IF0014,2021E,10-Mar-2022,5750000,5750000,Lunas,Transfer Bank
PAY0000631,21IF0015,2021E,19-Feb-2022,5750000,5750000,Lunas,VA Bank
PAY0000632,21IF0016,2021E,27/03/2022,5750000,5750000,Lunas,Transfer Bank
PAY0000633,21IF0017,2021E,2022-03-07,5750000,5750000,Lunas,VA Bank
PAY0000634,21IF0018,2021E,26-Mar-2022,5750000,5750000,Lunas,Transfer Bank
PAY0000635,21IF0019,2021E,2022-03-07,5750000,5750000,Lunas,Loket Kampus
PAY0000636,21IF0020,2021E,02/03/2022,5750000,5750000,Lunas,VA Bank
PAY0000637,21IF0021,2021E,2022-03-03,5750000,5750000,Lunas,E-Wallet
PAY0000638,21IF0022,2021E,2022-02-25,5750000,5750000,Lunas,VA Bank
PAY0000639,21IF0023,2021E,2022-02-17,5750000,5750000,Lunas,E-Wallet
PAY0000640,21IF0024,2021E,2022-03-10,5750000,5750000,Lunas,Transfer Bank
PAY0000641,21IF0025,2021E,24/02/2022,5750000,5750000,Lunas,Loket Kampus
PAY0000642,21IF0026,2021E,2022-02-19,5750000,5750000,Lunas,Transfer Bank
PAY0000643,21IF0027,2021E,26/02/2022,5750000,5750000,Lunas,Loket Kampus
PAY0000644,21IF0028,2021E,09-Mar-2022,5750000,5750000,Lunas,E-Wallet
PAY0000645,21IF0029,2021E,2022-03-22,5750000,5750000,Lunas,Transfer Bank
PAY0000646,21IF0030,2021E,2022-02-22,5750000,5750000,Lunas,Loket Kampus
PAY0000647,21IF0031,2021E,2022-03-04,5750000,5750000,Lunas,Loket Kampus
PAY0000648,21IF0032,2021E,2022-03-09,5750000,5750000,Lunas,Transfer Bank
PAY0000649,21IF0033,2021E,2022-03-29,5750000,5750000,Lunas,E-Wallet
PAY0000650,21IF0034,2021E,2022-02-23,5750000,5750000,Lunas,E-Wallet
PAY0000651,21IF0035,2021E,2022-02-26,5750000,5750000,Lunas,VA Bank
PAY0000652,21IF0036,2021E,06/03/2022,5750000,5750000,Lunas,Transfer Bank
PAY0000653,21IF0037,2021E,24-Feb-2022,5750000,5750000,Lunas,VA Bank
PAY0000654,21IF0038,2021E,2022-03-01,5750000,5750000,Lunas,VA Bank
PAY0000655,21IF0039,2021E,03-Mar-2022,5750000,5750000,Lunas,VA Bank
PAY0000656,21IF0040,2021E,21/02/2022,5750000,5750000,Lunas,Loket Kampus
PAY0000657,21IF0041,2021E,2022-03-22,5750000,5750000,Lunas,E-Wallet
PAY0000658,21IF0042,2021E,2022-02-22,5750000,5750000,Lunas,Loket Kampus
PAY0000659,21IF0043,2021E,2022-03-23,5750000,5750000,Lunas,VA Bank
PAY0000660,21IF0044,2021E,2022-02-18,5750000,5750000,Lunas,VA Bank
PAY0000661,21IF0045,2021E,2022-03-04,5750000,5750000,Lunas,Transfer Bank
PAY0000662,21IF0046,2021E,22-Mar-2022,5750000,5750000,Lunas,VA Bank
PAY0000663,21IF0047,2021E,2022-03-31,5750000,5750000,Lunas,Transfer Bank
PAY0000664,21IF0048,2021E,2022-02-24,5750000,3100000,Cicilan,VA Bank
PAY0000665,21IF0049,2021E,2022-03-29,5750000,5750000,Lunas,VA Bank
PAY0000666,21IF0050,2021E,24/02/2022,5750000,5750000,Lunas,Loket Kampus
PAY0000667,21IF0051,2021E,2022-03-21,5750000,5750000,Lunas,Transfer Bank
PAY0000668,21IF0052,2021E,2022-03-22,5750000,5750000,Lunas,Loket Kampus
PAY0000669,21IF0053,2021E,20/02/2022,5750000,5750000,Lunas,VA Bank
PAY0000670,21IF0054,2021E,2022-02-17,5750000,5750000,Lunas,Loket Kampus
PAY0000671,21IF0055,2021E,2022-03-15,5750000,5750000,Lunas,Loket Kampus
PAY0000672,21IF0056,2021E,2022-03-28,5750000,5750000,Lunas,E-Wallet
PAY0000673,21IF0057,2021E,2022-03-23,5750000,5750000,Lunas,Loket Kampus
PAY0000674,21IF0058,2021E,2022-03-29,5750000,5750000,Lunas,E-Wallet
PAY0000675,21IF0059,2021E,27/03/2022,5750000,5750000,Lunas,Transfer Bank
PAY0000676,21IF0060,2021E,2022-02-23,5750000,5750000,Lunas,Transfer Bank
PAY0000677,21IF0061,2021E,2022-03-09,5750000,5750000,Lunas,E-Wallet
PAY0000678,21IF0062,2021E,2022-03-26,5750000,5750000,Lunas,VA Bank
PAY0000679,21IF0063,2021E,21/03/2022,5750000,5750000,Lunas,VA Bank
PAY0000680,21IF0064,2021E,2022-03-02,5750000,5750000,Lunas,E-Wallet
PAY0000681,21IF0065,2021E,19/02/2022,5750000,5750000,Lunas,VA Bank
PAY0000682,21IF0066,2021E,17/02/2022,5750000,5750000,Lunas,VA Bank
PAY0000683,21IF0067,2021E,,5750000,0,Belum Lunas,Loket Kampus
PAY0000684,21IF0068,2021E,2022-03-16,5750000,5750000,Lunas,E-Wallet
PAY0000685,21IF0069,2021E,2022-03-29,5750000,5750000,Lunas,Loket Kampus
PAY0000686,21IF0070,2021E,21-Feb-2022,5750000,5750000,Lunas,E-Wallet
PAY0000687,21IF0071,2021E,2022-03-11,5750000,5750000,Lunas,Transfer Bank
PAY0000688,21IF0072,2021E,2022-03-24,5750000,5750000,Lunas,E-Wallet
PAY0000689,21IF0073,2021E,2022-03-06,5750000,3300000,Cicilan,VA Bank
PAY0000690,21IF0074,2021E,2022-03-18,5750000,5750000,Lunas,Transfer Bank
PAY0000691,21IF0075,2021E,2022-02-28,5750000,5750000,Lunas,VA Bank
PAY0000692,21IF0076,2021E,12/03/2022,5750000,5750000,Lunas,Transfer Bank
PAY0000693,21IF0077,2021E,26-Feb-2022,5750000,5750000,Lunas,E-Wallet
PAY0000694,21IF0078,2021E,2022-03-17,5750000,5750000,Lunas,Transfer Bank
PAY0000695,21IF0079,2021E,2022-03-30,5750000,5750000,Lunas,Transfer Bank
PAY0000696,21IF0080,2021E,2022-04-01,5750000,5750000,Lunas,Loket Kampus
PAY0000697,21IF0081,2021E,25-Mar-2022,5750000,5750000,Lunas,VA Bank
PAY0000698,21IF0082,2021E,2022-03-26,5750000,5750000,Lunas,VA Bank
PAY0000699,21IF0083,2021E,2022-03-08,5750000,5750000,Lunas,Loket Kampus
PAY0000700,21IF0084,2021E,2022-03-02,5750000,5750000,Lunas,VA Bank
PAY0000701,21IF0085,2021E,2022-02-26,5750000,5750000,Lunas,Loket Kampus
PAY0000702,21DS0001,2021E,2022-02-20,6000000,6000000,Lunas,VA Bank
PAY0000703,21DS0002,2021E,2022-02-24,6000000,6000000,Lunas,Loket Kampus
PAY0000704,21DS0003,2021E,2022-03-16,6000000,6000000,Lunas,Transfer Bank
PAY0000705,21DS0004,2021E,21-Feb-2022,6000000,6000000,Lunas,Transfer Bank
PAY0000706,21DS0005,2021E,2022-03-25,6000000,6000000,Lunas,E-Wallet
PAY0000707,21DS0006,2021E,,6000000,0,Belum Lunas,VA Bank
PAY0000708,21DS0007,2021E,2022-03-27,6000000,6000000,Lunas,Loket Kampus
PAY0000709,21DS0008,2021E,06/03/2022,6000000,6000000,Lunas,Loket Kampus
PAY0000710,21DS0009,2021E,2022-02-17,6000000,6000000,Lunas,Transfer Bank
PAY0000711,21DS0010,2021E,19/03/2022,6000000,6000000,Lunas,Loket Kampus
PAY0000712,21DS0011,2021E,20/03/2022,6000000,6000000,Lunas,Loket Kampus
PAY0000713,21DS0012,2021E,2022-03-30,6000000,6000000,Lunas,Transfer Bank
PAY0000714,21DS0013,2021E,19-Feb-2022,6000000,6000000,Lunas,E-Wallet
PAY0000715,21DS0014,2021E,12/03/2022,6000000,6000000,Lunas,E-Wallet
PAY0000716,21DS0015,2021E,,6000000,0,Belum Lunas,VA Bank
PAY0000717,21DS0016,2021E,,6000000,0,Belum Lunas,E-Wallet
PAY0000718,21DS0017,2021E,25-Feb-2022,6000000,6000000,Lunas,Transfer Bank
PAY0000719,21DS0018,2021E,,6000000,0,Belum Lunas,Transfer Bank
PAY0000720,21DS0019,2021E,2022-02-16,6000000,6000000,Lunas,Transfer Bank
PAY0000721,21DS0020,2021E,19-Feb-2022,6000000,6000000,Lunas,Transfer Bank
PAY0000722,21DS0021,2021E,22/02/2022,6000000,6000000,Lunas,E-Wallet
PAY0000723,21DS0022,2021E,2022-02-15,6000000,6000000,Lunas,Loket Kampus
PAY0000724,21DS0023,2021E,20/03/2022,6000000,6000000,Lunas,Transfer Bank
PAY0000725,21DS0024,2021E,2022-02-22,6000000,6000000,Lunas,E-Wallet
PAY0000726,21DS0025,2021E,27-Feb-2022,6000000,4100000,Cicilan,E-Wallet
PAY0000727,21DS0026,2021E,2022-02-25,6000000,6000000,Lunas,Loket Kampus
PAY0000728,21DS0027,2021E,2022-02-17,6000000,3400000,Cicilan,Transfer Bank
PAY0000729,21DS0028,2021E,05-Mar-2022,6000000,6000000,Lunas,Loket Kampus
PAY0000730,21DS0029,2021E,12/03/2022,6000000,6000000,Lunas,Transfer Bank
PAY0000731,21DS0030,2021E,2022-02-20,6000000,6000000,Lunas,Transfer Bank
PAY0000732,21DS0031,2021E,24-Mar-2022,6000000,6000000,Lunas,VA Bank
PAY0000733,21DS0032,2021E,2022-02-15,6000000,6000000,Lunas,E-Wallet
PAY0000734,21DS0033,2021E,2022-03-06,6000000,6000000,Lunas,VA Bank
PAY0000735,21DS0034,2021E,2022-03-24,6000000,6000000,Lunas,Transfer Bank
PAY0000736,21DS0035,2021E,2022-03-13,6000000,6000000,Lunas,Transfer Bank
PAY0000737,21DS0036,2021E,2022-03-31,6000000,6000000,Lunas,E-Wallet
PAY0000738,21DS0037,2021E,2022-02-19,6000000,6000000,Lunas,VA Bank
PAY0000739,21DS0038,2021E,2022-02-26,6000000,6000000,Lunas,VA Bank
PAY0000740,21DS0039,2021E,01/03/2022,6000000,6000000,Lunas,Transfer Bank
PAY0000741,21DS0040,2021E,31-Mar-2022,6000000,6000000,Lunas,E-Wallet
PAY0000742,21DS0041,2021E,2022-02-22,6000000,6000000,Lunas,Transfer Bank
PAY0000743,21DS0042,2021E,2022-03-20,6000000,6000000,Lunas,Loket Kampus
PAY0000744,21DS0043,2021E,28-Feb-2022,6000000,6000000,Lunas,Loket Kampus
PAY0000745,21DS0044,2021E,27/02/2022,6000000,6000000,Lunas,VA Bank
PAY0000746,21DS0045,2021E,2022-03-07,6000000,6000000,Lunas,E-Wallet
PAY0000747,21DS0046,2021E,2022-02-20,6000000,6000000,Lunas,E-Wallet
PAY0000748,21DS0047,2021E,24-Mar-2022,6000000,6000000,Lunas,Transfer Bank
PAY0000749,21DS0048,2021E,12/03/2022,6000000,6000000,Lunas,E-Wallet
PAY0000750,21DS0049,2021E,2022-03-17,6000000,6000000,Lunas,Loket Kampus
PAY0000751,21DS0050,2021E,2022-02-21,6000000,6000000,Lunas,Loket Kampus
PAY0000752,21DS0051,2021E,2022-03-29,6000000,3400000,Cicilan,E-Wallet
PAY0000753,21DS0052,2021E,2022-03-21,6000000,2800000,Cicilan,E-Wallet
PAY0000754,21DS0053,2021E,06/03/2022,6000000,6000000,Lunas,E-Wallet
PAY0000755,21DS0054,2021E,2022-03-03,6000000,6000000,Lunas,VA Bank
PAY0000756,21DS0055,2021E,2022-02-24,6000000,3500000,Cicilan,Transfer Bank
PAY0000757,21DS0056,2021E,27/03/2022,6000000,6000000,Lunas,Loket Kampus
PAY0000758,21DS0057,2021E,2022-02-27,6000000,6000000,Lunas,Loket Kampus
PAY0000759,21DS0058,2021E,2022-03-02,6000000,6000000,Lunas,Transfer Bank
PAY0000760,21DS0059,2021E,2022-03-26,6000000,4300000,Cicilan,Transfer Bank
PAY0000761,21DS0060,2021E,2022-02-24,6000000,6000000,Lunas,VA Bank
PAY0000762,21DS0061,2021E,18/03/2022,6000000,6000000,Lunas,Loket Kampus
PAY0000763,21DS0062,2021E,,6000000,0,Belum Lunas,Transfer Bank
PAY0000764,21DS0063,2021E,2022-03-21,6000000,6000000,Lunas,Transfer Bank
PAY0000765,21DS0064,2021E,2022-02-28,6000000,6000000,Lunas,Transfer Bank
PAY0000766,21DS0065,2021E,2022-02-20,6000000,6000000,Lunas,Transfer Bank
PAY0000767,21DS0066,2021E,10/03/2022,6000000,6000000,Lunas,Transfer Bank
PAY0000768,21DS0067,2021E,2022-02-27,6000000,6000000,Lunas,Transfer Bank
PAY0000769,21TR0001,2021E,2022-03-16,5700000,5700000,Lunas,Transfer Bank
PAY0000770,21TR0002,2021E,2022-03-07,5700000,5700000,Lunas,Loket Kampus
PAY0000771,21TR0003,2021E,2022-03-27,5700000,3200000,Cicilan,E-Wallet
PAY0000772,21TR0004,2021E,2022-03-03,5700000,5700000,Lunas,VA Bank
PAY0000773,21TR0005,2021E,2022-03-29,5700000,5700000,Lunas,Loket Kampus
PAY0000774,21TR0006,2021E,2022-03-17,5700000,5700000,Lunas,Loket Kampus
PAY0000775,21TR0007,2021E,2022-03-02,5700000,5700000,Lunas,E-Wallet
PAY0000776,21TR0008,2021E,18/02/2022,5700000,5700000,Lunas,VA Bank
PAY0000777,21TR0009,2021E,13-Mar-2022,5700000,5700000,Lunas,Transfer Bank
PAY0000778,21TR0010,2021E,22-Feb-2022,5700000,5700000,Lunas,Loket Kampus
PAY0000779,21TR0011,2021E,25/02/2022,5700000,5700000,Lunas,E-Wallet
PAY0000780,21TR0012,2021E,2022-03-29,5700000,5700000,Lunas,Loket Kampus
PAY0000781,21TR0013,2021E,2022-03-07,5700000,5700000,Lunas,E-Wallet
PAY0000782,21TR0014,2021E,2022-03-27,5700000,5700000,Lunas,VA Bank
PAY0000783,21TR0015,2021E,2022-02-26,5700000,5700000,Lunas,Loket Kampus
PAY0000784,21TR0016,2021E,07-Mar-2022,5700000,5700000,Lunas,E-Wallet
PAY0000785,21TR0017,2021E,2022-03-15,5700000,4200000,Cicilan,VA Bank
PAY0000786,21TR0018,2021E,,5700000,0,Belum Lunas,E-Wallet
PAY0000787,21TR0019,2021E,2022-03-25,5700000,5700000,Lunas,Loket Kampus
PAY0000788,21TR0020,2021E,2022-03-11,5700000,3100000,Cicilan,Loket Kampus
PAY0000789,21TR0021,2021E,27/03/2022,5700000,5700000,Lunas,Loket Kampus
PAY0000790,21TR0022,2021E,2022-03-18,5700000,5700000,Lunas,Loket Kampus
PAY0000791,21TR0023,2021E,2022-03-03,5700000,5700000,Lunas,VA Bank
PAY0000792,21TR0024,2021E,2022-03-21,5700000,5700000,Lunas,E-Wallet
PAY0000793,21TR0025,2021E,20-Feb-2022,5700000,3200000,Cicilan,E-Wallet
PAY0000794,21TR0026,2021E,2022-03-04,5700000,4200000,Cicilan,Transfer Bank
PAY0000795,21TR0027,2021E,04/03/2022,5700000,5700000,Lunas,E-Wallet
PAY0000796,21TR0028,2021E,2022-03-21,5700000,5700000,Lunas,Transfer Bank
PAY0000797,21TR0029,2021E,2022-03-28,5700000,5700000,Lunas,Transfer Bank
PAY0000798,21TR0030,2021E,2022-02-21,5700000,5700000,Lunas,Transfer Bank
PAY0000799,21TR0031,2021E,2022-03-13,5700000,5700000,Lunas,VA Bank
PAY0000800,21TR0032,2021E,2022-03-19,5700000,5700000,Lunas,E-Wallet
PAY0000801,21TR0033,2021E,2022-03-23,5700000,5700000,Lunas,VA Bank
PAY0000802,21TR0034,2021E,2022-02-23,5700000,5700000,Lunas,Loket Kampus
PAY0000803,21TR0035,2021E,03/03/2022,5700000,5700000,Lunas,E-Wallet
PAY0000804,21TR0036,2021E,2022-02-16,5700000,5700000,Lunas,E-Wallet
PAY0000805,21TR0037,2021E,13-Mar-2022,5700000,5700000,Lunas,VA Bank
PAY0000806,21TR0038,2021E,22-Mar-2022,5700000,3800000,Cicilan,VA Bank
PAY0000807,21TR0039,2021E,2022-02-26,5700000,3300000,Cicilan,E-Wallet
PAY0000808,21TR0040,2021E,2022-03-28,5700000,5700000,Lunas,Transfer Bank
PAY0000809,21TR0041,2021E,2022-03-05,5700000,5700000,Lunas,Transfer Bank
PAY0000810,21TR0042,2021E,2022-03-27,5700000,5700000,Lunas,VA Bank
PAY0000811,21TR0043,2021E,2022-03-06,5700000,5700000,Lunas,VA Bank
PAY0000812,21TR0044,2021E,2022-03-17,5700000,5700000,Lunas,Loket Kampus
PAY0000813,21TR0045,2021E,2022-03-02,5700000,4100000,Cicilan,VA Bank
PAY0000814,21TR0046,2021E,2022-02-28,5700000,5700000,Lunas,Loket Kampus
PAY0000815,21TR0047,2021E,,5700000,0,Belum Lunas,Transfer Bank
PAY0000816,21TR0048,2021E,29/03/2022,5700000,5700000,Lunas,Loket Kampus
PAY0000817,21TR0049,2021E,2022-03-12,5700000,3800000,Cicilan,Transfer Bank
PAY0000818,21TR0050,2021E,,5700000,0,Belum Lunas,Transfer Bank
PAY0000819,21TR0051,2021E,2022-03-22,5700000,5700000,Lunas,E-Wallet
PAY0000820,21TR0052,2021E,2022-03-01,5700000,2300000,Cicilan,Loket Kampus
PAY0000821,21TR0053,2021E,2022-02-18,5700000,5700000,Lunas,VA Bank
PAY0000822,21TR0054,2021E,2022-03-31,5700000,5700000,Lunas,E-Wallet
PAY0000823,21TR0055,2021E,2022-02-27,5700000,5700000,Lunas,VA Bank
PAY0000824,21TR0056,2021E,2022-02-27,5700000,5700000,Lunas,Loket Kampus
PAY0000825,21TR0057,2021E,2022-03-01,5700000,5700000,Lunas,Loket Kampus
PAY0000826,21TR0058,2021E,2022-02-27,5700000,5700000,Lunas,E-Wallet
PAY0000827,21TR0059,2021E,29-Mar-2022,5700000,5700000,Lunas,VA Bank
PAY0000828,21TR0060,2021E,2022-04-01,5700000,5700000,Lunas,Transfer Bank
PAY0000829,21TR0061,2021E,2022-03-30,5700000,5700000,Lunas,Loket Kampus
PAY0000830,21TR0062,2021E,2022-03-27,5700000,3800000,Cicilan,VA Bank
PAY0000831,21TR0063,2021E,2022-03-08,5700000,5700000,Lunas,Loket Kampus
PAY0000832,21TR0064,2021E,21-Feb-2022,5700000,5700000,Lunas,Transfer Bank
PAY0000833,21TR0065,2021E,2022-03-24,5700000,5700000,Lunas,Loket Kampus
PAY0000834,21BD0001,2021E,23/02/2022,5000000,3700000,Cicilan,E-Wallet
PAY0000835,21BD0002,2021E,2022-03-25,5000000,5000000,Lunas,E-Wallet
PAY0000836,21BD0003,2021E,,5000000,0,Belum Lunas,Transfer Bank
PAY0000837,21BD0004,2021E,2022-03-21,5000000,5000000,Lunas,Transfer Bank
PAY0000838,21BD0005,2021E,24-Mar-2022,5000000,5000000,Lunas,VA Bank
PAY0000839,21BD0006,2021E,2022-02-20,5000000,5000000,Lunas,E-Wallet
PAY0000840,21BD0007,2021E,13/03/2022,5000000,5000000,Lunas,E-Wallet
PAY0000841,21BD0008,2021E,2022-03-04,5000000,5000000,Lunas,Loket Kampus
PAY0000842,21BD0009,2021E,2022-03-04,5000000,5000000,Lunas,VA Bank
PAY0000843,21BD0010,2021E,2022-03-11,5000000,5000000,Lunas,E-Wallet
PAY0000844,21BD0011,2021E,2022-03-10,5000000,5000000,Lunas,Transfer Bank
PAY0000845,21BD0012,2021E,,5000000,0,Belum Lunas,Transfer Bank
PAY0000846,21BD0013,2021E,28-Mar-2022,5000000,5000000,Lunas,VA Bank
PAY0000847,21BD0014,2021E,26/03/2022,5000000,5000000,Lunas,Transfer Bank
PAY0000848,21BD0015,2021E,2022-03-06,5000000,5000000,Lunas,Transfer Bank
PAY0000849,21BD0016,2021E,01-Apr-2022,5000000,5000000,Lunas,E-Wallet
PAY0000850,21BD0017,2021E,2022-03-15,5000000,5000000,Lunas,E-Wallet
PAY0000851,21BD0018,2021E,,5000000,2300000,Cicilan,E-Wallet
PAY0000852,21BD0019,2021E,2022-03-01,5000000,5000000,Lunas,VA Bank
PAY0000853,21BD0020,2021E,2022-03-16,5000000,5000000,Lunas,Loket Kampus
PAY0000854,21BD0021,2021E,2022-03-05,5000000,5000000,Lunas,Transfer Bank
PAY0000855,21BD0022,2021E,2022-03-09,5000000,5000000,Lunas,E-Wallet
PAY0000856,21BD0023,2021E,2022-04-01,5000000,5000000,Lunas,E-Wallet
PAY0000857,21BD0024,2021E,2022-03-24,5000000,5000000,Lunas,E-Wallet
PAY0000858,21BD0025,2021E,2022-03-24,5000000,5000000,Lunas,E-Wallet
PAY0000859,21BD0026,2021E,2022-03-10,5000000,5000000,Lunas,Transfer Bank
PAY0000860,21BD0027,2021E,18/02/2022,5000000,5000000,Lunas,E-Wallet
PAY0000861,21BD0028,2021E,2022-02-27,5000000,5000000,Lunas,Loket Kampus
PAY0000862,21BD0029,2021E,2022-02-17,5000000,5000000,Lunas,Transfer Bank
PAY0000863,21BD0030,2021E,2022-03-05,5000000,5000000,Lunas,Transfer Bank
PAY0000864,21BD0031,2021E,2022-03-09,5000000,5000000,Lunas,E-Wallet
PAY0000865,21BD0032,2021E,2022-03-16,5000000,5000000,Lunas,E-Wallet
PAY0000866,21BD0033,2021E,,5000000,0,Belum Lunas,VA Bank
PAY0000867,21BD0034,2021E,,5000000,0,Belum Lunas,Transfer Bank
PAY0000868,21BD0035,2021E,2022-03-26,5000000,5000000,Lunas,Loket Kampus
PAY0000869,21BD0036,2021E,2022-03-05,5000000,5000000,Lunas,Loket Kampus
PAY0000870,21BD0037,2021E,,5000000,0,Belum Lunas,Transfer Bank
PAY0000871,21BD0038,2021E,,5000000,0,Belum Lunas,VA Bank
PAY0000872,21BD0039,2021E,2022-03-02,5000000,5000000,Lunas,Loket Kampus
PAY0000873,21BD0040,2021E,2022-02-23,5000000,5000000,Lunas,Transfer Bank
PAY0000874,21BD0041,2021E,21/02/2022,5000000,5000000,Lunas,VA Bank
PAY0000875,21BD0042,2021E,2022-03-20,5000000,5000000,Lunas,Transfer Bank
PAY0000876,21BD0043,2021E,2022-03-04,5000000,5000000,Lunas,E-Wallet
PAY0000877,21BD0044,2021E,2022-02-20,5000000,5000000,Lunas,Transfer Bank
PAY0000878,21BD0045,2021E,2022-02-20,5000000,5000000,Lunas,Loket Kampus
PAY0000879,21BD0046,2021E,2022-03-14,5000000,5000000,Lunas,VA Bank
PAY0000880,21BD0047,2021E,2022-03-23,5000000,5000000,Lunas,Loket Kampus
PAY0000881,21BD0048,2021E,2022-03-19,5000000,5000000,Lunas,E-Wallet
PAY0000882,21BD0049,2021E,2022-03-20,5000000,5000000,Lunas,Transfer Bank
PAY0000883,21BD0050,2021E,23/03/2022,5000000,5000000,Lunas,E-Wallet
PAY0000884,21BD0051,2021E,2022-03-10,5000000,5000000,Lunas,VA Bank
PAY0000885,21BD0052,2021E,2022-02-15,5000000,5000000,Lunas,VA Bank
PAY0000886,21BD0053,2021E,2022-03-24,5000000,5000000,Lunas,Transfer Bank
PAY0000887,21BD0054,2021E,2022-02-26,5000000,5000000,Lunas,Loket Kampus
PAY0000888,21BD0055,2021E,2022-02-20,5000000,5000000,Lunas,Transfer Bank
PAY0000889,21BD0056,2021E,2022-03-10,5000000,5000000,Lunas,VA Bank
PAY0000890,21BD0057,2021E,15-Feb-2022,5000000,5000000,Lunas,VA Bank
PAY0000891,21BD0058,2021E,2022-02-18,5000000,5000000,Lunas,Loket Kampus
PAY0000892,21BD0059,2021E,2022-03-15,5000000,5000000,Lunas,Loket Kampus
PAY0000893,21BD0060,2021E,2022-03-06,5000000,1800000,Cicilan,Loket Kampus
PAY0000894,21BD0061,2021E,2022-02-23,5000000,5000000,Lunas,Loket Kampus
PAY0000895,21BD0062,2021E,2022-03-11,5000000,5000000,Lunas,Loket Kampus
PAY0000896,21BD0063,2021E,2022-03-05,5000000,5000000,Lunas,Transfer Bank
PAY0000897,21BD0064,2021E,2022-02-23,5000000,5000000,Lunas,Transfer Bank
PAY0000898,21BD0065,2021E,2022-03-01,5000000,2200000,Cicilan,Loket Kampus
PAY0000899,21BD0066,2021E,19/03/2022,5000000,5000000,Lunas,VA Bank
PAY0000900,21BD0067,2021E,2022-02-19,5000000,5000000,Lunas,VA Bank
PAY0000901,21TI0001,2022G,20/08/2022,5500000,5500000,Lunas,Transfer Bank
PAY0000902,21TI0002,2022G,2022-09-02,5500000,5500000,Lunas,VA Bank
PAY0000903,21TI0003,2022G,2022-09-13,5500000,5500000,Lunas,Transfer Bank
PAY0000904,21TI0004,2022G,2022-09-26,5500000,5500000,Lunas,E-Wallet
PAY0000905,21TI0005,2022G,,5500000,0,Belum Lunas,VA Bank
PAY0000906,21TI0006,2022G,07-Sep-2022,5500000,5500000,Lunas,Loket Kampus
PAY0000907,21TI0007,2022G,2022-09-27,5500000,5500000,Lunas,VA Bank
PAY0000908,21TI0008,2022G,07/09/2022,5500000,5500000,Lunas,Loket Kampus
PAY0000909,21TI0009,2022G,2022-09-19,5500000,5500000,Lunas,Transfer Bank
PAY0000910,21TI0010,2022G,2022-08-28,5500000,5500000,Lunas,Loket Kampus
PAY0000911,21TI0011,2022G,2022-08-29,5500000,5500000,Lunas,E-Wallet
PAY0000912,21TI0012,2022G,2022-09-20,5500000,5500000,Lunas,VA Bank
PAY0000913,21TI0013,2022G,2022-08-31,5500000,5500000,Lunas,VA Bank
PAY0000914,21TI0014,2022G,2022-10-04,5500000,5500000,Lunas,Transfer Bank
PAY0000915,21TI0015,2022G,2022-09-30,5500000,5500000,Lunas,Loket Kampus
PAY0000916,21TI0016,2022G,14/09/2022,5500000,5500000,Lunas,Transfer Bank
PAY0000917,21TI0017,2022G,28/09/2022,5500000,5500000,Lunas,Transfer Bank
PAY0000918,21TI0018,2022G,20/09/2022,5500000,5500000,Lunas,Transfer Bank
PAY0000919,21TI0019,2022G,2022-09-08,5500000,5500000,Lunas,Loket Kampus
PAY0000920,21TI0020,2022G,2022-09-18,5500000,5500000,Lunas,E-Wallet
PAY0000921,21TI0021,2022G,2022-08-21,5500000,5500000,Lunas,VA Bank
PAY0000922,21TI0022,2022G,23/08/2022,5500000,5500000,Lunas,Loket Kampus
PAY0000923,21TI0023,2022G,2022-09-11,5500000,5500000,Lunas,E-Wallet
PAY0000924,21TI0024,2022G,2022-10-03,5500000,5500000,Lunas,Loket Kampus
PAY0000925,21TI0025,2022G,2022-08-31,5500000,5500000,Lunas,VA Bank
PAY0000926,21TI0026,2022G,,5500000,0,Belum Lunas,Loket Kampus
PAY0000927,21TI0027,2022G,2022-09-23,5500000,4000000,Cicilan,VA Bank
PAY0000928,21TI0028,2022G,2022-09-16,5500000,5500000,Lunas,Transfer Bank
PAY0000929,21TI0029,2022G,2022-09-07,5500000,2200000,Cicilan,VA Bank
PAY0000930,21TI0030,2022G,2022-10-03,5500000,5500000,Lunas,E-Wallet
PAY0000931,21TI0031,2022G,2022-09-20,5500000,5500000,Lunas,E-Wallet
PAY0000932,21TI0032,2022G,2022-08-24,5500000,5500000,Lunas,Loket Kampus
PAY0000933,21TI0033,2022G,2022-09-06,5500000,5500000,Lunas,E-Wallet
PAY0000934,21TI0034,2022G,2022-09-28,5500000,5500000,Lunas,Transfer Bank
PAY0000935,21TI0035,2022G,03/10/2022,5500000,5500000,Lunas,Loket Kampus
PAY0000936,21TI0036,2022G,22/09/2022,5500000,5500000,Lunas,Loket Kampus
PAY0000937,21TI0037,2022G,2022-09-15,5500000,5500000,Lunas,Loket Kampus
PAY0000938,21TI0038,2022G,2022-09-13,5500000,5500000,Lunas,E-Wallet
PAY0000939,21TI0039,2022G,27/09/2022,5500000,5500000,Lunas,E-Wallet
PAY0000940,21TI0040,2022G,16/09/2022,5500000,5500000,Lunas,E-Wallet
PAY0000941,21TI0041,2022G,13-Sep-2022,5500000,5500000,Lunas,Loket Kampus
PAY0000942,21TI0042,2022G,2022-10-01,5500000,5500000,Lunas,VA Bank
PAY0000943,21TI0043,2022G,2022-09-27,5500000,5500000,Lunas,E-Wallet
PAY0000944,21TI0044,2022G,20-Sep-2022,5500000,5500000,Lunas,Loket Kampus
PAY0000945,21TI0045,2022G,26/09/2022,5500000,2600000,Cicilan,E-Wallet
PAY0000946,21TI0046,2022G,,5500000,0,Belum Lunas,Transfer Bank
PAY0000947,21TI0047,2022G,2022-09-08,5500000,5500000,Lunas,E-Wallet
PAY0000948,21TI0048,2022G,2022-09-18,5500000,5500000,Lunas,E-Wallet
PAY0000949,21TI0049,2022G,26/08/2022,5500000,5500000,Lunas,VA Bank
PAY0000950,21TI0050,2022G,2022-09-22,5500000,5500000,Lunas,Loket Kampus
PAY0000951,21TI0051,2022G,2022-09-07,5500000,5500000,Lunas,Transfer Bank
PAY0000952,21TI0052,2022G,2022-09-25,5500000,5500000,Lunas,VA Bank
PAY0000953,21TI0053,2022G,02-Sep-2022,5500000,5500000,Lunas,VA Bank
PAY0000954,21TI0054,2022G,2022-08-21,5500000,5500000,Lunas,Transfer Bank
PAY0000955,21TI0055,2022G,20/08/2022,5500000,5500000,Lunas,E-Wallet
PAY0000956,21TI0056,2022G,2022-09-15,5500000,5500000,Lunas,Loket Kampus
PAY0000957,21TI0057,2022G,2022-09-10,5500000,5500000,Lunas,Loket Kampus
PAY0000958,21TI0058,2022G,22/08/2022,5500000,2900000,Cicilan,Loket Kampus
PAY0000959,21TI0059,2022G,24/08/2022,5500000,5500000,Lunas,VA Bank
PAY0000960,21TI0060,2022G,14/09/2022,5500000,5500000,Lunas,Transfer Bank
PAY0000961,21TI0061,2022G,26-Sep-2022,5500000,5500000,Lunas,VA Bank
PAY0000962,21TI0062,2022G,2022-08-27,5500000,5500000,Lunas,Loket Kampus
PAY0000963,21TI0063,2022G,2022-09-05,5500000,5500000,Lunas,Loket Kampus
PAY0000964,21TI0064,2022G,2022-09-21,5500000,5500000,Lunas,Loket Kampus
PAY0000965,21TI0065,2022G,2022-08-27,5500000,5500000,Lunas,VA Bank
PAY0000966,21TI0066,2022G,2022-09-05,5500000,5500000,Lunas,Loket Kampus
PAY0000967,21TI0067,2022G,2022-09-24,5500000,5500000,Lunas,E-Wallet
PAY0000968,21TI0068,2022G,2022-09-29,5500000,2900000,Cicilan,Loket Kampus
PAY0000969,21TI0069,2022G,28-Sep-2022,5500000,5500000,Lunas,Transfer Bank
PAY0000970,21TI0070,2022G,2022-10-02,5500000,5500000,Lunas,Loket Kampus
PAY0000971,21TI0071,2022G,08-Sep-2022,5500000,5500000,Lunas,VA Bank
PAY0000972,21TI0072,2022G,2022-09-11,5500000,5500000,Lunas,E-Wallet
PAY0000973,21TI0073,2022G,2022-09-28,5500000,5500000,Lunas,E-Wallet
PAY0000974,21TI0074,2022G,02/09/2022,5500000,5500000,Lunas,E-Wallet
PAY0000975,21TI0075,2022G,22-Sep-2022,5500000,5500000,Lunas,E-Wallet
PAY0000976,21TI0076,2022G,2022-09-19,5500000,5500000,Lunas,VA Bank
PAY0000977,21TI0077,2022G,2022-09-25,5500000,4000000,Cicilan,Transfer Bank
PAY0000978,21TI0078,2022G,2022-08-25,5500000,5500000,Lunas,E-Wallet
PAY0000979,21TI0079,2022G,27/08/2022,5500000,5500000,Lunas,E-Wallet
PAY0000980,21TI0080,2022G,25/09/2022,5500000,5500000,Lunas,VA Bank
PAY0000981,21TI0081,2022G,,5500000,0,Belum Lunas,Transfer Bank
PAY0000982,21TI0082,2022G,2022-08-23,5500000,2400000,Cicilan,Transfer Bank
PAY0000983,21TI0083,2022G,2022-09-03,5500000,5500000,Lunas,Loket Kampus
PAY0000984,21TI0084,2022G,2022-09-15,5500000,5500000,Lunas,Loket Kampus
PAY0000985,21TI0085,2022G,26-Sep-2022,5500000,2300000,Cicilan,Transfer Bank
PAY0000986,21SI0001,2022G,2022-08-23,5250000,5250000,Lunas,Loket Kampus
PAY0000987,21SI0002,2022G,2022-10-03,5250000,5250000,Lunas,Transfer Bank
PAY0000988,21SI0003,2022G,21/08/2022,5250000,5250000,Lunas,Loket Kampus
PAY0000989,21SI0004,2022G,,5250000,0,Belum Lunas,VA Bank
PAY0000990,21SI0005,2022G,2022-09-19,5250000,5250000,Lunas,E-Wallet
PAY0000991,21SI0006,2022G,,5250000,0,Belum Lunas,E-Wallet
PAY0000992,21SI0007,2022G,06-Sep-2022,5250000,2600000,Cicilan,E-Wallet
PAY0000993,21SI0008,2022G,01-Sep-2022,5250000,5250000,Lunas,E-Wallet
PAY0000994,21SI0009,2022G,08/09/2022,5250000,5250000,Lunas,E-Wallet
PAY0000995,21SI0010,2022G,03/10/2022,5250000,5250000,Lunas,E-Wallet
PAY0000996,21SI0011,2022G,2022-09-20,5250000,5250000,Lunas,Loket Kampus
PAY0000997,21SI0012,2022G,14/09/2022,5250000,2500000,Cicilan,Transfer Bank
PAY0000998,21SI0013,2022G,2022-09-07,5250000,5250000,Lunas,Loket Kampus
PAY0000999,21SI0014,2022G,2022-09-21,5250000,5250000,Lunas,Transfer Bank
PAY0001000,21SI0015,2022G,2022-08-22,5250000,5250000,Lunas,Transfer Bank
PAY0001001,21SI0016,2022G,2022-09-27,5250000,5250000,Lunas,VA Bank
PAY0001002,21SI0017,2022G,02-Sep-2022,5250000,5250000,Lunas,Transfer Bank
PAY0001003,21SI0018,2022G,21-Aug-2022,5250000,5250000,Lunas,E-Wallet
PAY0001004,21SI0019,2022G,2022-09-16,5250000,5250000,Lunas,E-Wallet
PAY0001005,21SI0020,2022G,04/10/2022,5250000,2100000,Cicilan,Transfer Bank
PAY0001006,21SI0021,2022G,27-Aug-2022,5250000,3300000,Cicilan,Loket Kampus
PAY0001007,21SI0022,2022G,27/08/2022,5250000,5250000,Lunas,Loket Kampus
PAY0001008,21SI0023,2022G,12-Sep-2022,5250000,5250000,Lunas,VA Bank
PAY0001009,21SI0024,2022G,2022-09-12,5250000,5250000,Lunas,Transfer Bank
PAY0001010,21SI0025,2022G,03/09/2022,5250000,5250000,Lunas,Loket Kampus
PAY0001011,21SI0026,2022G,23/08/2022,5250000,5250000,Lunas,Loket Kampus
PAY0001012,21SI0027,2022G,2022-08-31,5250000,5250000,Lunas,E-Wallet
PAY0001013,21SI0028,2022G,2022-09-09,5250000,2300000,Cicilan,Loket Kampus
PAY0001014,21SI0029,2022G,2022-08-20,5250000,5250000,Lunas,E-Wallet
PAY0001015,21SI0030,2022G,2022-08-30,5250000,5250000,Lunas,Loket Kampus
PAY0001016,21SI0031,2022G,04-Sep-2022,5250000,5250000,Lunas,VA Bank
PAY0001017,21SI0032,2022G,04/09/2022,5250000,5250000,Lunas,Loket Kampus
PAY0001018,21SI0033,2022G,16/09/2022,5250000,5250000,Lunas,E-Wallet
PAY0001019,21SI0034,2022G,2022-09-09,5250000,5250000,Lunas,Loket Kampus
PAY0001020,21SI0035,2022G,02/10/2022,5250000,5250000,Lunas,Transfer Bank
PAY0001021,21SI0036,2022G,2022-09-02,5250000,5250000,Lunas,Loket Kampus
PAY0001022,21SI0037,2022G,2022-09-03,5250000,5250000,Lunas,E-Wallet
PAY0001023,21SI0038,2022G,2022-09-16,5250000,3800000,Cicilan,E-Wallet
PAY0001024,21SI0039,2022G,2022-09-07,5250000,2700000,Cicilan,Loket Kampus
PAY0001025,21SI0040,2022G,28/08/2022,5250000,5250000,Lunas,Transfer Bank
PAY0001026,21SI0041,2022G,2022-09-22,5250000,5250000,Lunas,VA Bank
PAY0001027,21SI0042,2022G,2022-09-02,5250000,5250000,Lunas,E-Wallet
PAY0001028,21SI0043,2022G,30/08/2022,5250000,5250000,Lunas,Loket Kampus
PAY0001029,21SI0044,2022G,2022-08-21,5250000,2000000,Cicilan,Transfer Bank
PAY0001030,21SI0045,2022G,2022-09-15,5250000,5250000,Lunas,Loket Kampus
PAY0001031,21SI0046,2022G,30-Sep-2022,5250000,2200000,Cicilan,Transfer Bank
PAY0001032,21SI0047,2022G,2022-09-03,5250000,5250000,Lunas,VA Bank
PAY0001033,21SI0048,2022G,2022-09-14,5250000,5250000,Lunas,E-Wallet
PAY0001034,21SI0049,2022G,2022-09-04,5250000,5250000,Lunas,E-Wallet
PAY0001035,21SI0050,2022G,2022-09-10,5250000,2000000,Cicilan,VA Bank
PAY0001036,21SI0051,2022G,25/09/2022,5250000,5250000,Lunas,VA Bank
PAY0001037,21SI0052,2022G,18/09/2022,5250000,5250000,Lunas,E-Wallet
PAY0001038,21SI0053,2022G,2022-08-31,5250000,5250000,Lunas,VA Bank
PAY0001039,21SI0054,2022G,18/09/2022,5250000,5250000,Lunas,E-Wallet
PAY0001040,21SI0055,2022G,11/09/2022,5250000,5250000,Lunas,E-Wallet
PAY0001041,21SI0056,2022G,16-Sep-2022,5250000,5250000,Lunas,Transfer Bank
PAY0001042,21SI0057,2022G,,5250000,0,Belum Lunas,Loket Kampus
PAY0001043,21SI0058,2022G,2022-09-07,5250000,5250000,Lunas,Loket Kampus
PAY0001044,21SI0059,2022G,2022-08-25,5250000,3600000,Cicilan,Loket Kampus
PAY0001045,21SI0060,2022G,26-Aug-2022,5250000,5250000,Lunas,E-Wallet
PAY0001046,21SI0061,2022G,07-Sep-2022,5250000,2600000,Cicilan,VA Bank
PAY0001047,21SI0062,2022G,,5250000,0,Belum Lunas,E-Wallet
PAY0001048,21SI0063,2022G,2022-09-17,5250000,5250000,Lunas,E-Wallet
PAY0001049,21SI0064,2022G,2022-10-04,5250000,5250000,Lunas,Transfer Bank
PAY0001050,21SI0065,2022G,2022-08-20,5250000,5250000,Lunas,E-Wallet
PAY0001051,21SI0066,2022G,2022-09-12,5250000,5250000,Lunas,Transfer Bank
PAY0001052,21SI0067,2022G,07-Sep-2022,5250000,5250000,Lunas,VA Bank
PAY0001053,21SI0068,2022G,2022-09-10,5250000,5250000,Lunas,Transfer Bank
PAY0001054,21SI0069,2022G,12-Sep-2022,5250000,5250000,Lunas,VA Bank
PAY0001055,21SI0070,2022G,10/09/2022,5250000,5250000,Lunas,Loket Kampus
PAY0001056,21SI0071,2022G,2022-08-29,5250000,5250000,Lunas,E-Wallet
PAY0001057,21SI0072,2022G,2022-09-25,5250000,5250000,Lunas,VA Bank
PAY0001058,21SI0073,2022G,2022-09-05,5250000,5250000,Lunas,VA Bank
PAY0001059,21SI0074,2022G,2022-09-14,5250000,5250000,Lunas,E-Wallet
PAY0001060,21SI0075,2022G,2022-09-22,5250000,5250000,Lunas,E-Wallet
PAY0001061,21SI0076,2022G,2022-09-20,5250000,3900000,Cicilan,Loket Kampus
PAY0001062,21SI0077,2022G,2022-09-09,5250000,5250000,Lunas,Loket Kampus
PAY0001063,21SI0078,2022G,2022-09-25,5250000,5250000,Lunas,Transfer Bank
PAY0001064,21SI0079,2022G,2022-09-30,5250000,5250000,Lunas,VA Bank
PAY0001065,21SI0080,2022G,2022-09-21,5250000,2000000,Cicilan,Transfer Bank
PAY0001066,21SI0081,2022G,2022-09-15,5250000,5250000,Lunas,VA Bank
PAY0001067,21IF0001,2022G,2022-09-05,5750000,5750000,Lunas,Loket Kampus
PAY0001068,21IF0002,2022G,2022-09-02,5750000,5750000,Lunas,VA Bank
PAY0001069,21IF0003,2022G,2022-09-21,5750000,5750000,Lunas,VA Bank
PAY0001070,21IF0004,2022G,2022-09-10,5750000,5750000,Lunas,Transfer Bank
PAY0001071,21IF0005,2022G,20/08/2022,5750000,5750000,Lunas,Loket Kampus
PAY0001072,21IF0006,2022G,2022-09-07,5750000,5750000,Lunas,Transfer Bank
PAY0001073,21IF0007,2022G,2022-09-19,5750000,5750000,Lunas,VA Bank
PAY0001074,21IF0008,2022G,2022-09-28,5750000,5750000,Lunas,Transfer Bank
PAY0001075,21IF0009,2022G,2022-09-03,5750000,5750000,Lunas,Loket Kampus
PAY0001076,21IF0010,2022G,27-Sep-2022,5750000,5750000,Lunas,Loket Kampus
PAY0001077,21IF0011,2022G,2022-09-16,5750000,5750000,Lunas,Loket Kampus
PAY0001078,21IF0012,2022G,2022-09-15,5750000,5750000,Lunas,Transfer Bank
PAY0001079,21IF0013,2022G,25/09/2022,5750000,5750000,Lunas,VA Bank
PAY0001080,21IF0014,2022G,2022-09-15,5750000,5750000,Lunas,VA Bank
PAY0001081,21IF0015,2022G,2022-09-20,5750000,5750000,Lunas,Loket Kampus
PAY0001082,21IF0016,2022G,2022-09-20,5750000,5750000,Lunas,E-Wallet
PAY0001083,21IF0017,2022G,2022-09-22,5750000,5750000,Lunas,VA Bank
PAY0001084,21IF0018,2022G,2022-08-27,5750000,5750000,Lunas,Loket Kampus
PAY0001085,21IF0019,2022G,2022-09-08,5750000,5750000,Lunas,E-Wallet
PAY0001086,21IF0020,2022G,2022-08-29,5750000,5750000,Lunas,E-Wallet
PAY0001087,21IF0021,2022G,2022-09-14,5750000,5750000,Lunas,VA Bank
PAY0001088,21IF0022,2022G,2022-09-06,5750000,5750000,Lunas,E-Wallet
PAY0001089,21IF0023,2022G,06/09/2022,5750000,5750000,Lunas,E-Wallet
PAY0001090,21IF0024,2022G,2022-09-27,5750000,5750000,Lunas,E-Wallet
PAY0001091,21IF0025,2022G,2022-09-02,5750000,5750000,Lunas,E-Wallet
PAY0001092,21IF0026,2022G,2022-08-28,5750000,5750000,Lunas,VA Bank
PAY0001093,21IF0027,2022G,2022-09-11,5750000,5750000,Lunas,Loket Kampus
PAY0001094,21IF0028,2022G,2022-09-04,5750000,5750000,Lunas,VA Bank
PAY0001095,21IF0029,2022G,21/08/2022,5750000,5750000,Lunas,Transfer Bank
PAY0001096,21IF0030,2022G,2022-09-27,5750000,5750000,Lunas,VA Bank
PAY0001097,21IF0031,2022G,2022-09-10,5750000,5750000,Lunas,VA Bank
PAY0001098,21IF0032,2022G,2022-09-26,5750000,5750000,Lunas,E-Wallet
PAY0001099,21IF0033,2022G,2022-08-22,5750000,3700000,Cicilan,Loket Kampus
PAY0001100,21IF0034,2022G,2022-09-19,5750000,5750000,Lunas,VA Bank
PAY0001101,21IF0035,2022G,27/09/2022,5750000,2600000,Cicilan,E-Wallet
PAY0001102,21IF0036,2022G,2022-09-19,5750000,5750000,Lunas,Transfer Bank
PAY0001103,21IF0037,2022G,2022-09-05,5750000,2100000,Cicilan,E-Wallet
PAY0001104,21IF0038,2022G,31/08/2022,5750000,5750000,Lunas,Transfer Bank
PAY0001105,21IF0039,2022G,19-Sep-2022,5750000,5750000,Lunas,VA Bank
PAY0001106,21IF0040,2022G,2022-08-20,5750000,2900000,Cicilan,E-Wallet
PAY0001107,21IF0041,2022G,02/10/2022,5750000,5750000,Lunas,Loket Kampus
PAY0001108,21IF0042,2022G,03-Sep-2022,5750000,5750000,Lunas,Transfer Bank
PAY0001109,21IF0043,2022G,2022-08-26,5750000,5750000,Lunas,VA Bank
PAY0001110,21IF0044,2022G,2022-08-29,5750000,5750000,Lunas,Transfer Bank
PAY0001111,21IF0045,2022G,2022-10-04,5750000,5750000,Lunas,E-Wallet
PAY0001112,21IF0046,2022G,2022-10-02,5750000,-5750000,Lunas,Transfer Bank
PAY0001113,21IF0047,2022G,30/08/2022,5750000,2200000,Cicilan,E-Wallet
PAY0001114,21IF0048,2022G,2022-09-20,5750000,5750000,Lunas,Transfer Bank
PAY0001115,21IF0049,2022G,2022-08-26,5750000,5750000,Lunas,E-Wallet
PAY0001116,21IF0050,2022G,2022-09-09,5750000,5750000,Lunas,VA Bank
PAY0001117,21IF0051,2022G,2022-08-28,5750000,5750000,Lunas,Loket Kampus
PAY0001118,21IF0052,2022G,31/08/2022,5750000,3100000,Cicilan,Loket Kampus
PAY0001119,21IF0053,2022G,23/08/2022,5750000,5750000,Lunas,Transfer Bank
PAY0001120,21IF0054,2022G,2022-09-18,5750000,5750000,Lunas,VA Bank
PAY0001121,21IF0055,2022G,2022-09-11,5750000,5750000,Lunas,Loket Kampus
PAY0001122,21IF0056,2022G,2022-09-01,5750000,5750000,Lunas,Loket Kampus
PAY0001123,21IF0057,2022G,2022-08-29,5750000,5750000,Lunas,VA Bank
PAY0001124,21IF0058,2022G,2022-09-02,5750000,5750000,Lunas,VA Bank
PAY0001125,21IF0059,2022G,19-Sep-2022,5750000,5750000,Lunas,E-Wallet
PAY0001126,21IF0060,2022G,27-Sep-2022,5750000,5750000,Lunas,E-Wallet
PAY0001127,21IF0061,2022G,2022-10-03,5750000,5750000,Lunas,VA Bank
PAY0001128,21IF0062,2022G,2022-09-18,5750000,5750000,Lunas,Transfer Bank
PAY0001129,21IF0063,2022G,04-Sep-2022,5750000,5750000,Lunas,Loket Kampus
PAY0001130,21IF0064,2022G,03-Oct-2022,5750000,5750000,Lunas,Transfer Bank
PAY0001131,21IF0065,2022G,26/09/2022,5750000,5750000,Lunas,VA Bank
PAY0001132,21IF0066,2022G,26/08/2022,5750000,5750000,Lunas,VA Bank
PAY0001133,21IF0067,2022G,2022-08-31,5750000,5750000,Lunas,Loket Kampus
PAY0001134,21IF0068,2022G,03/09/2022,5750000,5750000,Lunas,Transfer Bank
PAY0001135,21IF0069,2022G,2022-09-28,5750000,2700000,Cicilan,E-Wallet
PAY0001136,21IF0070,2022G,2022-09-21,5750000,3500000,Cicilan,E-Wallet
PAY0001137,21IF0071,2022G,2022-09-15,5750000,5750000,Lunas,Loket Kampus
PAY0001138,21IF0072,2022G,15/09/2022,5750000,5750000,Lunas,VA Bank
PAY0001139,21IF0073,2022G,2022-09-30,5750000,5750000,Lunas,Transfer Bank
PAY0001140,21IF0074,2022G,2022-09-17,5750000,5750000,Lunas,Loket Kampus
PAY0001141,21IF0075,2022G,2022-09-21,5750000,5750000,Lunas,Transfer Bank
PAY0001142,21IF0076,2022G,2022-10-04,5750000,5750000,Lunas,VA Bank
PAY0001143,21IF0077,2022G,2022-10-01,5750000,5750000,Lunas,VA Bank
PAY0001144,21IF0078,2022G,2022-09-20,5750000,5750000,Lunas,Transfer Bank
PAY0001145,21IF0079,2022G,04/09/2022,5750000,5750000,Lunas,Loket Kampus
PAY0001146,21IF0080,2022G,,5750000,0,Belum Lunas,E-Wallet
PAY0001147,21IF0081,2022G,2022-08-31,5750000,4300000,Cicilan,VA Bank
PAY0001148,21IF0082,2022G,2022-09-12,5750000,3000000,Cicilan,Loket Kampus
PAY0001149,21IF0083,2022G,25-Aug-2022,5750000,5750000,Lunas,VA Bank
PAY0001150,21IF0084,2022G,2022-09-08,5750000,3000000,Cicilan,VA Bank
PAY0001151,21IF0085,2022G,2022-09-12,5750000,5750000,Lunas,E-Wallet
PAY0001152,21DS0001,2022G,24/08/2022,6000000,6000000,Lunas,VA Bank
PAY0001153,21DS0002,2022G,,6000000,0,Belum Lunas,VA Bank
PAY0001154,21DS0003,2022G,09/09/2022,6000000,6000000,Lunas,E-Wallet
PAY0001155,21DS0004,2022G,2022-08-24,6000000,6000000,Lunas,E-Wallet
PAY0001156,21DS0005,2022G,,6000000,6000000,Lunas,E-Wallet
PAY0001157,21DS0006,2022G,2022-09-21,6000000,6000000,Lunas,E-Wallet
PAY0001158,21DS0007,2022G,2022-09-14,6000000,6000000,Lunas,Transfer Bank
PAY0001159,21DS0008,2022G,24-Aug-2022,6000000,6000000,Lunas,Transfer Bank
PAY0001160,21DS0009,2022G,2022-10-01,6000000,6000000,Lunas,Transfer Bank
PAY0001161,21DS0010,2022G,2022-09-08,6000000,3200000,Cicilan,VA Bank
PAY0001162,21DS0011,2022G,2022-09-14,6000000,6000000,Lunas,VA Bank
PAY0001163,21DS0012,2022G,2022-10-02,6000000,6000000,Lunas,E-Wallet
PAY0001164,21DS0013,2022G,2022-09-11,6000000,6000000,Lunas,Transfer Bank
PAY0001165,21DS0014,2022G,2022-08-30,6000000,6000000,Lunas,Loket Kampus
PAY0001166,21DS0015,2022G,14/09/2022,6000000,6000000,Lunas,Transfer Bank
PAY0001167,21DS0016,2022G,2022-09-02,6000000,6000000,Lunas,Transfer Bank
PAY0001168,21DS0017,2022G,2022-08-21,6000000,6000000,Lunas,Loket Kampus
PAY0001169,21DS0018,2022G,2022-09-30,6000000,6000000,Lunas,Loket Kampus
PAY0001170,21DS0019,2022G,,6000000,0,Belum Lunas,VA Bank
PAY0001171,21DS0020,2022G,2022-09-24,6000000,2300000,Cicilan,Transfer Bank
PAY0001172,21DS0021,2022G,2022-08-29,6000000,6000000,Lunas,E-Wallet
PAY0001173,21DS0022,2022G,2022-09-02,6000000,6000000,Lunas,Transfer Bank
PAY0001174,21DS0023,2022G,19/09/2022,6000000,6000000,Lunas,Transfer Bank
PAY0001175,21DS0024,2022G,2022-09-16,6000000,6000000,Lunas,Loket Kampus
PAY0001176,21DS0025,2022G,2022-09-13,6000000,6000000,Lunas,Loket Kampus
PAY0001177,21DS0026,2022G,,6000000,0,Belum Lunas,E-Wallet
PAY0001178,21DS0027,2022G,2022-08-24,6000000,6000000,Lunas,Transfer Bank
PAY0001179,21DS0028,2022G,2022-10-03,6000000,6000000,Lunas,Transfer Bank
PAY0001180,21DS0029,2022G,2022-10-03,6000000,6000000,Lunas,Loket Kampus
PAY0001181,21DS0030,2022G,2022-09-13,6000000,6000000,Lunas,Transfer Bank
PAY0001182,21DS0031,2022G,2022-08-20,6000000,6000000,Lunas,VA Bank
PAY0001183,21DS0032,2022G,14-Sep-2022,6000000,6000000,Lunas,E-Wallet
PAY0001184,21DS0033,2022G,29/08/2022,6000000,6000000,Lunas,Loket Kampus
PAY0001185,21DS0034,2022G,04/09/2022,6000000,6000000,Lunas,VA Bank
PAY0001186,21DS0035,2022G,09/09/2022,6000000,6000000,Lunas,E-Wallet
PAY0001187,21DS0036,2022G,2022-08-30,6000000,6000000,Lunas,E-Wallet
PAY0001188,21DS0037,2022G,2022-10-02,6000000,6000000,Lunas,VA Bank
PAY0001189,21DS0038,2022G,2022-10-04,6000000,6000000,Lunas,Transfer Bank
PAY0001190,21DS0039,2022G,2022-08-22,6000000,6000000,Lunas,VA Bank
PAY0001191,21DS0040,2022G,2022-09-10,6000000,6000000,Lunas,VA Bank
PAY0001192,21DS0041,2022G,2022-09-09,6000000,4200000,Cicilan,Transfer Bank
PAY0001193,21DS0042,2022G,2022-09-26,6000000,6000000,Lunas,Transfer Bank
PAY0001194,21DS0043,2022G,2022-09-07,6000000,6000000,Lunas,E-Wallet
PAY0001195,21DS0044,2022G,22/08/2022,6000000,6000000,Lunas,Transfer Bank
PAY0001196,21DS0045,2022G,,6000000,0,Belum Lunas,Loket Kampus
PAY0001197,21DS0046,2022G,03-Oct-2022,6000000,3100000,Cicilan,Transfer Bank
PAY0001198,21DS0047,2022G,2022-09-19,6000000,6000000,Lunas,Transfer Bank
PAY0001199,21DS0048,2022G,2022-08-20,6000000,4100000,Cicilan,VA Bank
PAY0001200,21DS0049,2022G,2022-08-26,6000000,6000000,Lunas,Transfer Bank
PAY0001201,21DS0050,2022G,2022-09-21,6000000,6000000,Lunas,E-Wallet
PAY0001202,21DS0051,2022G,2022-09-19,6000000,6000000,Lunas,Loket Kampus
PAY0001203,21DS0052,2022G,20-Aug-2022,6000000,6000000,Lunas,VA Bank
PAY0001204,21DS0053,2022G,02/10/2022,6000000,6000000,Lunas,E-Wallet
PAY0001205,21DS0054,2022G,2022-09-16,6000000,6000000,Lunas,Loket Kampus
PAY0001206,21DS0055,2022G,2022-09-03,6000000,6000000,Lunas,VA Bank
PAY0001207,21DS0056,2022G,,6000000,0,Belum Lunas,Transfer Bank
PAY0001208,21DS0057,2022G,2022-08-21,6000000,6000000,Lunas,VA Bank
PAY0001209,21DS0058,2022G,2022-09-27,6000000,6000000,Lunas,Transfer Bank
PAY0001210,21DS0059,2022G,25/09/2022,6000000,6000000,Lunas,E-Wallet
PAY0001211,21DS0060,2022G,2022-10-03,6000000,6000000,Lunas,Loket Kampus
PAY0001212,21DS0061,2022G,18/09/2022,6000000,6000000,Lunas,Transfer Bank
PAY0001213,21DS0062,2022G,2022-08-21,6000000,6000000,Lunas,E-Wallet
PAY0001214,21DS0063,2022G,2022-09-28,6000000,6000000,Lunas,E-Wallet
PAY0001215,21DS0064,2022G,2022-09-17,6000000,6000000,Lunas,Transfer Bank
PAY0001216,21DS0065,2022G,08-Sep-2022,6000000,6000000,Lunas,Transfer Bank
PAY0001217,21DS0066,2022G,2022-09-23,6000000,6000000,Lunas,Transfer Bank
PAY0001218,21DS0067,2022G,,6000000,6000000,Lunas,E-Wallet
PAY0001219,21TR0001,2022G,2022-09-04,5700000,5700000,Lunas,E-Wallet
PAY0001220,21TR0002,2022G,2022-09-10,5700000,5700000,Lunas,E-Wallet
PAY0001221,21TR0003,2022G,2022-09-23,5700000,5700000,Lunas,Transfer Bank
PAY0001222,21TR0004,2022G,2022-09-04,5700000,5700000,Lunas,Transfer Bank
PAY0001223,21TR0005,2022G,2022-09-29,5700000,5700000,Lunas,Loket Kampus
PAY0001224,21TR0006,2022G,,5700000,0,Belum Lunas,VA Bank
PAY0001225,21TR0007,2022G,2022-10-04,5700000,5700000,Lunas,VA Bank
PAY0001226,21TR0008,2022G,2022-09-20,5700000,5700000,Lunas,Transfer Bank
PAY0001227,21TR0009,2022G,2022-09-04,5700000,5700000,Lunas,E-Wallet
PAY0001228,21TR0010,2022G,2022-09-26,5700000,5700000,Lunas,Transfer Bank
PAY0001229,21TR0011,2022G,16-Sep-2022,5700000,5700000,Lunas,E-Wallet
PAY0001230,21TR0012,2022G,2022-09-06,5700000,4200000,Cicilan,Transfer Bank
PAY0001231,21TR0013,2022G,2022-09-24,5700000,3500000,Cicilan,E-Wallet
PAY0001232,21TR0014,2022G,08-Sep-2022,5700000,5700000,Lunas,Loket Kampus
PAY0001233,21TR0015,2022G,2022-09-08,5700000,5700000,Lunas,Loket Kampus
PAY0001234,21TR0016,2022G,2022-09-07,5700000,5700000,Lunas,VA Bank
PAY0001235,21TR0017,2022G,04/10/2022,5700000,5700000,Lunas,Transfer Bank
PAY0001236,21TR0018,2022G,15/09/2022,5700000,5700000,Lunas,Transfer Bank
PAY0001237,21TR0019,2022G,03/09/2022,5700000,5700000,Lunas,E-Wallet
PAY0001238,21TR0020,2022G,2022-09-17,5700000,3200000,Cicilan,VA Bank
PAY0001239,21TR0021,2022G,2022-10-01,5700000,5700000,Lunas,E-Wallet
PAY0001240,21TR0022,2022G,2022-08-28,5700000,5700000,Lunas,E-Wallet
PAY0001241,21TR0023,2022G,2022-09-27,5700000,5700000,Lunas,E-Wallet
PAY0001242,21TR0024,2022G,2022-10-03,5700000,5700000,Lunas,E-Wallet
PAY0001243,21TR0025,2022G,2022-09-07,5700000,5700000,Lunas,E-Wallet
PAY0001244,21TR0026,2022G,2022-09-18,5700000,5700000,Lunas,Loket Kampus
PAY0001245,21TR0027,2022G,2022-09-12,5700000,5700000,Lunas,Loket Kampus
PAY0001246,21TR0028,2022G,22-Sep-2022,5700000,5700000,Lunas,Transfer Bank
PAY0001247,21TR0029,2022G,2022-08-31,5700000,5700000,Lunas,Transfer Bank
PAY0001248,21TR0030,2022G,,5700000,0,Belum Lunas,VA Bank
PAY0001249,21TR0031,2022G,2022-09-30,5700000,5700000,Lunas,Transfer Bank
PAY0001250,21TR0032,2022G,2022-09-13,5700000,5700000,Lunas,VA Bank
PAY0001251,21TR0033,2022G,2022-08-23,5700000,5700000,Lunas,VA Bank
PAY0001252,21TR0034,2022G,2022-10-01,5700000,5700000,Lunas,Loket Kampus
PAY0001253,21TR0035,2022G,,5700000,0,Belum Lunas,VA Bank
PAY0001254,21TR0036,2022G,23/08/2022,5700000,5700000,Lunas,VA Bank
PAY0001255,21TR0037,2022G,2022-10-02,5700000,5700000,Lunas,VA Bank
PAY0001256,21TR0038,2022G,26-Sep-2022,5700000,4000000,Cicilan,E-Wallet
PAY0001257,21TR0039,2022G,12/09/2022,5700000,5700000,Lunas,Loket Kampus
PAY0001258,21TR0040,2022G,2022-08-21,5700000,5700000,Lunas,Transfer Bank
PAY0001259,21TR0041,2022G,2022-09-21,5700000,5700000,Lunas,Loket Kampus
PAY0001260,21TR0042,2022G,2022-09-05,5700000,5700000,Lunas,E-Wallet
PAY0001261,21TR0043,2022G,2022-09-22,5700000,5700000,Lunas,VA Bank
PAY0001262,21TR0044,2022G,2022-09-01,5700000,5700000,Lunas,Loket Kampus
PAY0001263,21TR0045,2022G,06/09/2022,5700000,5700000,Lunas,Loket Kampus
PAY0001264,21TR0046,2022G,14/09/2022,5700000,5700000,Lunas,E-Wallet
PAY0001265,21TR0047,2022G,31-Aug-2022,5700000,5700000,Lunas,Transfer Bank
PAY0001266,21TR0048,2022G,,5700000,0,Belum Lunas,VA Bank
PAY0001267,21TR0049,2022G,2022-09-11,5700000,5700000,Lunas,Transfer Bank
PAY0001268,21TR0050,2022G,16/09/2022,5700000,5700000,Lunas,Transfer Bank
PAY0001269,21TR0051,2022G,2022-08-22,5700000,5700000,Lunas,E-Wallet
PAY0001270,21TR0052,2022G,29/09/2022,5700000,5700000,Lunas,E-Wallet
PAY0001271,21TR0053,2022G,2022-08-22,5700000,4200000,Cicilan,Transfer Bank
PAY0001272,21TR0054,2022G,24/09/2022,5700000,5700000,Lunas,Transfer Bank
PAY0001273,21TR0055,2022G,2022-08-23,5700000,5700000,Lunas,Transfer Bank
PAY0001274,21TR0056,2022G,2022-08-31,5700000,5700000,Lunas,E-Wallet
PAY0001275,21TR0057,2022G,2022-09-26,5700000,4000000,Cicilan,Transfer Bank
PAY0001276,21TR0058,2022G,2022-09-21,5700000,5700000,Lunas,E-Wallet
PAY0001277,21TR0059,2022G,2022-09-16,5700000,5700000,Lunas,Transfer Bank
PAY0001278,21TR0060,2022G,2022-09-23,5700000,5700000,Lunas,E-Wallet
PAY0001279,21TR0061,2022G,2022-09-24,5700000,5700000,Lunas,E-Wallet
PAY0001280,21TR0062,2022G,2022-08-26,5700000,5700000,Lunas,Loket Kampus
PAY0001281,21TR0063,2022G,2022-09-27,5700000,5700000,Lunas,VA Bank
PAY0001282,21TR0064,2022G,30-Sep-2022,5700000,5700000,Lunas,Loket Kampus
PAY0001283,21TR0065,2022G,2022-09-01,5700000,5700000,Lunas,E-Wallet
PAY0001284,21BD0001,2022G,,5000000,0,Belum Lunas,VA Bank
PAY0001285,21BD0002,2022G,2022-09-14,5000000,5000000,Lunas,Transfer Bank
PAY0001286,21BD0003,2022G,2022-09-19,5000000,5000000,Lunas,Transfer Bank
PAY0001287,21BD0004,2022G,31/08/2022,5000000,5000000,Lunas,VA Bank
PAY0001288,21BD0005,2022G,,5000000,0,Belum Lunas,VA Bank
PAY0001289,21BD0006,2022G,2022-09-08,5000000,3500000,Cicilan,Loket Kampus
PAY0001290,21BD0007,2022G,2022-09-01,5000000,5000000,Lunas,E-Wallet
PAY0001291,21BD0008,2022G,23-Sep-2022,5000000,5000000,Lunas,Loket Kampus
PAY0001292,21BD0009,2022G,02/10/2022,5000000,5000000,Lunas,Transfer Bank
PAY0001293,21BD0010,2022G,2022-09-16,5000000,3500000,Cicilan,Transfer Bank
PAY0001294,21BD0011,2022G,2022-09-05,5000000,5000000,Lunas,VA Bank
PAY0001295,21BD0012,2022G,2022-08-31,5000000,5000000,Lunas,Transfer Bank
PAY0001296,21BD0013,2022G,2022-09-25,5000000,5000000,Lunas,Loket Kampus
PAY0001297,21BD0014,2022G,13/09/2022,5000000,5000000,Lunas,Transfer Bank
PAY0001298,21BD0015,2022G,2022-09-28,5000000,5000000,Lunas,E-Wallet
PAY0001299,21BD0016,2022G,2022-08-30,5000000,5000000,Lunas,VA Bank
PAY0001300,21BD0017,2022G,2022-09-16,5000000,5000000,Lunas,VA Bank
PAY0001301,21BD0018,2022G,,5000000,0,Belum Lunas,Loket Kampus
PAY0001302,21BD0019,2022G,2022-08-30,5000000,5000000,Lunas,Loket Kampus
PAY0001303,21BD0020,2022G,2022-09-30,5000000,5000000,Lunas,VA Bank
PAY0001304,21BD0021,2022G,2022-08-26,5000000,5000000,Lunas,Transfer Bank
PAY0001305,21BD0022,2022G,2022-09-04,5000000,5000000,Lunas,Loket Kampus
PAY0001306,21BD0023,2022G,2022-08-29,5000000,2700000,Cicilan,Loket Kampus
PAY0001307,21BD0024,2022G,2022-09-28,5000000,2400000,Cicilan,E-Wallet
PAY0001308,21BD0025,2022G,12/09/2022,5000000,5000000,Lunas,E-Wallet
PAY0001309,21BD0026,2022G,2022-09-09,5000000,5000000,Lunas,Transfer Bank
PAY0001310,21BD0027,2022G,2022-09-23,5000000,5000000,Lunas,VA Bank
PAY0001311,21BD0028,2022G,2022-08-25,5000000,5000000,Lunas,Transfer Bank
PAY0001312,21BD0029,2022G,2022-09-22,5000000,5000000,Lunas,E-Wallet
PAY0001313,21BD0030,2022G,2022-09-01,5000000,5000000,Lunas,E-Wallet
PAY0001314,21BD0031,2022G,2022-08-24,5000000,5000000,Lunas,Loket Kampus
PAY0001315,21BD0032,2022G,2022-08-23,5000000,5000000,Lunas,Transfer Bank
PAY0001316,21BD0033,2022G,18/09/2022,5000000,5000000,Lunas,E-Wallet
PAY0001317,21BD0034,2022G,2022-08-26,5000000,5000000,Lunas,Loket Kampus
PAY0001318,21BD0035,2022G,2022-08-30,5000000,5000000,Lunas,E-Wallet
PAY0001319,21BD0036,2022G,2022-09-01,5000000,5000000,Lunas,Loket Kampus
PAY0001320,21BD0037,2022G,2022-09-04,5000000,5000000,Lunas,E-Wallet
PAY0001321,21BD0038,2022G,2022-08-27,5000000,5000000,Lunas,VA Bank
PAY0001322,21BD0039,2022G,29-Aug-2022,5000000,5000000,Lunas,Loket Kampus
PAY0001323,21BD0040,2022G,2022-09-18,5000000,5000000,Lunas,Loket Kampus
PAY0001324,21BD0041,2022G,2022-08-21,5000000,5000000,Lunas,Loket Kampus
PAY0001325,21BD0042,2022G,2022-09-25,5000000,5000000,Lunas,VA Bank
PAY0001326,21BD0043,2022G,2022-09-16,5000000,5000000,Lunas,E-Wallet
PAY0001327,21BD0044,2022G,23/08/2022,5000000,5000000,Lunas,E-Wallet
PAY0001328,21BD0045,2022G,2022-08-23,5000000,5000000,Lunas,VA Bank
PAY0001329,21BD0046,2022G,2022-09-03,5000000,5000000,Lunas,VA Bank
PAY0001330,21BD0047,2022G,2022-08-24,5000000,5000000,Lunas,Loket Kampus
PAY0001331,21BD0048,2022G,18-Sep-2022,5000000,5000000,Lunas,E-Wallet
PAY0001332,21BD0049,2022G,2022-09-02,5000000,5000000,Lunas,VA Bank
PAY0001333,21BD0050,2022G,2022-09-21,5000000,5000000,Lunas,VA Bank
PAY0001334,21BD0051,2022G,2022-09-23,5000000,5000000,Lunas,E-Wallet
PAY0001335,21BD0052,2022G,2022-09-16,5000000,5000000,Lunas,E-Wallet
PAY0001336,21BD0053,2022G,2022-09-03,5000000,5000000,Lunas,Transfer Bank
PAY0001337,21BD0054,2022G,2022-09-22,5000000,5000000,Lunas,E-Wallet
PAY0001338,21BD0055,2022G,31/08/2022,5000000,5000000,Lunas,Transfer Bank
PAY0001339,21BD0056,2022G,2022-08-30,5000000,5000000,Lunas,Loket Kampus
PAY0001340,21BD0057,2022G,2022-09-09,5000000,5000000,Lunas,VA Bank
PAY0001341,21BD0058,2022G,16/09/2022,5000000,5000000,Lunas,VA Bank
PAY0001342,21BD0059,2022G,01-Oct-2022,5000000,5000000,Lunas,VA Bank
PAY0001343,21BD0060,2022G,22/09/2022,5000000,3700000,Cicilan,VA Bank
PAY0001344,21BD0061,2022G,2022-09-21,5000000,5000000,Lunas,E-Wallet
PAY0001345,21BD0062,2022G,2022-09-18,5000000,5000000,Lunas,Loket Kampus
PAY0001346,21BD0063,2022G,2022-08-31,5000000,5000000,Lunas,Transfer Bank
PAY0001347,21BD0064,2022G,2022-09-03,5000000,5000000,Lunas,Transfer Bank
PAY0001348,21BD0065,2022G,2022-08-27,5000000,5000000,Lunas,E-Wallet
PAY0001349,21BD0066,2022G,30/08/2022,5000000,5000000,Lunas,Loket Kampus
PAY0001350,21BD0067,2022G,2022-08-25,5000000,5000000,Lunas,VA Bank
PAY0001351,22TI0001,2022G,26/08/2022,5500000,5500000,Lunas,Loket Kampus
PAY0001352,22TI0002,2022G,2022-09-13,5500000,5500000,Lunas,E-Wallet
PAY0001353,22TI0003,2022G,2022-09-03,5500000,5500000,Lunas,Loket Kampus
PAY0001354,22TI0004,2022G,2022-10-04,5500000,5500000,Lunas,VA Bank
PAY0001355,22TI0005,2022G,2022-09-07,5500000,5500000,Lunas,Loket Kampus
PAY0001356,22TI0006,2022G,2022-09-04,5500000,5500000,Lunas,E-Wallet
PAY0001357,22TI0007,2022G,2022-08-24,5500000,5500000,Lunas,Transfer Bank
PAY0001358,22TI0008,2022G,2022-08-21,5500000,2700000,Cicilan,VA Bank
PAY0001359,22TI0009,2022G,2022-10-02,5500000,5500000,Lunas,Transfer Bank
PAY0001360,22TI0010,2022G,2022-08-21,5500000,5500000,Lunas,Loket Kampus
PAY0001361,22TI0011,2022G,2022-09-12,5500000,5500000,Lunas,Loket Kampus
PAY0001362,22TI0012,2022G,01-Sep-2022,5500000,5500000,Lunas,E-Wallet
PAY0001363,22TI0013,2022G,2022-09-19,5500000,5500000,Lunas,Loket Kampus
PAY0001364,22TI0014,2022G,2022-09-13,5500000,2500000,Cicilan,VA Bank
PAY0001365,22TI0015,2022G,2022-10-01,5500000,3600000,Cicilan,Loket Kampus
PAY0001366,22TI0016,2022G,2022-09-24,5500000,5500000,Lunas,VA Bank
PAY0001367,22TI0017,2022G,2022-08-26,5500000,5500000,Lunas,Transfer Bank
PAY0001368,22TI0018,2022G,2022-09-13,5500000,5500000,Lunas,VA Bank
PAY0001369,22TI0019,2022G,04/10/2022,5500000,5500000,Lunas,Loket Kampus
PAY0001370,22TI0020,2022G,2022-09-01,5500000,5500000,Lunas,Transfer Bank
PAY0001371,22TI0021,2022G,,5500000,0,Belum Lunas,Transfer Bank
PAY0001372,22TI0022,2022G,2022-09-25,5500000,5500000,Lunas,Transfer Bank
PAY0001373,22TI0023,2022G,2022-09-07,5500000,5500000,Lunas,Transfer Bank
PAY0001374,22TI0024,2022G,2022-10-03,5500000,2900000,Cicilan,E-Wallet
PAY0001375,22TI0025,2022G,2022-09-19,5500000,5500000,Lunas,E-Wallet
PAY0001376,22TI0026,2022G,25/08/2022,5500000,5500000,Lunas,Loket Kampus
PAY0001377,22TI0027,2022G,2022-09-14,5500000,3100000,Cicilan,VA Bank
PAY0001378,22TI0028,2022G,2022-08-31,5500000,5500000,Lunas,Transfer Bank
PAY0001379,22TI0029,2022G,11-Sep-2022,5500000,5500000,Lunas,VA Bank
PAY0001380,22TI0030,2022G,2022-09-10,5500000,2300000,Cicilan,Loket Kampus
PAY0001381,22TI0031,2022G,2022-10-02,5500000,5500000,Lunas,E-Wallet
PAY0001382,22TI0032,2022G,2022-09-28,5500000,5500000,Lunas,VA Bank
PAY0001383,22TI0033,2022G,2022-09-08,5500000,5500000,Lunas,Transfer Bank
PAY0001384,22TI0034,2022G,2022-09-15,5500000,5500000,Lunas,Transfer Bank
PAY0001385,22TI0035,2022G,2022-08-30,5500000,2400000,Cicilan,VA Bank
PAY0001386,22TI0036,2022G,2022-09-24,5500000,5500000,Lunas,Transfer Bank
PAY0001387,22TI0037,2022G,30-Sep-2022,5500000,5500000,Lunas,VA Bank
PAY0001388,22TI0038,2022G,2022-08-30,5500000,5500000,Lunas,Transfer Bank
PAY0001389,22TI0039,2022G,2022-09-20,5500000,5500000,Lunas,E-Wallet
PAY0001390,22TI0040,2022G,2022-08-24,5500000,5500000,Lunas,Loket Kampus
PAY0001391,22TI0041,2022G,2022-08-29,5500000,5500000,Lunas,E-Wallet
PAY0001392,22TI0042,2022G,2022-09-10,5500000,5500000,Lunas,E-Wallet
PAY0001393,22TI0043,2022G,2022-09-25,5500000,5500000,Lunas,VA Bank
PAY0001394,22TI0044,2022G,2022-09-23,5500000,5500000,Lunas,Loket Kampus
PAY0001395,22TI0045,2022G,2022-09-24,5500000,2400000,Cicilan,Loket Kampus
PAY0001396,22TI0046,2022G,28-Sep-2022,5500000,5500000,Lunas,VA Bank
PAY0001397,22TI0047,2022G,02-Oct-2022,5500000,5500000,Lunas,VA Bank
PAY0001398,22TI0048,2022G,2022-09-26,5500000,5500000,Lunas,Transfer Bank
PAY0001399,22TI0049,2022G,2022-09-13,5500000,5500000,Lunas,Loket Kampus
PAY0001400,22TI0050,2022G,2022-08-23,5500000,5500000,Lunas,Transfer Bank
PAY0001401,22TI0051,2022G,2022-08-29,5500000,5500000,Lunas,E-Wallet
PAY0001402,22TI0052,2022G,2022-09-12,5500000,3100000,Cicilan,Transfer Bank
PAY0001403,22TI0053,2022G,2022-08-22,5500000,5500000,Lunas,E-Wallet
PAY0001404,22TI0054,2022G,19/09/2022,5500000,5500000,Lunas,VA Bank
PAY0001405,22TI0055,2022G,,5500000,0,Belum Lunas,Loket Kampus
PAY0001406,22TI0056,2022G,28-Sep-2022,5500000,5500000,Lunas,Loket Kampus
PAY0001407,22TI0057,2022G,2022-09-15,5500000,5500000,Lunas,Loket Kampus
PAY0001408,22TI0058,2022G,2022-08-27,5500000,2300000,Cicilan,VA Bank
PAY0001409,22TI0059,2022G,2022-08-26,5500000,5500000,Lunas,VA Bank
PAY0001410,22TI0060,2022G,2022-09-15,5500000,5500000,Lunas,VA Bank
PAY0001411,22TI0061,2022G,2022-09-25,5500000,5500000,Lunas,Loket Kampus
PAY0001412,22TI0062,2022G,2022-09-06,5500000,5500000,Lunas,Loket Kampus
PAY0001413,22TI0063,2022G,2022-08-21,5500000,5500000,Lunas,VA Bank
PAY0001414,22TI0064,2022G,2022-10-01,5500000,3300000,Cicilan,VA Bank
PAY0001415,22TI0065,2022G,2022-09-10,5500000,5500000,Lunas,VA Bank
PAY0001416,22TI0066,2022G,2022-09-22,5500000,5500000,Lunas,Loket Kampus
PAY0001417,22TI0067,2022G,20-Aug-2022,5500000,5500000,Lunas,E-Wallet
PAY0001418,22TI0068,2022G,27/08/2022,5500000,5500000,Lunas,Loket Kampus
PAY0001419,22TI0069,2022G,2022-09-14,5500000,5500000,Lunas,E-Wallet
PAY0001420,22TI0070,2022G,2022-08-27,5500000,5500000,Lunas,Loket Kampus
PAY0001421,22TI0071,2022G,23-Aug-2022,5500000,5500000,Lunas,VA Bank
PAY0001422,22TI0072,2022G,2022-09-19,5500000,1900000,Cicilan,E-Wallet
PAY0001423,22TI0073,2022G,2022-09-27,5500000,5500000,Lunas,VA Bank
PAY0001424,22TI0074,2022G,2022-09-04,5500000,5500000,Lunas,VA Bank
PAY0001425,22TI0075,2022G,2022-08-31,5500000,5500000,Lunas,E-Wallet
PAY0001426,22TI0076,2022G,2022-09-14,5500000,5500000,Lunas,Loket Kampus
PAY0001427,22TI0077,2022G,2022-09-18,5500000,5500000,Lunas,Loket Kampus
PAY0001428,22TI0078,2022G,2022-08-24,5500000,5500000,Lunas,Transfer Bank
PAY0001429,22TI0079,2022G,2022-09-25,5500000,5500000,Lunas,Loket Kampus
PAY0001430,22TI0080,2022G,2022-09-29,5500000,5500000,Lunas,VA Bank
PAY0001431,22TI0081,2022G,2022-09-22,5500000,5500000,Lunas,VA Bank
PAY0001432,22TI0082,2022G,2022-08-22,5500000,5500000,Lunas,E-Wallet
PAY0001433,22TI0083,2022G,2022-09-17,5500000,2000000,Cicilan,VA Bank
PAY0001434,22TI0084,2022G,2022-08-23,5500000,5500000,Lunas,E-Wallet
PAY0001435,22TI0085,2022G,01-Sep-2022,5500000,5500000,Lunas,Transfer Bank
PAY0001436,22TI0086,2022G,28/08/2022,5500000,5500000,Lunas,Transfer Bank
PAY0001437,22TI0087,2022G,2022-09-28,5500000,5500000,Lunas,VA Bank
PAY0001438,22TI0088,2022G,2022-08-20,5500000,5500000,Lunas,E-Wallet
PAY0001439,22TI0089,2022G,,5500000,5500000,Lunas,Loket Kampus
PAY0001440,22TI0090,2022G,2022-08-23,5500000,5500000,Lunas,VA Bank
PAY0001441,22SI0001,2022G,2022-09-17,5250000,5250000,Lunas,E-Wallet
PAY0001442,22SI0002,2022G,27/09/2022,5250000,5250000,Lunas,VA Bank
PAY0001443,22SI0003,2022G,17-Sep-2022,5250000,5250000,Lunas,VA Bank
PAY0001444,22SI0004,2022G,2022-10-02,5250000,5250000,Lunas,E-Wallet
PAY0001445,22SI0005,2022G,2022-10-01,5250000,5250000,Lunas,Loket Kampus
PAY0001446,22SI0006,2022G,25-Sep-2022,5250000,5250000,Lunas,Transfer Bank
PAY0001447,22SI0007,2022G,26/08/2022,5250000,5250000,Lunas,E-Wallet
PAY0001448,22SI0008,2022G,2022-09-15,5250000,5250000,Lunas,Transfer Bank
PAY0001449,22SI0009,2022G,2022-08-20,5250000,5250000,Lunas,VA Bank
PAY0001450,22SI0010,2022G,2022-09-15,5250000,5250000,Lunas,E-Wallet
PAY0001451,22SI0011,2022G,2022-09-08,5250000,5250000,Lunas,Transfer Bank
PAY0001452,22SI0012,2022G,2022-09-25,5250000,5250000,Lunas,VA Bank
PAY0001453,22SI0013,2022G,01-Sep-2022,5250000,5250000,Lunas,Transfer Bank
PAY0001454,22SI0014,2022G,21/08/2022,5250000,5250000,Lunas,VA Bank
PAY0001455,22SI0015,2022G,18/09/2022,5250000,5250000,Lunas,VA Bank
PAY0001456,22SI0016,2022G,2022-08-30,5250000,5250000,Lunas,Loket Kampus
PAY0001457,22SI0017,2022G,13-Sep-2022,5250000,5250000,Lunas,E-Wallet
PAY0001458,22SI0018,2022G,2022-09-08,5250000,5250000,Lunas,Loket Kampus
PAY0001459,22SI0019,2022G,01/10/2022,5250000,5250000,Lunas,Transfer Bank
PAY0001460,22SI0020,2022G,2022-08-28,5250000,3600000,Cicilan,VA Bank
PAY0001461,22SI0021,2022G,2022-08-23,5250000,5250000,Lunas,Transfer Bank
PAY0001462,22SI0022,2022G,15/09/2022,5250000,5250000,Lunas,Transfer Bank
PAY0001463,22SI0023,2022G,2022-09-04,5250000,5250000,Lunas,VA Bank
PAY0001464,22SI0024,2022G,2022-09-23,5250000,5250000,Lunas,VA Bank
PAY0001465,22SI0025,2022G,2022-09-27,5250000,5250000,Lunas,VA Bank
PAY0001466,22SI0026,2022G,2022-09-29,5250000,5250000,Lunas,Transfer Bank
PAY0001467,22SI0027,2022G,09/09/2022,5250000,5250000,Lunas,E-Wallet
PAY0001468,22SI0028,2022G,2022-09-27,5250000,5250000,Lunas,Transfer Bank
PAY0001469,22SI0029,2022G,2022-09-02,5250000,3600000,Cicilan,Loket Kampus
PAY0001470,22SI0030,2022G,2022-08-31,5250000,5250000,Lunas,VA Bank
PAY0001471,22SI0031,2022G,2022-08-20,5250000,2200000,Cicilan,Loket Kampus
PAY0001472,22SI0032,2022G,,5250000,0,Belum Lunas,E-Wallet
PAY0001473,22SI0033,2022G,2022-09-30,5250000,5250000,Lunas,E-Wallet
PAY0001474,22SI0034,2022G,2022-08-22,5250000,1900000,Cicilan,E-Wallet
PAY0001475,22SI0035,2022G,2022-09-25,5250000,5250000,Lunas,VA Bank
PAY0001476,22SI0036,2022G,,5250000,0,Belum Lunas,E-Wallet
PAY0001477,22SI0037,2022G,2022-08-31,5250000,5250000,Lunas,Transfer Bank
PAY0001478,22SI0038,2022G,09/09/2022,5250000,5250000,Lunas,E-Wallet
PAY0001479,22SI0039,2022G,2022-09-02,5250000,3800000,Cicilan,Loket Kampus
PAY0001480,22SI0040,2022G,2022-09-16,5250000,5250000,Lunas,VA Bank
PAY0001481,22SI0041,2022G,2022-09-28,5250000,5250000,Lunas,Transfer Bank
PAY0001482,22SI0042,2022G,2022-09-19,5250000,5250000,Lunas,Transfer Bank
PAY0001483,22SI0043,2022G,2022-08-28,5250000,1900000,Cicilan,E-Wallet
PAY0001484,22SI0044,2022G,2022-10-02,5250000,5250000,Lunas,Loket Kampus
PAY0001485,22SI0045,2022G,2022-10-03,5250000,5250000,Lunas,VA Bank
PAY0001486,22SI0046,2022G,2022-09-27,5250000,5250000,Lunas,Transfer Bank
PAY0001487,22SI0047,2022G,2022-09-08,5250000,2400000,Cicilan,VA Bank
PAY0001488,22SI0048,2022G,2022-09-19,5250000,5250000,Lunas,Transfer Bank
PAY0001489,22SI0049,2022G,24/09/2022,5250000,5250000,Lunas,E-Wallet
PAY0001490,22SI0050,2022G,,5250000,0,Belum Lunas,Loket Kampus
PAY0001491,22SI0051,2022G,05/09/2022,5250000,5250000,Lunas,E-Wallet
PAY0001492,22SI0052,2022G,2022-09-25,5250000,5250000,Lunas,Loket Kampus
PAY0001493,22SI0053,2022G,2022-08-21,5250000,5250000,Lunas,Loket Kampus
PAY0001494,22SI0054,2022G,2022-09-22,5250000,5250000,Lunas,Transfer Bank
PAY0001495,22SI0055,2022G,2022-08-24,5250000,3400000,Cicilan,VA Bank
PAY0001496,22SI0056,2022G,2022-08-30,5250000,5250000,Lunas,VA Bank
PAY0001497,22SI0057,2022G,2022-09-16,5250000,5250000,Lunas,Transfer Bank
PAY0001498,22SI0058,2022G,2022-08-29,5250000,5250000,Lunas,Transfer Bank
PAY0001499,22SI0059,2022G,2022-09-29,5250000,5250000,Lunas,Loket Kampus
PAY0001500,22SI0060,2022G,2022-08-20,5250000,5250000,Lunas,Loket Kampus
PAY0001501,22SI0061,2022G,2022-10-03,5250000,5250000,Lunas,Transfer Bank
PAY0001502,22SI0062,2022G,2022-09-07,5250000,2900000,Cicilan,VA Bank
PAY0001503,22SI0063,2022G,2022-09-28,5250000,5250000,Lunas,Transfer Bank
PAY0001504,22SI0064,2022G,2022-09-06,5250000,5250000,Lunas,Transfer Bank
PAY0001505,22SI0065,2022G,2022-09-02,5250000,5250000,Lunas,E-Wallet
PAY0001506,22SI0066,2022G,2022-09-07,5250000,5250000,Lunas,Loket Kampus
PAY0001507,22SI0067,2022G,21/09/2022,5250000,5250000,Lunas,Loket Kampus
PAY0001508,22SI0068,2022G,2022-09-19,5250000,5250000,Lunas,E-Wallet
PAY0001509,22SI0069,2022G,,5250000,0,Belum Lunas,E-Wallet
PAY0001510,22SI0070,2022G,03/10/2022,5250000,5250000,Lunas,Transfer Bank
PAY0001511,22SI0071,2022G,2022-10-01,5250000,5250000,Lunas,Transfer Bank
PAY0001512,22SI0072,2022G,24-Aug-2022,5250000,5250000,Lunas,VA Bank
PAY0001513,22SI0073,2022G,2022-09-09,5250000,3500000,Cicilan,Loket Kampus
PAY0001514,22SI0074,2022G,2022-09-09,5250000,5250000,Lunas,Transfer Bank
PAY0001515,22SI0075,2022G,20/09/2022,5250000,5250000,Lunas,Transfer Bank
PAY0001516,22SI0076,2022G,2022-10-02,5250000,5250000,Lunas,Loket Kampus
PAY0001517,22SI0077,2022G,12/09/2022,5250000,5250000,Lunas,E-Wallet
PAY0001518,22SI0078,2022G,2022-09-15,5250000,5250000,Lunas,Transfer Bank
PAY0001519,22SI0079,2022G,2022-09-16,5250000,3200000,Cicilan,Loket Kampus
PAY0001520,22SI0080,2022G,01/09/2022,5250000,5250000,Lunas,VA Bank
PAY0001521,22SI0081,2022G,24-Sep-2022,5250000,5250000,Lunas,Loket Kampus
PAY0001522,22SI0082,2022G,2022-09-29,5250000,5250000,Lunas,E-Wallet
PAY0001523,22SI0083,2022G,2022-09-14,5250000,5250000,Lunas,VA Bank
PAY0001524,22SI0084,2022G,17/09/2022,5250000,5250000,Lunas,E-Wallet
PAY0001525,22SI0085,2022G,2022-09-09,5250000,5250000,Lunas,Transfer Bank
PAY0001526,22IF0001,2022G,2022-08-28,5750000,5750000,Lunas,Loket Kampus
PAY0001527,22IF0002,2022G,2022-08-20,5750000,5750000,Lunas,Loket Kampus
PAY0001528,22IF0003,2022G,21-Aug-2022,5750000,5750000,Lunas,Transfer Bank
PAY0001529,22IF0004,2022G,01/10/2022,5750000,5750000,Lunas,VA Bank
PAY0001530,22IF0005,2022G,22-Sep-2022,5750000,5750000,Lunas,VA Bank
PAY0001531,22IF0006,2022G,2022-08-27,5750000,5750000,Lunas,Loket Kampus
PAY0001532,22IF0007,2022G,2022-10-02,5750000,2000000,Cicilan,E-Wallet
PAY0001533,22IF0008,2022G,2022-09-21,5750000,5750000,Lunas,VA Bank
PAY0001534,22IF0009,2022G,,5750000,0,Belum Lunas,Transfer Bank
PAY0001535,22IF0010,2022G,2022-09-05,5750000,5750000,Lunas,Loket Kampus
PAY0001536,22IF0011,2022G,2022-08-31,5750000,5750000,Lunas,Loket Kampus
PAY0001537,22IF0012,2022G,2022-09-06,5750000,5750000,Lunas,VA Bank
PAY0001538,22IF0013,2022G,2022-09-19,5750000,5750000,Lunas,Transfer Bank
PAY0001539,22IF0014,2022G,2022-08-26,5750000,5750000,Lunas,E-Wallet
PAY0001540,22IF0015,2022G,2022-08-20,5750000,5750000,Lunas,VA Bank
PAY0001541,22IF0016,2022G,2022-09-15,5750000,5750000,Lunas,Transfer Bank
PAY0001542,22IF0017,2022G,30/09/2022,5750000,5750000,Lunas,VA Bank
PAY0001543,22IF0018,2022G,2022-10-02,5750000,3000000,Cicilan,VA Bank
PAY0001544,22IF0019,2022G,07-Sep-2022,5750000,5750000,Lunas,Loket Kampus
PAY0001545,22IF0020,2022G,2022-09-11,5750000,5750000,Lunas,Transfer Bank
PAY0001546,22IF0021,2022G,2022-10-03,5750000,5750000,Lunas,Loket Kampus
PAY0001547,22IF0022,2022G,2022-09-07,5750000,5750000,Lunas,Transfer Bank
PAY0001548,22IF0023,2022G,2022-09-13,5750000,5750000,Lunas,VA Bank
PAY0001549,22IF0024,2022G,,5750000,0,Belum Lunas,Loket Kampus
PAY0001550,22IF0025,2022G,25/08/2022,5750000,5750000,Lunas,Transfer Bank
PAY0001551,22IF0026,2022G,,5750000,0,Belum Lunas,VA Bank
PAY0001552,22IF0027,2022G,2022-10-02,5750000,5750000,Lunas,E-Wallet
PAY0001553,22IF0028,2022G,2022-08-29,5750000,5750000,Lunas,E-Wallet
PAY0001554,22IF0029,2022G,2022-09-08,5750000,3100000,Cicilan,VA Bank
PAY0001555,22IF0030,2022G,2022-10-03,5750000,5750000,Lunas,E-Wallet
PAY0001556,22IF0031,2022G,2022-08-25,5750000,5750000,Lunas,E-Wallet
PAY0001557,22IF0032,2022G,2022-09-28,5750000,5750000,Lunas,VA Bank
PAY0001558,22IF0033,2022G,2022-09-11,5750000,3900000,Cicilan,Transfer Bank
PAY0001559,22IF0034,2022G,2022-09-14,5750000,5750000,Lunas,Transfer Bank
PAY0001560,22IF0035,2022G,01/09/2022,5750000,5750000,Lunas,E-Wallet
PAY0001561,22IF0036,2022G,2022-09-04,5750000,5750000,Lunas,Loket Kampus
PAY0001562,22IF0037,2022G,30/08/2022,5750000,5750000,Lunas,Transfer Bank
PAY0001563,22IF0038,2022G,22-Aug-2022,5750000,5750000,Lunas,VA Bank
PAY0001564,22IF0039,2022G,,5750000,0,Belum Lunas,Transfer Bank
PAY0001565,22IF0040,2022G,24/09/2022,5750000,2600000,Cicilan,VA Bank
PAY0001566,22IF0041,2022G,27/08/2022,5750000,5750000,Lunas,VA Bank
PAY0001567,22IF0042,2022G,2022-09-15,5750000,5750000,Lunas,Transfer Bank
PAY0001568,22IF0043,2022G,2022-09-27,5750000,5750000,Lunas,Loket Kampus
PAY0001569,22IF0044,2022G,,5750000,0,Belum Lunas,Loket Kampus
PAY0001570,22IF0045,2022G,2022-09-27,5750000,2300000,Cicilan,Loket Kampus
PAY0001571,22IF0046,2022G,06/09/2022,5750000,4300000,Cicilan,E-Wallet
PAY0001572,22IF0047,2022G,2022-09-28,5750000,5750000,Lunas,Loket Kampus
PAY0001573,22IF0048,2022G,31-Aug-2022,5750000,5750000,Lunas,VA Bank
PAY0001574,22IF0049,2022G,2022-09-21,5750000,5750000,Lunas,Loket Kampus
PAY0001575,22IF0050,2022G,2022-09-01,5750000,5750000,Lunas,E-Wallet
PAY0001576,22IF0051,2022G,,5750000,0,Belum Lunas,Loket Kampus
PAY0001577,22IF0052,2022G,18-Sep-2022,5750000,5750000,Lunas,E-Wallet
PAY0001578,22IF0053,2022G,2022-09-16,5750000,5750000,Lunas,Transfer Bank
PAY0001579,22IF0054,2022G,2022-09-14,5750000,5750000,Lunas,Transfer Bank
PAY0001580,22IF0055,2022G,2022-10-04,5750000,5750000,Lunas,Loket Kampus
PAY0001581,22IF0056,2022G,17-Sep-2022,5750000,5750000,Lunas,Transfer Bank
PAY0001582,22IF0057,2022G,03/09/2022,5750000,5750000,Lunas,Loket Kampus
PAY0001583,22IF0058,2022G,,5750000,0,Belum Lunas,Loket Kampus
PAY0001584,22IF0059,2022G,2022-08-25,5750000,5750000,Lunas,Loket Kampus
PAY0001585,22IF0060,2022G,08/09/2022,5750000,5750000,Lunas,Transfer Bank
PAY0001586,22IF0061,2022G,,5750000,0,Belum Lunas,E-Wallet
PAY0001587,22IF0062,2022G,2022-09-26,5750000,5750000,Lunas,Transfer Bank
PAY0001588,22IF0063,2022G,,5750000,0,Belum Lunas,E-Wallet
PAY0001589,22IF0064,2022G,2022-08-25,5750000,5750000,Lunas,E-Wallet
PAY0001590,22IF0065,2022G,2022-09-15,5750000,5750000,Lunas,Transfer Bank
PAY0001591,22IF0066,2022G,2022-09-13,5750000,5750000,Lunas,VA Bank
PAY0001592,22IF0067,2022G,27-Aug-2022,5750000,5750000,Lunas,E-Wallet
PAY0001593,22IF0068,2022G,2022-09-29,5750000,5750000,Lunas,VA Bank
PAY0001594,22IF0069,2022G,2022-08-26,5750000,2600000,Cicilan,Transfer Bank
PAY0001595,22IF0070,2022G,2022-08-23,5750000,5750000,Lunas,E-Wallet
PAY0001596,22IF0071,2022G,2022-09-18,5750000,5750000,Lunas,Transfer Bank
PAY0001597,22IF0072,2022G,2022-08-28,5750000,5750000,Lunas,Loket Kampus
PAY0001598,22IF0073,2022G,30/09/2022,5750000,5750000,Lunas,Transfer Bank
PAY0001599,22IF0074,2022G,2022-10-04,5750000,5750000,Lunas,Loket Kampus
PAY0001600,22IF0075,2022G,25/09/2022,5750000,5750000,Lunas,VA Bank
PAY0001601,22IF0076,2022G,2022-08-25,5750000,5750000,Lunas,Transfer Bank
PAY0001602,22IF0077,2022G,2022-10-03,5750000,5750000,Lunas,Transfer Bank
PAY0001603,22IF0078,2022G,2022-08-30,5750000,5750000,Lunas,Loket Kampus
PAY0001604,22IF0079,2022G,2022-08-22,5750000,5750000,Lunas,E-Wallet
PAY0001605,22IF0080,2022G,29/09/2022,5750000,5750000,Lunas,E-Wallet
PAY0001606,22IF0081,2022G,2022-09-27,5750000,5750000,Lunas,E-Wallet
PAY0001607,22IF0082,2022G,2022-08-29,5750000,5750000,Lunas,Loket Kampus
PAY0001608,22IF0083,2022G,30/08/2022,5750000,5750000,Lunas,VA Bank
PAY0001609,22IF0084,2022G,03/10/2022,5750000,5750000,Lunas,Loket Kampus
PAY0001610,22IF0085,2022G,2022-10-03,5750000,5750000,Lunas,Loket Kampus
PAY0001611,22IF0086,2022G,27/09/2022,5750000,5750000,Lunas,Transfer Bank
PAY0001612,22IF0087,2022G,2022-09-21,5750000,5750000,Lunas,E-Wallet
PAY0001613,22IF0088,2022G,2022-09-01,5750000,5750000,Lunas,Loket Kampus
PAY0001614,22IF0089,2022G,2022-09-11,5750000,5750000,Lunas,Loket Kampus
PAY0001615,22IF0090,2022G,2022-09-11,5750000,5750000,Lunas,Transfer Bank
PAY0001616,22DS0001,2022G,2022-09-26,6000000,6000000,Lunas,VA Bank
PAY0001617,22DS0002,2022G,,6000000,0,Belum Lunas,Loket Kampus
PAY0001618,22DS0003,2022G,2022-09-29,6000000,6000000,Lunas,E-Wallet
PAY0001619,22DS0004,2022G,01/09/2022,6000000,4300000,Cicilan,Transfer Bank
PAY0001620,22DS0005,2022G,2022-09-25,6000000,6000000,Lunas,VA Bank
PAY0001621,22DS0006,2022G,22-Sep-2022,6000000,3400000,Cicilan,Transfer Bank
PAY0001622,22DS0007,2022G,2022-10-02,6000000,6000000,Lunas,VA Bank
PAY0001623,22DS0008,2022G,2022-08-21,6000000,6000000,Lunas,E-Wallet
PAY0001624,22DS0009,2022G,2022-09-04,6000000,6000000,Lunas,Transfer Bank
PAY0001625,22DS0010,2022G,2022-08-24,6000000,6000000,Lunas,E-Wallet
PAY0001626,22DS0011,2022G,2022-08-25,6000000,6000000,Lunas,E-Wallet
PAY0001627,22DS0012,2022G,21/09/2022,6000000,6000000,Lunas,Loket Kampus
PAY0001628,22DS0013,2022G,28/08/2022,6000000,6000000,Lunas,E-Wallet
PAY0001629,22DS0014,2022G,17/09/2022,6000000,6000000,Lunas,E-Wallet
PAY0001630,22DS0015,2022G,2022-08-31,6000000,6000000,Lunas,VA Bank
PAY0001631,22DS0016,2022G,19-Sep-2022,6000000,4000000,Cicilan,Transfer Bank
PAY0001632,22DS0017,2022G,25/08/2022,6000000,6000000,Lunas,Transfer Bank
PAY0001633,22DS0018,2022G,2022-10-01,6000000,6000000,Lunas,Transfer Bank
PAY0001634,22DS0019,2022G,27-Aug-2022,6000000,6000000,Lunas,VA Bank
PAY0001635,22DS0020,2022G,,6000000,0,Belum Lunas,VA Bank
PAY0001636,22DS0021,2022G,2022-09-24,6000000,6000000,Lunas,VA Bank
PAY0001637,22DS0022,2022G,2022-08-28,6000000,6000000,Lunas,E-Wallet
PAY0001638,22DS0023,2022G,2022-08-29,6000000,3000000,Cicilan,Transfer Bank
PAY0001639,22DS0024,2022G,2022-09-07,6000000,2500000,Cicilan,E-Wallet
PAY0001640,22DS0025,2022G,2022-10-01,6000000,6000000,Lunas,VA Bank
PAY0001641,22DS0026,2022G,2022-08-24,6000000,6000000,Lunas,Loket Kampus
PAY0001642,22DS0027,2022G,2022-09-04,6000000,2700000,Cicilan,VA Bank
PAY0001643,22DS0028,2022G,2022-09-05,6000000,6000000,Lunas,VA Bank
PAY0001644,22DS0029,2022G,2022-09-19,6000000,6000000,Lunas,VA Bank
PAY0001645,22DS0030,2022G,12-Sep-2022,6000000,6000000,Lunas,Transfer Bank
PAY0001646,22DS0031,2022G,18/09/2022,6000000,6000000,Lunas,VA Bank
PAY0001647,22DS0032,2022G,2022-09-28,6000000,6000000,Lunas,Loket Kampus
PAY0001648,22DS0033,2022G,2022-09-27,6000000,6000000,Lunas,Loket Kampus
PAY0001649,22DS0034,2022G,2022-09-10,6000000,6000000,Lunas,E-Wallet
PAY0001650,22DS0035,2022G,2022-08-25,6000000,6000000,Lunas,Loket Kampus
PAY0001651,22DS0036,2022G,2022-09-01,6000000,6000000,Lunas,Loket Kampus
PAY0001652,22DS0037,2022G,2022-09-14,6000000,2200000,Cicilan,E-Wallet
PAY0001653,22DS0038,2022G,,6000000,0,Belum Lunas,E-Wallet
PAY0001654,22DS0039,2022G,21-Sep-2022,6000000,6000000,Lunas,Loket Kampus
PAY0001655,22DS0040,2022G,07/09/2022,6000000,6000000,Lunas,E-Wallet
PAY0001656,22DS0041,2022G,2022-09-17,6000000,6000000,Lunas,E-Wallet
PAY0001657,22DS0042,2022G,11/09/2022,6000000,6000000,Lunas,Loket Kampus
PAY0001658,22DS0043,2022G,2022-09-10,6000000,6000000,Lunas,Transfer Bank
PAY0001659,22DS0044,2022G,2022-09-05,6000000,6000000,Lunas,Loket Kampus
PAY0001660,22DS0045,2022G,2022-09-07,6000000,6000000,Lunas,Loket Kampus
PAY0001661,22DS0046,2022G,,6000000,0,Belum Lunas,VA Bank
PAY0001662,22DS0047,2022G,2022-08-31,6000000,6000000,Lunas,E-Wallet
PAY0001663,22DS0048,2022G,2022-08-30,6000000,6000000,Lunas,Transfer Bank
PAY0001664,22DS0049,2022G,2022-09-10,6000000,6000000,Lunas,VA Bank
PAY0001665,22DS0050,2022G,23/09/2022,6000000,6000000,Lunas,VA Bank
PAY0001666,22DS0051,2022G,2022-08-31,6000000,6000000,Lunas,E-Wallet
PAY0001667,22DS0052,2022G,29/08/2022,6000000,6000000,Lunas,E-Wallet
PAY0001668,22DS0053,2022G,2022-09-28,6000000,6000000,Lunas,VA Bank
PAY0001669,22DS0054,2022G,2022-09-08,6000000,6000000,Lunas,E-Wallet
PAY0001670,22DS0055,2022G,2022-10-02,6000000,6000000,Lunas,E-Wallet
PAY0001671,22DS0056,2022G,2022-09-13,6000000,6000000,Lunas,Loket Kampus
PAY0001672,22DS0057,2022G,30/09/2022,6000000,6000000,Lunas,Transfer Bank
PAY0001673,22DS0058,2022G,2022-09-07,6000000,6000000,Lunas,Loket Kampus
PAY0001674,22DS0059,2022G,,6000000,0,Belum Lunas,Transfer Bank
PAY0001675,22DS0060,2022G,16/09/2022,6000000,6000000,Lunas,Loket Kampus
PAY0001676,22DS0061,2022G,2022-09-02,6000000,6000000,Lunas,Loket Kampus
PAY0001677,22DS0062,2022G,2022-09-07,6000000,6000000,Lunas,VA Bank
PAY0001678,22DS0063,2022G,28/09/2022,6000000,6000000,Lunas,VA Bank
PAY0001679,22DS0064,2022G,2022-08-26,6000000,6000000,Lunas,Loket Kampus
PAY0001680,22DS0065,2022G,2022-08-26,6000000,6000000,Lunas,E-Wallet
PAY0001681,22DS0066,2022G,2022-09-30,6000000,6000000,Lunas,E-Wallet
PAY0001682,22DS0067,2022G,2022-10-03,6000000,6000000,Lunas,Loket Kampus
PAY0001683,22DS0068,2022G,2022-09-21,6000000,6000000,Lunas,Loket Kampus
PAY0001684,22DS0069,2022G,23/08/2022,6000000,6000000,Lunas,Loket Kampus
PAY0001685,22DS0070,2022G,2022-09-10,6000000,6000000,Lunas,Transfer Bank
PAY0001686,22DS0071,2022G,2022-09-14,6000000,3800000,Cicilan,VA Bank
PAY0001687,22TR0001,2022G,,5700000,0,Belum Lunas,E-Wallet
PAY0001688,22TR0002,2022G,20/09/2022,5700000,5700000,Lunas,Transfer Bank
PAY0001689,22TR0003,2022G,15/09/2022,5700000,5700000,Lunas,Loket Kampus
PAY0001690,22TR0004,2022G,05/09/2022,5700000,5700000,Lunas,Transfer Bank
PAY0001691,22TR0005,2022G,18/09/2022,5700000,5700000,Lunas,VA Bank
PAY0001692,22TR0006,2022G,03/09/2022,5700000,5700000,Lunas,Loket Kampus
PAY0001693,22TR0007,2022G,2022-09-21,5700000,5700000,Lunas,Loket Kampus
PAY0001694,22TR0008,2022G,2022-08-20,5700000,3800000,Cicilan,E-Wallet
PAY0001695,22TR0009,2022G,2022-09-03,5700000,5700000,Lunas,Transfer Bank
PAY0001696,22TR0010,2022G,09/09/2022,5700000,5700000,Lunas,Transfer Bank
PAY0001697,22TR0011,2022G,27/08/2022,5700000,3300000,Cicilan,E-Wallet
PAY0001698,22TR0012,2022G,2022-09-26,5700000,2200000,Cicilan,E-Wallet
PAY0001699,22TR0013,2022G,2022-08-22,5700000,5700000,Lunas,Transfer Bank
PAY0001700,22TR0014,2022G,25-Aug-2022,5700000,4100000,Cicilan,Transfer Bank
PAY0001701,22TR0015,2022G,2022-09-18,5700000,5700000,Lunas,Transfer Bank
PAY0001702,22TR0016,2022G,2022-09-09,5700000,5700000,Lunas,Loket Kampus
PAY0001703,22TR0017,2022G,2022-08-22,5700000,5700000,Lunas,VA Bank
PAY0001704,22TR0018,2022G,2022-08-29,5700000,2700000,Cicilan,E-Wallet
PAY0001705,22TR0019,2022G,2022-10-04,5700000,5700000,Lunas,Transfer Bank
PAY0001706,22TR0020,2022G,,5700000,0,Belum Lunas,E-Wallet
PAY0001707,22TR0021,2022G,02/09/2022,5700000,5700000,Lunas,VA Bank
PAY0001708,22TR0022,2022G,2022-09-04,5700000,3500000,Cicilan,Transfer Bank
PAY0001709,22TR0023,2022G,2022-09-29,5700000,5700000,Lunas,E-Wallet
PAY0001710,22TR0024,2022G,2022-09-24,5700000,5700000,Lunas,E-Wallet
PAY0001711,22TR0025,2022G,2022-08-30,5700000,5700000,Lunas,VA Bank
PAY0001712,22TR0026,2022G,22/08/2022,5700000,5700000,Lunas,E-Wallet
PAY0001713,22TR0027,2022G,2022-09-05,5700000,5700000,Lunas,E-Wallet
PAY0001714,22TR0028,2022G,2022-08-23,5700000,5700000,Lunas,VA Bank
PAY0001715,22TR0029,2022G,2022-09-21,5700000,5700000,Lunas,Loket Kampus
PAY0001716,22TR0030,2022G,2022-09-16,5700000,5700000,Lunas,VA Bank
PAY0001717,22TR0031,2022G,,5700000,0,Belum Lunas,Loket Kampus
PAY0001718,22TR0032,2022G,2022-08-28,5700000,5700000,Lunas,E-Wallet
PAY0001719,22TR0033,2022G,2022-09-24,5700000,5700000,Lunas,E-Wallet
PAY0001720,22TR0034,2022G,2022-09-23,5700000,2600000,Cicilan,Transfer Bank
PAY0001721,22TR0035,2022G,2022-08-22,5700000,5700000,Lunas,Transfer Bank
PAY0001722,22TR0036,2022G,24/08/2022,5700000,5700000,Lunas,VA Bank
PAY0001723,22TR0037,2022G,05/09/2022,5700000,5700000,Lunas,Transfer Bank
PAY0001724,22TR0038,2022G,2022-08-29,5700000,5700000,Lunas,Transfer Bank
PAY0001725,22TR0039,2022G,,5700000,0,Belum Lunas,Transfer Bank
PAY0001726,22TR0040,2022G,2022-09-27,5700000,5700000,Lunas,E-Wallet
PAY0001727,22TR0041,2022G,30/09/2022,5700000,5700000,Lunas,Loket Kampus
PAY0001728,22TR0042,2022G,2022-09-24,5700000,5700000,Lunas,E-Wallet
PAY0001729,22TR0043,2022G,2022-09-08,5700000,5700000,Lunas,E-Wallet
PAY0001730,22TR0044,2022G,2022-09-16,5700000,5700000,Lunas,Transfer Bank
PAY0001731,22TR0045,2022G,2022-10-03,5700000,5700000,Lunas,E-Wallet
PAY0001732,22TR0046,2022G,2022-09-25,5700000,5700000,Lunas,E-Wallet
PAY0001733,22TR0047,2022G,02/10/2022,5700000,5700000,Lunas,VA Bank
PAY0001734,22TR0048,2022G,2022-09-06,5700000,5700000,Lunas,Transfer Bank
PAY0001735,22TR0049,2022G,2022-09-01,5700000,5700000,Lunas,VA Bank
PAY0001736,22TR0050,2022G,29/09/2022,5700000,5700000,Lunas,E-Wallet
PAY0001737,22TR0051,2022G,25-Aug-2022,5700000,5700000,Lunas,VA Bank
PAY0001738,22TR0052,2022G,17/09/2022,5700000,5700000,Lunas,E-Wallet
PAY0001739,22TR0053,2022G,,5700000,0,Belum Lunas,Transfer Bank
PAY0001740,22TR0054,2022G,2022-09-28,5700000,5700000,Lunas,VA Bank
PAY0001741,22TR0055,2022G,2022-09-28,5700000,5700000,Lunas,Transfer Bank
PAY0001742,22TR0056,2022G,2022-09-01,5700000,5700000,Lunas,Transfer Bank
PAY0001743,22TR0057,2022G,22/08/2022,5700000,4100000,Cicilan,VA Bank
PAY0001744,22TR0058,2022G,2022-09-29,5700000,5700000,Lunas,E-Wallet
PAY0001745,22TR0059,2022G,2022-09-24,5700000,5700000,Lunas,E-Wallet
PAY0001746,22TR0060,2022G,2022-09-03,5700000,5700000,Lunas,E-Wallet
PAY0001747,22TR0061,2022G,2022-09-08,5700000,5700000,Lunas,Transfer Bank
PAY0001748,22TR0062,2022G,2022-09-21,5700000,5700000,Lunas,E-Wallet
PAY0001749,22TR0063,2022G,2022-09-21,5700000,5700000,Lunas,Transfer Bank
PAY0001750,22TR0064,2022G,27/08/2022,5700000,5700000,Lunas,Transfer Bank
PAY0001751,22TR0065,2022G,2022-08-24,5700000,5700000,Lunas,E-Wallet
PAY0001752,22TR0066,2022G,2022-08-31,5700000,5700000,Lunas,E-Wallet
PAY0001753,22TR0067,2022G,2022-09-27,5700000,5700000,Lunas,Transfer Bank
PAY0001754,22TR0068,2022G,,5700000,0,Belum Lunas,Transfer Bank
PAY0001755,22BD0001,2022G,2022-09-19,5000000,5000000,Lunas,E-Wallet
PAY0001756,22BD0002,2022G,28/08/2022,5000000,5000000,Lunas,VA Bank
PAY0001757,22BD0003,2022G,2022-09-13,5000000,5000000,Lunas,Loket Kampus
PAY0001758,22BD0004,2022G,17-Sep-2022,5000000,5000000,Lunas,VA Bank
PAY0001759,22BD0005,2022G,2022-09-03,5000000,3100000,Cicilan,Loket Kampus
PAY0001760,22BD0006,2022G,2022-10-03,5000000,5000000,Lunas,VA Bank
PAY0001761,22BD0007,2022G,22-Aug-2022,5000000,3600000,Cicilan,Loket Kampus
PAY0001762,22BD0008,2022G,2022-09-07,5000000,5000000,Lunas,E-Wallet
PAY0001763,22BD0009,2022G,21/09/2022,5000000,5000000,Lunas,E-Wallet
PAY0001764,22BD0010,2022G,03/09/2022,5000000,5000000,Lunas,E-Wallet
PAY0001765,22BD0011,2022G,2022-08-20,5000000,5000000,Lunas,VA Bank
PAY0001766,22BD0012,2022G,2022-08-22,5000000,5000000,Lunas,E-Wallet
PAY0001767,22BD0013,2022G,21-Aug-2022,5000000,5000000,Lunas,E-Wallet
PAY0001768,22BD0014,2022G,2022-09-08,5000000,5000000,Lunas,E-Wallet
PAY0001769,22BD0015,2022G,2022-09-03,5000000,5000000,Lunas,VA Bank
PAY0001770,22BD0016,2022G,01/10/2022,5000000,5000000,Lunas,E-Wallet
PAY0001771,22BD0017,2022G,2022-08-29,5000000,5000000,Lunas,VA Bank
PAY0001772,22BD0018,2022G,,5000000,0,Belum Lunas,VA Bank
PAY0001773,22BD0019,2022G,,5000000,0,Belum Lunas,Transfer Bank
PAY0001774,22BD0020,2022G,2022-09-17,5000000,5000000,Lunas,Loket Kampus
PAY0001775,22BD0021,2022G,15/09/2022,5000000,5000000,Lunas,Transfer Bank
PAY0001776,22BD0022,2022G,26/09/2022,5000000,5000000,Lunas,E-Wallet
PAY0001777,22BD0023,2022G,12/09/2022,5000000,5000000,Lunas,Transfer Bank
PAY0001778,22BD0024,2022G,2022-10-01,5000000,5000000,Lunas,Transfer Bank
PAY0001779,22BD0025,2022G,24-Sep-2022,5000000,5000000,Lunas,Loket Kampus
PAY0001780,22BD0026,2022G,2022-09-09,5000000,1900000,Cicilan,Loket Kampus
PAY0001781,22BD0027,2022G,2022-09-23,5000000,5000000,Lunas,E-Wallet
PAY0001782,22BD0028,2022G,13-Sep-2022,5000000,5000000,Lunas,VA Bank
PAY0001783,22BD0029,2022G,2022-10-03,5000000,5000000,Lunas,VA Bank
PAY0001784,22BD0030,2022G,2022-08-25,5000000,5000000,Lunas,E-Wallet
PAY0001785,22BD0031,2022G,2022-09-07,5000000,5000000,Lunas,Loket Kampus
PAY0001786,22BD0032,2022G,2022-08-28,5000000,5000000,Lunas,Transfer Bank
PAY0001787,22BD0033,2022G,2022-09-14,5000000,2000000,Cicilan,Transfer Bank
PAY0001788,22BD0034,2022G,2022-09-12,5000000,5000000,Lunas,Transfer Bank
PAY0001789,22BD0035,2022G,2022-09-25,5000000,5000000,Lunas,E-Wallet
PAY0001790,22BD0036,2022G,2022-09-24,5000000,5000000,Lunas,Transfer Bank
PAY0001791,22BD0037,2022G,2022-09-14,5000000,5000000,Lunas,Loket Kampus
PAY0001792,22BD0038,2022G,2022-09-01,5000000,5000000,Lunas,E-Wallet
PAY0001793,22BD0039,2022G,2022-08-29,5000000,5000000,Lunas,E-Wallet
PAY0001794,22BD0040,2022G,2022-09-30,5000000,5000000,Lunas,E-Wallet
PAY0001795,22BD0041,2022G,2022-09-22,5000000,5000000,Lunas,Loket Kampus
PAY0001796,22BD0042,2022G,2022-08-24,5000000,5000000,Lunas,Transfer Bank
PAY0001797,22BD0043,2022G,26/08/2022,5000000,2600000,Cicilan,VA Bank
PAY0001798,22BD0044,2022G,2022-10-02,5000000,5000000,Lunas,Loket Kampus
PAY0001799,22BD0045,2022G,20-Aug-2022,5000000,2600000,Cicilan,Transfer Bank
PAY0001800,22BD0046,2022G,2022-09-22,5000000,5000000,Lunas,Loket Kampus
PAY0001801,22BD0047,2022G,2022-09-08,5000000,5000000,Lunas,E-Wallet
PAY0001802,22BD0048,2022G,2022-09-16,5000000,5000000,Lunas,Transfer Bank
PAY0001803,22BD0049,2022G,2022-08-20,5000000,5000000,Lunas,Transfer Bank
PAY0001804,22BD0050,2022G,25/08/2022,5000000,5000000,Lunas,VA Bank
PAY0001805,22BD0051,2022G,01/09/2022,5000000,5000000,Lunas,VA Bank
PAY0001806,22BD0052,2022G,2022-08-25,5000000,5000000,Lunas,Loket Kampus
PAY0001807,22BD0053,2022G,04-Sep-2022,5000000,5000000,Lunas,Loket Kampus
PAY0001808,22BD0054,2022G,2022-10-02,5000000,5000000,Lunas,Loket Kampus
PAY0001809,22BD0055,2022G,2022-09-24,5000000,5000000,Lunas,Transfer Bank
PAY0001810,22BD0056,2022G,10/09/2022,5000000,5000000,Lunas,Loket Kampus
PAY0001811,22BD0057,2022G,2022-09-08,5000000,5000000,Lunas,VA Bank
PAY0001812,22BD0058,2022G,2022-09-29,5000000,5000000,Lunas,Transfer Bank
PAY0001813,22BD0059,2022G,2022-10-01,5000000,5000000,Lunas,E-Wallet
PAY0001814,22BD0060,2022G,2022-09-30,5000000,1900000,Cicilan,Transfer Bank
PAY0001815,22BD0061,2022G,2022-09-07,5000000,5000000,Lunas,Transfer Bank
PAY0001816,22BD0062,2022G,2022-09-17,5000000,2800000,Cicilan,VA Bank
PAY0001817,22BD0063,2022G,2022-09-23,5000000,5000000,Lunas,Transfer Bank
PAY0001818,22BD0064,2022G,25/08/2022,5000000,3000000,Cicilan,Transfer Bank
PAY0001819,22BD0065,2022G,2022-09-24,5000000,5000000,Lunas,E-Wallet
PAY0001820,22BD0066,2022G,2022-10-01,5000000,5000000,Lunas,VA Bank
PAY0001821,22BD0067,2022G,2022-08-27,5000000,5000000,Lunas,Transfer Bank
PAY0001822,22BD0068,2022G,01/10/2022,5000000,5000000,Lunas,VA Bank
PAY0001823,22BD0069,2022G,2022-08-22,5000000,5000000,Lunas,Loket Kampus
PAY0001824,22BD0070,2022G,2022-09-07,5000000,3100000,Cicilan,VA Bank
PAY0001825,22BD0071,2022G,,5000000,0,Belum Lunas,VA Bank
PAY0001826,21TI0001,2022E,2023-03-25,5500000,5500000,Lunas,VA Bank
PAY0001827,21TI0002,2022E,2023-02-25,5500000,5500000,Lunas,Loket Kampus
PAY0001828,21TI0003,2022E,2023-03-03,5500000,5500000,Lunas,E-Wallet
PAY0001829,21TI0004,2022E,2023-02-26,5500000,5500000,Lunas,Loket Kampus
PAY0001830,21TI0005,2022E,2023-03-22,5500000,5500000,Lunas,Loket Kampus
PAY0001831,21TI0006,2022E,2023-02-28,5500000,3600000,Cicilan,Transfer Bank
PAY0001832,21TI0007,2022E,2023-02-24,5500000,5500000,Lunas,E-Wallet
PAY0001833,21TI0008,2022E,2023-03-24,5500000,5500000,Lunas,E-Wallet
PAY0001834,21TI0009,2022E,2023-02-19,5500000,5500000,Lunas,Transfer Bank
PAY0001835,21TI0010,2022E,2023-03-16,5500000,5500000,Lunas,Transfer Bank
PAY0001836,21TI0011,2022E,2023-03-27,5500000,5500000,Lunas,Loket Kampus
PAY0001837,21TI0012,2022E,2023-03-21,5500000,5500000,Lunas,E-Wallet
PAY0001838,21TI0013,2022E,26-Mar-2023,5500000,5500000,Lunas,VA Bank
PAY0001839,21TI0014,2022E,2023-03-29,5500000,5500000,Lunas,Transfer Bank
PAY0001840,21TI0015,2022E,2023-03-07,5500000,5500000,Lunas,VA Bank
PAY0001841,21TI0016,2022E,2023-03-07,5500000,5500000,Lunas,Transfer Bank
PAY0001842,21TI0017,2022E,2023-03-16,5500000,5500000,Lunas,VA Bank
PAY0001843,21TI0018,2022E,2023-03-24,5500000,5500000,Lunas,Transfer Bank
PAY0001844,21TI0019,2022E,2023-02-25,5500000,5500000,Lunas,Transfer Bank
PAY0001845,21TI0020,2022E,2023-02-26,5500000,5500000,Lunas,Transfer Bank
PAY0001846,21TI0021,2022E,2023-03-27,5500000,5500000,Lunas,Loket Kampus
PAY0001847,21TI0022,2022E,2023-03-09,5500000,5500000,Lunas,E-Wallet
PAY0001848,21TI0023,2022E,2023-03-12,5500000,5500000,Lunas,VA Bank
PAY0001849,21TI0024,2022E,2023-03-03,5500000,5500000,Lunas,E-Wallet
PAY0001850,21TI0025,2022E,2023-02-27,5500000,5500000,Lunas,Loket Kampus
PAY0001851,21TI0026,2022E,2023-03-12,5500000,5500000,Lunas,Loket Kampus
PAY0001852,21TI0027,2022E,2023-02-15,5500000,5500000,Lunas,Loket Kampus
PAY0001853,21TI0028,2022E,2023-02-25,5500000,5500000,Lunas,VA Bank
PAY0001854,21TI0029,2022E,03/03/2023,5500000,5500000,Lunas,VA Bank
PAY0001855,21TI0030,2022E,2023-03-24,5500000,5500000,Lunas,Loket Kampus
PAY0001856,21TI0031,2022E,12-Mar-2023,5500000,5500000,Lunas,Loket Kampus
PAY0001857,21TI0032,2022E,2023-04-01,5500000,5500000,Lunas,Transfer Bank
PAY0001858,21TI0033,2022E,12-Mar-2023,5500000,5500000,Lunas,Transfer Bank
PAY0001859,21TI0034,2022E,20-Mar-2023,5500000,5500000,Lunas,Loket Kampus
PAY0001860,21TI0035,2022E,11/03/2023,5500000,5500000,Lunas,Transfer Bank
PAY0001861,21TI0036,2022E,30/03/2023,5500000,3900000,Cicilan,Loket Kampus
PAY0001862,21TI0037,2022E,29/03/2023,5500000,5500000,Lunas,E-Wallet
PAY0001863,21TI0038,2022E,2023-03-25,5500000,5500000,Lunas,Loket Kampus
PAY0001864,21TI0039,2022E,2023-03-27,5500000,5500000,Lunas,E-Wallet
PAY0001865,21TI0040,2022E,2023-02-15,5500000,5500000,Lunas,Loket Kampus
PAY0001866,21TI0041,2022E,2023-03-28,5500000,5500000,Lunas,Loket Kampus
PAY0001867,21TI0042,2022E,23/02/2023,5500000,5500000,Lunas,Transfer Bank
PAY0001868,21TI0043,2022E,18-Mar-2023,5500000,5500000,Lunas,VA Bank
PAY0001869,21TI0044,2022E,2023-03-08,5500000,5500000,Lunas,E-Wallet
PAY0001870,21TI0045,2022E,2023-02-16,5500000,5500000,Lunas,VA Bank
PAY0001871,21TI0046,2022E,2023-03-28,5500000,5500000,Lunas,E-Wallet
PAY0001872,21TI0047,2022E,2023-03-06,5500000,2100000,Cicilan,Transfer Bank
PAY0001873,21TI0048,2022E,2023-03-03,5500000,5500000,Lunas,E-Wallet
PAY0001874,21TI0049,2022E,2023-03-02,5500000,5500000,Lunas,Transfer Bank
PAY0001875,21TI0050,2022E,26-Feb-2023,5500000,5500000,Lunas,Loket Kampus
PAY0001876,21TI0051,2022E,25/03/2023,5500000,5500000,Lunas,VA Bank
PAY0001877,21TI0052,2022E,03/03/2023,5500000,5500000,Lunas,Loket Kampus
PAY0001878,21TI0053,2022E,21/03/2023,5500000,2700000,Cicilan,Transfer Bank
PAY0001879,21TI0054,2022E,2023-03-02,5500000,5500000,Lunas,E-Wallet
PAY0001880,21TI0055,2022E,25/03/2023,5500000,3200000,Cicilan,VA Bank
PAY0001881,21TI0056,2022E,2023-03-03,5500000,3100000,Cicilan,Loket Kampus
PAY0001882,21TI0057,2022E,2023-03-02,5500000,5500000,Lunas,Loket Kampus
PAY0001883,21TI0058,2022E,2023-03-11,5500000,5500000,Lunas,Loket Kampus
PAY0001884,21TI0059,2022E,2023-02-18,5500000,1900000,Cicilan,Loket Kampus
PAY0001885,21TI0060,2022E,2023-03-07,5500000,5500000,Lunas,E-Wallet
PAY0001886,21TI0061,2022E,2023-02-16,5500000,5500000,Lunas,VA Bank
PAY0001887,21TI0062,2022E,2023-03-23,5500000,5500000,Lunas,VA Bank
PAY0001888,21TI0063,2022E,2023-03-04,5500000,5500000,Lunas,Transfer Bank
PAY0001889,21TI0064,2022E,2023-02-24,5500000,5500000,Lunas,Transfer Bank
PAY0001890,21TI0065,2022E,2023-03-22,5500000,5500000,Lunas,Loket Kampus
PAY0001891,21TI0066,2022E,03/03/2023,5500000,5500000,Lunas,Loket Kampus
PAY0001892,21TI0067,2022E,22-Mar-2023,5500000,5500000,Lunas,Loket Kampus
PAY0001893,21TI0068,2022E,2023-03-23,5500000,5500000,Lunas,E-Wallet
PAY0001894,21TI0069,2022E,2023-03-04,5500000,5500000,Lunas,E-Wallet
PAY0001895,21TI0070,2022E,11/03/2023,5500000,5500000,Lunas,Loket Kampus
PAY0001896,21TI0071,2022E,2023-03-03,5500000,3800000,Cicilan,Loket Kampus
PAY0001897,21TI0072,2022E,2023-03-24,5500000,5500000,Lunas,Loket Kampus
PAY0001898,21TI0073,2022E,2023-02-26,5500000,5500000,Lunas,Transfer Bank
PAY0001899,21TI0074,2022E,19-Mar-2023,5500000,5500000,Lunas,VA Bank
PAY0001900,21TI0075,2022E,2023-03-07,5500000,5500000,Lunas,E-Wallet
PAY0001901,21TI0076,2022E,2023-03-13,5500000,5500000,Lunas,VA Bank
PAY0001902,21TI0077,2022E,2023-03-11,5500000,5500000,Lunas,Transfer Bank
PAY0001903,21TI0078,2022E,2023-03-21,5500000,2300000,Cicilan,Loket Kampus
PAY0001904,21TI0079,2022E,14/03/2023,5500000,5500000,Lunas,Transfer Bank
PAY0001905,21TI0080,2022E,2023-02-22,5500000,5500000,Lunas,E-Wallet
PAY0001906,21TI0081,2022E,2023-02-28,5500000,5500000,Lunas,Transfer Bank
PAY0001907,21TI0082,2022E,2023-03-24,5500000,5500000,Lunas,VA Bank
PAY0001908,21TI0083,2022E,2023-03-07,5500000,5500000,Lunas,VA Bank
PAY0001909,21TI0084,2022E,,5500000,0,Belum Lunas,VA Bank
PAY0001910,21TI0085,2022E,2023-03-29,5500000,2300000,Cicilan,VA Bank
PAY0001911,21SI0001,2022E,22-Mar-2023,5250000,5250000,Lunas,VA Bank
PAY0001912,21SI0002,2022E,2023-03-07,5250000,5250000,Lunas,Loket Kampus
PAY0001913,21SI0003,2022E,2023-03-15,5250000,5250000,Lunas,Transfer Bank
PAY0001914,21SI0004,2022E,2023-02-26,5250000,5250000,Lunas,E-Wallet
PAY0001915,21SI0005,2022E,24/03/2023,5250000,5250000,Lunas,Loket Kampus
PAY0001916,21SI0006,2022E,2023-03-09,5250000,5250000,Lunas,Loket Kampus
PAY0001917,21SI0007,2022E,12/03/2023,5250000,5250000,Lunas,VA Bank
PAY0001918,21SI0008,2022E,2023-03-06,5250000,5250000,Lunas,E-Wallet
PAY0001919,21SI0009,2022E,20/02/2023,5250000,5250000,Lunas,VA Bank
PAY0001920,21SI0010,2022E,2023-02-26,5250000,5250000,Lunas,VA Bank
PAY0001921,21SI0011,2022E,12-Mar-2023,5250000,5250000,Lunas,E-Wallet
PAY0001922,21SI0012,2022E,18/02/2023,5250000,5250000,Lunas,VA Bank
PAY0001923,21SI0013,2022E,2023-02-23,5250000,3300000,Cicilan,E-Wallet
PAY0001924,21SI0014,2022E,2023-03-20,5250000,5250000,Lunas,Loket Kampus
PAY0001925,21SI0015,2022E,12/03/2023,5250000,5250000,Lunas,VA Bank
PAY0001926,21SI0016,2022E,2023-03-10,5250000,5250000,Lunas,E-Wallet
PAY0001927,21SI0017,2022E,2023-02-20,5250000,5250000,Lunas,Transfer Bank
PAY0001928,21SI0018,2022E,2023-03-24,5250000,2100000,Cicilan,E-Wallet
PAY0001929,21SI0019,2022E,23/03/2023,5250000,5250000,Lunas,Transfer Bank
PAY0001930,21SI0020,2022E,2023-03-29,5250000,2100000,Cicilan,VA Bank
PAY0001931,21SI0021,2022E,2023-03-17,5250000,5250000,Lunas,Transfer Bank
PAY0001932,21SI0022,2022E,2023-03-15,5250000,5250000,Lunas,E-Wallet
PAY0001933,21SI0023,2022E,2023-03-28,5250000,5250000,Lunas,VA Bank
PAY0001934,21SI0024,2022E,2023-03-13,5250000,5250000,Lunas,Transfer Bank
PAY0001935,21SI0025,2022E,2023-03-07,5250000,5250000,Lunas,E-Wallet
PAY0001936,21SI0026,2022E,2023-02-21,5250000,5250000,Lunas,Transfer Bank
PAY0001937,21SI0027,2022E,2023-03-11,5250000,5250000,Lunas,VA Bank
PAY0001938,21SI0028,2022E,26-Mar-2023,5250000,5250000,Lunas,Loket Kampus
PAY0001939,21SI0029,2022E,2023-02-22,5250000,3200000,Cicilan,Transfer Bank
PAY0001940,21SI0030,2022E,2023-03-10,5250000,5250000,Lunas,E-Wallet
PAY0001941,21SI0031,2022E,2023-03-26,5250000,5250000,Lunas,Transfer Bank
PAY0001942,21SI0032,2022E,2023-02-23,5250000,5250000,Lunas,E-Wallet
PAY0001943,21SI0033,2022E,2023-02-27,5250000,5250000,Lunas,Loket Kampus
PAY0001944,21SI0034,2022E,17-Mar-2023,5250000,5250000,Lunas,VA Bank
PAY0001945,21SI0035,2022E,11-Mar-2023,5250000,5250000,Lunas,Loket Kampus
PAY0001946,21SI0036,2022E,2023-03-12,5250000,5250000,Lunas,VA Bank
PAY0001947,21SI0037,2022E,19/02/2023,5250000,5250000,Lunas,Loket Kampus
PAY0001948,21SI0038,2022E,2023-03-23,5250000,5250000,Lunas,E-Wallet
PAY0001949,21SI0039,2022E,2023-02-26,5250000,5250000,Lunas,Loket Kampus
PAY0001950,21SI0040,2022E,2023-03-31,5250000,5250000,Lunas,Transfer Bank
PAY0001951,21SI0041,2022E,2023-02-22,5250000,5250000,Lunas,Transfer Bank
PAY0001952,21SI0042,2022E,2023-03-18,5250000,5250000,Lunas,Loket Kampus
PAY0001953,21SI0043,2022E,2023-03-01,5250000,5250000,Lunas,VA Bank
PAY0001954,21SI0044,2022E,2023-03-16,5250000,5250000,Lunas,VA Bank
PAY0001955,21SI0045,2022E,2023-03-30,5250000,5250000,Lunas,Transfer Bank
PAY0001956,21SI0046,2022E,16/02/2023,5250000,5250000,Lunas,Transfer Bank
PAY0001957,21SI0047,2022E,2023-03-18,5250000,5250000,Lunas,Transfer Bank
PAY0001958,21SI0048,2022E,,5250000,0,Belum Lunas,VA Bank
PAY0001959,21SI0049,2022E,2023-02-19,5250000,5250000,Lunas,E-Wallet
PAY0001960,21SI0050,2022E,06-Mar-2023,5250000,5250000,Lunas,Loket Kampus
PAY0001961,21SI0051,2022E,2023-03-10,5250000,5250000,Lunas,Loket Kampus
PAY0001962,21SI0052,2022E,2023-03-12,5250000,5250000,Lunas,Transfer Bank
PAY0001963,21SI0053,2022E,16/02/2023,5250000,5250000,Lunas,VA Bank
PAY0001964,21SI0054,2022E,,5250000,0,Belum Lunas,Loket Kampus
PAY0001965,21SI0055,2022E,2023-02-24,5250000,5250000,Lunas,E-Wallet
PAY0001966,21SI0056,2022E,27/03/2023,5250000,5250000,Lunas,E-Wallet
PAY0001967,21SI0057,2022E,2023-03-11,5250000,5250000,Lunas,E-Wallet
PAY0001968,21SI0058,2022E,2023-03-13,5250000,5250000,Lunas,VA Bank
PAY0001969,21SI0059,2022E,03/03/2023,5250000,5250000,Lunas,Transfer Bank
PAY0001970,21SI0060,2022E,2023-02-16,5250000,5250000,Lunas,VA Bank
PAY0001971,21SI0061,2022E,17-Mar-2023,5250000,5250000,Lunas,Transfer Bank
PAY0001972,21SI0062,2022E,2023-03-05,5250000,5250000,Lunas,VA Bank
PAY0001973,21SI0063,2022E,17/02/2023,5250000,5250000,Lunas,E-Wallet
PAY0001974,21SI0064,2022E,2023-04-01,5250000,3600000,Cicilan,Loket Kampus
PAY0001975,21SI0065,2022E,2023-02-23,5250000,5250000,Lunas,Loket Kampus
PAY0001976,21SI0066,2022E,2023-03-05,5250000,5250000,Lunas,Transfer Bank
PAY0001977,21SI0067,2022E,2023-02-24,5250000,3700000,Cicilan,Transfer Bank
PAY0001978,21SI0068,2022E,2023-03-01,5250000,5250000,Lunas,Loket Kampus
PAY0001979,21SI0069,2022E,2023-02-28,5250000,5250000,Lunas,Transfer Bank
PAY0001980,21SI0070,2022E,2023-03-16,5250000,5250000,Lunas,Transfer Bank
PAY0001981,21SI0071,2022E,27/03/2023,5250000,2500000,Cicilan,Transfer Bank
PAY0001982,21SI0072,2022E,2023-03-06,5250000,5250000,Lunas,VA Bank
PAY0001983,21SI0073,2022E,,5250000,0,Belum Lunas,VA Bank
PAY0001984,21SI0074,2022E,2023-02-21,5250000,5250000,Lunas,VA Bank
PAY0001985,21SI0075,2022E,2023-02-28,5250000,5250000,Lunas,Transfer Bank
PAY0001986,21SI0076,2022E,2023-03-07,5250000,5250000,Lunas,E-Wallet
PAY0001987,21SI0077,2022E,2023-03-13,5250000,5250000,Lunas,E-Wallet
PAY0001988,21SI0078,2022E,2023-02-23,5250000,5250000,Lunas,Transfer Bank
PAY0001989,21SI0079,2022E,2023-03-20,5250000,5250000,Lunas,Loket Kampus
PAY0001990,21SI0080,2022E,24/03/2023,5250000,5250000,Lunas,E-Wallet
PAY0001991,21SI0081,2022E,18-Feb-2023,5250000,5250000,Lunas,Transfer Bank
PAY0001992,21IF0001,2022E,2023-03-17,5750000,5750000,Lunas,VA Bank
PAY0001993,21IF0002,2022E,2023-02-19,5750000,5750000,Lunas,E-Wallet
PAY0001994,21IF0003,2022E,2023-02-25,5750000,5750000,Lunas,Transfer Bank
PAY0001995,21IF0004,2022E,01-Mar-2023,5750000,5750000,Lunas,Transfer Bank
PAY0001996,21IF0005,2022E,2023-03-09,5750000,5750000,Lunas,Loket Kampus
PAY0001997,21IF0006,2022E,2023-03-28,5750000,5750000,Lunas,E-Wallet
PAY0001998,21IF0007,2022E,2023-03-19,5750000,5750000,Lunas,Loket Kampus
PAY0001999,21IF0008,2022E,16-Mar-2023,5750000,2400000,Cicilan,VA Bank
PAY0002000,21IF0009,2022E,2023-02-22,5750000,5750000,Lunas,Loket Kampus
PAY0002001,21IF0010,2022E,2023-03-05,5750000,5750000,Lunas,Transfer Bank
PAY0002002,21IF0011,2022E,20/03/2023,5750000,5750000,Lunas,Transfer Bank
PAY0002003,21IF0012,2022E,10/03/2023,5750000,5750000,Lunas,Loket Kampus
PAY0002004,21IF0013,2022E,2023-03-07,5750000,5750000,Lunas,Loket Kampus
PAY0002005,21IF0014,2022E,2023-04-01,5750000,5750000,Lunas,VA Bank
PAY0002006,21IF0015,2022E,16-Feb-2023,5750000,2700000,Cicilan,Loket Kampus
PAY0002007,21IF0016,2022E,2023-03-19,5750000,5750000,Lunas,VA Bank
PAY0002008,21IF0017,2022E,2023-03-22,5750000,5750000,Lunas,E-Wallet
PAY0002009,21IF0018,2022E,29/03/2023,5750000,5750000,Lunas,Loket Kampus
PAY0002010,21IF0019,2022E,,5750000,0,Belum Lunas,Loket Kampus
PAY0002011,21IF0020,2022E,2023-03-06,5750000,5750000,Lunas,VA Bank
PAY0002012,21IF0021,2022E,22/03/2023,5750000,5750000,Lunas,Loket Kampus
PAY0002013,21IF0022,2022E,2023-03-08,5750000,5750000,Lunas,Loket Kampus
PAY0002014,21IF0023,2022E,2023-03-15,5750000,5750000,Lunas,Loket Kampus
PAY0002015,21IF0024,2022E,2023-03-19,5750000,5750000,Lunas,Loket Kampus
PAY0002016,21IF0025,2022E,2023-03-02,5750000,2300000,Cicilan,Transfer Bank
PAY0002017,21IF0026,2022E,2023-03-07,5750000,5750000,Lunas,Transfer Bank
PAY0002018,21IF0027,2022E,2023-02-17,5750000,5750000,Lunas,Transfer Bank
PAY0002019,21IF0028,2022E,24/03/2023,5750000,5750000,Lunas,Transfer Bank
PAY0002020,21IF0029,2022E,2023-03-06,5750000,5750000,Lunas,E-Wallet
PAY0002021,21IF0030,2022E,2023-03-07,5750000,5750000,Lunas,Loket Kampus
PAY0002022,21IF0031,2022E,2023-02-24,5750000,5750000,Lunas,E-Wallet
PAY0002023,21IF0032,2022E,02/03/2023,5750000,5750000,Lunas,VA Bank
PAY0002024,21IF0033,2022E,2023-03-03,5750000,5750000,Lunas,Loket Kampus
PAY0002025,21IF0034,2022E,14/03/2023,5750000,5750000,Lunas,Transfer Bank
PAY0002026,21IF0035,2022E,13/03/2023,5750000,3400000,Cicilan,Transfer Bank
PAY0002027,21IF0036,2022E,2023-02-26,5750000,2300000,Cicilan,Loket Kampus
PAY0002028,21IF0037,2022E,08/03/2023,5750000,3300000,Cicilan,E-Wallet
PAY0002029,21IF0038,2022E,2023-03-06,5750000,5750000,Lunas,E-Wallet
PAY0002030,21IF0039,2022E,2023-02-18,5750000,5750000,Lunas,E-Wallet
PAY0002031,21IF0040,2022E,14/03/2023,5750000,5750000,Lunas,Transfer Bank
PAY0002032,21IF0041,2022E,2023-03-29,5750000,5750000,Lunas,Transfer Bank
PAY0002033,21IF0042,2022E,2023-03-21,5750000,5750000,Lunas,VA Bank
PAY0002034,21IF0043,2022E,15/02/2023,5750000,3100000,Cicilan,VA Bank
PAY0002035,21IF0044,2022E,2023-03-10,5750000,2100000,Cicilan,Transfer Bank
PAY0002036,21IF0045,2022E,2023-03-26,5750000,4100000,Cicilan,E-Wallet
PAY0002037,21IF0046,2022E,2023-02-26,5750000,5750000,Lunas,E-Wallet
PAY0002038,21IF0047,2022E,2023-03-17,5750000,5750000,Lunas,Transfer Bank
PAY0002039,21IF0048,2022E,26-Mar-2023,5750000,5750000,Lunas,VA Bank
PAY0002040,21IF0049,2022E,2023-03-27,5750000,5750000,Lunas,E-Wallet
PAY0002041,21IF0050,2022E,26/02/2023,5750000,5750000,Lunas,VA Bank
PAY0002042,21IF0051,2022E,2023-03-01,5750000,5750000,Lunas,Transfer Bank
PAY0002043,21IF0052,2022E,2023-03-18,5750000,5750000,Lunas,Loket Kampus
PAY0002044,21IF0053,2022E,2023-02-20,5750000,5750000,Lunas,VA Bank
PAY0002045,21IF0054,2022E,2023-02-26,5750000,5750000,Lunas,E-Wallet
PAY0002046,21IF0055,2022E,2023-03-31,5750000,5750000,Lunas,E-Wallet
PAY0002047,21IF0056,2022E,2023-02-18,5750000,5750000,Lunas,VA Bank
PAY0002048,21IF0057,2022E,27/03/2023,5750000,5750000,Lunas,E-Wallet
PAY0002049,21IF0058,2022E,2023-03-31,5750000,5750000,Lunas,Loket Kampus
PAY0002050,21IF0059,2022E,2023-03-17,5750000,5750000,Lunas,Loket Kampus
PAY0002051,21IF0060,2022E,02/03/2023,5750000,5750000,Lunas,Transfer Bank
PAY0002052,21IF0061,2022E,2023-02-18,5750000,5750000,Lunas,Loket Kampus
PAY0002053,21IF0062,2022E,2023-02-23,5750000,5750000,Lunas,E-Wallet
PAY0002054,21IF0063,2022E,2023-03-08,5750000,5750000,Lunas,Loket Kampus
PAY0002055,21IF0064,2022E,2023-03-06,5750000,5750000,Lunas,Transfer Bank
PAY0002056,21IF0065,2022E,2023-03-21,5750000,5750000,Lunas,VA Bank
PAY0002057,21IF0066,2022E,2023-03-10,5750000,5750000,Lunas,Loket Kampus
PAY0002058,21IF0067,2022E,2023-03-01,5750000,5750000,Lunas,Loket Kampus
PAY0002059,21IF0068,2022E,2023-02-21,5750000,5750000,Lunas,Transfer Bank
PAY0002060,21IF0069,2022E,2023-03-18,5750000,5750000,Lunas,VA Bank
PAY0002061,21IF0070,2022E,2023-03-06,5750000,3500000,Cicilan,E-Wallet
PAY0002062,21IF0071,2022E,2023-03-31,5750000,5750000,Lunas,E-Wallet
PAY0002063,21IF0072,2022E,2023-02-21,5750000,5750000,Lunas,Transfer Bank
PAY0002064,21IF0073,2022E,2023-03-02,5750000,5750000,Lunas,Transfer Bank
PAY0002065,21IF0074,2022E,2023-03-08,5750000,5750000,Lunas,E-Wallet
PAY0002066,21IF0075,2022E,2023-03-12,5750000,5750000,Lunas,Transfer Bank
PAY0002067,21IF0076,2022E,2023-03-07,5750000,5750000,Lunas,VA Bank
PAY0002068,21IF0077,2022E,2023-03-12,5750000,5750000,Lunas,Loket Kampus
PAY0002069,21IF0078,2022E,19/02/2023,5750000,5750000,Lunas,E-Wallet
PAY0002070,21IF0079,2022E,2023-03-12,5750000,5750000,Lunas,Loket Kampus
PAY0002071,21IF0080,2022E,2023-02-16,5750000,5750000,Lunas,E-Wallet
PAY0002072,21IF0081,2022E,06/03/2023,5750000,5750000,Lunas,E-Wallet
PAY0002073,21IF0082,2022E,2023-02-28,5750000,5750000,Lunas,Loket Kampus
PAY0002074,21IF0083,2022E,2023-03-18,5750000,5750000,Lunas,Transfer Bank
PAY0002075,21IF0084,2022E,2023-03-31,5750000,5750000,Lunas,E-Wallet
PAY0002076,21IF0085,2022E,20/03/2023,5750000,5750000,Lunas,VA Bank
PAY0002077,21DS0001,2022E,03/03/2023,6000000,6000000,Lunas,Loket Kampus
PAY0002078,21DS0002,2022E,2023-03-07,6000000,6000000,Lunas,Transfer Bank
PAY0002079,21DS0003,2022E,03-Mar-2023,6000000,6000000,Lunas,Transfer Bank
PAY0002080,21DS0004,2022E,2023-03-07,6000000,6000000,Lunas,Loket Kampus
PAY0002081,21DS0005,2022E,2023-03-11,6000000,6000000,Lunas,Loket Kampus
PAY0002082,21DS0006,2022E,2023-03-13,6000000,6000000,Lunas,Loket Kampus
PAY0002083,21DS0007,2022E,2023-03-08,6000000,6000000,Lunas,VA Bank
PAY0002084,21DS0008,2022E,2023-03-26,6000000,6000000,Lunas,VA Bank
PAY0002085,21DS0009,2022E,2023-03-05,6000000,6000000,Lunas,Loket Kampus
PAY0002086,21DS0010,2022E,2023-03-01,6000000,6000000,Lunas,VA Bank
PAY0002087,21DS0011,2022E,16/03/2023,6000000,6000000,Lunas,E-Wallet
PAY0002088,21DS0012,2022E,26-Feb-2023,6000000,6000000,Lunas,VA Bank
PAY0002089,21DS0013,2022E,2023-03-20,6000000,6000000,Lunas,VA Bank
PAY0002090,21DS0014,2022E,2023-03-29,6000000,6000000,Lunas,Loket Kampus
PAY0002091,21DS0015,2022E,11/03/2023,6000000,6000000,Lunas,Transfer Bank
PAY0002092,21DS0016,2022E,31/03/2023,6000000,6000000,Lunas,VA Bank
PAY0002093,21DS0017,2022E,08-Mar-2023,6000000,2500000,Cicilan,Transfer Bank
PAY0002094,21DS0018,2022E,2023-03-10,6000000,4200000,Cicilan,E-Wallet
PAY0002095,21DS0019,2022E,2023-03-21,6000000,6000000,Lunas,VA Bank
PAY0002096,21DS0020,2022E,2023-03-24,6000000,6000000,Lunas,E-Wallet
PAY0002097,21DS0021,2022E,10/03/2023,6000000,6000000,Lunas,E-Wallet
PAY0002098,21DS0022,2022E,2023-04-01,6000000,6000000,Lunas,Loket Kampus
PAY0002099,21DS0023,2022E,2023-03-05,6000000,6000000,Lunas,Loket Kampus
PAY0002100,21DS0024,2022E,2023-03-27,6000000,6000000,Lunas,Loket Kampus
PAY0002101,21DS0025,2022E,2023-03-16,6000000,6000000,Lunas,Loket Kampus
PAY0002102,21DS0026,2022E,2023-03-24,6000000,6000000,Lunas,Loket Kampus
PAY0002103,21DS0027,2022E,2023-03-17,6000000,6000000,Lunas,Loket Kampus
PAY0002104,21DS0028,2022E,2023-03-26,6000000,6000000,Lunas,VA Bank
PAY0002105,21DS0029,2022E,2023-03-01,6000000,6000000,Lunas,E-Wallet
PAY0002106,21DS0030,2022E,2023-03-06,6000000,6000000,Lunas,E-Wallet
PAY0002107,21DS0031,2022E,,6000000,0,Belum Lunas,Loket Kampus
PAY0002108,21DS0032,2022E,2023-02-22,6000000,6000000,Lunas,VA Bank
PAY0002109,21DS0033,2022E,2023-02-23,6000000,6000000,Lunas,Transfer Bank
PAY0002110,21DS0034,2022E,2023-03-09,6000000,6000000,Lunas,VA Bank
PAY0002111,21DS0035,2022E,19/03/2023,6000000,2400000,Cicilan,E-Wallet
PAY0002112,21DS0036,2022E,2023-02-15,6000000,6000000,Lunas,E-Wallet
PAY0002113,21DS0037,2022E,07-Mar-2023,6000000,6000000,Lunas,Transfer Bank
PAY0002114,21DS0038,2022E,2023-03-17,6000000,6000000,Lunas,E-Wallet
PAY0002115,21DS0039,2022E,2023-02-24,6000000,6000000,Lunas,Transfer Bank
PAY0002116,21DS0040,2022E,2023-02-25,6000000,6000000,Lunas,VA Bank
PAY0002117,21DS0041,2022E,2023-03-04,6000000,6000000,Lunas,Transfer Bank
PAY0002118,21DS0042,2022E,19/02/2023,6000000,6000000,Lunas,VA Bank
PAY0002119,21DS0043,2022E,12/03/2023,6000000,6000000,Lunas,Transfer Bank
PAY0002120,21DS0044,2022E,2023-03-11,6000000,6000000,Lunas,Transfer Bank
PAY0002121,21DS0045,2022E,2023-02-25,6000000,6000000,Lunas,Transfer Bank
PAY0002122,21DS0046,2022E,2023-03-08,6000000,6000000,Lunas,Transfer Bank
PAY0002123,21DS0047,2022E,2023-03-16,6000000,6000000,Lunas,Transfer Bank
PAY0002124,21DS0048,2022E,2023-03-31,6000000,6000000,Lunas,VA Bank
PAY0002125,21DS0049,2022E,2023-03-27,6000000,6000000,Lunas,Loket Kampus
PAY0002126,21DS0050,2022E,2023-03-06,6000000,6000000,Lunas,E-Wallet
PAY0002127,21DS0051,2022E,2023-03-12,6000000,6000000,Lunas,E-Wallet
PAY0002128,21DS0052,2022E,07-Mar-2023,6000000,6000000,Lunas,Loket Kampus
PAY0002129,21DS0053,2022E,2023-02-24,6000000,6000000,Lunas,Transfer Bank
PAY0002130,21DS0054,2022E,18/03/2023,6000000,6000000,Lunas,E-Wallet
PAY0002131,21DS0055,2022E,2023-02-28,6000000,6000000,Lunas,Transfer Bank
PAY0002132,21DS0056,2022E,2023-03-09,6000000,2400000,Cicilan,Transfer Bank
PAY0002133,21DS0057,2022E,2023-03-20,6000000,6000000,Lunas,Loket Kampus
PAY0002134,21DS0058,2022E,2023-02-28,6000000,6000000,Lunas,Transfer Bank
PAY0002135,21DS0059,2022E,2023-03-25,6000000,6000000,Lunas,VA Bank
PAY0002136,21DS0060,2022E,2023-03-20,6000000,6000000,Lunas,E-Wallet
PAY0002137,21DS0061,2022E,2023-02-15,6000000,6000000,Lunas,E-Wallet
PAY0002138,21DS0062,2022E,2023-03-13,6000000,3600000,Cicilan,Transfer Bank
PAY0002139,21DS0063,2022E,2023-02-25,6000000,6000000,Lunas,VA Bank
PAY0002140,21DS0064,2022E,,6000000,0,Belum Lunas,Transfer Bank
PAY0002141,21DS0065,2022E,2023-03-29,6000000,6000000,Lunas,Loket Kampus
PAY0002142,21DS0066,2022E,2023-03-04,6000000,6000000,Lunas,Loket Kampus
PAY0002143,21DS0067,2022E,2023-03-05,6000000,6000000,Lunas,Transfer Bank
PAY0002144,21TR0001,2022E,,5700000,0,Belum Lunas,E-Wallet
PAY0002145,21TR0002,2022E,2023-02-22,5700000,5700000,Lunas,E-Wallet
PAY0002146,21TR0003,2022E,2023-03-13,5700000,5700000,Lunas,Loket Kampus
PAY0002147,21TR0004,2022E,2023-03-29,5700000,5700000,Lunas,VA Bank
PAY0002148,21TR0005,2022E,2023-03-10,5700000,5700000,Lunas,Transfer Bank
PAY0002149,21TR0006,2022E,2023-03-25,5700000,5700000,Lunas,E-Wallet
PAY0002150,21TR0007,2022E,2023-03-07,5700000,5700000,Lunas,Transfer Bank
PAY0002151,21TR0008,2022E,2023-03-28,5700000,5700000,Lunas,VA Bank
PAY0002152,21TR0009,2022E,30/03/2023,5700000,2100000,Cicilan,Loket Kampus
PAY0002153,21TR0010,2022E,2023-03-21,5700000,5700000,Lunas,Loket Kampus
PAY0002154,21TR0011,2022E,2023-03-26,5700000,5700000,Lunas,E-Wallet
PAY0002155,21TR0012,2022E,2023-03-26,5700000,5700000,Lunas,E-Wallet
PAY0002156,21TR0013,2022E,2023-02-25,5700000,5700000,Lunas,Loket Kampus
PAY0002157,21TR0014,2022E,2023-03-22,5700000,5700000,Lunas,VA Bank
PAY0002158,21TR0015,2022E,2023-03-06,5700000,5700000,Lunas,E-Wallet
PAY0002159,21TR0016,2022E,2023-02-25,5700000,5700000,Lunas,Transfer Bank
PAY0002160,21TR0017,2022E,2023-03-06,5700000,5700000,Lunas,Transfer Bank
PAY0002161,21TR0018,2022E,2023-03-20,5700000,2700000,Cicilan,VA Bank
PAY0002162,21TR0019,2022E,2023-03-18,5700000,5700000,Lunas,VA Bank
PAY0002163,21TR0020,2022E,17/03/2023,5700000,5700000,Lunas,E-Wallet
PAY0002164,21TR0021,2022E,2023-02-22,5700000,5700000,Lunas,E-Wallet
PAY0002165,21TR0022,2022E,2023-03-22,5700000,5700000,Lunas,Loket Kampus
PAY0002166,21TR0023,2022E,23/02/2023,5700000,5700000,Lunas,Transfer Bank
PAY0002167,21TR0024,2022E,2023-02-21,5700000,5700000,Lunas,VA Bank
PAY0002168,21TR0025,2022E,2023-03-02,5700000,5700000,Lunas,VA Bank
PAY0002169,21TR0026,2022E,2023-03-28,5700000,5700000,Lunas,VA Bank
PAY0002170,21TR0027,2022E,09/03/2023,5700000,5700000,Lunas,Transfer Bank
PAY0002171,21TR0028,2022E,2023-02-24,5700000,5700000,Lunas,E-Wallet
PAY0002172,21TR0029,2022E,06/03/2023,5700000,5700000,Lunas,VA Bank
PAY0002173,21TR0030,2022E,2023-02-15,5700000,5700000,Lunas,Loket Kampus
PAY0002174,21TR0031,2022E,30/03/2023,5700000,5700000,Lunas,Loket Kampus
PAY0002175,21TR0032,2022E,15-Feb-2023,5700000,5700000,Lunas,Loket Kampus
PAY0002176,21TR0033,2022E,2023-02-24,5700000,5700000,Lunas,VA Bank
PAY0002177,21TR0034,2022E,28/02/2023,5700000,5700000,Lunas,E-Wallet
PAY0002178,21TR0035,2022E,2023-03-18,5700000,5700000,Lunas,VA Bank
PAY0002179,21TR0036,2022E,10/03/2023,5700000,5700000,Lunas,VA Bank
PAY0002180,21TR0037,2022E,,5700000,0,Belum Lunas,Transfer Bank
PAY0002181,21TR0038,2022E,25/02/2023,5700000,5700000,Lunas,E-Wallet
PAY0002182,21TR0039,2022E,2023-03-20,5700000,5700000,Lunas,Transfer Bank
PAY0002183,21TR0040,2022E,05-Mar-2023,5700000,5700000,Lunas,E-Wallet
PAY0002184,21TR0041,2022E,2023-03-19,5700000,5700000,Lunas,E-Wallet
PAY0002185,21TR0042,2022E,02/03/2023,5700000,5700000,Lunas,E-Wallet
PAY0002186,21TR0043,2022E,,5700000,0,Belum Lunas,VA Bank
PAY0002187,21TR0044,2022E,2023-02-16,5700000,5700000,Lunas,Transfer Bank
PAY0002188,21TR0045,2022E,2023-02-15,5700000,2000000,Cicilan,Loket Kampus
PAY0002189,21TR0046,2022E,2023-03-02,5700000,5700000,Lunas,E-Wallet
PAY0002190,21TR0047,2022E,2023-03-09,5700000,5700000,Lunas,Loket Kampus
PAY0002191,21TR0048,2022E,2023-03-09,5700000,5700000,Lunas,Loket Kampus
PAY0002192,21TR0049,2022E,2023-03-30,5700000,5700000,Lunas,Loket Kampus
PAY0002193,21TR0050,2022E,,5700000,0,Belum Lunas,Loket Kampus
PAY0002194,21TR0051,2022E,2023-03-29,5700000,3700000,Cicilan,Loket Kampus
PAY0002195,21TR0052,2022E,10/03/2023,5700000,5700000,Lunas,VA Bank
PAY0002196,21TR0053,2022E,07/03/2023,5700000,5700000,Lunas,Loket Kampus
PAY0002197,21TR0054,2022E,2023-03-12,5700000,5700000,Lunas,Transfer Bank
PAY0002198,21TR0055,2022E,2023-03-07,5700000,5700000,Lunas,VA Bank
PAY0002199,21TR0056,2022E,2023-02-23,5700000,5700000,Lunas,Loket Kampus
PAY0002200,21TR0057,2022E,2023-03-14,5700000,5700000,Lunas,Loket Kampus
PAY0002201,21TR0058,2022E,28-Feb-2023,5700000,5700000,Lunas,Loket Kampus
PAY0002202,21TR0059,2022E,,5700000,0,Belum Lunas,VA Bank
PAY0002203,21TR0060,2022E,18-Feb-2023,5700000,5700000,Lunas,Transfer Bank
PAY0002204,21TR0061,2022E,2023-02-25,5700000,5700000,Lunas,Loket Kampus
PAY0002205,21TR0062,2022E,2023-02-25,5700000,5700000,Lunas,Loket Kampus
PAY0002206,21TR0063,2022E,2023-03-12,5700000,2600000,Cicilan,E-Wallet
PAY0002207,21TR0064,2022E,2023-02-25,5700000,5700000,Lunas,Loket Kampus
PAY0002208,21TR0065,2022E,2023-03-15,5700000,5700000,Lunas,Loket Kampus
PAY0002209,21BD0001,2022E,2023-03-02,5000000,2500000,Cicilan,Loket Kampus
PAY0002210,21BD0002,2022E,2023-03-24,5000000,5000000,Lunas,E-Wallet
PAY0002211,21BD0003,2022E,16/03/2023,5000000,5000000,Lunas,VA Bank
PAY0002212,21BD0004,2022E,2023-03-26,5000000,5000000,Lunas,Transfer Bank
PAY0002213,21BD0005,2022E,2023-02-15,5000000,5000000,Lunas,Loket Kampus
PAY0002214,21BD0006,2022E,24/02/2023,5000000,5000000,Lunas,VA Bank
PAY0002215,21BD0007,2022E,2023-03-26,5000000,5000000,Lunas,Transfer Bank
PAY0002216,21BD0008,2022E,2023-03-17,5000000,5000000,Lunas,E-Wallet
PAY0002217,21BD0009,2022E,2023-03-15,5000000,5000000,Lunas,VA Bank
PAY0002218,21BD0010,2022E,2023-03-01,5000000,5000000,Lunas,Transfer Bank
PAY0002219,21BD0011,2022E,2023-02-25,5000000,5000000,Lunas,E-Wallet
PAY0002220,21BD0012,2022E,15-Feb-2023,5000000,5000000,Lunas,Transfer Bank
PAY0002221,21BD0013,2022E,2023-03-29,5000000,3600000,Cicilan,Loket Kampus
PAY0002222,21BD0014,2022E,2023-02-26,5000000,5000000,Lunas,Transfer Bank
PAY0002223,21BD0015,2022E,,5000000,0,Belum Lunas,Loket Kampus
PAY0002224,21BD0016,2022E,2023-02-17,5000000,5000000,Lunas,Loket Kampus
PAY0002225,21BD0017,2022E,27-Mar-2023,5000000,5000000,Lunas,VA Bank
PAY0002226,21BD0018,2022E,26-Feb-2023,5000000,2300000,Cicilan,VA Bank
PAY0002227,21BD0019,2022E,23-Mar-2023,5000000,5000000,Lunas,Loket Kampus
PAY0002228,21BD0020,2022E,2023-02-25,5000000,5000000,Lunas,Loket Kampus
PAY0002229,21BD0021,2022E,20/03/2023,5000000,2500000,Cicilan,Transfer Bank
PAY0002230,21BD0022,2022E,22/02/2023,5000000,3400000,Cicilan,Transfer Bank
PAY0002231,21BD0023,2022E,2023-03-15,5000000,5000000,Lunas,Transfer Bank
PAY0002232,21BD0024,2022E,2023-03-07,5000000,5000000,Lunas,Transfer Bank
PAY0002233,21BD0025,2022E,27/03/2023,5000000,5000000,Lunas,VA Bank
PAY0002234,21BD0026,2022E,2023-02-17,5000000,5000000,Lunas,Transfer Bank
PAY0002235,21BD0027,2022E,2023-02-24,5000000,5000000,Lunas,VA Bank
PAY0002236,21BD0028,2022E,2023-03-15,5000000,5000000,Lunas,Transfer Bank
PAY0002237,21BD0029,2022E,04-Mar-2023,5000000,5000000,Lunas,Loket Kampus
PAY0002238,21BD0030,2022E,2023-03-24,5000000,5000000,Lunas,Loket Kampus
PAY0002239,21BD0031,2022E,2023-03-30,5000000,5000000,Lunas,Transfer Bank
PAY0002240,21BD0032,2022E,2023-03-29,5000000,5000000,Lunas,Loket Kampus
PAY0002241,21BD0033,2022E,2023-02-28,5000000,5000000,Lunas,Transfer Bank
PAY0002242,21BD0034,2022E,2023-03-05,5000000,5000000,Lunas,E-Wallet
PAY0002243,21BD0035,2022E,2023-02-26,5000000,5000000,Lunas,Loket Kampus
PAY0002244,21BD0036,2022E,2023-03-15,5000000,5000000,Lunas,VA Bank
PAY0002245,21BD0037,2022E,2023-02-16,5000000,5000000,Lunas,VA Bank
PAY0002246,21BD0038,2022E,2023-03-27,5000000,2500000,Cicilan,VA Bank
PAY0002247,21BD0039,2022E,2023-03-12,5000000,5000000,Lunas,VA Bank
PAY0002248,21BD0040,2022E,15/02/2023,5000000,2700000,Cicilan,Transfer Bank
PAY0002249,21BD0041,2022E,18-Mar-2023,5000000,5000000,Lunas,VA Bank
PAY0002250,21BD0042,2022E,2023-03-07,5000000,5000000,Lunas,Loket Kampus
PAY0002251,21BD0043,2022E,2023-03-19,5000000,5000000,Lunas,Loket Kampus
PAY0002252,21BD0044,2022E,2023-03-25,5000000,5000000,Lunas,E-Wallet
PAY0002253,21BD0045,2022E,23/03/2023,5000000,5000000,Lunas,E-Wallet
PAY0002254,21BD0046,2022E,2023-03-24,5000000,5000000,Lunas,Loket Kampus
PAY0002255,21BD0047,2022E,2023-03-31,5000000,5000000,Lunas,Loket Kampus
PAY0002256,21BD0048,2022E,2023-02-26,5000000,5000000,Lunas,Transfer Bank
PAY0002257,21BD0049,2022E,2023-02-20,5000000,5000000,Lunas,VA Bank
PAY0002258,21BD0050,2022E,2023-03-14,5000000,5000000,Lunas,Transfer Bank
PAY0002259,21BD0051,2022E,2023-03-29,5000000,2400000,Cicilan,E-Wallet
PAY0002260,21BD0052,2022E,05/03/2023,5000000,5000000,Lunas,Loket Kampus
PAY0002261,21BD0053,2022E,2023-03-02,5000000,5000000,Lunas,Loket Kampus
PAY0002262,21BD0054,2022E,28/02/2023,5000000,5000000,Lunas,Loket Kampus
PAY0002263,21BD0055,2022E,2023-03-13,5000000,5000000,Lunas,E-Wallet
PAY0002264,21BD0056,2022E,2023-03-02,5000000,5000000,Lunas,VA Bank
PAY0002265,21BD0057,2022E,2023-03-25,5000000,2700000,Cicilan,E-Wallet
PAY0002266,21BD0058,2022E,2023-02-27,5000000,5000000,Lunas,Loket Kampus
PAY0002267,21BD0059,2022E,2023-02-18,5000000,5000000,Lunas,Transfer Bank
PAY0002268,21BD0060,2022E,29-Mar-2023,5000000,5000000,Lunas,VA Bank
PAY0002269,21BD0061,2022E,2023-02-24,5000000,5000000,Lunas,Loket Kampus
PAY0002270,21BD0062,2022E,2023-03-07,5000000,5000000,Lunas,Transfer Bank
PAY0002271,21BD0063,2022E,2023-03-31,5000000,5000000,Lunas,Transfer Bank
PAY0002272,21BD0064,2022E,2023-02-23,5000000,5000000,Lunas,E-Wallet
PAY0002273,21BD0065,2022E,23/03/2023,5000000,5000000,Lunas,E-Wallet
PAY0002274,21BD0066,2022E,31-Mar-2023,5000000,5000000,Lunas,Loket Kampus
PAY0002275,21BD0067,2022E,2023-03-10,5000000,5000000,Lunas,E-Wallet
PAY0002276,22TI0001,2022E,2023-03-28,5500000,4000000,Cicilan,VA Bank
PAY0002277,22TI0002,2022E,2023-02-22,5500000,5500000,Lunas,E-Wallet
PAY0002278,22TI0003,2022E,2023-03-30,5500000,5500000,Lunas,Transfer Bank
PAY0002279,22TI0004,2022E,27/03/2023,5500000,5500000,Lunas,E-Wallet
PAY0002280,22TI0005,2022E,2023-03-09,5500000,3700000,Cicilan,Transfer Bank
PAY0002281,22TI0006,2022E,2023-02-27,5500000,5500000,Lunas,Transfer Bank
PAY0002282,22TI0007,2022E,22/03/2023,5500000,2900000,Cicilan,E-Wallet
PAY0002283,22TI0008,2022E,2023-03-10,5500000,5500000,Lunas,VA Bank
PAY0002284,22TI0009,2022E,2023-02-21,5500000,5500000,Lunas,Transfer Bank
PAY0002285,22TI0010,2022E,2023-03-24,5500000,5500000,Lunas,E-Wallet
PAY0002286,22TI0011,2022E,2023-02-18,5500000,5500000,Lunas,VA Bank
PAY0002287,22TI0012,2022E,10/03/2023,5500000,5500000,Lunas,Transfer Bank
PAY0002288,22TI0013,2022E,16/02/2023,5500000,5500000,Lunas,Loket Kampus
PAY0002289,22TI0014,2022E,2023-03-20,5500000,5500000,Lunas,Transfer Bank
PAY0002290,22TI0015,2022E,2023-03-29,5500000,5500000,Lunas,Transfer Bank
PAY0002291,22TI0016,2022E,2023-02-28,5500000,5500000,Lunas,Loket Kampus
PAY0002292,22TI0017,2022E,2023-02-23,5500000,5500000,Lunas,Loket Kampus
PAY0002293,22TI0018,2022E,21/03/2023,5500000,3800000,Cicilan,Loket Kampus
PAY0002294,22TI0019,2022E,02/03/2023,5500000,5500000,Lunas,Loket Kampus
PAY0002295,22TI0020,2022E,2023-02-26,5500000,5500000,Lunas,VA Bank
PAY0002296,22TI0021,2022E,23/03/2023,5500000,5500000,Lunas,Loket Kampus
PAY0002297,22TI0022,2022E,2023-03-24,5500000,5500000,Lunas,VA Bank
PAY0002298,22TI0023,2022E,2023-02-15,5500000,5500000,Lunas,Loket Kampus
PAY0002299,22TI0024,2022E,2023-03-14,5500000,2300000,Cicilan,E-Wallet
PAY0002300,22TI0025,2022E,22/03/2023,5500000,5500000,Lunas,E-Wallet
PAY0002301,22TI0026,2022E,,5500000,0,Belum Lunas,Transfer Bank
PAY0002302,22TI0027,2022E,2023-03-20,5500000,5500000,Lunas,VA Bank
PAY0002303,22TI0028,2022E,2023-03-20,5500000,5500000,Lunas,E-Wallet
PAY0002304,22TI0029,2022E,2023-03-28,5500000,5500000,Lunas,Transfer Bank
PAY0002305,22TI0030,2022E,2023-03-13,5500000,5500000,Lunas,Loket Kampus
PAY0002306,22TI0031,2022E,2023-03-13,5500000,5500000,Lunas,VA Bank
PAY0002307,22TI0032,2022E,20/03/2023,5500000,5500000,Lunas,E-Wallet
PAY0002308,22TI0033,2022E,2023-03-28,5500000,5500000,Lunas,E-Wallet
PAY0002309,22TI0034,2022E,2023-03-13,5500000,5500000,Lunas,Loket Kampus
PAY0002310,22TI0035,2022E,2023-02-18,5500000,5500000,Lunas,Loket Kampus
PAY0002311,22TI0036,2022E,2023-02-21,5500000,5500000,Lunas,Transfer Bank
PAY0002312,22TI0037,2022E,2023-03-21,5500000,5500000,Lunas,VA Bank
PAY0002313,22TI0038,2022E,18-Feb-2023,5500000,5500000,Lunas,VA Bank
PAY0002314,22TI0039,2022E,2023-03-17,5500000,1900000,Cicilan,Loket Kampus
PAY0002315,22TI0040,2022E,2023-02-25,5500000,2400000,Cicilan,VA Bank
PAY0002316,22TI0041,2022E,2023-03-09,5500000,5500000,Lunas,Transfer Bank
PAY0002317,22TI0042,2022E,29/03/2023,5500000,5500000,Lunas,E-Wallet
PAY0002318,22TI0043,2022E,,5500000,0,Belum Lunas,VA Bank
PAY0002319,22TI0044,2022E,2023-03-12,5500000,5500000,Lunas,Transfer Bank
PAY0002320,22TI0045,2022E,2023-03-01,5500000,5500000,Lunas,Loket Kampus
PAY0002321,22TI0046,2022E,2023-03-21,5500000,5500000,Lunas,Transfer Bank
PAY0002322,22TI0047,2022E,30-Mar-2023,5500000,5500000,Lunas,VA Bank
PAY0002323,22TI0048,2022E,2023-03-02,5500000,5500000,Lunas,E-Wallet
PAY0002324,22TI0049,2022E,2023-03-13,5500000,5500000,Lunas,E-Wallet
PAY0002325,22TI0050,2022E,18/02/2023,5500000,5500000,Lunas,VA Bank
PAY0002326,22TI0051,2022E,2023-03-24,5500000,5500000,Lunas,Transfer Bank
PAY0002327,22TI0052,2022E,2023-03-27,5500000,5500000,Lunas,Loket Kampus
PAY0002328,22TI0053,2022E,2023-03-10,5500000,2300000,Cicilan,Transfer Bank
PAY0002329,22TI0054,2022E,2023-03-12,5500000,5500000,Lunas,E-Wallet
PAY0002330,22TI0055,2022E,01/03/2023,5500000,2600000,Cicilan,Loket Kampus
PAY0002331,22TI0056,2022E,2023-03-25,5500000,5500000,Lunas,Loket Kampus
PAY0002332,22TI0057,2022E,16-Mar-2023,5500000,5500000,Lunas,Loket Kampus
PAY0002333,22TI0058,2022E,2023-04-01,5500000,5500000,Lunas,E-Wallet
PAY0002334,22TI0059,2022E,2023-03-31,5500000,5500000,Lunas,Loket Kampus
PAY0002335,22TI0060,2022E,2023-02-24,5500000,5500000,Lunas,VA Bank
PAY0002336,22TI0061,2022E,2023-03-09,5500000,5500000,Lunas,Loket Kampus
PAY0002337,22TI0062,2022E,2023-04-01,5500000,5500000,Lunas,VA Bank
PAY0002338,22TI0063,2022E,2023-03-17,5500000,5500000,Lunas,E-Wallet
PAY0002339,22TI0064,2022E,2023-03-15,5500000,5500000,Lunas,Transfer Bank
PAY0002340,22TI0065,2022E,,5500000,0,Belum Lunas,E-Wallet
PAY0002341,22TI0066,2022E,2023-03-26,5500000,5500000,Lunas,Transfer Bank
PAY0002342,22TI0067,2022E,12/03/2023,5500000,5500000,Lunas,E-Wallet
PAY0002343,22TI0068,2022E,25-Mar-2023,5500000,5500000,Lunas,VA Bank
PAY0002344,22TI0069,2022E,2023-02-19,5500000,5500000,Lunas,Transfer Bank
PAY0002345,22TI0070,2022E,2023-02-15,5500000,5500000,Lunas,Transfer Bank
PAY0002346,22TI0071,2022E,21/03/2023,5500000,5500000,Lunas,Loket Kampus
PAY0002347,22TI0072,2022E,,5500000,0,Belum Lunas,VA Bank
PAY0002348,22TI0073,2022E,07/03/2023,5500000,5500000,Lunas,Loket Kampus
PAY0002349,22TI0074,2022E,2023-03-13,5500000,5500000,Lunas,E-Wallet
PAY0002350,22TI0075,2022E,2023-03-05,5500000,2400000,Cicilan,Transfer Bank
PAY0002351,22TI0076,2022E,2023-03-24,5500000,5500000,Lunas,Loket Kampus
PAY0002352,22TI0077,2022E,2023-03-14,5500000,5500000,Lunas,Transfer Bank
PAY0002353,22TI0078,2022E,27-Feb-2023,5500000,5500000,Lunas,Transfer Bank
PAY0002354,22TI0079,2022E,2023-02-16,5500000,3100000,Cicilan,VA Bank
PAY0002355,22TI0080,2022E,2023-02-25,5500000,3700000,Cicilan,E-Wallet
PAY0002356,22TI0081,2022E,2023-02-27,5500000,5500000,Lunas,VA Bank
PAY0002357,22TI0082,2022E,30/03/2023,5500000,5500000,Lunas,VA Bank
PAY0002358,22TI0083,2022E,2023-03-14,5500000,5500000,Lunas,VA Bank
PAY0002359,22TI0084,2022E,2023-02-20,5500000,5500000,Lunas,Transfer Bank
PAY0002360,22TI0085,2022E,01/04/2023,5500000,3700000,Cicilan,E-Wallet
PAY0002361,22TI0086,2022E,2023-03-07,5500000,5500000,Lunas,Transfer Bank
PAY0002362,22TI0087,2022E,16-Mar-2023,5500000,5500000,Lunas,Transfer Bank
PAY0002363,22TI0088,2022E,24/03/2023,5500000,5500000,Lunas,VA Bank
PAY0002364,22TI0089,2022E,2023-02-28,5500000,5500000,Lunas,E-Wallet
PAY0002365,22TI0090,2022E,21-Feb-2023,5500000,5500000,Lunas,Transfer Bank
PAY0002366,22SI0001,2022E,,5250000,0,Belum Lunas,Transfer Bank
PAY0002367,22SI0002,2022E,27-Feb-2023,5250000,5250000,Lunas,Loket Kampus
PAY0002368,22SI0003,2022E,2023-03-24,5250000,5250000,Lunas,Transfer Bank
PAY0002369,22SI0004,2022E,2023-03-24,5250000,5250000,Lunas,E-Wallet
PAY0002370,22SI0005,2022E,2023-02-24,5250000,5250000,Lunas,Transfer Bank
PAY0002371,22SI0006,2022E,2023-02-16,5250000,5250000,Lunas,E-Wallet
PAY0002372,22SI0007,2022E,2023-03-03,5250000,5250000,Lunas,VA Bank
PAY0002373,22SI0008,2022E,2023-03-29,5250000,5250000,Lunas,E-Wallet
PAY0002374,22SI0009,2022E,12-Mar-2023,5250000,3200000,Cicilan,E-Wallet
PAY0002375,22SI0010,2022E,2023-03-15,5250000,5250000,Lunas,Loket Kampus
PAY0002376,22SI0011,2022E,2023-02-24,5250000,5250000,Lunas,VA Bank
PAY0002377,22SI0012,2022E,28-Feb-2023,5250000,5250000,Lunas,Transfer Bank
PAY0002378,22SI0013,2022E,12/03/2023,5250000,5250000,Lunas,Loket Kampus
PAY0002379,22SI0014,2022E,2023-02-25,5250000,5250000,Lunas,E-Wallet
PAY0002380,22SI0015,2022E,16/03/2023,5250000,5250000,Lunas,E-Wallet
PAY0002381,22SI0016,2022E,2023-02-27,5250000,5250000,Lunas,Transfer Bank
PAY0002382,22SI0017,2022E,,5250000,0,Belum Lunas,Loket Kampus
PAY0002383,22SI0018,2022E,11/03/2023,5250000,5250000,Lunas,Loket Kampus
PAY0002384,22SI0019,2022E,07/03/2023,5250000,5250000,Lunas,E-Wallet
PAY0002385,22SI0020,2022E,2023-02-21,5250000,5250000,Lunas,Loket Kampus
PAY0002386,22SI0021,2022E,2023-03-18,5250000,5250000,Lunas,E-Wallet
PAY0002387,22SI0022,2022E,2023-03-31,5250000,5250000,Lunas,VA Bank
PAY0002388,22SI0023,2022E,2023-03-25,5250000,5250000,Lunas,Transfer Bank
PAY0002389,22SI0024,2022E,06-Mar-2023,5250000,5250000,Lunas,Transfer Bank
PAY0002390,22SI0025,2022E,2023-02-25,5250000,5250000,Lunas,VA Bank
PAY0002391,22SI0026,2022E,2023-02-26,5250000,2200000,Cicilan,Transfer Bank
PAY0002392,22SI0027,2022E,2023-02-16,5250000,5250000,Lunas,VA Bank
PAY0002393,22SI0028,2022E,03-Mar-2023,5250000,5250000,Lunas,VA Bank
PAY0002394,22SI0029,2022E,2023-03-27,5250000,5250000,Lunas,E-Wallet
PAY0002395,22SI0030,2022E,2023-03-27,5250000,5250000,Lunas,VA Bank
PAY0002396,22SI0031,2022E,27/03/2023,5250000,5250000,Lunas,E-Wallet
PAY0002397,22SI0032,2022E,03/03/2023,5250000,5250000,Lunas,Transfer Bank
PAY0002398,22SI0033,2022E,19/02/2023,5250000,5250000,Lunas,Loket Kampus
PAY0002399,22SI0034,2022E,2023-03-23,5250000,5250000,Lunas,Loket Kampus
PAY0002400,22SI0035,2022E,2023-03-02,5250000,5250000,Lunas,Transfer Bank
PAY0002401,22SI0036,2022E,2023-03-28,5250000,5250000,Lunas,Transfer Bank
PAY0002402,22SI0037,2022E,02/03/2023,5250000,5250000,Lunas,Transfer Bank
PAY0002403,22SI0038,2022E,2023-02-28,5250000,5250000,Lunas,Transfer Bank
PAY0002404,22SI0039,2022E,2023-03-05,5250000,5250000,Lunas,Loket Kampus
PAY0002405,22SI0040,2022E,2023-03-10,5250000,5250000,Lunas,Loket Kampus
PAY0002406,22SI0041,2022E,,5250000,0,Belum Lunas,VA Bank
PAY0002407,22SI0042,2022E,2023-03-14,5250000,5250000,Lunas,E-Wallet
PAY0002408,22SI0043,2022E,,5250000,0,Belum Lunas,Transfer Bank
PAY0002409,22SI0044,2022E,04-Mar-2023,5250000,5250000,Lunas,VA Bank
PAY0002410,22SI0045,2022E,2023-03-01,5250000,3200000,Cicilan,Loket Kampus
PAY0002411,22SI0046,2022E,25-Feb-2023,5250000,5250000,Lunas,Loket Kampus
PAY0002412,22SI0047,2022E,2023-03-04,5250000,5250000,Lunas,E-Wallet
PAY0002413,22SI0048,2022E,2023-03-12,5250000,5250000,Lunas,Transfer Bank
PAY0002414,22SI0049,2022E,08/03/2023,5250000,5250000,Lunas,VA Bank
PAY0002415,22SI0050,2022E,12/03/2023,5250000,5250000,Lunas,E-Wallet
PAY0002416,22SI0051,2022E,2023-03-31,5250000,5250000,Lunas,Loket Kampus
PAY0002417,22SI0052,2022E,04/03/2023,5250000,5250000,Lunas,VA Bank
PAY0002418,22SI0053,2022E,2023-03-10,5250000,5250000,Lunas,VA Bank
PAY0002419,22SI0054,2022E,30/03/2023,5250000,5250000,Lunas,VA Bank
PAY0002420,22SI0055,2022E,30/03/2023,5250000,5250000,Lunas,VA Bank
PAY0002421,22SI0056,2022E,2023-03-08,5250000,5250000,Lunas,VA Bank
PAY0002422,22SI0057,2022E,16-Feb-2023,5250000,5250000,Lunas,E-Wallet
PAY0002423,22SI0058,2022E,22-Mar-2023,5250000,5250000,Lunas,Transfer Bank
PAY0002424,22SI0059,2022E,20/03/2023,5250000,5250000,Lunas,VA Bank
PAY0002425,22SI0060,2022E,2023-03-22,5250000,5250000,Lunas,Loket Kampus
PAY0002426,22SI0061,2022E,15/03/2023,5250000,3000000,Cicilan,Loket Kampus
PAY0002427,22SI0062,2022E,31/03/2023,5250000,5250000,Lunas,Transfer Bank
PAY0002428,22SI0063,2022E,2023-03-01,5250000,2800000,Cicilan,E-Wallet
PAY0002429,22SI0064,2022E,11/03/2023,5250000,5250000,Lunas,E-Wallet
PAY0002430,22SI0065,2022E,2023-02-28,5250000,5250000,Lunas,VA Bank
PAY0002431,22SI0066,2022E,2023-03-04,5250000,5250000,Lunas,Loket Kampus
PAY0002432,22SI0067,2022E,2023-03-02,5250000,5250000,Lunas,Transfer Bank
PAY0002433,22SI0068,2022E,2023-02-26,5250000,5250000,Lunas,VA Bank
PAY0002434,22SI0069,2022E,2023-03-18,5250000,5250000,Lunas,E-Wallet
PAY0002435,22SI0070,2022E,01/04/2023,5250000,5250000,Lunas,Transfer Bank
PAY0002436,22SI0071,2022E,2023-02-16,5250000,2300000,Cicilan,E-Wallet
PAY0002437,22SI0072,2022E,2023-03-27,5250000,5250000,Lunas,E-Wallet
PAY0002438,22SI0073,2022E,28/02/2023,5250000,5250000,Lunas,Transfer Bank
PAY0002439,22SI0074,2022E,2023-03-06,5250000,5250000,Lunas,E-Wallet
PAY0002440,22SI0075,2022E,05/03/2023,5250000,5250000,Lunas,VA Bank
PAY0002441,22SI0076,2022E,2023-02-25,5250000,5250000,Lunas,E-Wallet
PAY0002442,22SI0077,2022E,2023-03-01,5250000,5250000,Lunas,Transfer Bank
PAY0002443,22SI0078,2022E,2023-03-28,5250000,5250000,Lunas,Loket Kampus
PAY0002444,22SI0079,2022E,2023-02-21,5250000,5250000,Lunas,Transfer Bank
PAY0002445,22SI0080,2022E,2023-03-06,5250000,5250000,Lunas,E-Wallet
PAY0002446,22SI0081,2022E,2023-03-06,5250000,5250000,Lunas,Loket Kampus
PAY0002447,22SI0082,2022E,,5250000,0,Belum Lunas,E-Wallet
PAY0002448,22SI0083,2022E,2023-03-28,5250000,5250000,Lunas,Loket Kampus
PAY0002449,22SI0084,2022E,2023-03-28,5250000,5250000,Lunas,Loket Kampus
PAY0002450,22SI0085,2022E,15-Feb-2023,5250000,5250000,Lunas,E-Wallet
PAY0002451,22IF0001,2022E,2023-03-26,5750000,5750000,Lunas,Loket Kampus
PAY0002452,22IF0002,2022E,2023-03-18,5750000,5750000,Lunas,Transfer Bank
PAY0002453,22IF0003,2022E,19/03/2023,5750000,5750000,Lunas,Loket Kampus
PAY0002454,22IF0004,2022E,2023-03-02,5750000,5750000,Lunas,Transfer Bank
PAY0002455,22IF0005,2022E,04/03/2023,5750000,5750000,Lunas,VA Bank
PAY0002456,22IF0006,2022E,2023-03-11,5750000,5750000,Lunas,Loket Kampus
PAY0002457,22IF0007,2022E,10/03/2023,5750000,5750000,Lunas,Transfer Bank
PAY0002458,22IF0008,2022E,2023-03-26,5750000,5750000,Lunas,Transfer Bank
PAY0002459,22IF0009,2022E,2023-03-27,5750000,5750000,Lunas,Transfer Bank
PAY0002460,22IF0010,2022E,2023-02-27,5750000,5750000,Lunas,Loket Kampus
PAY0002461,22IF0011,2022E,18/02/2023,5750000,5750000,Lunas,VA Bank
PAY0002462,22IF0012,2022E,2023-02-26,5750000,5750000,Lunas,VA Bank
PAY0002463,22IF0013,2022E,2023-04-01,5750000,5750000,Lunas,Transfer Bank
PAY0002464,22IF0014,2022E,2023-03-09,5750000,5750000,Lunas,E-Wallet
PAY0002465,22IF0015,2022E,2023-03-24,5750000,5750000,Lunas,Loket Kampus
PAY0002466,22IF0016,2022E,10/03/2023,5750000,5750000,Lunas,Loket Kampus
PAY0002467,22IF0017,2022E,2023-03-31,5750000,2700000,Cicilan,Transfer Bank
PAY0002468,22IF0018,2022E,2023-02-16,5750000,5750000,Lunas,Transfer Bank
PAY0002469,22IF0019,2022E,2023-02-24,5750000,5750000,Lunas,E-Wallet
PAY0002470,22IF0020,2022E,2023-02-18,5750000,5750000,Lunas,VA Bank
PAY0002471,22IF0021,2022E,2023-03-17,5750000,5750000,Lunas,Loket Kampus
PAY0002472,22IF0022,2022E,07/03/2023,5750000,5750000,Lunas,Transfer Bank
PAY0002473,22IF0023,2022E,2023-03-01,5750000,5750000,Lunas,Transfer Bank
PAY0002474,22IF0024,2022E,04/03/2023,5750000,3800000,Cicilan,E-Wallet
PAY0002475,22IF0025,2022E,19-Feb-2023,5750000,3300000,Cicilan,VA Bank
PAY0002476,22IF0026,2022E,2023-02-18,5750000,5750000,Lunas,Loket Kampus
PAY0002477,22IF0027,2022E,2023-03-07,5750000,5750000,Lunas,VA Bank
PAY0002478,22IF0028,2022E,2023-02-26,5750000,5750000,Lunas,Loket Kampus
PAY0002479,22IF0029,2022E,2023-03-28,5750000,5750000,Lunas,VA Bank
PAY0002480,22IF0030,2022E,2023-02-15,5750000,5750000,Lunas,Transfer Bank
PAY0002481,22IF0031,2022E,18/02/2023,5750000,5750000,Lunas,VA Bank
PAY0002482,22IF0032,2022E,20-Feb-2023,5750000,5750000,Lunas,VA Bank
PAY0002483,22IF0033,2022E,2023-02-24,5750000,5750000,Lunas,VA Bank
PAY0002484,22IF0034,2022E,15-Mar-2023,5750000,5750000,Lunas,VA Bank
PAY0002485,22IF0035,2022E,16/03/2023,5750000,5750000,Lunas,VA Bank
PAY0002486,22IF0036,2022E,2023-03-02,5750000,5750000,Lunas,VA Bank
PAY0002487,22IF0037,2022E,2023-03-02,5750000,5750000,Lunas,E-Wallet
PAY0002488,22IF0038,2022E,2023-03-16,5750000,5750000,Lunas,E-Wallet
PAY0002489,22IF0039,2022E,2023-02-26,5750000,5750000,Lunas,VA Bank
PAY0002490,22IF0040,2022E,14/03/2023,5750000,5750000,Lunas,Transfer Bank
PAY0002491,22IF0041,2022E,2023-02-23,5750000,5750000,Lunas,E-Wallet
PAY0002492,22IF0042,2022E,2023-03-15,5750000,2800000,Cicilan,Transfer Bank
PAY0002493,22IF0043,2022E,2023-03-22,5750000,5750000,Lunas,VA Bank
PAY0002494,22IF0044,2022E,2023-02-22,5750000,5750000,Lunas,Loket Kampus
PAY0002495,22IF0045,2022E,2023-02-28,5750000,5750000,Lunas,Loket Kampus
PAY0002496,22IF0046,2022E,09-Mar-2023,5750000,5750000,Lunas,Transfer Bank
PAY0002497,22IF0047,2022E,14-Mar-2023,5750000,5750000,Lunas,VA Bank
PAY0002498,22IF0048,2022E,2023-03-31,5750000,2500000,Cicilan,Loket Kampus
PAY0002499,22IF0049,2022E,,5750000,0,Belum Lunas,Loket Kampus
PAY0002500,22IF0050,2022E,2023-03-18,5750000,5750000,Lunas,Transfer Bank
PAY0002501,22IF0051,2022E,2023-02-15,5750000,5750000,Lunas,Loket Kampus
PAY0002502,22IF0052,2022E,2023-03-31,5750000,5750000,Lunas,VA Bank
PAY0002503,22IF0053,2022E,2023-03-23,5750000,5750000,Lunas,E-Wallet
PAY0002504,22IF0054,2022E,2023-03-10,5750000,5750000,Lunas,Loket Kampus
PAY0002505,22IF0055,2022E,06-Mar-2023,5750000,3200000,Cicilan,VA Bank
PAY0002506,22IF0056,2022E,2023-03-21,5750000,5750000,Lunas,VA Bank
PAY0002507,22IF0057,2022E,2023-03-14,5750000,5750000,Lunas,Transfer Bank
PAY0002508,22IF0058,2022E,2023-02-17,5750000,5750000,Lunas,E-Wallet
PAY0002509,22IF0059,2022E,2023-02-26,5750000,5750000,Lunas,VA Bank
PAY0002510,22IF0060,2022E,15/03/2023,5750000,5750000,Lunas,Loket Kampus
PAY0002511,22IF0061,2022E,2023-03-17,5750000,5750000,Lunas,Transfer Bank
PAY0002512,22IF0062,2022E,2023-02-28,5750000,3300000,Cicilan,Transfer Bank
PAY0002513,22IF0063,2022E,2023-02-18,5750000,5750000,Lunas,Loket Kampus
PAY0002514,22IF0064,2022E,2023-03-31,5750000,5750000,Lunas,Transfer Bank
PAY0002515,22IF0065,2022E,19-Mar-2023,5750000,5750000,Lunas,VA Bank
PAY0002516,22IF0066,2022E,28-Mar-2023,5750000,5750000,Lunas,VA Bank
PAY0002517,22IF0067,2022E,2023-03-09,5750000,5750000,Lunas,Transfer Bank
PAY0002518,22IF0068,2022E,20/03/2023,5750000,5750000,Lunas,E-Wallet
PAY0002519,22IF0069,2022E,2023-03-18,5750000,2100000,Cicilan,E-Wallet
PAY0002520,22IF0070,2022E,29-Mar-2023,5750000,5750000,Lunas,E-Wallet
PAY0002521,22IF0071,2022E,19-Feb-2023,5750000,5750000,Lunas,Transfer Bank
PAY0002522,22IF0072,2022E,22-Feb-2023,5750000,5750000,Lunas,VA Bank
PAY0002523,22IF0073,2022E,19/03/2023,5750000,5750000,Lunas,Transfer Bank
PAY0002524,22IF0074,2022E,01/04/2023,5750000,5750000,Lunas,VA Bank
PAY0002525,22IF0075,2022E,2023-02-20,5750000,5750000,Lunas,Transfer Bank
PAY0002526,22IF0076,2022E,2023-03-23,5750000,5750000,Lunas,Loket Kampus
PAY0002527,22IF0077,2022E,2023-03-11,5750000,5750000,Lunas,Transfer Bank
PAY0002528,22IF0078,2022E,2023-03-06,5750000,5750000,Lunas,E-Wallet
PAY0002529,22IF0079,2022E,2023-02-27,5750000,5750000,Lunas,Loket Kampus
PAY0002530,22IF0080,2022E,2023-02-17,5750000,5750000,Lunas,Loket Kampus
PAY0002531,22IF0081,2022E,17-Feb-2023,5750000,5750000,Lunas,E-Wallet
PAY0002532,22IF0082,2022E,2023-02-25,5750000,5750000,Lunas,Transfer Bank
PAY0002533,22IF0083,2022E,11-Mar-2023,5750000,5750000,Lunas,Transfer Bank
PAY0002534,22IF0084,2022E,2023-02-26,5750000,5750000,Lunas,Loket Kampus
PAY0002535,22IF0085,2022E,2023-03-12,5750000,5750000,Lunas,E-Wallet
PAY0002536,22IF0086,2022E,2023-03-07,5750000,3300000,Cicilan,Transfer Bank
PAY0002537,22IF0087,2022E,,5750000,0,Belum Lunas,E-Wallet
PAY0002538,22IF0088,2022E,2023-03-10,5750000,5750000,Lunas,E-Wallet
PAY0002539,22IF0089,2022E,2023-03-29,5750000,5750000,Lunas,Transfer Bank
PAY0002540,22IF0090,2022E,2023-03-30,5750000,5750000,Lunas,VA Bank
PAY0002541,22DS0001,2022E,2023-03-18,6000000,6000000,Lunas,E-Wallet
PAY0002542,22DS0002,2022E,2023-03-31,6000000,3800000,Cicilan,E-Wallet
PAY0002543,22DS0003,2022E,2023-02-18,6000000,6000000,Lunas,E-Wallet
PAY0002544,22DS0004,2022E,30-Mar-2023,6000000,6000000,Lunas,Transfer Bank
PAY0002545,22DS0005,2022E,30/03/2023,6000000,6000000,Lunas,Loket Kampus
PAY0002546,22DS0006,2022E,2023-02-27,6000000,6000000,Lunas,Transfer Bank
PAY0002547,22DS0007,2022E,2023-02-16,6000000,6000000,Lunas,E-Wallet
PAY0002548,22DS0008,2022E,29/03/2023,6000000,6000000,Lunas,Loket Kampus
PAY0002549,22DS0009,2022E,2023-03-21,6000000,3500000,Cicilan,Loket Kampus
PAY0002550,22DS0010,2022E,2023-02-27,6000000,6000000,Lunas,E-Wallet
PAY0002551,22DS0011,2022E,2023-02-27,6000000,2300000,Cicilan,Loket Kampus
PAY0002552,22DS0012,2022E,2023-03-23,6000000,2600000,Cicilan,E-Wallet
PAY0002553,22DS0013,2022E,15-Feb-2023,6000000,6000000,Lunas,Loket Kampus
PAY0002554,22DS0014,2022E,2023-03-09,6000000,6000000,Lunas,Loket Kampus
PAY0002555,22DS0015,2022E,15/03/2023,6000000,6000000,Lunas,E-Wallet
PAY0002556,22DS0016,2022E,2023-03-25,6000000,6000000,Lunas,VA Bank
PAY0002557,22DS0017,2022E,2023-02-19,6000000,3900000,Cicilan,Transfer Bank
PAY0002558,22DS0018,2022E,06-Mar-2023,6000000,6000000,Lunas,VA Bank
PAY0002559,22DS0019,2022E,2023-03-08,6000000,6000000,Lunas,E-Wallet
PAY0002560,22DS0020,2022E,2023-03-03,6000000,6000000,Lunas,E-Wallet
PAY0002561,22DS0021,2022E,2023-03-06,6000000,3200000,Cicilan,Transfer Bank
PAY0002562,22DS0022,2022E,2023-03-29,6000000,6000000,Lunas,Loket Kampus
PAY0002563,22DS0023,2022E,2023-03-10,6000000,6000000,Lunas,Loket Kampus
PAY0002564,22DS0024,2022E,2023-03-15,6000000,6000000,Lunas,Loket Kampus
PAY0002565,22DS0025,2022E,2023-03-15,6000000,6000000,Lunas,VA Bank
PAY0002566,22DS0026,2022E,22/03/2023,6000000,6000000,Lunas,Loket Kampus
PAY0002567,22DS0027,2022E,05/03/2023,6000000,3200000,Cicilan,E-Wallet
PAY0002568,22DS0028,2022E,,6000000,0,Belum Lunas,E-Wallet
PAY0002569,22DS0029,2022E,26-Mar-2023,6000000,6000000,Lunas,Loket Kampus
PAY0002570,22DS0030,2022E,25/02/2023,6000000,6000000,Lunas,Loket Kampus
PAY0002571,22DS0031,2022E,2023-03-12,6000000,6000000,Lunas,VA Bank
PAY0002572,22DS0032,2022E,28-Mar-2023,6000000,6000000,Lunas,Loket Kampus
PAY0002573,22DS0033,2022E,23/03/2023,6000000,6000000,Lunas,Transfer Bank
PAY0002574,22DS0034,2022E,2023-03-14,6000000,6000000,Lunas,E-Wallet
PAY0002575,22DS0035,2022E,2023-03-28,6000000,3800000,Cicilan,E-Wallet
PAY0002576,22DS0036,2022E,02/03/2023,6000000,4300000,Cicilan,E-Wallet
PAY0002577,22DS0037,2022E,2023-03-30,6000000,6000000,Lunas,VA Bank
PAY0002578,22DS0038,2022E,2023-02-15,6000000,6000000,Lunas,E-Wallet
PAY0002579,22DS0039,2022E,2023-02-22,6000000,6000000,Lunas,Transfer Bank
PAY0002580,22DS0040,2022E,16/03/2023,6000000,6000000,Lunas,Loket Kampus
PAY0002581,22DS0041,2022E,2023-02-27,6000000,6000000,Lunas,VA Bank
PAY0002582,22DS0042,2022E,2023-03-02,6000000,6000000,Lunas,VA Bank
PAY0002583,22DS0043,2022E,2023-03-28,6000000,6000000,Lunas,Transfer Bank
PAY0002584,22DS0044,2022E,2023-02-16,6000000,6000000,Lunas,VA Bank
PAY0002585,22DS0045,2022E,24/02/2023,6000000,6000000,Lunas,E-Wallet
PAY0002586,22DS0046,2022E,2023-03-07,6000000,6000000,Lunas,VA Bank
PAY0002587,22DS0047,2022E,25/02/2023,6000000,6000000,Lunas,E-Wallet
PAY0002588,22DS0048,2022E,2023-03-18,6000000,6000000,Lunas,Transfer Bank
PAY0002589,22DS0049,2022E,06/03/2023,6000000,6000000,Lunas,E-Wallet
PAY0002590,22DS0050,2022E,2023-03-29,6000000,6000000,Lunas,VA Bank
PAY0002591,22DS0051,2022E,2023-03-06,6000000,6000000,Lunas,E-Wallet
PAY0002592,22DS0052,2022E,2023-03-15,6000000,6000000,Lunas,E-Wallet
PAY0002593,22DS0053,2022E,29-Mar-2023,6000000,6000000,Lunas,Loket Kampus
PAY0002594,22DS0054,2022E,2023-03-04,6000000,6000000,Lunas,VA Bank
PAY0002595,22DS0055,2022E,2023-03-04,6000000,6000000,Lunas,Transfer Bank
PAY0002596,22DS0056,2022E,2023-03-11,6000000,6000000,Lunas,E-Wallet
PAY0002597,22DS0057,2022E,31/03/2023,6000000,6000000,Lunas,Loket Kampus
PAY0002598,22DS0058,2022E,2023-03-23,6000000,6000000,Lunas,Transfer Bank
PAY0002599,22DS0059,2022E,2023-03-01,6000000,4500000,Cicilan,Loket Kampus
PAY0002600,22DS0060,2022E,2023-03-11,6000000,6000000,Lunas,Transfer Bank
PAY0002601,22DS0061,2022E,2023-02-18,6000000,6000000,Lunas,E-Wallet
PAY0002602,22DS0062,2022E,2023-02-28,6000000,6000000,Lunas,VA Bank
PAY0002603,22DS0063,2022E,20/03/2023,6000000,6000000,Lunas,Transfer Bank
PAY0002604,22DS0064,2022E,24/03/2023,6000000,6000000,Lunas,VA Bank
PAY0002605,22DS0065,2022E,22/03/2023,6000000,3600000,Cicilan,VA Bank
PAY0002606,22DS0066,2022E,2023-03-12,6000000,6000000,Lunas,VA Bank
PAY0002607,22DS0067,2022E,,6000000,0,Belum Lunas,Transfer Bank
PAY0002608,22DS0068,2022E,2023-03-20,6000000,6000000,Lunas,Transfer Bank
PAY0002609,22DS0069,2022E,2023-03-11,6000000,3200000,Cicilan,Loket Kampus
PAY0002610,22DS0070,2022E,2023-03-25,6000000,6000000,Lunas,E-Wallet
PAY0002611,22DS0071,2022E,2023-02-23,6000000,6000000,Lunas,E-Wallet
PAY0002612,22TR0001,2022E,15/02/2023,5700000,5700000,Lunas,Transfer Bank
PAY0002613,22TR0002,2022E,2023-02-24,5700000,5700000,Lunas,VA Bank
PAY0002614,22TR0003,2022E,2023-03-25,5700000,5700000,Lunas,Loket Kampus
PAY0002615,22TR0004,2022E,2023-04-01,5700000,5700000,Lunas,E-Wallet
PAY0002616,22TR0005,2022E,2023-02-25,5700000,4000000,Cicilan,Transfer Bank
PAY0002617,22TR0006,2022E,2023-03-31,5700000,5700000,Lunas,E-Wallet
PAY0002618,22TR0007,2022E,2023-03-29,5700000,5700000,Lunas,VA Bank
PAY0002619,22TR0008,2022E,16/02/2023,5700000,5700000,Lunas,E-Wallet
PAY0002620,22TR0009,2022E,2023-03-08,5700000,5700000,Lunas,VA Bank
PAY0002621,22TR0010,2022E,2023-02-26,5700000,5700000,Lunas,Transfer Bank
PAY0002622,22TR0011,2022E,2023-03-27,5700000,5700000,Lunas,Transfer Bank
PAY0002623,22TR0012,2022E,2023-03-03,5700000,2600000,Cicilan,VA Bank
PAY0002624,22TR0013,2022E,2023-03-09,5700000,3900000,Cicilan,Transfer Bank
PAY0002625,22TR0014,2022E,2023-03-13,5700000,5700000,Lunas,Loket Kampus
PAY0002626,22TR0015,2022E,27/02/2023,5700000,5700000,Lunas,VA Bank
PAY0002627,22TR0016,2022E,2023-03-19,5700000,5700000,Lunas,E-Wallet
PAY0002628,22TR0017,2022E,2023-02-15,5700000,5700000,Lunas,Transfer Bank
PAY0002629,22TR0018,2022E,25/03/2023,5700000,5700000,Lunas,Loket Kampus
PAY0002630,22TR0019,2022E,2023-02-26,5700000,5700000,Lunas,VA Bank
PAY0002631,22TR0020,2022E,2023-03-04,5700000,5700000,Lunas,Transfer Bank
PAY0002632,22TR0021,2022E,2023-03-30,5700000,5700000,Lunas,Loket Kampus
PAY0002633,22TR0022,2022E,05/03/2023,5700000,3700000,Cicilan,Loket Kampus
PAY0002634,22TR0023,2022E,24/03/2023,5700000,3000000,Cicilan,E-Wallet
PAY0002635,22TR0024,2022E,28-Feb-2023,5700000,5700000,Lunas,VA Bank
PAY0002636,22TR0025,2022E,2023-02-23,5700000,5700000,Lunas,E-Wallet
PAY0002637,22TR0026,2022E,28/02/2023,5700000,5700000,Lunas,VA Bank
PAY0002638,22TR0027,2022E,2023-03-05,5700000,5700000,Lunas,Loket Kampus
PAY0002639,22TR0028,2022E,2023-02-22,5700000,5700000,Lunas,VA Bank
PAY0002640,22TR0029,2022E,2023-03-18,5700000,2200000,Cicilan,E-Wallet
PAY0002641,22TR0030,2022E,2023-03-09,5700000,5700000,Lunas,Loket Kampus
PAY0002642,22TR0031,2022E,2023-03-11,5700000,5700000,Lunas,VA Bank
PAY0002643,22TR0032,2022E,20/03/2023,5700000,5700000,Lunas,Transfer Bank
PAY0002644,22TR0033,2022E,2023-02-24,5700000,5700000,Lunas,E-Wallet
PAY0002645,22TR0034,2022E,2023-03-11,5700000,5700000,Lunas,VA Bank
PAY0002646,22TR0035,2022E,26/03/2023,5700000,5700000,Lunas,Loket Kampus
PAY0002647,22TR0036,2022E,2023-03-02,5700000,4200000,Cicilan,Loket Kampus
PAY0002648,22TR0037,2022E,,5700000,0,Belum Lunas,VA Bank
PAY0002649,22TR0038,2022E,2023-03-04,5700000,2800000,Cicilan,Transfer Bank
PAY0002650,22TR0039,2022E,14/03/2023,5700000,5700000,Lunas,Loket Kampus
PAY0002651,22TR0040,2022E,15-Mar-2023,5700000,5700000,Lunas,Loket Kampus
PAY0002652,22TR0041,2022E,29/03/2023,5700000,5700000,Lunas,VA Bank
PAY0002653,22TR0042,2022E,,5700000,0,Belum Lunas,E-Wallet
PAY0002654,22TR0043,2022E,19/03/2023,5700000,5700000,Lunas,E-Wallet
PAY0002655,22TR0044,2022E,2023-03-12,5700000,5700000,Lunas,Transfer Bank
PAY0002656,22TR0045,2022E,04-Mar-2023,5700000,3200000,Cicilan,Loket Kampus
PAY0002657,22TR0046,2022E,2023-03-06,5700000,5700000,Lunas,VA Bank
PAY0002658,22TR0047,2022E,23/03/2023,5700000,5700000,Lunas,Loket Kampus
PAY0002659,22TR0048,2022E,2023-03-12,5700000,5700000,Lunas,VA Bank
PAY0002660,22TR0049,2022E,2023-02-22,5700000,5700000,Lunas,Transfer Bank
PAY0002661,22TR0050,2022E,2023-02-21,5700000,5700000,Lunas,VA Bank
PAY0002662,22TR0051,2022E,12-Mar-2023,5700000,5700000,Lunas,Loket Kampus
PAY0002663,22TR0052,2022E,2023-02-28,5700000,5700000,Lunas,Transfer Bank
PAY0002664,22TR0053,2022E,2023-03-22,5700000,5700000,Lunas,Loket Kampus
PAY0002665,22TR0054,2022E,2023-03-22,5700000,5700000,Lunas,E-Wallet
PAY0002666,22TR0055,2022E,15-Mar-2023,5700000,5700000,Lunas,Transfer Bank
PAY0002667,22TR0056,2022E,2023-02-26,5700000,5700000,Lunas,Loket Kampus
PAY0002668,22TR0057,2022E,2023-03-03,5700000,5700000,Lunas,VA Bank
PAY0002669,22TR0058,2022E,2023-02-15,5700000,5700000,Lunas,Loket Kampus
PAY0002670,22TR0059,2022E,2023-03-14,5700000,5700000,Lunas,Loket Kampus
PAY0002671,22TR0060,2022E,2023-02-19,5700000,2800000,Cicilan,Loket Kampus
PAY0002672,22TR0061,2022E,2023-03-12,5700000,5700000,Lunas,Transfer Bank
PAY0002673,22TR0062,2022E,2023-02-15,5700000,5700000,Lunas,VA Bank
PAY0002674,22TR0063,2022E,2023-03-01,5700000,5700000,Lunas,VA Bank
PAY0002675,22TR0064,2022E,,5700000,0,Belum Lunas,Transfer Bank
PAY0002676,22TR0065,2022E,2023-02-15,5700000,5700000,Lunas,VA Bank
PAY0002677,22TR0066,2022E,2023-03-13,5700000,5700000,Lunas,E-Wallet
PAY0002678,22TR0067,2022E,2023-04-01,5700000,5700000,Lunas,Transfer Bank
PAY0002679,22TR0068,2022E,2023-02-15,5700000,3400000,Cicilan,VA Bank
PAY0002680,22BD0001,2022E,2023-03-24,5000000,5000000,Lunas,Transfer Bank
PAY0002681,22BD0002,2022E,2023-03-01,5000000,5000000,Lunas,VA Bank
PAY0002682,22BD0003,2022E,16-Feb-2023,5000000,5000000,Lunas,VA Bank
PAY0002683,22BD0004,2022E,2023-03-28,5000000,5000000,Lunas,Transfer Bank
PAY0002684,22BD0005,2022E,24/02/2023,5000000,5000000,Lunas,E-Wallet
PAY0002685,22BD0006,2022E,2023-02-18,5000000,5000000,Lunas,Loket Kampus
PAY0002686,22BD0007,2022E,2023-02-17,5000000,5000000,Lunas,Loket Kampus
PAY0002687,22BD0008,2022E,2023-03-10,5000000,5000000,Lunas,Transfer Bank
PAY0002688,22BD0009,2022E,23/03/2023,5000000,5000000,Lunas,Transfer Bank
PAY0002689,22BD0010,2022E,2023-02-28,5000000,5000000,Lunas,Transfer Bank
PAY0002690,22BD0011,2022E,2023-03-02,5000000,5000000,Lunas,Transfer Bank
PAY0002691,22BD0012,2022E,2023-04-01,5000000,5000000,Lunas,E-Wallet
PAY0002692,22BD0013,2022E,10-Mar-2023,5000000,5000000,Lunas,Loket Kampus
PAY0002693,22BD0014,2022E,2023-03-12,5000000,5000000,Lunas,Transfer Bank
PAY0002694,22BD0015,2022E,27/02/2023,5000000,5000000,Lunas,VA Bank
PAY0002695,22BD0016,2022E,15/03/2023,5000000,5000000,Lunas,Loket Kampus
PAY0002696,22BD0017,2022E,2023-02-25,5000000,5000000,Lunas,VA Bank
PAY0002697,22BD0018,2022E,2023-03-15,5000000,2500000,Cicilan,E-Wallet
PAY0002698,22BD0019,2022E,2023-03-19,5000000,2400000,Cicilan,E-Wallet
PAY0002699,22BD0020,2022E,20/03/2023,5000000,5000000,Lunas,Loket Kampus
PAY0002700,22BD0021,2022E,2023-03-25,5000000,5000000,Lunas,VA Bank
PAY0002701,22BD0022,2022E,2023-02-21,5000000,5000000,Lunas,E-Wallet
PAY0002702,22BD0023,2022E,2023-03-08,5000000,5000000,Lunas,VA Bank
PAY0002703,22BD0024,2022E,2023-02-18,5000000,5000000,Lunas,Loket Kampus
PAY0002704,22BD0025,2022E,18/03/2023,5000000,5000000,Lunas,Loket Kampus
PAY0002705,22BD0026,2022E,2023-03-20,5000000,5000000,Lunas,Loket Kampus
PAY0002706,22BD0027,2022E,04/03/2023,5000000,5000000,Lunas,E-Wallet
PAY0002707,22BD0028,2022E,2023-03-28,5000000,5000000,Lunas,Transfer Bank
PAY0002708,22BD0029,2022E,2023-02-25,5000000,5000000,Lunas,E-Wallet
PAY0002709,22BD0030,2022E,2023-02-28,5000000,5000000,Lunas,E-Wallet
PAY0002710,22BD0031,2022E,26-Feb-2023,5000000,5000000,Lunas,Transfer Bank
PAY0002711,22BD0032,2022E,27/02/2023,5000000,5000000,Lunas,Transfer Bank
PAY0002712,22BD0033,2022E,30/03/2023,5000000,2700000,Cicilan,VA Bank
PAY0002713,22BD0034,2022E,02-Mar-2023,5000000,3300000,Cicilan,Loket Kampus
PAY0002714,22BD0035,2022E,2023-02-25,5000000,2900000,Cicilan,VA Bank
PAY0002715,22BD0036,2022E,2023-03-06,5000000,5000000,Lunas,Loket Kampus
PAY0002716,22BD0037,2022E,2023-03-21,5000000,1800000,Cicilan,Loket Kampus
PAY0002717,22BD0038,2022E,22-Mar-2023,5000000,5000000,Lunas,VA Bank
PAY0002718,22BD0039,2022E,19/02/2023,5000000,5000000,Lunas,Loket Kampus
PAY0002719,22BD0040,2022E,2023-03-13,5000000,5000000,Lunas,VA Bank
PAY0002720,22BD0041,2022E,2023-02-20,5000000,5000000,Lunas,E-Wallet
PAY0002721,22BD0042,2022E,2023-03-12,5000000,5000000,Lunas,Transfer Bank
PAY0002722,22BD0043,2022E,2023-03-12,5000000,5000000,Lunas,VA Bank
PAY0002723,22BD0044,2022E,18/02/2023,5000000,5000000,Lunas,Transfer Bank
PAY0002724,22BD0045,2022E,24/02/2023,5000000,3100000,Cicilan,Loket Kampus
PAY0002725,22BD0046,2022E,17/03/2023,5000000,3200000,Cicilan,Transfer Bank
PAY0002726,22BD0047,2022E,18/03/2023,5000000,5000000,Lunas,VA Bank
PAY0002727,22BD0048,2022E,,5000000,0,Belum Lunas,Transfer Bank
PAY0002728,22BD0049,2022E,2023-03-31,5000000,5000000,Lunas,VA Bank
PAY0002729,22BD0050,2022E,2023-03-12,5000000,5000000,Lunas,Loket Kampus
PAY0002730,22BD0051,2022E,2023-03-15,5000000,5000000,Lunas,E-Wallet
PAY0002731,22BD0052,2022E,26/03/2023,5000000,3300000,Cicilan,E-Wallet
PAY0002732,22BD0053,2022E,2023-03-08,5000000,5000000,Lunas,E-Wallet
PAY0002733,22BD0054,2022E,2023-03-06,5000000,5000000,Lunas,E-Wallet
PAY0002734,22BD0055,2022E,2023-03-15,5000000,5000000,Lunas,Loket Kampus
PAY0002735,22BD0056,2022E,2023-02-18,5000000,5000000,Lunas,VA Bank
PAY0002736,22BD0057,2022E,24/02/2023,5000000,5000000,Lunas,VA Bank
PAY0002737,22BD0058,2022E,2023-03-11,5000000,5000000,Lunas,VA Bank
PAY0002738,22BD0059,2022E,2023-02-26,5000000,5000000,Lunas,VA Bank
PAY0002739,22BD0060,2022E,2023-03-04,5000000,5000000,Lunas,VA Bank
PAY0002740,22BD0061,2022E,2023-02-19,5000000,5000000,Lunas,Transfer Bank
PAY0002741,22BD0062,2022E,2023-02-24,5000000,5000000,Lunas,Transfer Bank
PAY0002742,22BD0063,2022E,2023-03-07,5000000,5000000,Lunas,Transfer Bank
PAY0002743,22BD0064,2022E,2023-02-23,5000000,5000000,Lunas,VA Bank
PAY0002744,22BD0065,2022E,26-Mar-2023,5000000,5000000,Lunas,E-Wallet
PAY0002745,22BD0066,2022E,25/03/2023,5000000,5000000,Lunas,Loket Kampus
PAY0002746,22BD0067,2022E,2023-03-05,5000000,5000000,Lunas,Transfer Bank
PAY0002747,22BD0068,2022E,2023-03-21,5000000,5000000,Lunas,Loket Kampus
PAY0002748,22BD0069,2022E,25/03/2023,5000000,5000000,Lunas,E-Wallet
PAY0002749,22BD0070,2022E,2023-03-09,5000000,5000000,Lunas,E-Wallet
PAY0002750,22BD0071,2022E,2023-03-01,5000000,5000000,Lunas,Loket Kampus
PAY0002751,21TI0001,2023G,,5500000,0,Belum Lunas,VA Bank
PAY0002752,21TI0002,2023G,2023-09-11,5500000,2000000,Cicilan,E-Wallet
PAY0002753,21TI0003,2023G,2023-09-12,5500000,3700000,Cicilan,VA Bank
PAY0002754,21TI0004,2023G,2023-08-24,5500000,5500000,Lunas,Loket Kampus
PAY0002755,21TI0005,2023G,2023-08-28,5500000,5500000,Lunas,Transfer Bank
PAY0002756,21TI0006,2023G,2023-08-21,5500000,5500000,Lunas,VA Bank
PAY0002757,21TI0007,2023G,2023-10-03,5500000,5500000,Lunas,E-Wallet
PAY0002758,21TI0008,2023G,2023-08-31,5500000,5500000,Lunas,Loket Kampus
PAY0002759,21TI0009,2023G,2023-09-15,5500000,5500000,Lunas,Loket Kampus
PAY0002760,21TI0010,2023G,2023-08-27,5500000,5500000,Lunas,E-Wallet
PAY0002761,21TI0011,2023G,2023-08-23,5500000,2100000,Cicilan,Loket Kampus
PAY0002762,21TI0012,2023G,2023-08-21,5500000,5500000,Lunas,Loket Kampus
PAY0002763,21TI0013,2023G,01-Oct-2023,5500000,5500000,Lunas,VA Bank
PAY0002764,21TI0014,2023G,,5500000,0,Belum Lunas,E-Wallet
PAY0002765,21TI0015,2023G,2023-08-25,5500000,5500000,Lunas,VA Bank
PAY0002766,21TI0016,2023G,2023-09-02,5500000,5500000,Lunas,Loket Kampus
PAY0002767,21TI0017,2023G,2023-09-20,5500000,5500000,Lunas,Transfer Bank
PAY0002768,21TI0018,2023G,2023-09-15,5500000,5500000,Lunas,VA Bank
PAY0002769,21TI0019,2023G,2023-09-29,5500000,5500000,Lunas,Transfer Bank
PAY0002770,21TI0020,2023G,2023-09-14,5500000,5500000,Lunas,Transfer Bank
PAY0002771,21TI0021,2023G,11/09/2023,5500000,5500000,Lunas,VA Bank
PAY0002772,21TI0022,2023G,2023-09-19,5500000,3400000,Cicilan,Loket Kampus
PAY0002773,21TI0023,2023G,2023-09-13,5500000,5500000,Lunas,Loket Kampus
PAY0002774,21TI0024,2023G,22/08/2023,5500000,5500000,Lunas,Transfer Bank
PAY0002775,21TI0025,2023G,11-Sep-2023,5500000,2700000,Cicilan,Transfer Bank
PAY0002776,21TI0026,2023G,2023-09-04,5500000,5500000,Lunas,Loket Kampus
PAY0002777,21TI0027,2023G,29/09/2023,5500000,5500000,Lunas,E-Wallet
PAY0002778,21TI0028,2023G,21/09/2023,5500000,3600000,Cicilan,VA Bank
PAY0002779,21TI0029,2023G,14/09/2023,5500000,5500000,Lunas,Transfer Bank
PAY0002780,21TI0030,2023G,06-Sep-2023,5500000,5500000,Lunas,Transfer Bank
PAY0002781,21TI0031,2023G,07-Sep-2023,5500000,5500000,Lunas,E-Wallet
PAY0002782,21TI0032,2023G,03/09/2023,5500000,5500000,Lunas,Loket Kampus
PAY0002783,21TI0033,2023G,2023-09-09,5500000,5500000,Lunas,VA Bank
PAY0002784,21TI0034,2023G,03-Sep-2023,5500000,5500000,Lunas,VA Bank
PAY0002785,21TI0035,2023G,2023-09-17,5500000,5500000,Lunas,E-Wallet
PAY0002786,21TI0036,2023G,,5500000,0,Belum Lunas,Loket Kampus
PAY0002787,21TI0037,2023G,2023-09-04,5500000,5500000,Lunas,Loket Kampus
PAY0002788,21TI0038,2023G,2023-09-16,5500000,5500000,Lunas,VA Bank
PAY0002789,21TI0039,2023G,2023-08-25,5500000,5500000,Lunas,Transfer Bank
PAY0002790,21TI0040,2023G,2023-09-07,5500000,5500000,Lunas,E-Wallet
PAY0002791,21TI0041,2023G,2023-09-09,5500000,5500000,Lunas,Loket Kampus
PAY0002792,21TI0042,2023G,2023-09-07,5500000,5500000,Lunas,Loket Kampus
PAY0002793,21TI0043,2023G,2023-09-12,5500000,5500000,Lunas,Transfer Bank
PAY0002794,21TI0044,2023G,,5500000,0,Belum Lunas,Transfer Bank
PAY0002795,21TI0045,2023G,28-Aug-2023,5500000,5500000,Lunas,VA Bank
PAY0002796,21TI0046,2023G,2023-08-30,5500000,5500000,Lunas,VA Bank
PAY0002797,21TI0047,2023G,2023-09-07,5500000,5500000,Lunas,Loket Kampus
PAY0002798,21TI0048,2023G,04/10/2023,5500000,5500000,Lunas,Loket Kampus
PAY0002799,21TI0049,2023G,2023-09-23,5500000,5500000,Lunas,VA Bank
PAY0002800,21TI0050,2023G,10/09/2023,5500000,5500000,Lunas,VA Bank
PAY0002801,21TI0051,2023G,20-Aug-2023,5500000,2700000,Cicilan,Loket Kampus
PAY0002802,21TI0052,2023G,2023-08-27,5500000,2800000,Cicilan,Transfer Bank
PAY0002803,21TI0053,2023G,2023-10-03,5500000,5500000,Lunas,Transfer Bank
PAY0002804,21TI0054,2023G,2023-09-11,5500000,5500000,Lunas,Transfer Bank
PAY0002805,21TI0055,2023G,2023-08-30,5500000,5500000,Lunas,Loket Kampus
PAY0002806,21TI0056,2023G,2023-09-02,5500000,5500000,Lunas,E-Wallet
PAY0002807,21TI0057,2023G,2023-08-28,5500000,5500000,Lunas,VA Bank
PAY0002808,21TI0058,2023G,2023-08-26,5500000,5500000,Lunas,Transfer Bank
PAY0002809,21TI0059,2023G,2023-09-09,5500000,5500000,Lunas,VA Bank
PAY0002810,21TI0060,2023G,04-Oct-2023,5500000,5500000,Lunas,VA Bank
PAY0002811,21TI0061,2023G,2023-09-02,5500000,5500000,Lunas,Transfer Bank
PAY0002812,21TI0062,2023G,2023-09-17,5500000,5500000,Lunas,E-Wallet
PAY0002813,21TI0063,2023G,,5500000,0,Belum Lunas,E-Wallet
PAY0002814,21TI0064,2023G,2023-09-05,5500000,5500000,Lunas,Transfer Bank
PAY0002815,21TI0065,2023G,2023-09-04,5500000,2200000,Cicilan,VA Bank
PAY0002816,21TI0066,2023G,2023-09-26,5500000,5500000,Lunas,Transfer Bank
PAY0002817,21TI0067,2023G,2023-09-23,5500000,5500000,Lunas,VA Bank
PAY0002818,21TI0068,2023G,2023-09-03,5500000,5500000,Lunas,E-Wallet
PAY0002819,21TI0069,2023G,24/08/2023,5500000,5500000,Lunas,E-Wallet
PAY0002820,21TI0070,2023G,24/09/2023,5500000,5500000,Lunas,E-Wallet
PAY0002821,21TI0071,2023G,26/08/2023,5500000,3200000,Cicilan,E-Wallet
PAY0002822,21TI0072,2023G,2023-08-21,5500000,5500000,Lunas,Loket Kampus
PAY0002823,21TI0073,2023G,27/09/2023,5500000,5500000,Lunas,Transfer Bank
PAY0002824,21TI0074,2023G,2023-08-20,5500000,5500000,Lunas,E-Wallet
PAY0002825,21TI0075,2023G,02-Sep-2023,5500000,3800000,Cicilan,VA Bank
PAY0002826,21TI0076,2023G,,5500000,0,Belum Lunas,E-Wallet
PAY0002827,21TI0077,2023G,2023-08-28,5500000,5500000,Lunas,VA Bank
PAY0002828,21TI0078,2023G,2023-09-27,5500000,5500000,Lunas,Loket Kampus
PAY0002829,21TI0079,2023G,2023-09-02,5500000,5500000,Lunas,E-Wallet
PAY0002830,21TI0080,2023G,20-Sep-2023,5500000,5500000,Lunas,Loket Kampus
PAY0002831,21TI0081,2023G,2023-09-11,5500000,5500000,Lunas,Transfer Bank
PAY0002832,21TI0082,2023G,2023-09-21,5500000,5500000,Lunas,E-Wallet
PAY0002833,21TI0083,2023G,2023-10-03,5500000,5500000,Lunas,Loket Kampus
PAY0002834,21TI0084,2023G,2023-08-27,5500000,5500000,Lunas,VA Bank
PAY0002835,21TI0085,2023G,2023-09-19,5500000,5500000,Lunas,E-Wallet
PAY0002836,21SI0001,2023G,2023-09-14,5250000,5250000,Lunas,VA Bank
PAY0002837,21SI0002,2023G,2023-09-04,5250000,5250000,Lunas,VA Bank
PAY0002838,21SI0003,2023G,2023-08-28,5250000,5250000,Lunas,Transfer Bank
PAY0002839,21SI0004,2023G,2023-09-10,5250000,5250000,Lunas,Loket Kampus
PAY0002840,21SI0005,2023G,2023-08-24,5250000,5250000,Lunas,Loket Kampus
PAY0002841,21SI0006,2023G,20-Sep-2023,5250000,5250000,Lunas,E-Wallet
PAY0002842,21SI0007,2023G,2023-08-28,5250000,5250000,Lunas,VA Bank
PAY0002843,21SI0008,2023G,2023-09-23,5250000,5250000,Lunas,VA Bank
PAY0002844,21SI0009,2023G,29/09/2023,5250000,5250000,Lunas,VA Bank
PAY0002845,21SI0010,2023G,2023-09-07,5250000,5250000,Lunas,E-Wallet
PAY0002846,21SI0011,2023G,2023-08-31,5250000,5250000,Lunas,Loket Kampus
PAY0002847,21SI0012,2023G,2023-09-11,5250000,5250000,Lunas,Loket Kampus
PAY0002848,21SI0013,2023G,2023-09-28,5250000,5250000,Lunas,VA Bank
PAY0002849,21SI0014,2023G,03-Sep-2023,5250000,5250000,Lunas,Transfer Bank
PAY0002850,21SI0015,2023G,2023-10-04,5250000,5250000,Lunas,VA Bank
PAY0002851,21SI0016,2023G,05/09/2023,5250000,5250000,Lunas,VA Bank
PAY0002852,21SI0017,2023G,11/09/2023,5250000,3700000,Cicilan,Loket Kampus
PAY0002853,21SI0018,2023G,2023-08-22,5250000,5250000,Lunas,Loket Kampus
PAY0002854,21SI0019,2023G,2023-09-03,5250000,5250000,Lunas,Transfer Bank
PAY0002855,21SI0020,2023G,30-Aug-2023,5250000,5250000,Lunas,VA Bank
PAY0002856,21SI0021,2023G,2023-09-09,5250000,5250000,Lunas,Loket Kampus
PAY0002857,21SI0022,2023G,2023-09-29,5250000,5250000,Lunas,Loket Kampus
PAY0002858,21SI0023,2023G,2023-10-01,5250000,5250000,Lunas,Loket Kampus
PAY0002859,21SI0024,2023G,2023-10-04,5250000,2400000,Cicilan,VA Bank
PAY0002860,21SI0025,2023G,2023-09-27,5250000,5250000,Lunas,VA Bank
PAY0002861,21SI0026,2023G,2023-09-04,5250000,5250000,Lunas,E-Wallet
PAY0002862,21SI0027,2023G,2023-09-09,5250000,5250000,Lunas,E-Wallet
PAY0002863,21SI0028,2023G,2023-08-20,5250000,2200000,Cicilan,E-Wallet
PAY0002864,21SI0029,2023G,2023-09-12,5250000,5250000,Lunas,Transfer Bank
PAY0002865,21SI0030,2023G,2023-09-08,5250000,3000000,Cicilan,Transfer Bank
PAY0002866,21SI0031,2023G,2023-10-01,5250000,5250000,Lunas,VA Bank
PAY0002867,21SI0032,2023G,2023-08-28,5250000,5250000,Lunas,Transfer Bank
PAY0002868,21SI0033,2023G,30/09/2023,5250000,2000000,Cicilan,E-Wallet
PAY0002869,21SI0034,2023G,2023-09-07,5250000,3400000,Cicilan,E-Wallet
PAY0002870,21SI0035,2023G,30-Aug-2023,5250000,5250000,Lunas,Loket Kampus
PAY0002871,21SI0036,2023G,30/09/2023,5250000,5250000,Lunas,E-Wallet
PAY0002872,21SI0037,2023G,2023-08-25,5250000,3700000,Cicilan,Loket Kampus
PAY0002873,21SI0038,2023G,2023-09-27,5250000,2600000,Cicilan,VA Bank
PAY0002874,21SI0039,2023G,2023-09-12,5250000,5250000,Lunas,VA Bank
PAY0002875,21SI0040,2023G,2023-09-24,5250000,5250000,Lunas,VA Bank
PAY0002876,21SI0041,2023G,2023-08-23,5250000,5250000,Lunas,E-Wallet
PAY0002877,21SI0042,2023G,2023-08-20,5250000,5250000,Lunas,E-Wallet
PAY0002878,21SI0043,2023G,2023-10-02,5250000,5250000,Lunas,Loket Kampus
PAY0002879,21SI0044,2023G,2023-08-20,5250000,5250000,Lunas,VA Bank
PAY0002880,21SI0045,2023G,2023-09-06,5250000,2200000,Cicilan,Loket Kampus
PAY0002881,21SI0046,2023G,30/08/2023,5250000,2800000,Cicilan,VA Bank
PAY0002882,21SI0047,2023G,2023-09-16,5250000,5250000,Lunas,E-Wallet
PAY0002883,21SI0048,2023G,2023-09-24,5250000,5250000,Lunas,E-Wallet
PAY0002884,21SI0049,2023G,2023-08-24,5250000,5250000,Lunas,E-Wallet
PAY0002885,21SI0050,2023G,2023-09-24,5250000,5250000,Lunas,Transfer Bank
PAY0002886,21SI0051,2023G,2023-09-09,5250000,5250000,Lunas,Transfer Bank
PAY0002887,21SI0052,2023G,2023-09-18,5250000,5250000,Lunas,Transfer Bank
PAY0002888,21SI0053,2023G,2023-08-27,5250000,5250000,Lunas,VA Bank
PAY0002889,21SI0054,2023G,2023-09-21,5250000,5250000,Lunas,E-Wallet
PAY0002890,21SI0055,2023G,2023-09-15,5250000,5250000,Lunas,E-Wallet
PAY0002891,21SI0056,2023G,22-Sep-2023,5250000,5250000,Lunas,Transfer Bank
PAY0002892,21SI0057,2023G,21/08/2023,5250000,5250000,Lunas,E-Wallet
PAY0002893,21SI0058,2023G,29-Aug-2023,5250000,5250000,Lunas,VA Bank
PAY0002894,21SI0059,2023G,2023-09-09,5250000,5250000,Lunas,Transfer Bank
PAY0002895,21SI0060,2023G,2023-08-24,5250000,5250000,Lunas,E-Wallet
PAY0002896,21SI0061,2023G,27-Aug-2023,5250000,5250000,Lunas,E-Wallet
PAY0002897,21SI0062,2023G,2023-08-28,5250000,5250000,Lunas,VA Bank
PAY0002898,21SI0063,2023G,2023-10-03,5250000,5250000,Lunas,E-Wallet
PAY0002899,21SI0064,2023G,02/09/2023,5250000,3800000,Cicilan,E-Wallet
PAY0002900,21SI0065,2023G,28/08/2023,5250000,3400000,Cicilan,Loket Kampus
PAY0002901,21SI0066,2023G,2023-09-06,5250000,5250000,Lunas,VA Bank
PAY0002902,21SI0067,2023G,16-Sep-2023,5250000,5250000,Lunas,E-Wallet
PAY0002903,21SI0068,2023G,10/09/2023,5250000,5250000,Lunas,Transfer Bank
PAY0002904,21SI0069,2023G,2023-10-03,5250000,5250000,Lunas,Transfer Bank
PAY0002905,21SI0070,2023G,2023-09-23,5250000,5250000,Lunas,VA Bank
PAY0002906,21SI0071,2023G,2023-08-27,5250000,5250000,Lunas,Transfer Bank
PAY0002907,21SI0072,2023G,2023-09-14,5250000,5250000,Lunas,E-Wallet
PAY0002908,21SI0073,2023G,2023-09-24,5250000,5250000,Lunas,VA Bank
PAY0002909,21SI0074,2023G,03/10/2023,5250000,5250000,Lunas,Loket Kampus
PAY0002910,21SI0075,2023G,2023-09-13,5250000,5250000,Lunas,E-Wallet
PAY0002911,21SI0076,2023G,2023-10-02,5250000,-5250000,Lunas,E-Wallet
PAY0002912,21SI0077,2023G,20-Sep-2023,5250000,2200000,Cicilan,VA Bank
PAY0002913,21SI0078,2023G,,5250000,0,Belum Lunas,Transfer Bank
PAY0002914,21SI0079,2023G,2023-09-21,5250000,5250000,Lunas,E-Wallet
PAY0002915,21SI0080,2023G,2023-09-19,5250000,5250000,Lunas,E-Wallet
PAY0002916,21SI0081,2023G,2023-08-29,5250000,5250000,Lunas,Loket Kampus
PAY0002917,21IF0001,2023G,,5750000,0,Belum Lunas,E-Wallet
PAY0002918,21IF0002,2023G,2023-09-22,5750000,5750000,Lunas,Transfer Bank
PAY0002919,21IF0003,2023G,2023-10-04,5750000,5750000,Lunas,E-Wallet
PAY0002920,21IF0004,2023G,2023-08-29,5750000,5750000,Lunas,Loket Kampus
PAY0002921,21IF0005,2023G,2023-09-12,5750000,5750000,Lunas,Loket Kampus
PAY0002922,21IF0006,2023G,2023-09-07,5750000,5750000,Lunas,Transfer Bank
PAY0002923,21IF0007,2023G,2023-09-28,5750000,5750000,Lunas,Transfer Bank
PAY0002924,21IF0008,2023G,2023-10-01,5750000,5750000,Lunas,VA Bank
PAY0002925,21IF0009,2023G,25/09/2023,5750000,5750000,Lunas,Transfer Bank
PAY0002926,21IF0010,2023G,04-Oct-2023,5750000,5750000,Lunas,Transfer Bank
PAY0002927,21IF0011,2023G,,5750000,0,Belum Lunas,E-Wallet
PAY0002928,21IF0012,2023G,2023-10-03,5750000,2900000,Cicilan,E-Wallet
PAY0002929,21IF0013,2023G,2023-08-21,5750000,2100000,Cicilan,E-Wallet
PAY0002930,21IF0014,2023G,2023-08-25,5750000,5750000,Lunas,Loket Kampus
PAY0002931,21IF0015,2023G,25/08/2023,5750000,5750000,Lunas,Transfer Bank
PAY0002932,21IF0016,2023G,2023-09-12,5750000,5750000,Lunas,E-Wallet
PAY0002933,21IF0017,2023G,2023-08-30,5750000,5750000,Lunas,E-Wallet
PAY0002934,21IF0018,2023G,30-Sep-2023,5750000,5750000,Lunas,VA Bank
PAY0002935,21IF0019,2023G,2023-09-07,5750000,5750000,Lunas,Transfer Bank
PAY0002936,21IF0020,2023G,22-Aug-2023,5750000,5750000,Lunas,E-Wallet
PAY0002937,21IF0021,2023G,26/09/2023,5750000,5750000,Lunas,Transfer Bank
PAY0002938,21IF0022,2023G,16/09/2023,5750000,5750000,Lunas,Transfer Bank
PAY0002939,21IF0023,2023G,11/09/2023,5750000,5750000,Lunas,E-Wallet
PAY0002940,21IF0024,2023G,2023-09-20,5750000,5750000,Lunas,E-Wallet
PAY0002941,21IF0025,2023G,2023-09-11,5750000,5750000,Lunas,E-Wallet
PAY0002942,21IF0026,2023G,2023-09-15,5750000,5750000,Lunas,VA Bank
PAY0002943,21IF0027,2023G,30-Aug-2023,5750000,5750000,Lunas,Loket Kampus
PAY0002944,21IF0028,2023G,2023-09-07,5750000,5750000,Lunas,VA Bank
PAY0002945,21IF0029,2023G,,5750000,0,Belum Lunas,VA Bank
PAY0002946,21IF0030,2023G,2023-09-28,5750000,5750000,Lunas,E-Wallet
PAY0002947,21IF0031,2023G,2023-08-21,5750000,5750000,Lunas,Transfer Bank
PAY0002948,21IF0032,2023G,27/09/2023,5750000,5750000,Lunas,Loket Kampus
PAY0002949,21IF0033,2023G,2023-09-15,5750000,5750000,Lunas,VA Bank
PAY0002950,21IF0034,2023G,2023-09-20,5750000,5750000,Lunas,E-Wallet
PAY0002951,21IF0035,2023G,2023-09-08,5750000,5750000,Lunas,Transfer Bank
PAY0002952,21IF0036,2023G,2023-09-28,5750000,5750000,Lunas,Transfer Bank
PAY0002953,21IF0037,2023G,24/08/2023,5750000,5750000,Lunas,E-Wallet
PAY0002954,21IF0038,2023G,23/09/2023,5750000,5750000,Lunas,E-Wallet
PAY0002955,21IF0039,2023G,2023-09-05,5750000,5750000,Lunas,E-Wallet
PAY0002956,21IF0040,2023G,2023-09-16,5750000,4200000,Cicilan,VA Bank
PAY0002957,21IF0041,2023G,17-Sep-2023,5750000,5750000,Lunas,E-Wallet
PAY0002958,21IF0042,2023G,2023-09-24,5750000,5750000,Lunas,E-Wallet
PAY0002959,21IF0043,2023G,2023-09-04,5750000,5750000,Lunas,VA Bank
PAY0002960,21IF0044,2023G,2023-09-06,5750000,2200000,Cicilan,Transfer Bank
PAY0002961,21IF0045,2023G,2023-10-01,5750000,5750000,Lunas,E-Wallet
PAY0002962,21IF0046,2023G,14/09/2023,5750000,5750000,Lunas,VA Bank
PAY0002963,21IF0047,2023G,2023-08-24,5750000,5750000,Lunas,Transfer Bank
PAY0002964,21IF0048,2023G,2023-09-12,5750000,5750000,Lunas,Loket Kampus
PAY0002965,21IF0049,2023G,2023-09-22,5750000,5750000,Lunas,VA Bank
PAY0002966,21IF0050,2023G,2023-09-03,5750000,5750000,Lunas,Loket Kampus
PAY0002967,21IF0051,2023G,2023-09-11,5750000,5750000,Lunas,Transfer Bank
PAY0002968,21IF0052,2023G,2023-10-04,5750000,5750000,Lunas,VA Bank
PAY0002969,21IF0053,2023G,2023-09-26,5750000,5750000,Lunas,E-Wallet
PAY0002970,21IF0054,2023G,24/08/2023,5750000,5750000,Lunas,E-Wallet
PAY0002971,21IF0055,2023G,2023-08-23,5750000,5750000,Lunas,VA Bank
PAY0002972,21IF0056,2023G,2023-09-26,5750000,5750000,Lunas,E-Wallet
PAY0002973,21IF0057,2023G,2023-09-28,5750000,5750000,Lunas,Transfer Bank
PAY0002974,21IF0058,2023G,2023-09-07,5750000,5750000,Lunas,Loket Kampus
PAY0002975,21IF0059,2023G,,5750000,0,Belum Lunas,E-Wallet
PAY0002976,21IF0060,2023G,2023-09-04,5750000,5750000,Lunas,Transfer Bank
PAY0002977,21IF0061,2023G,13-Sep-2023,5750000,5750000,Lunas,Loket Kampus
PAY0002978,21IF0062,2023G,2023-09-24,5750000,5750000,Lunas,Transfer Bank
PAY0002979,21IF0063,2023G,01/09/2023,5750000,5750000,Lunas,VA Bank
PAY0002980,21IF0064,2023G,2023-09-18,5750000,3200000,Cicilan,Transfer Bank
PAY0002981,21IF0065,2023G,27/09/2023,5750000,3700000,Cicilan,Loket Kampus
PAY0002982,21IF0066,2023G,2023-09-21,5750000,5750000,Lunas,Transfer Bank
PAY0002983,21IF0067,2023G,2023-09-19,5750000,5750000,Lunas,E-Wallet
PAY0002984,21IF0068,2023G,23-Sep-2023,5750000,5750000,Lunas,Loket Kampus
PAY0002985,21IF0069,2023G,2023-09-15,5750000,5750000,Lunas,E-Wallet
PAY0002986,21IF0070,2023G,2023-10-04,5750000,5750000,Lunas,Transfer Bank
PAY0002987,21IF0071,2023G,2023-09-09,5750000,2700000,Cicilan,VA Bank
PAY0002988,21IF0072,2023G,2023-09-12,5750000,5750000,Lunas,Transfer Bank
PAY0002989,21IF0073,2023G,2023-08-21,5750000,5750000,Lunas,E-Wallet
PAY0002990,21IF0074,2023G,03-Sep-2023,5750000,5750000,Lunas,Loket Kampus
PAY0002991,21IF0075,2023G,16-Sep-2023,5750000,5750000,Lunas,Transfer Bank
PAY0002992,21IF0076,2023G,02/10/2023,5750000,5750000,Lunas,VA Bank
PAY0002993,21IF0077,2023G,30/08/2023,5750000,5750000,Lunas,E-Wallet
PAY0002994,21IF0078,2023G,2023-09-27,5750000,5750000,Lunas,E-Wallet
PAY0002995,21IF0079,2023G,2023-08-22,5750000,3500000,Cicilan,Loket Kampus
PAY0002996,21IF0080,2023G,21/08/2023,5750000,5750000,Lunas,Transfer Bank
PAY0002997,21IF0081,2023G,2023-08-24,5750000,5750000,Lunas,Transfer Bank
PAY0002998,21IF0082,2023G,2023-10-04,5750000,5750000,Lunas,E-Wallet
PAY0002999,21IF0083,2023G,2023-08-30,5750000,3000000,Cicilan,E-Wallet
PAY0003000,21IF0084,2023G,02/09/2023,5750000,5750000,Lunas,E-Wallet
PAY0003001,21IF0085,2023G,,5750000,0,Belum Lunas,Loket Kampus
PAY0003002,21DS0001,2023G,2023-08-30,6000000,6000000,Lunas,Transfer Bank
PAY0003003,21DS0002,2023G,29/09/2023,6000000,6000000,Lunas,E-Wallet
PAY0003004,21DS0003,2023G,2023-08-22,6000000,6000000,Lunas,VA Bank
PAY0003005,21DS0004,2023G,,6000000,0,Belum Lunas,VA Bank
PAY0003006,21DS0005,2023G,2023-08-20,6000000,6000000,Lunas,VA Bank
PAY0003007,21DS0006,2023G,2023-09-07,6000000,6000000,Lunas,E-Wallet
PAY0003008,21DS0007,2023G,2023-09-18,6000000,6000000,Lunas,E-Wallet
PAY0003009,21DS0008,2023G,2023-09-12,6000000,6000000,Lunas,VA Bank
PAY0003010,21DS0009,2023G,2023-10-04,6000000,6000000,Lunas,Loket Kampus
PAY0003011,21DS0010,2023G,2023-09-19,6000000,6000000,Lunas,E-Wallet
PAY0003012,21DS0011,2023G,,6000000,0,Belum Lunas,Loket Kampus
PAY0003013,21DS0012,2023G,2023-09-01,6000000,6000000,Lunas,VA Bank
PAY0003014,21DS0013,2023G,2023-09-23,6000000,6000000,Lunas,Loket Kampus
PAY0003015,21DS0014,2023G,2023-08-27,6000000,6000000,Lunas,VA Bank
PAY0003016,21DS0015,2023G,2023-08-24,6000000,6000000,Lunas,Loket Kampus
PAY0003017,21DS0016,2023G,2023-09-11,6000000,6000000,Lunas,Loket Kampus
PAY0003018,21DS0017,2023G,27/08/2023,6000000,6000000,Lunas,VA Bank
PAY0003019,21DS0018,2023G,2023-08-30,6000000,6000000,Lunas,Transfer Bank
PAY0003020,21DS0019,2023G,02-Sep-2023,6000000,6000000,Lunas,Loket Kampus
PAY0003021,21DS0020,2023G,20-Aug-2023,6000000,6000000,Lunas,E-Wallet
PAY0003022,21DS0021,2023G,2023-09-16,6000000,6000000,Lunas,Transfer Bank
PAY0003023,21DS0022,2023G,13/09/2023,6000000,6000000,Lunas,VA Bank
PAY0003024,21DS0023,2023G,2023-09-30,6000000,4000000,Cicilan,Transfer Bank
PAY0003025,21DS0024,2023G,2023-09-08,6000000,6000000,Lunas,Loket Kampus
PAY0003026,21DS0025,2023G,06-Sep-2023,6000000,6000000,Lunas,Transfer Bank
PAY0003027,21DS0026,2023G,2023-09-20,6000000,6000000,Lunas,E-Wallet
PAY0003028,21DS0027,2023G,2023-08-23,6000000,6000000,Lunas,Transfer Bank
PAY0003029,21DS0028,2023G,,6000000,0,Belum Lunas,Transfer Bank
PAY0003030,21DS0029,2023G,2023-09-04,6000000,6000000,Lunas,Loket Kampus
PAY0003031,21DS0030,2023G,2023-09-29,6000000,6000000,Lunas,Loket Kampus
PAY0003032,21DS0031,2023G,2023-08-27,6000000,6000000,Lunas,Loket Kampus
PAY0003033,21DS0032,2023G,14-Sep-2023,6000000,6000000,Lunas,Loket Kampus
PAY0003034,21DS0033,2023G,2023-09-30,6000000,4400000,Cicilan,Transfer Bank
PAY0003035,21DS0034,2023G,2023-09-16,6000000,6000000,Lunas,E-Wallet
PAY0003036,21DS0035,2023G,2023-09-23,6000000,6000000,Lunas,E-Wallet
PAY0003037,21DS0036,2023G,2023-08-31,6000000,6000000,Lunas,Loket Kampus
PAY0003038,21DS0037,2023G,2023-09-30,6000000,6000000,Lunas,Transfer Bank
PAY0003039,21DS0038,2023G,26-Aug-2023,6000000,6000000,Lunas,VA Bank
PAY0003040,21DS0039,2023G,2023-08-25,6000000,6000000,Lunas,VA Bank
PAY0003041,21DS0040,2023G,19/09/2023,6000000,6000000,Lunas,E-Wallet
PAY0003042,21DS0041,2023G,2023-09-01,6000000,6000000,Lunas,VA Bank
PAY0003043,21DS0042,2023G,2023-09-24,6000000,6000000,Lunas,Loket Kampus
PAY0003044,21DS0043,2023G,2023-08-29,6000000,6000000,Lunas,Transfer Bank
PAY0003045,21DS0044,2023G,2023-09-11,6000000,6000000,Lunas,E-Wallet
PAY0003046,21DS0045,2023G,14/09/2023,6000000,2300000,Cicilan,Loket Kampus
PAY0003047,21DS0046,2023G,20/09/2023,6000000,6000000,Lunas,VA Bank
PAY0003048,21DS0047,2023G,,6000000,0,Belum Lunas,E-Wallet
PAY0003049,21DS0048,2023G,,6000000,0,Belum Lunas,E-Wallet
PAY0003050,21DS0049,2023G,,6000000,0,Belum Lunas,Transfer Bank
PAY0003051,21DS0050,2023G,2023-08-30,6000000,6000000,Lunas,Loket Kampus
PAY0003052,21DS0051,2023G,2023-08-20,6000000,6000000,Lunas,VA Bank
PAY0003053,21DS0052,2023G,2023-09-18,6000000,6000000,Lunas,E-Wallet
PAY0003054,21DS0053,2023G,09/09/2023,6000000,6000000,Lunas,E-Wallet
PAY0003055,21DS0054,2023G,2023-09-02,6000000,6000000,Lunas,Loket Kampus
PAY0003056,21DS0055,2023G,2023-08-26,6000000,6000000,Lunas,VA Bank
PAY0003057,21DS0056,2023G,2023-10-04,6000000,6000000,Lunas,Loket Kampus
PAY0003058,21DS0057,2023G,2023-09-06,6000000,6000000,Lunas,Transfer Bank
PAY0003059,21DS0058,2023G,10/09/2023,6000000,6000000,Lunas,Loket Kampus
PAY0003060,21DS0059,2023G,29/09/2023,6000000,6000000,Lunas,Transfer Bank
PAY0003061,21DS0060,2023G,2023-09-17,6000000,6000000,Lunas,VA Bank
PAY0003062,21DS0061,2023G,2023-08-21,6000000,6000000,Lunas,E-Wallet
PAY0003063,21DS0062,2023G,2023-09-03,6000000,6000000,Lunas,Transfer Bank
PAY0003064,21DS0063,2023G,2023-08-28,6000000,6000000,Lunas,Transfer Bank
PAY0003065,21DS0064,2023G,2023-08-31,6000000,6000000,Lunas,Loket Kampus
PAY0003066,21DS0065,2023G,2023-09-15,6000000,6000000,Lunas,Loket Kampus
PAY0003067,21DS0066,2023G,15/09/2023,6000000,6000000,Lunas,Loket Kampus
PAY0003068,21DS0067,2023G,2023-09-09,6000000,6000000,Lunas,E-Wallet
PAY0003069,21TR0001,2023G,2023-09-13,5700000,5700000,Lunas,VA Bank
PAY0003070,21TR0002,2023G,,5700000,0,Belum Lunas,VA Bank
PAY0003071,21TR0003,2023G,2023-09-04,5700000,5700000,Lunas,E-Wallet
PAY0003072,21TR0004,2023G,2023-08-31,5700000,5700000,Lunas,Loket Kampus
PAY0003073,21TR0005,2023G,09/09/2023,5700000,5700000,Lunas,VA Bank
PAY0003074,21TR0006,2023G,2023-09-20,5700000,5700000,Lunas,VA Bank
PAY0003075,21TR0007,2023G,2023-09-26,5700000,5700000,Lunas,E-Wallet
PAY0003076,21TR0008,2023G,18/09/2023,5700000,5700000,Lunas,E-Wallet
PAY0003077,21TR0009,2023G,2023-10-03,5700000,5700000,Lunas,VA Bank
PAY0003078,21TR0010,2023G,2023-08-27,5700000,5700000,Lunas,E-Wallet
PAY0003079,21TR0011,2023G,2023-09-09,5700000,5700000,Lunas,VA Bank
PAY0003080,21TR0012,2023G,2023-08-28,5700000,5700000,Lunas,E-Wallet
PAY0003081,21TR0013,2023G,2023-08-28,5700000,5700000,Lunas,Transfer Bank
PAY0003082,21TR0014,2023G,2023-09-26,5700000,5700000,Lunas,Transfer Bank
PAY0003083,21TR0015,2023G,2023-09-21,5700000,5700000,Lunas,VA Bank
PAY0003084,21TR0016,2023G,2023-09-28,5700000,5700000,Lunas,Loket Kampus
PAY0003085,21TR0017,2023G,31/08/2023,5700000,5700000,Lunas,VA Bank
PAY0003086,21TR0018,2023G,2023-09-14,5700000,5700000,Lunas,E-Wallet
PAY0003087,21TR0019,2023G,28-Aug-2023,5700000,5700000,Lunas,E-Wallet
PAY0003088,21TR0020,2023G,,5700000,0,Belum Lunas,E-Wallet
PAY0003089,21TR0021,2023G,2023-09-28,5700000,2800000,Cicilan,Loket Kampus
PAY0003090,21TR0022,2023G,2023-09-08,5700000,5700000,Lunas,VA Bank
PAY0003091,21TR0023,2023G,2023-08-29,5700000,5700000,Lunas,Loket Kampus
PAY0003092,21TR0024,2023G,08/09/2023,5700000,5700000,Lunas,Transfer Bank
PAY0003093,21TR0025,2023G,16/09/2023,5700000,5700000,Lunas,Transfer Bank
PAY0003094,21TR0026,2023G,2023-08-20,5700000,5700000,Lunas,VA Bank
PAY0003095,21TR0027,2023G,2023-09-18,5700000,5700000,Lunas,Loket Kampus
PAY0003096,21TR0028,2023G,2023-09-26,5700000,5700000,Lunas,E-Wallet
PAY0003097,21TR0029,2023G,2023-08-21,5700000,5700000,Lunas,Loket Kampus
PAY0003098,21TR0030,2023G,19/09/2023,5700000,5700000,Lunas,VA Bank
PAY0003099,21TR0031,2023G,2023-09-16,5700000,5700000,Lunas,Transfer Bank
PAY0003100,21TR0032,2023G,30/09/2023,5700000,5700000,Lunas,Loket Kampus
PAY0003101,21TR0033,2023G,2023-09-29,5700000,5700000,Lunas,Transfer Bank
PAY0003102,21TR0034,2023G,30/09/2023,5700000,5700000,Lunas,Loket Kampus
PAY0003103,21TR0035,2023G,2023-09-05,5700000,5700000,Lunas,Loket Kampus
PAY0003104,21TR0036,2023G,25/08/2023,5700000,5700000,Lunas,VA Bank
PAY0003105,21TR0037,2023G,2023-09-04,5700000,5700000,Lunas,Transfer Bank
PAY0003106,21TR0038,2023G,2023-08-30,5700000,5700000,Lunas,E-Wallet
PAY0003107,21TR0039,2023G,04/09/2023,5700000,5700000,Lunas,Loket Kampus
PAY0003108,21TR0040,2023G,20-Sep-2023,5700000,5700000,Lunas,E-Wallet
PAY0003109,21TR0041,2023G,2023-08-22,5700000,3100000,Cicilan,Transfer Bank
PAY0003110,21TR0042,2023G,2023-09-25,5700000,5700000,Lunas,VA Bank
PAY0003111,21TR0043,2023G,2023-09-11,5700000,5700000,Lunas,VA Bank
PAY0003112,21TR0044,2023G,2023-09-14,5700000,5700000,Lunas,Loket Kampus
PAY0003113,21TR0045,2023G,2023-09-12,5700000,5700000,Lunas,VA Bank
PAY0003114,21TR0046,2023G,02/09/2023,5700000,5700000,Lunas,Loket Kampus
PAY0003115,21TR0047,2023G,2023-09-29,5700000,5700000,Lunas,Transfer Bank
PAY0003116,21TR0048,2023G,2023-08-30,5700000,5700000,Lunas,VA Bank
PAY0003117,21TR0049,2023G,24/08/2023,5700000,5700000,Lunas,VA Bank
PAY0003118,21TR0050,2023G,2023-10-02,5700000,5700000,Lunas,E-Wallet
PAY0003119,21TR0051,2023G,28/08/2023,5700000,5700000,Lunas,VA Bank
PAY0003120,21TR0052,2023G,04/09/2023,5700000,5700000,Lunas,VA Bank
PAY0003121,21TR0053,2023G,20-Sep-2023,5700000,5700000,Lunas,Loket Kampus
PAY0003122,21TR0054,2023G,27-Aug-2023,5700000,5700000,Lunas,Transfer Bank
PAY0003123,21TR0055,2023G,2023-09-23,5700000,5700000,Lunas,E-Wallet
PAY0003124,21TR0056,2023G,2023-09-23,5700000,5700000,Lunas,Transfer Bank
PAY0003125,21TR0057,2023G,23-Aug-2023,5700000,5700000,Lunas,E-Wallet
PAY0003126,21TR0058,2023G,,5700000,0,Belum Lunas,E-Wallet
PAY0003127,21TR0059,2023G,2023-10-04,5700000,5700000,Lunas,E-Wallet
PAY0003128,21TR0060,2023G,02/10/2023,5700000,2100000,Cicilan,E-Wallet
PAY0003129,21TR0061,2023G,2023-09-14,5700000,5700000,Lunas,VA Bank
PAY0003130,21TR0062,2023G,01-Oct-2023,5700000,3300000,Cicilan,Loket Kampus
PAY0003131,21TR0063,2023G,02/09/2023,5700000,5700000,Lunas,Transfer Bank
PAY0003132,21TR0064,2023G,23-Sep-2023,5700000,5700000,Lunas,E-Wallet
PAY0003133,21TR0065,2023G,2023-09-09,5700000,5700000,Lunas,VA Bank
PAY0003134,21BD0001,2023G,17-Sep-2023,5000000,5000000,Lunas,VA Bank
PAY0003135,21BD0002,2023G,2023-09-02,5000000,5000000,Lunas,Loket Kampus
PAY0003136,21BD0003,2023G,2023-08-22,5000000,5000000,Lunas,Loket Kampus
PAY0003137,21BD0004,2023G,,5000000,0,Belum Lunas,Loket Kampus
PAY0003138,21BD0005,2023G,2023-09-30,5000000,5000000,Lunas,E-Wallet
PAY0003139,21BD0006,2023G,2023-09-16,5000000,5000000,Lunas,E-Wallet
PAY0003140,21BD0007,2023G,27/08/2023,5000000,5000000,Lunas,Loket Kampus
PAY0003141,21BD0008,2023G,17/09/2023,5000000,5000000,Lunas,Transfer Bank
PAY0003142,21BD0009,2023G,2023-08-21,5000000,5000000,Lunas,Transfer Bank
PAY0003143,21BD0010,2023G,2023-09-12,5000000,5000000,Lunas,Loket Kampus
PAY0003144,21BD0011,2023G,2023-09-07,5000000,5000000,Lunas,Transfer Bank
PAY0003145,21BD0012,2023G,24/09/2023,5000000,5000000,Lunas,Transfer Bank
PAY0003146,21BD0013,2023G,2023-09-28,5000000,5000000,Lunas,E-Wallet
PAY0003147,21BD0014,2023G,2023-09-18,5000000,3600000,Cicilan,Loket Kampus
PAY0003148,21BD0015,2023G,01-Sep-2023,5000000,5000000,Lunas,VA Bank
PAY0003149,21BD0016,2023G,,5000000,0,Belum Lunas,Transfer Bank
PAY0003150,21BD0017,2023G,2023-08-22,5000000,5000000,Lunas,Transfer Bank
PAY0003151,21BD0018,2023G,26/09/2023,5000000,3300000,Cicilan,Loket Kampus
PAY0003152,21BD0019,2023G,2023-09-18,5000000,5000000,Lunas,VA Bank
PAY0003153,21BD0020,2023G,21/09/2023,5000000,5000000,Lunas,Transfer Bank
PAY0003154,21BD0021,2023G,2023-08-20,5000000,5000000,Lunas,Transfer Bank
PAY0003155,21BD0022,2023G,2023-09-12,5000000,5000000,Lunas,VA Bank
PAY0003156,21BD0023,2023G,2023-09-05,5000000,5000000,Lunas,Loket Kampus
PAY0003157,21BD0024,2023G,2023-10-03,5000000,5000000,Lunas,Loket Kampus
PAY0003158,21BD0025,2023G,2023-09-13,5000000,5000000,Lunas,VA Bank
PAY0003159,21BD0026,2023G,23/08/2023,5000000,5000000,Lunas,Loket Kampus
PAY0003160,21BD0027,2023G,2023-09-16,5000000,2300000,Cicilan,VA Bank
PAY0003161,21BD0028,2023G,24/08/2023,5000000,5000000,Lunas,Loket Kampus
PAY0003162,21BD0029,2023G,18/09/2023,5000000,5000000,Lunas,Loket Kampus
PAY0003163,21BD0030,2023G,21-Aug-2023,5000000,5000000,Lunas,Transfer Bank
PAY0003164,21BD0031,2023G,2023-09-30,5000000,5000000,Lunas,E-Wallet
PAY0003165,21BD0032,2023G,2023-08-29,5000000,5000000,Lunas,VA Bank
PAY0003166,21BD0033,2023G,04-Sep-2023,5000000,5000000,Lunas,VA Bank
PAY0003167,21BD0034,2023G,2023-09-06,5000000,5000000,Lunas,Loket Kampus
PAY0003168,21BD0035,2023G,22/09/2023,5000000,3700000,Cicilan,VA Bank
PAY0003169,21BD0036,2023G,,5000000,0,Belum Lunas,VA Bank
PAY0003170,21BD0037,2023G,2023-08-28,5000000,3700000,Cicilan,E-Wallet
PAY0003171,21BD0038,2023G,03/10/2023,5000000,5000000,Lunas,Transfer Bank
PAY0003172,21BD0039,2023G,11/09/2023,5000000,2100000,Cicilan,E-Wallet
PAY0003173,21BD0040,2023G,20/08/2023,5000000,5000000,Lunas,E-Wallet
PAY0003174,21BD0041,2023G,2023-09-06,5000000,5000000,Lunas,VA Bank
PAY0003175,21BD0042,2023G,01/10/2023,5000000,5000000,Lunas,Transfer Bank
PAY0003176,21BD0043,2023G,2023-09-08,5000000,5000000,Lunas,VA Bank
PAY0003177,21BD0044,2023G,2023-09-09,5000000,3600000,Cicilan,Transfer Bank
PAY0003178,21BD0045,2023G,,5000000,0,Belum Lunas,Loket Kampus
PAY0003179,21BD0046,2023G,2023-09-19,5000000,5000000,Lunas,Loket Kampus
PAY0003180,21BD0047,2023G,2023-08-27,5000000,5000000,Lunas,E-Wallet
PAY0003181,21BD0048,2023G,2023-08-28,5000000,5000000,Lunas,E-Wallet
PAY0003182,21BD0049,2023G,21/09/2023,5000000,5000000,Lunas,Loket Kampus
PAY0003183,21BD0050,2023G,,5000000,0,Belum Lunas,Transfer Bank
PAY0003184,21BD0051,2023G,2023-09-19,5000000,5000000,Lunas,E-Wallet
PAY0003185,21BD0052,2023G,23-Sep-2023,5000000,5000000,Lunas,Transfer Bank
PAY0003186,21BD0053,2023G,2023-09-20,5000000,5000000,Lunas,VA Bank
PAY0003187,21BD0054,2023G,2023-09-18,5000000,5000000,Lunas,E-Wallet
PAY0003188,21BD0055,2023G,22-Sep-2023,5000000,3500000,Cicilan,VA Bank
PAY0003189,21BD0056,2023G,2023-10-03,5000000,5000000,Lunas,Loket Kampus
PAY0003190,21BD0057,2023G,13/09/2023,5000000,5000000,Lunas,E-Wallet
PAY0003191,21BD0058,2023G,2023-09-04,5000000,5000000,Lunas,Loket Kampus
PAY0003192,21BD0059,2023G,2023-09-14,5000000,5000000,Lunas,Transfer Bank
PAY0003193,21BD0060,2023G,,5000000,0,Belum Lunas,VA Bank
PAY0003194,21BD0061,2023G,24/08/2023,5000000,5000000,Lunas,Transfer Bank
PAY0003195,21BD0062,2023G,2023-09-17,5000000,5000000,Lunas,Loket Kampus
PAY0003196,21BD0063,2023G,2023-09-05,5000000,5000000,Lunas,Transfer Bank
PAY0003197,21BD0064,2023G,2023-08-23,5000000,5000000,Lunas,Loket Kampus
PAY0003198,21BD0065,2023G,2023-09-19,5000000,5000000,Lunas,E-Wallet
PAY0003199,21BD0066,2023G,2023-09-24,5000000,5000000,Lunas,VA Bank
PAY0003200,21BD0067,2023G,2023-08-25,5000000,5000000,Lunas,E-Wallet
PAY0003201,22TI0001,2023G,2023-10-02,5500000,5500000,Lunas,E-Wallet
PAY0003202,22TI0002,2023G,2023-09-18,5500000,5500000,Lunas,VA Bank
PAY0003203,22TI0003,2023G,2023-09-11,5500000,5500000,Lunas,VA Bank
PAY0003204,22TI0004,2023G,2023-08-23,5500000,5500000,Lunas,E-Wallet
PAY0003205,22TI0005,2023G,2023-09-08,5500000,5500000,Lunas,Loket Kampus
PAY0003206,22TI0006,2023G,04/10/2023,5500000,2500000,Cicilan,VA Bank
PAY0003207,22TI0007,2023G,2023-09-12,5500000,5500000,Lunas,VA Bank
PAY0003208,22TI0008,2023G,2023-09-24,5500000,5500000,Lunas,Loket Kampus
PAY0003209,22TI0009,2023G,06/09/2023,5500000,5500000,Lunas,Transfer Bank
PAY0003210,22TI0010,2023G,2023-08-24,5500000,5500000,Lunas,Loket Kampus
PAY0003211,22TI0011,2023G,27/09/2023,5500000,5500000,Lunas,Transfer Bank
PAY0003212,22TI0012,2023G,18/09/2023,5500000,5500000,Lunas,Transfer Bank
PAY0003213,22TI0013,2023G,2023-10-01,5500000,5500000,Lunas,Transfer Bank
PAY0003214,22TI0014,2023G,09-Sep-2023,5500000,5500000,Lunas,Transfer Bank
PAY0003215,22TI0015,2023G,29/08/2023,5500000,5500000,Lunas,VA Bank
PAY0003216,22TI0016,2023G,2023-08-29,5500000,5500000,Lunas,E-Wallet
PAY0003217,22TI0017,2023G,2023-09-02,5500000,5500000,Lunas,VA Bank
PAY0003218,22TI0018,2023G,01-Sep-2023,5500000,5500000,Lunas,E-Wallet
PAY0003219,22TI0019,2023G,2023-09-10,5500000,5500000,Lunas,Transfer Bank
PAY0003220,22TI0020,2023G,2023-10-01,5500000,5500000,Lunas,Loket Kampus
PAY0003221,22TI0021,2023G,2023-08-21,5500000,5500000,Lunas,E-Wallet
PAY0003222,22TI0022,2023G,2023-08-29,5500000,5500000,Lunas,Transfer Bank
PAY0003223,22TI0023,2023G,25-Aug-2023,5500000,5500000,Lunas,E-Wallet
PAY0003224,22TI0024,2023G,2023-09-28,5500000,5500000,Lunas,E-Wallet
PAY0003225,22TI0025,2023G,2023-09-12,5500000,5500000,Lunas,VA Bank
PAY0003226,22TI0026,2023G,2023-10-03,5500000,5500000,Lunas,Loket Kampus
PAY0003227,22TI0027,2023G,2023-09-06,5500000,5500000,Lunas,E-Wallet
PAY0003228,22TI0028,2023G,2023-08-21,5500000,5500000,Lunas,Loket Kampus
PAY0003229,22TI0029,2023G,05-Sep-2023,5500000,5500000,Lunas,Transfer Bank
PAY0003230,22TI0030,2023G,2023-09-09,5500000,5500000,Lunas,E-Wallet
PAY0003231,22TI0031,2023G,28-Aug-2023,5500000,5500000,Lunas,Loket Kampus
PAY0003232,22TI0032,2023G,2023-08-22,5500000,5500000,Lunas,VA Bank
PAY0003233,22TI0033,2023G,2023-08-21,5500000,5500000,Lunas,Loket Kampus
PAY0003234,22TI0034,2023G,2023-09-14,5500000,5500000,Lunas,Transfer Bank
PAY0003235,22TI0035,2023G,2023-08-23,5500000,5500000,Lunas,Transfer Bank
PAY0003236,22TI0036,2023G,,5500000,0,Belum Lunas,E-Wallet
PAY0003237,22TI0037,2023G,19/09/2023,5500000,5500000,Lunas,E-Wallet
PAY0003238,22TI0038,2023G,,5500000,0,Belum Lunas,E-Wallet
PAY0003239,22TI0039,2023G,2023-10-03,5500000,5500000,Lunas,Transfer Bank
PAY0003240,22TI0040,2023G,2023-08-25,5500000,5500000,Lunas,VA Bank
PAY0003241,22TI0041,2023G,22/09/2023,5500000,5500000,Lunas,Loket Kampus
PAY0003242,22TI0042,2023G,2023-08-26,5500000,5500000,Lunas,Loket Kampus
PAY0003243,22TI0043,2023G,27/09/2023,5500000,5500000,Lunas,Transfer Bank
PAY0003244,22TI0044,2023G,07/09/2023,5500000,5500000,Lunas,Loket Kampus
PAY0003245,22TI0045,2023G,2023-09-02,5500000,5500000,Lunas,E-Wallet
PAY0003246,22TI0046,2023G,2023-08-28,5500000,5500000,Lunas,VA Bank
PAY0003247,22TI0047,2023G,2023-08-21,5500000,5500000,Lunas,Transfer Bank
PAY0003248,22TI0048,2023G,2023-09-30,5500000,2900000,Cicilan,Transfer Bank
PAY0003249,22TI0049,2023G,2023-10-04,5500000,5500000,Lunas,Transfer Bank
PAY0003250,22TI0050,2023G,18/09/2023,5500000,5500000,Lunas,E-Wallet
PAY0003251,22TI0051,2023G,30-Aug-2023,5500000,5500000,Lunas,Loket Kampus
PAY0003252,22TI0052,2023G,,5500000,0,Belum Lunas,VA Bank
PAY0003253,22TI0053,2023G,2023-08-26,5500000,5500000,Lunas,Transfer Bank
PAY0003254,22TI0054,2023G,2023-09-21,5500000,3600000,Cicilan,Transfer Bank
PAY0003255,22TI0055,2023G,07-Sep-2023,5500000,5500000,Lunas,Transfer Bank
PAY0003256,22TI0056,2023G,2023-09-28,5500000,5500000,Lunas,E-Wallet
PAY0003257,22TI0057,2023G,15-Sep-2023,5500000,5500000,Lunas,Transfer Bank
PAY0003258,22TI0058,2023G,29-Aug-2023,5500000,5500000,Lunas,Transfer Bank
PAY0003259,22TI0059,2023G,2023-09-18,5500000,5500000,Lunas,E-Wallet
PAY0003260,22TI0060,2023G,2023-09-27,5500000,5500000,Lunas,E-Wallet
PAY0003261,22TI0061,2023G,10/09/2023,5500000,5500000,Lunas,Transfer Bank
PAY0003262,22TI0062,2023G,2023-09-03,5500000,5500000,Lunas,Transfer Bank
PAY0003263,22TI0063,2023G,29/09/2023,5500000,3700000,Cicilan,Transfer Bank
PAY0003264,22TI0064,2023G,2023-09-16,5500000,5500000,Lunas,VA Bank
PAY0003265,22TI0065,2023G,2023-09-08,5500000,5500000,Lunas,VA Bank
PAY0003266,22TI0066,2023G,2023-09-01,5500000,5500000,Lunas,VA Bank
PAY0003267,22TI0067,2023G,2023-09-17,5500000,2600000,Cicilan,Transfer Bank
PAY0003268,22TI0068,2023G,2023-09-27,5500000,5500000,Lunas,Loket Kampus
PAY0003269,22TI0069,2023G,2023-09-27,5500000,3300000,Cicilan,Transfer Bank
PAY0003270,22TI0070,2023G,2023-08-24,5500000,5500000,Lunas,Loket Kampus
PAY0003271,22TI0071,2023G,2023-09-07,5500000,5500000,Lunas,Loket Kampus
PAY0003272,22TI0072,2023G,2023-08-28,5500000,3700000,Cicilan,E-Wallet
PAY0003273,22TI0073,2023G,2023-08-31,5500000,5500000,Lunas,Loket Kampus
PAY0003274,22TI0074,2023G,2023-09-09,5500000,5500000,Lunas,Transfer Bank
PAY0003275,22TI0075,2023G,2023-08-28,5500000,5500000,Lunas,Transfer Bank
PAY0003276,22TI0076,2023G,2023-10-03,5500000,5500000,Lunas,Loket Kampus
PAY0003277,22TI0077,2023G,2023-09-27,5500000,5500000,Lunas,E-Wallet
PAY0003278,22TI0078,2023G,2023-09-23,5500000,5500000,Lunas,Transfer Bank
PAY0003279,22TI0079,2023G,2023-09-18,5500000,5500000,Lunas,VA Bank
PAY0003280,22TI0080,2023G,2023-08-22,5500000,5500000,Lunas,Loket Kampus
PAY0003281,22TI0081,2023G,2023-08-20,5500000,5500000,Lunas,E-Wallet
PAY0003282,22TI0082,2023G,2023-09-08,5500000,5500000,Lunas,VA Bank
PAY0003283,22TI0083,2023G,,5500000,0,Belum Lunas,VA Bank
PAY0003284,22TI0084,2023G,2023-08-30,5500000,5500000,Lunas,VA Bank
PAY0003285,22TI0085,2023G,2023-08-24,5500000,2500000,Cicilan,E-Wallet
PAY0003286,22TI0086,2023G,2023-08-23,5500000,3400000,Cicilan,Transfer Bank
PAY0003287,22TI0087,2023G,2023-09-08,5500000,5500000,Lunas,E-Wallet
PAY0003288,22TI0088,2023G,27-Aug-2023,5500000,5500000,Lunas,E-Wallet
PAY0003289,22TI0089,2023G,2023-09-07,5500000,5500000,Lunas,VA Bank
PAY0003290,22TI0090,2023G,22/08/2023,5500000,5500000,Lunas,VA Bank
PAY0003291,22SI0001,2023G,2023-09-09,5250000,3400000,Cicilan,VA Bank
PAY0003292,22SI0002,2023G,2023-09-26,5250000,5250000,Lunas,Loket Kampus
PAY0003293,22SI0003,2023G,2023-08-23,5250000,5250000,Lunas,Transfer Bank
PAY0003294,22SI0004,2023G,22/08/2023,5250000,5250000,Lunas,Loket Kampus
PAY0003295,22SI0005,2023G,2023-09-26,5250000,3600000,Cicilan,Transfer Bank
PAY0003296,22SI0006,2023G,30-Sep-2023,5250000,3300000,Cicilan,Transfer Bank
PAY0003297,22SI0007,2023G,2023-08-30,5250000,3100000,Cicilan,VA Bank
PAY0003298,22SI0008,2023G,2023-10-03,5250000,5250000,Lunas,VA Bank
PAY0003299,22SI0009,2023G,2023-08-28,5250000,5250000,Lunas,VA Bank
PAY0003300,22SI0010,2023G,2023-09-14,5250000,5250000,Lunas,VA Bank
PAY0003301,22SI0011,2023G,2023-09-09,5250000,5250000,Lunas,Transfer Bank
PAY0003302,22SI0012,2023G,2023-08-31,5250000,2000000,Cicilan,Transfer Bank
PAY0003303,22SI0013,2023G,2023-09-26,5250000,5250000,Lunas,Transfer Bank
PAY0003304,22SI0014,2023G,2023-08-25,5250000,5250000,Lunas,Transfer Bank
PAY0003305,22SI0015,2023G,2023-08-31,5250000,5250000,Lunas,VA Bank
PAY0003306,22SI0016,2023G,2023-10-03,5250000,2600000,Cicilan,VA Bank
PAY0003307,22SI0017,2023G,2023-08-21,5250000,5250000,Lunas,Transfer Bank
PAY0003308,22SI0018,2023G,2023-08-29,5250000,5250000,Lunas,VA Bank
PAY0003309,22SI0019,2023G,2023-09-13,5250000,5250000,Lunas,VA Bank
PAY0003310,22SI0020,2023G,03-Sep-2023,5250000,5250000,Lunas,E-Wallet
PAY0003311,22SI0021,2023G,04/09/2023,5250000,5250000,Lunas,VA Bank
PAY0003312,22SI0022,2023G,2023-09-19,5250000,5250000,Lunas,Transfer Bank
PAY0003313,22SI0023,2023G,2023-09-07,5250000,5250000,Lunas,Transfer Bank
PAY0003314,22SI0024,2023G,,5250000,0,Belum Lunas,Loket Kampus
PAY0003315,22SI0025,2023G,2023-08-23,5250000,5250000,Lunas,E-Wallet
PAY0003316,22SI0026,2023G,2023-09-03,5250000,5250000,Lunas,VA Bank
PAY0003317,22SI0027,2023G,01/10/2023,5250000,5250000,Lunas,Loket Kampus
PAY0003318,22SI0028,2023G,2023-08-22,5250000,5250000,Lunas,E-Wallet
PAY0003319,22SI0029,2023G,02/10/2023,5250000,5250000,Lunas,VA Bank
PAY0003320,22SI0030,2023G,30/08/2023,5250000,5250000,Lunas,VA Bank
PAY0003321,22SI0031,2023G,,5250000,0,Belum Lunas,Loket Kampus
PAY0003322,22SI0032,2023G,2023-09-21,5250000,2100000,Cicilan,Transfer Bank
PAY0003323,22SI0033,2023G,2023-09-14,5250000,5250000,Lunas,E-Wallet
PAY0003324,22SI0034,2023G,12/09/2023,5250000,2700000,Cicilan,Transfer Bank
PAY0003325,22SI0035,2023G,03/10/2023,5250000,5250000,Lunas,Transfer Bank
PAY0003326,22SI0036,2023G,2023-08-28,5250000,5250000,Lunas,VA Bank
PAY0003327,22SI0037,2023G,26-Sep-2023,5250000,5250000,Lunas,Loket Kampus
PAY0003328,22SI0038,2023G,2023-09-05,5250000,5250000,Lunas,VA Bank
PAY0003329,22SI0039,2023G,2023-09-13,5250000,5250000,Lunas,Transfer Bank
PAY0003330,22SI0040,2023G,2023-09-30,5250000,5250000,Lunas,VA Bank
PAY0003331,22SI0041,2023G,01/09/2023,5250000,5250000,Lunas,Transfer Bank
PAY0003332,22SI0042,2023G,2023-08-26,5250000,5250000,Lunas,E-Wallet
PAY0003333,22SI0043,2023G,2023-09-25,5250000,5250000,Lunas,E-Wallet
PAY0003334,22SI0044,2023G,2023-08-26,5250000,5250000,Lunas,Loket Kampus
PAY0003335,22SI0045,2023G,2023-09-18,5250000,2100000,Cicilan,E-Wallet
PAY0003336,22SI0046,2023G,2023-08-31,5250000,5250000,Lunas,Transfer Bank
PAY0003337,22SI0047,2023G,2023-08-26,5250000,5250000,Lunas,Transfer Bank
PAY0003338,22SI0048,2023G,11/09/2023,5250000,5250000,Lunas,Transfer Bank
PAY0003339,22SI0049,2023G,2023-09-30,5250000,5250000,Lunas,Loket Kampus
PAY0003340,22SI0050,2023G,2023-09-17,5250000,5250000,Lunas,E-Wallet
PAY0003341,22SI0051,2023G,2023-09-27,5250000,5250000,Lunas,VA Bank
PAY0003342,22SI0052,2023G,2023-09-10,5250000,5250000,Lunas,Transfer Bank
PAY0003343,22SI0053,2023G,28-Sep-2023,5250000,5250000,Lunas,VA Bank
PAY0003344,22SI0054,2023G,2023-09-30,5250000,3900000,Cicilan,VA Bank
PAY0003345,22SI0055,2023G,2023-08-20,5250000,5250000,Lunas,VA Bank
PAY0003346,22SI0056,2023G,2023-09-25,5250000,5250000,Lunas,VA Bank
PAY0003347,22SI0057,2023G,2023-08-25,5250000,2700000,Cicilan,VA Bank
PAY0003348,22SI0058,2023G,2023-09-06,5250000,5250000,Lunas,Loket Kampus
PAY0003349,22SI0059,2023G,2023-08-27,5250000,5250000,Lunas,Loket Kampus
PAY0003350,22SI0060,2023G,05/09/2023,5250000,5250000,Lunas,E-Wallet
PAY0003351,22SI0061,2023G,2023-09-26,5250000,3200000,Cicilan,Transfer Bank
PAY0003352,22SI0062,2023G,2023-08-24,5250000,5250000,Lunas,E-Wallet
PAY0003353,22SI0063,2023G,,5250000,0,Belum Lunas,E-Wallet
PAY0003354,22SI0064,2023G,2023-09-11,5250000,5250000,Lunas,Transfer Bank
PAY0003355,22SI0065,2023G,,5250000,5250000,Lunas,Loket Kampus
PAY0003356,22SI0066,2023G,,5250000,0,Belum Lunas,VA Bank
PAY0003357,22SI0067,2023G,02-Sep-2023,5250000,3000000,Cicilan,VA Bank
PAY0003358,22SI0068,2023G,27-Aug-2023,5250000,5250000,Lunas,Loket Kampus
PAY0003359,22SI0069,2023G,2023-09-18,5250000,5250000,Lunas,VA Bank
PAY0003360,22SI0070,2023G,03/10/2023,5250000,5250000,Lunas,E-Wallet
PAY0003361,22SI0071,2023G,2023-09-18,5250000,5250000,Lunas,Loket Kampus
PAY0003362,22SI0072,2023G,2023-09-23,5250000,2600000,Cicilan,VA Bank
PAY0003363,22SI0073,2023G,22/08/2023,5250000,5250000,Lunas,E-Wallet
PAY0003364,22SI0074,2023G,2023-10-04,5250000,5250000,Lunas,Loket Kampus
PAY0003365,22SI0075,2023G,2023-10-01,5250000,5250000,Lunas,Transfer Bank
PAY0003366,22SI0076,2023G,,5250000,0,Belum Lunas,Loket Kampus
PAY0003367,22SI0077,2023G,2023-08-28,5250000,5250000,Lunas,E-Wallet
PAY0003368,22SI0078,2023G,2023-09-03,5250000,5250000,Lunas,Transfer Bank
PAY0003369,22SI0079,2023G,2023-09-14,5250000,5250000,Lunas,Loket Kampus
PAY0003370,22SI0080,2023G,2023-08-21,5250000,3300000,Cicilan,VA Bank
PAY0003371,22SI0081,2023G,24/09/2023,5250000,3900000,Cicilan,Transfer Bank
PAY0003372,22SI0082,2023G,2023-08-29,5250000,5250000,Lunas,E-Wallet
PAY0003373,22SI0083,2023G,2023-09-20,5250000,5250000,Lunas,VA Bank
PAY0003374,22SI0084,2023G,13-Sep-2023,5250000,5250000,Lunas,E-Wallet
PAY0003375,22SI0085,2023G,2023-09-12,5250000,5250000,Lunas,E-Wallet
PAY0003376,22IF0001,2023G,09/09/2023,5750000,5750000,Lunas,E-Wallet
PAY0003377,22IF0002,2023G,2023-10-01,5750000,5750000,Lunas,Transfer Bank
PAY0003378,22IF0003,2023G,2023-09-12,5750000,3900000,Cicilan,VA Bank
PAY0003379,22IF0004,2023G,2023-08-28,5750000,5750000,Lunas,Transfer Bank
PAY0003380,22IF0005,2023G,2023-09-30,5750000,5750000,Lunas,E-Wallet
PAY0003381,22IF0006,2023G,2023-09-29,5750000,5750000,Lunas,E-Wallet
PAY0003382,22IF0007,2023G,21-Aug-2023,5750000,5750000,Lunas,Loket Kampus
PAY0003383,22IF0008,2023G,2023-08-25,5750000,5750000,Lunas,VA Bank
PAY0003384,22IF0009,2023G,,5750000,0,Belum Lunas,Loket Kampus
PAY0003385,22IF0010,2023G,25/09/2023,5750000,5750000,Lunas,Transfer Bank
PAY0003386,22IF0011,2023G,2023-08-22,5750000,5750000,Lunas,VA Bank
PAY0003387,22IF0012,2023G,2023-10-03,5750000,5750000,Lunas,Transfer Bank
PAY0003388,22IF0013,2023G,28/09/2023,5750000,5750000,Lunas,Transfer Bank
PAY0003389,22IF0014,2023G,2023-10-02,5750000,5750000,Lunas,Loket Kampus
PAY0003390,22IF0015,2023G,2023-10-02,5750000,5750000,Lunas,E-Wallet
PAY0003391,22IF0016,2023G,2023-09-26,5750000,5750000,Lunas,E-Wallet
PAY0003392,22IF0017,2023G,2023-08-20,5750000,5750000,Lunas,VA Bank
PAY0003393,22IF0018,2023G,2023-09-24,5750000,5750000,Lunas,Loket Kampus
PAY0003394,22IF0019,2023G,2023-08-25,5750000,5750000,Lunas,E-Wallet
PAY0003395,22IF0020,2023G,2023-08-22,5750000,5750000,Lunas,Transfer Bank
PAY0003396,22IF0021,2023G,2023-08-23,5750000,5750000,Lunas,Loket Kampus
PAY0003397,22IF0022,2023G,2023-09-27,5750000,5750000,Lunas,VA Bank
PAY0003398,22IF0023,2023G,2023-09-09,5750000,5750000,Lunas,Transfer Bank
PAY0003399,22IF0024,2023G,2023-09-06,5750000,5750000,Lunas,Transfer Bank
PAY0003400,22IF0025,2023G,2023-09-02,5750000,5750000,Lunas,Loket Kampus
PAY0003401,22IF0026,2023G,2023-10-03,5750000,5750000,Lunas,Loket Kampus
PAY0003402,22IF0027,2023G,2023-09-10,5750000,5750000,Lunas,Loket Kampus
PAY0003403,22IF0028,2023G,2023-10-04,5750000,3400000,Cicilan,E-Wallet
PAY0003404,22IF0029,2023G,2023-09-22,5750000,5750000,Lunas,VA Bank
PAY0003405,22IF0030,2023G,22/08/2023,5750000,5750000,Lunas,Transfer Bank
PAY0003406,22IF0031,2023G,2023-08-26,5750000,5750000,Lunas,Transfer Bank
PAY0003407,22IF0032,2023G,2023-08-27,5750000,5750000,Lunas,Transfer Bank
PAY0003408,22IF0033,2023G,2023-08-29,5750000,5750000,Lunas,VA Bank
PAY0003409,22IF0034,2023G,2023-09-27,5750000,5750000,Lunas,Transfer Bank
PAY0003410,22IF0035,2023G,2023-09-30,5750000,3400000,Cicilan,Transfer Bank
PAY0003411,22IF0036,2023G,21/08/2023,5750000,5750000,Lunas,E-Wallet
PAY0003412,22IF0037,2023G,16/09/2023,5750000,5750000,Lunas,VA Bank
PAY0003413,22IF0038,2023G,,5750000,0,Belum Lunas,VA Bank
PAY0003414,22IF0039,2023G,02/09/2023,5750000,2200000,Cicilan,VA Bank
PAY0003415,22IF0040,2023G,2023-09-02,5750000,5750000,Lunas,Loket Kampus
PAY0003416,22IF0041,2023G,11-Sep-2023,5750000,2100000,Cicilan,E-Wallet
PAY0003417,22IF0042,2023G,2023-08-26,5750000,5750000,Lunas,Loket Kampus
PAY0003418,22IF0043,2023G,2023-09-20,5750000,5750000,Lunas,E-Wallet
PAY0003419,22IF0044,2023G,2023-09-07,5750000,5750000,Lunas,Transfer Bank
PAY0003420,22IF0045,2023G,2023-08-30,5750000,5750000,Lunas,E-Wallet
PAY0003421,22IF0046,2023G,2023-09-02,5750000,5750000,Lunas,VA Bank
PAY0003422,22IF0047,2023G,2023-08-20,5750000,5750000,Lunas,Loket Kampus
PAY0003423,22IF0048,2023G,2023-09-06,5750000,5750000,Lunas,VA Bank
PAY0003424,22IF0049,2023G,21-Sep-2023,5750000,5750000,Lunas,VA Bank
PAY0003425,22IF0050,2023G,2023-10-03,5750000,5750000,Lunas,E-Wallet
PAY0003426,22IF0051,2023G,2023-09-10,5750000,5750000,Lunas,E-Wallet
PAY0003427,22IF0052,2023G,29/09/2023,5750000,5750000,Lunas,E-Wallet
PAY0003428,22IF0053,2023G,2023-09-12,5750000,5750000,Lunas,Transfer Bank
PAY0003429,22IF0054,2023G,2023-09-23,5750000,5750000,Lunas,Loket Kampus
PAY0003430,22IF0055,2023G,19/09/2023,5750000,5750000,Lunas,VA Bank
PAY0003431,22IF0056,2023G,2023-09-19,5750000,3000000,Cicilan,VA Bank
PAY0003432,22IF0057,2023G,07/09/2023,5750000,5750000,Lunas,Loket Kampus
PAY0003433,22IF0058,2023G,2023-09-26,5750000,5750000,Lunas,Transfer Bank
PAY0003434,22IF0059,2023G,2023-08-28,5750000,3400000,Cicilan,VA Bank
PAY0003435,22IF0060,2023G,2023-10-03,5750000,5750000,Lunas,E-Wallet
PAY0003436,22IF0061,2023G,,5750000,0,Belum Lunas,Loket Kampus
PAY0003437,22IF0062,2023G,2023-09-24,5750000,5750000,Lunas,Loket Kampus
PAY0003438,22IF0063,2023G,2023-09-21,5750000,5750000,Lunas,Loket Kampus
PAY0003439,22IF0064,2023G,2023-09-18,5750000,3200000,Cicilan,E-Wallet
PAY0003440,22IF0065,2023G,27/09/2023,5750000,5750000,Lunas,VA Bank
PAY0003441,22IF0066,2023G,2023-09-27,5750000,5750000,Lunas,VA Bank
PAY0003442,22IF0067,2023G,14-Sep-2023,5750000,5750000,Lunas,Loket Kampus
PAY0003443,22IF0068,2023G,2023-09-10,5750000,5750000,Lunas,E-Wallet
PAY0003444,22IF0069,2023G,,5750000,0,Belum Lunas,Transfer Bank
PAY0003445,22IF0070,2023G,2023-08-21,5750000,5750000,Lunas,E-Wallet
PAY0003446,22IF0071,2023G,2023-09-08,5750000,5750000,Lunas,Transfer Bank
PAY0003447,22IF0072,2023G,,5750000,0,Belum Lunas,E-Wallet
PAY0003448,22IF0073,2023G,2023-08-22,5750000,3200000,Cicilan,Transfer Bank
PAY0003449,22IF0074,2023G,2023-09-11,5750000,5750000,Lunas,Transfer Bank
PAY0003450,22IF0075,2023G,2023-09-16,5750000,5750000,Lunas,Loket Kampus
PAY0003451,22IF0076,2023G,05/09/2023,5750000,5750000,Lunas,Transfer Bank
PAY0003452,22IF0077,2023G,2023-08-25,5750000,5750000,Lunas,Loket Kampus
PAY0003453,22IF0078,2023G,22/09/2023,5750000,2300000,Cicilan,Loket Kampus
PAY0003454,22IF0079,2023G,04/10/2023,5750000,5750000,Lunas,Loket Kampus
PAY0003455,22IF0080,2023G,11-Sep-2023,5750000,5750000,Lunas,Loket Kampus
PAY0003456,22IF0081,2023G,2023-08-28,5750000,5750000,Lunas,Loket Kampus
PAY0003457,22IF0082,2023G,2023-10-02,5750000,5750000,Lunas,Transfer Bank
PAY0003458,22IF0083,2023G,2023-09-30,5750000,5750000,Lunas,VA Bank
PAY0003459,22IF0084,2023G,28-Aug-2023,5750000,2200000,Cicilan,Loket Kampus
PAY0003460,22IF0085,2023G,2023-08-29,5750000,5750000,Lunas,E-Wallet
PAY0003461,22IF0086,2023G,2023-10-01,5750000,5750000,Lunas,VA Bank
PAY0003462,22IF0087,2023G,2023-09-17,5750000,5750000,Lunas,Loket Kampus
PAY0003463,22IF0088,2023G,03/09/2023,5750000,5750000,Lunas,Loket Kampus
PAY0003464,22IF0089,2023G,2023-08-23,5750000,5750000,Lunas,Transfer Bank
PAY0003465,22IF0090,2023G,2023-08-29,5750000,5750000,Lunas,Loket Kampus
PAY0003466,22DS0001,2023G,2023-08-26,6000000,6000000,Lunas,VA Bank
PAY0003467,22DS0002,2023G,2023-09-13,6000000,6000000,Lunas,E-Wallet
PAY0003468,22DS0003,2023G,2023-09-05,6000000,6000000,Lunas,VA Bank
PAY0003469,22DS0004,2023G,2023-09-29,6000000,6000000,Lunas,E-Wallet
PAY0003470,22DS0005,2023G,23/09/2023,6000000,6000000,Lunas,E-Wallet
PAY0003471,22DS0006,2023G,12/09/2023,6000000,3400000,Cicilan,VA Bank
PAY0003472,22DS0007,2023G,2023-08-31,6000000,6000000,Lunas,Loket Kampus
PAY0003473,22DS0008,2023G,2023-09-25,6000000,6000000,Lunas,VA Bank
PAY0003474,22DS0009,2023G,2023-08-26,6000000,4000000,Cicilan,Transfer Bank
PAY0003475,22DS0010,2023G,01/10/2023,6000000,6000000,Lunas,Transfer Bank
PAY0003476,22DS0011,2023G,,6000000,0,Belum Lunas,VA Bank
PAY0003477,22DS0012,2023G,11-Sep-2023,6000000,6000000,Lunas,Transfer Bank
PAY0003478,22DS0013,2023G,2023-09-06,6000000,6000000,Lunas,VA Bank
PAY0003479,22DS0014,2023G,2023-08-25,6000000,4400000,Cicilan,E-Wallet
PAY0003480,22DS0015,2023G,2023-09-05,6000000,6000000,Lunas,E-Wallet
PAY0003481,22DS0016,2023G,2023-09-02,6000000,6000000,Lunas,Loket Kampus
PAY0003482,22DS0017,2023G,2023-09-11,6000000,6000000,Lunas,Loket Kampus
PAY0003483,22DS0018,2023G,24-Sep-2023,6000000,6000000,Lunas,VA Bank
PAY0003484,22DS0019,2023G,2023-09-08,6000000,6000000,Lunas,E-Wallet
PAY0003485,22DS0020,2023G,2023-08-23,6000000,2300000,Cicilan,E-Wallet
PAY0003486,22DS0021,2023G,15-Sep-2023,6000000,6000000,Lunas,Loket Kampus
PAY0003487,22DS0022,2023G,,6000000,0,Belum Lunas,E-Wallet
PAY0003488,22DS0023,2023G,,6000000,0,Belum Lunas,E-Wallet
PAY0003489,22DS0024,2023G,30/09/2023,6000000,6000000,Lunas,Transfer Bank
PAY0003490,22DS0025,2023G,16-Sep-2023,6000000,6000000,Lunas,VA Bank
PAY0003491,22DS0026,2023G,2023-08-30,6000000,6000000,Lunas,Loket Kampus
PAY0003492,22DS0027,2023G,2023-09-06,6000000,6000000,Lunas,Transfer Bank
PAY0003493,22DS0028,2023G,2023-08-30,6000000,6000000,Lunas,VA Bank
PAY0003494,22DS0029,2023G,2023-09-14,6000000,3200000,Cicilan,Transfer Bank
PAY0003495,22DS0030,2023G,2023-09-06,6000000,6000000,Lunas,Loket Kampus
PAY0003496,22DS0031,2023G,2023-09-08,6000000,6000000,Lunas,E-Wallet
PAY0003497,22DS0032,2023G,2023-10-04,6000000,6000000,Lunas,Transfer Bank
PAY0003498,22DS0033,2023G,2023-09-13,6000000,6000000,Lunas,E-Wallet
PAY0003499,22DS0034,2023G,2023-09-19,6000000,3800000,Cicilan,E-Wallet
PAY0003500,22DS0035,2023G,2023-09-28,6000000,6000000,Lunas,VA Bank
PAY0003501,22DS0036,2023G,2023-09-06,6000000,6000000,Lunas,Loket Kampus
PAY0003502,22DS0037,2023G,2023-09-07,6000000,6000000,Lunas,VA Bank
PAY0003503,22DS0038,2023G,2023-09-12,6000000,6000000,Lunas,Loket Kampus
PAY0003504,22DS0039,2023G,28-Aug-2023,6000000,6000000,Lunas,VA Bank
PAY0003505,22DS0040,2023G,2023-09-05,6000000,6000000,Lunas,Transfer Bank
PAY0003506,22DS0041,2023G,2023-09-14,6000000,6000000,Lunas,Transfer Bank
PAY0003507,22DS0042,2023G,2023-10-03,6000000,2900000,Cicilan,Transfer Bank
PAY0003508,22DS0043,2023G,2023-08-20,6000000,6000000,Lunas,E-Wallet
PAY0003509,22DS0044,2023G,2023-08-27,6000000,2400000,Cicilan,Transfer Bank
PAY0003510,22DS0045,2023G,2023-08-27,6000000,6000000,Lunas,E-Wallet
PAY0003511,22DS0046,2023G,30/09/2023,6000000,6000000,Lunas,Loket Kampus
PAY0003512,22DS0047,2023G,2023-09-08,6000000,6000000,Lunas,Loket Kampus
PAY0003513,22DS0048,2023G,,6000000,0,Belum Lunas,E-Wallet
PAY0003514,22DS0049,2023G,2023-09-10,6000000,6000000,Lunas,Transfer Bank
PAY0003515,22DS0050,2023G,2023-09-04,6000000,6000000,Lunas,Loket Kampus
PAY0003516,22DS0051,2023G,27/08/2023,6000000,6000000,Lunas,Loket Kampus
PAY0003517,22DS0052,2023G,19-Sep-2023,6000000,6000000,Lunas,E-Wallet
PAY0003518,22DS0053,2023G,21/09/2023,6000000,6000000,Lunas,Transfer Bank
PAY0003519,22DS0054,2023G,22-Sep-2023,6000000,6000000,Lunas,VA Bank
PAY0003520,22DS0055,2023G,27/08/2023,6000000,6000000,Lunas,Loket Kampus
PAY0003521,22DS0056,2023G,2023-09-06,6000000,6000000,Lunas,Loket Kampus
PAY0003522,22DS0057,2023G,2023-08-25,6000000,6000000,Lunas,E-Wallet
PAY0003523,22DS0058,2023G,18-Sep-2023,6000000,6000000,Lunas,Loket Kampus
PAY0003524,22DS0059,2023G,2023-09-18,6000000,6000000,Lunas,VA Bank
PAY0003525,22DS0060,2023G,07/09/2023,6000000,6000000,Lunas,Transfer Bank
PAY0003526,22DS0061,2023G,2023-09-22,6000000,6000000,Lunas,Loket Kampus
PAY0003527,22DS0062,2023G,2023-09-11,6000000,6000000,Lunas,Transfer Bank
PAY0003528,22DS0063,2023G,2023-09-02,6000000,6000000,Lunas,VA Bank
PAY0003529,22DS0064,2023G,2023-09-17,6000000,6000000,Lunas,E-Wallet
PAY0003530,22DS0065,2023G,2023-08-21,6000000,6000000,Lunas,VA Bank
PAY0003531,22DS0066,2023G,2023-09-21,6000000,6000000,Lunas,E-Wallet
PAY0003532,22DS0067,2023G,2023-09-03,6000000,6000000,Lunas,Loket Kampus
PAY0003533,22DS0068,2023G,2023-09-17,6000000,6000000,Lunas,Transfer Bank
PAY0003534,22DS0069,2023G,2023-09-19,6000000,6000000,Lunas,Transfer Bank
PAY0003535,22DS0070,2023G,2023-09-01,6000000,6000000,Lunas,E-Wallet
PAY0003536,22DS0071,2023G,2023-08-26,6000000,6000000,Lunas,Transfer Bank
PAY0003537,22TR0001,2023G,25/09/2023,5700000,5700000,Lunas,VA Bank
PAY0003538,22TR0002,2023G,2023-08-29,5700000,2700000,Cicilan,Transfer Bank
PAY0003539,22TR0003,2023G,2023-10-01,5700000,5700000,Lunas,VA Bank
PAY0003540,22TR0004,2023G,07-Sep-2023,5700000,5700000,Lunas,E-Wallet
PAY0003541,22TR0005,2023G,2023-09-27,5700000,5700000,Lunas,VA Bank
PAY0003542,22TR0006,2023G,2023-08-23,5700000,5700000,Lunas,Transfer Bank
PAY0003543,22TR0007,2023G,2023-08-31,5700000,5700000,Lunas,E-Wallet
PAY0003544,22TR0008,2023G,02/09/2023,5700000,5700000,Lunas,Transfer Bank
PAY0003545,22TR0009,2023G,2023-10-01,5700000,5700000,Lunas,Transfer Bank
PAY0003546,22TR0010,2023G,2023-10-04,5700000,5700000,Lunas,Transfer Bank
PAY0003547,22TR0011,2023G,2023-09-26,5700000,5700000,Lunas,E-Wallet
PAY0003548,22TR0012,2023G,2023-08-20,5700000,5700000,Lunas,Loket Kampus
PAY0003549,22TR0013,2023G,2023-09-25,5700000,5700000,Lunas,VA Bank
PAY0003550,22TR0014,2023G,11/09/2023,5700000,5700000,Lunas,VA Bank
PAY0003551,22TR0015,2023G,2023-09-08,5700000,5700000,Lunas,VA Bank
PAY0003552,22TR0016,2023G,2023-09-23,5700000,5700000,Lunas,Transfer Bank
PAY0003553,22TR0017,2023G,22/09/2023,5700000,5700000,Lunas,VA Bank
PAY0003554,22TR0018,2023G,2023-10-02,5700000,5700000,Lunas,VA Bank
PAY0003555,22TR0019,2023G,27-Aug-2023,5700000,5700000,Lunas,Loket Kampus
PAY0003556,22TR0020,2023G,2023-08-20,5700000,3800000,Cicilan,Loket Kampus
PAY0003557,22TR0021,2023G,2023-08-29,5700000,5700000,Lunas,E-Wallet
PAY0003558,22TR0022,2023G,2023-08-27,5700000,5700000,Lunas,E-Wallet
PAY0003559,22TR0023,2023G,04/09/2023,5700000,5700000,Lunas,Transfer Bank
PAY0003560,22TR0024,2023G,2023-08-28,5700000,5700000,Lunas,E-Wallet
PAY0003561,22TR0025,2023G,2023-09-13,5700000,5700000,Lunas,VA Bank
PAY0003562,22TR0026,2023G,28/09/2023,5700000,5700000,Lunas,E-Wallet
PAY0003563,22TR0027,2023G,2023-09-06,5700000,5700000,Lunas,Loket Kampus
PAY0003564,22TR0028,2023G,2023-08-23,5700000,5700000,Lunas,Loket Kampus
PAY0003565,22TR0029,2023G,2023-09-20,5700000,2500000,Cicilan,Loket Kampus
PAY0003566,22TR0030,2023G,12-Sep-2023,5700000,5700000,Lunas,Loket Kampus
PAY0003567,22TR0031,2023G,2023-09-28,5700000,5700000,Lunas,Transfer Bank
PAY0003568,22TR0032,2023G,2023-09-19,5700000,5700000,Lunas,Loket Kampus
PAY0003569,22TR0033,2023G,2023-09-13,5700000,5700000,Lunas,E-Wallet
PAY0003570,22TR0034,2023G,2023-10-02,5700000,5700000,Lunas,E-Wallet
PAY0003571,22TR0035,2023G,2023-08-21,5700000,5700000,Lunas,VA Bank
PAY0003572,22TR0036,2023G,2023-09-30,5700000,5700000,Lunas,Transfer Bank
PAY0003573,22TR0037,2023G,2023-09-24,5700000,5700000,Lunas,Transfer Bank
PAY0003574,22TR0038,2023G,2023-10-03,5700000,5700000,Lunas,E-Wallet
PAY0003575,22TR0039,2023G,2023-10-03,5700000,5700000,Lunas,Transfer Bank
PAY0003576,22TR0040,2023G,2023-09-06,5700000,5700000,Lunas,VA Bank
PAY0003577,22TR0041,2023G,2023-08-31,5700000,5700000,Lunas,E-Wallet
PAY0003578,22TR0042,2023G,,5700000,0,Belum Lunas,E-Wallet
PAY0003579,22TR0043,2023G,2023-09-05,5700000,5700000,Lunas,VA Bank
PAY0003580,22TR0044,2023G,23/08/2023,5700000,5700000,Lunas,VA Bank
PAY0003581,22TR0045,2023G,26-Aug-2023,5700000,5700000,Lunas,Transfer Bank
PAY0003582,22TR0046,2023G,2023-08-25,5700000,5700000,Lunas,E-Wallet
PAY0003583,22TR0047,2023G,,5700000,0,Belum Lunas,Loket Kampus
PAY0003584,22TR0048,2023G,2023-09-19,5700000,5700000,Lunas,E-Wallet
PAY0003585,22TR0049,2023G,29-Aug-2023,5700000,5700000,Lunas,Loket Kampus
PAY0003586,22TR0050,2023G,2023-09-16,5700000,5700000,Lunas,Transfer Bank
PAY0003587,22TR0051,2023G,10/09/2023,5700000,2000000,Cicilan,Transfer Bank
PAY0003588,22TR0052,2023G,2023-09-25,5700000,5700000,Lunas,E-Wallet
PAY0003589,22TR0053,2023G,21/08/2023,5700000,5700000,Lunas,VA Bank
PAY0003590,22TR0054,2023G,2023-09-08,5700000,5700000,Lunas,Transfer Bank
PAY0003591,22TR0055,2023G,2023-08-24,5700000,5700000,Lunas,VA Bank
PAY0003592,22TR0056,2023G,2023-09-04,5700000,5700000,Lunas,Loket Kampus
PAY0003593,22TR0057,2023G,2023-09-30,5700000,5700000,Lunas,Loket Kampus
PAY0003594,22TR0058,2023G,2023-08-30,5700000,5700000,Lunas,E-Wallet
PAY0003595,22TR0059,2023G,2023-08-22,5700000,5700000,Lunas,Transfer Bank
PAY0003596,22TR0060,2023G,2023-08-20,5700000,5700000,Lunas,E-Wallet
PAY0003597,22TR0061,2023G,2023-09-08,5700000,5700000,Lunas,E-Wallet
PAY0003598,22TR0062,2023G,2023-10-04,5700000,5700000,Lunas,Transfer Bank
PAY0003599,22TR0063,2023G,24-Sep-2023,5700000,5700000,Lunas,VA Bank
PAY0003600,22TR0064,2023G,2023-09-07,5700000,2900000,Cicilan,Transfer Bank
PAY0003601,22TR0065,2023G,2023-10-03,5700000,5700000,Lunas,E-Wallet
PAY0003602,22TR0066,2023G,2023-09-09,5700000,5700000,Lunas,Transfer Bank
PAY0003603,22TR0067,2023G,2023-09-20,5700000,5700000,Lunas,Loket Kampus
PAY0003604,22TR0068,2023G,,5700000,0,Belum Lunas,VA Bank
PAY0003605,22BD0001,2023G,2023-08-21,5000000,5000000,Lunas,E-Wallet
PAY0003606,22BD0002,2023G,25/09/2023,5000000,5000000,Lunas,Loket Kampus
PAY0003607,22BD0003,2023G,2023-08-24,5000000,5000000,Lunas,Loket Kampus
PAY0003608,22BD0004,2023G,2023-08-31,5000000,5000000,Lunas,E-Wallet
PAY0003609,22BD0005,2023G,2023-10-02,5000000,5000000,Lunas,Transfer Bank
PAY0003610,22BD0006,2023G,18/09/2023,5000000,5000000,Lunas,Transfer Bank
PAY0003611,22BD0007,2023G,12-Sep-2023,5000000,5000000,Lunas,VA Bank
PAY0003612,22BD0008,2023G,2023-09-20,5000000,5000000,Lunas,Transfer Bank
PAY0003613,22BD0009,2023G,2023-09-14,5000000,5000000,Lunas,Loket Kampus
PAY0003614,22BD0010,2023G,2023-08-23,5000000,5000000,Lunas,VA Bank
PAY0003615,22BD0011,2023G,2023-09-08,5000000,5000000,Lunas,VA Bank
PAY0003616,22BD0012,2023G,31/08/2023,5000000,5000000,Lunas,E-Wallet
PAY0003617,22BD0013,2023G,2023-10-03,5000000,3700000,Cicilan,VA Bank
PAY0003618,22BD0014,2023G,24/09/2023,5000000,5000000,Lunas,VA Bank
PAY0003619,22BD0015,2023G,2023-08-29,5000000,5000000,Lunas,E-Wallet
PAY0003620,22BD0016,2023G,2023-09-07,5000000,5000000,Lunas,Loket Kampus
PAY0003621,22BD0017,2023G,2023-09-21,5000000,5000000,Lunas,Transfer Bank
PAY0003622,22BD0018,2023G,23/09/2023,5000000,5000000,Lunas,VA Bank
PAY0003623,22BD0019,2023G,2023-08-28,5000000,5000000,Lunas,Transfer Bank
PAY0003624,22BD0020,2023G,2023-10-01,5000000,5000000,Lunas,E-Wallet
PAY0003625,22BD0021,2023G,21-Aug-2023,5000000,5000000,Lunas,Loket Kampus
PAY0003626,22BD0022,2023G,,5000000,0,Belum Lunas,Loket Kampus
PAY0003627,22BD0023,2023G,2023-09-01,5000000,5000000,Lunas,VA Bank
PAY0003628,22BD0024,2023G,2023-09-14,5000000,5000000,Lunas,E-Wallet
PAY0003629,22BD0025,2023G,2023-09-05,5000000,5000000,Lunas,E-Wallet
PAY0003630,22BD0026,2023G,2023-08-20,5000000,1800000,Cicilan,Loket Kampus
PAY0003631,22BD0027,2023G,2023-08-20,5000000,5000000,Lunas,E-Wallet
PAY0003632,22BD0028,2023G,2023-08-27,5000000,5000000,Lunas,Loket Kampus
PAY0003633,22BD0029,2023G,2023-09-18,5000000,5000000,Lunas,Transfer Bank
PAY0003634,22BD0030,2023G,2023-08-27,5000000,2000000,Cicilan,VA Bank
PAY0003635,22BD0031,2023G,2023-09-18,5000000,5000000,Lunas,E-Wallet
PAY0003636,22BD0032,2023G,2023-08-26,5000000,5000000,Lunas,Transfer Bank
PAY0003637,22BD0033,2023G,2023-10-01,5000000,5000000,Lunas,VA Bank
PAY0003638,22BD0034,2023G,2023-09-03,5000000,5000000,Lunas,Loket Kampus
PAY0003639,22BD0035,2023G,,5000000,0,Belum Lunas,Transfer Bank
PAY0003640,22BD0036,2023G,26/09/2023,5000000,5000000,Lunas,VA Bank
PAY0003641,22BD0037,2023G,27/08/2023,5000000,5000000,Lunas,E-Wallet
PAY0003642,22BD0038,2023G,2023-09-09,5000000,5000000,Lunas,Loket Kampus
PAY0003643,22BD0039,2023G,03/10/2023,5000000,5000000,Lunas,VA Bank
PAY0003644,22BD0040,2023G,2023-09-01,5000000,3600000,Cicilan,Loket Kampus
PAY0003645,22BD0041,2023G,2023-09-15,5000000,5000000,Lunas,Loket Kampus
PAY0003646,22BD0042,2023G,2023-09-12,5000000,5000000,Lunas,Transfer Bank
PAY0003647,22BD0043,2023G,27-Aug-2023,5000000,2000000,Cicilan,Loket Kampus
PAY0003648,22BD0044,2023G,06-Sep-2023,5000000,5000000,Lunas,E-Wallet
PAY0003649,22BD0045,2023G,2023-08-20,5000000,5000000,Lunas,E-Wallet
PAY0003650,22BD0046,2023G,2023-09-05,5000000,5000000,Lunas,E-Wallet
PAY0003651,22BD0047,2023G,2023-09-27,5000000,5000000,Lunas,Transfer Bank
PAY0003652,22BD0048,2023G,2023-09-17,5000000,5000000,Lunas,VA Bank
PAY0003653,22BD0049,2023G,2023-10-03,5000000,5000000,Lunas,Transfer Bank
PAY0003654,22BD0050,2023G,2023-09-19,5000000,5000000,Lunas,VA Bank
PAY0003655,22BD0051,2023G,2023-10-01,5000000,2700000,Cicilan,Loket Kampus
PAY0003656,22BD0052,2023G,2023-09-14,5000000,5000000,Lunas,E-Wallet
PAY0003657,22BD0053,2023G,06/09/2023,5000000,5000000,Lunas,Transfer Bank
PAY0003658,22BD0054,2023G,2023-09-18,5000000,5000000,Lunas,VA Bank
PAY0003659,22BD0055,2023G,2023-08-25,5000000,5000000,Lunas,VA Bank
PAY0003660,22BD0056,2023G,2023-09-13,5000000,5000000,Lunas,VA Bank
PAY0003661,22BD0057,2023G,2023-09-26,5000000,5000000,Lunas,E-Wallet
PAY0003662,22BD0058,2023G,2023-08-21,5000000,5000000,Lunas,Transfer Bank
PAY0003663,22BD0059,2023G,2023-09-30,5000000,5000000,Lunas,E-Wallet
PAY0003664,22BD0060,2023G,2023-09-19,5000000,5000000,Lunas,Transfer Bank
PAY0003665,22BD0061,2023G,,5000000,0,Belum Lunas,Loket Kampus
PAY0003666,22BD0062,2023G,2023-09-21,5000000,5000000,Lunas,Loket Kampus
PAY0003667,22BD0063,2023G,2023-09-30,5000000,5000000,Lunas,Transfer Bank
PAY0003668,22BD0064,2023G,29/09/2023,5000000,5000000,Lunas,E-Wallet
PAY0003669,22BD0065,2023G,2023-08-31,5000000,5000000,Lunas,VA Bank
PAY0003670,22BD0066,2023G,,5000000,0,Belum Lunas,VA Bank
PAY0003671,22BD0067,2023G,2023-09-12,5000000,3700000,Cicilan,E-Wallet
PAY0003672,22BD0068,2023G,05-Sep-2023,5000000,2900000,Cicilan,Loket Kampus
PAY0003673,22BD0069,2023G,28/08/2023,5000000,5000000,Lunas,Loket Kampus
PAY0003674,22BD0070,2023G,20/08/2023,5000000,5000000,Lunas,Loket Kampus
PAY0003675,22BD0071,2023G,2023-09-17,5000000,5000000,Lunas,Loket Kampus
PAY0003676,23TI0001,2023G,23/08/2023,5500000,5500000,Lunas,VA Bank
PAY0003677,23TI0002,2023G,2023-09-23,5500000,5500000,Lunas,VA Bank
PAY0003678,23TI0003,2023G,2023-09-02,5500000,5500000,Lunas,Transfer Bank
PAY0003679,23TI0004,2023G,2023-09-27,5500000,5500000,Lunas,Loket Kampus
PAY0003680,23TI0005,2023G,2023-08-26,5500000,5500000,Lunas,Loket Kampus
PAY0003681,23TI0006,2023G,2023-09-11,5500000,5500000,Lunas,Transfer Bank
PAY0003682,23TI0007,2023G,17/09/2023,5500000,3700000,Cicilan,Loket Kampus
PAY0003683,23TI0008,2023G,2023-08-29,5500000,5500000,Lunas,Loket Kampus
PAY0003684,23TI0009,2023G,2023-08-20,5500000,5500000,Lunas,Loket Kampus
PAY0003685,23TI0010,2023G,21/09/2023,5500000,5500000,Lunas,VA Bank
PAY0003686,23TI0011,2023G,2023-09-19,5500000,5500000,Lunas,Transfer Bank
PAY0003687,23TI0012,2023G,,5500000,0,Belum Lunas,VA Bank
PAY0003688,23TI0013,2023G,20/09/2023,5500000,5500000,Lunas,Transfer Bank
PAY0003689,23TI0014,2023G,2023-08-29,5500000,5500000,Lunas,E-Wallet
PAY0003690,23TI0015,2023G,30/09/2023,5500000,5500000,Lunas,Loket Kampus
PAY0003691,23TI0016,2023G,2023-09-12,5500000,5500000,Lunas,E-Wallet
PAY0003692,23TI0017,2023G,2023-09-09,5500000,3500000,Cicilan,E-Wallet
PAY0003693,23TI0018,2023G,12/09/2023,5500000,5500000,Lunas,Transfer Bank
PAY0003694,23TI0019,2023G,24-Aug-2023,5500000,5500000,Lunas,E-Wallet
PAY0003695,23TI0020,2023G,2023-09-19,5500000,5500000,Lunas,Loket Kampus
PAY0003696,23TI0021,2023G,25-Aug-2023,5500000,5500000,Lunas,Transfer Bank
PAY0003697,23TI0022,2023G,2023-09-07,5500000,5500000,Lunas,Transfer Bank
PAY0003698,23TI0023,2023G,2023-08-21,5500000,5500000,Lunas,Transfer Bank
PAY0003699,23TI0024,2023G,2023-08-22,5500000,5500000,Lunas,Transfer Bank
PAY0003700,23TI0025,2023G,2023-09-16,5500000,5500000,Lunas,Transfer Bank
PAY0003701,23TI0026,2023G,2023-09-08,5500000,5500000,Lunas,VA Bank
PAY0003702,23TI0027,2023G,2023-09-27,5500000,5500000,Lunas,Transfer Bank
PAY0003703,23TI0028,2023G,2023-08-28,5500000,5500000,Lunas,VA Bank
PAY0003704,23TI0029,2023G,2023-09-23,5500000,5500000,Lunas,E-Wallet
PAY0003705,23TI0030,2023G,08-Sep-2023,5500000,5500000,Lunas,Loket Kampus
PAY0003706,23TI0031,2023G,2023-09-11,5500000,5500000,Lunas,VA Bank
PAY0003707,23TI0032,2023G,2023-08-25,5500000,5500000,Lunas,Transfer Bank
PAY0003708,23TI0033,2023G,2023-09-06,5500000,5500000,Lunas,E-Wallet
PAY0003709,23TI0034,2023G,2023-09-04,5500000,5500000,Lunas,Transfer Bank
PAY0003710,23TI0035,2023G,18/09/2023,5500000,5500000,Lunas,Transfer Bank
PAY0003711,23TI0036,2023G,2023-09-15,5500000,5500000,Lunas,E-Wallet
PAY0003712,23TI0037,2023G,04/10/2023,5500000,5500000,Lunas,Loket Kampus
PAY0003713,23TI0038,2023G,04/09/2023,5500000,5500000,Lunas,VA Bank
PAY0003714,23TI0039,2023G,2023-09-17,5500000,5500000,Lunas,Loket Kampus
PAY0003715,23TI0040,2023G,02/09/2023,5500000,5500000,Lunas,VA Bank
PAY0003716,23TI0041,2023G,2023-09-25,5500000,5500000,Lunas,Loket Kampus
PAY0003717,23TI0042,2023G,2023-08-24,5500000,5500000,Lunas,E-Wallet
PAY0003718,23TI0043,2023G,10/09/2023,5500000,5500000,Lunas,VA Bank
PAY0003719,23TI0044,2023G,2023-09-21,5500000,5500000,Lunas,VA Bank
PAY0003720,23TI0045,2023G,24/08/2023,5500000,5500000,Lunas,Loket Kampus
PAY0003721,23TI0046,2023G,2023-09-27,5500000,5500000,Lunas,Transfer Bank
PAY0003722,23TI0047,2023G,2023-09-28,5500000,5500000,Lunas,E-Wallet
PAY0003723,23TI0048,2023G,2023-09-17,5500000,5500000,Lunas,E-Wallet
PAY0003724,23TI0049,2023G,04-Oct-2023,5500000,5500000,Lunas,Transfer Bank
PAY0003725,23TI0050,2023G,,5500000,0,Belum Lunas,E-Wallet
PAY0003726,23TI0051,2023G,2023-08-22,5500000,5500000,Lunas,E-Wallet
PAY0003727,23TI0052,2023G,2023-09-08,5500000,5500000,Lunas,Loket Kampus
PAY0003728,23TI0053,2023G,2023-09-28,5500000,4100000,Cicilan,Loket Kampus
PAY0003729,23TI0054,2023G,2023-09-21,5500000,5500000,Lunas,Loket Kampus
PAY0003730,23TI0055,2023G,25/09/2023,5500000,5500000,Lunas,E-Wallet
PAY0003731,23TI0056,2023G,2023-09-02,5500000,5500000,Lunas,E-Wallet
PAY0003732,23TI0057,2023G,03/10/2023,5500000,3100000,Cicilan,VA Bank
PAY0003733,23TI0058,2023G,2023-08-22,5500000,2700000,Cicilan,Loket Kampus
PAY0003734,23TI0059,2023G,2023-09-24,5500000,5500000,Lunas,Transfer Bank
PAY0003735,23TI0060,2023G,2023-09-30,5500000,5500000,Lunas,Loket Kampus
PAY0003736,23TI0061,2023G,20/09/2023,5500000,5500000,Lunas,Transfer Bank
PAY0003737,23TI0062,2023G,28-Aug-2023,5500000,5500000,Lunas,VA Bank
PAY0003738,23TI0063,2023G,2023-08-24,5500000,5500000,Lunas,Loket Kampus
PAY0003739,23TI0064,2023G,2023-09-23,5500000,5500000,Lunas,VA Bank
PAY0003740,23TI0065,2023G,05/09/2023,5500000,5500000,Lunas,VA Bank
PAY0003741,23TI0066,2023G,,5500000,0,Belum Lunas,Transfer Bank
PAY0003742,23TI0067,2023G,2023-10-01,5500000,5500000,Lunas,E-Wallet
PAY0003743,23TI0068,2023G,2023-10-03,5500000,5500000,Lunas,E-Wallet
PAY0003744,23TI0069,2023G,2023-09-17,5500000,5500000,Lunas,VA Bank
PAY0003745,23TI0070,2023G,2023-09-21,5500000,5500000,Lunas,VA Bank
PAY0003746,23TI0071,2023G,2023-09-06,5500000,5500000,Lunas,Loket Kampus
PAY0003747,23TI0072,2023G,2023-09-22,5500000,5500000,Lunas,Transfer Bank
PAY0003748,23TI0073,2023G,03-Sep-2023,5500000,5500000,Lunas,Transfer Bank
PAY0003749,23TI0074,2023G,2023-09-24,5500000,2400000,Cicilan,VA Bank
PAY0003750,23TI0075,2023G,2023-08-24,5500000,5500000,Lunas,E-Wallet
PAY0003751,23TI0076,2023G,2023-10-01,5500000,5500000,Lunas,Transfer Bank
PAY0003752,23TI0077,2023G,2023-09-02,5500000,5500000,Lunas,Transfer Bank
PAY0003753,23TI0078,2023G,31/08/2023,5500000,5500000,Lunas,VA Bank
PAY0003754,23TI0079,2023G,11-Sep-2023,5500000,3400000,Cicilan,Loket Kampus
PAY0003755,23TI0080,2023G,08/09/2023,5500000,5500000,Lunas,Transfer Bank
PAY0003756,23TI0081,2023G,2023-09-08,5500000,5500000,Lunas,E-Wallet
PAY0003757,23TI0082,2023G,28-Sep-2023,5500000,5500000,Lunas,VA Bank
PAY0003758,23TI0083,2023G,2023-09-02,5500000,5500000,Lunas,VA Bank
PAY0003759,23TI0084,2023G,2023-08-30,5500000,5500000,Lunas,Transfer Bank
PAY0003760,23TI0085,2023G,2023-09-12,5500000,5500000,Lunas,E-Wallet
PAY0003761,23TI0086,2023G,2023-09-18,5500000,5500000,Lunas,VA Bank
PAY0003762,23TI0087,2023G,2023-09-07,5500000,5500000,Lunas,E-Wallet
PAY0003763,23TI0088,2023G,23-Aug-2023,5500000,3500000,Cicilan,E-Wallet
PAY0003764,23TI0089,2023G,2023-09-28,5500000,5500000,Lunas,Loket Kampus
PAY0003765,23TI0090,2023G,2023-09-27,5500000,5500000,Lunas,E-Wallet
PAY0003766,23TI0091,2023G,,5500000,0,Belum Lunas,Loket Kampus
PAY0003767,23TI0092,2023G,2023-09-11,5500000,5500000,Lunas,Transfer Bank
PAY0003768,23TI0093,2023G,08-Sep-2023,5500000,5500000,Lunas,VA Bank
PAY0003769,23TI0094,2023G,2023-09-07,5500000,5500000,Lunas,Transfer Bank
PAY0003770,23TI0095,2023G,2023-09-21,5500000,4000000,Cicilan,VA Bank
PAY0003771,23SI0001,2023G,2023-09-26,5250000,5250000,Lunas,E-Wallet
PAY0003772,23SI0002,2023G,27-Aug-2023,5250000,5250000,Lunas,E-Wallet
PAY0003773,23SI0003,2023G,2023-09-30,5250000,2700000,Cicilan,E-Wallet
PAY0003774,23SI0004,2023G,2023-09-03,5250000,2800000,Cicilan,Transfer Bank
PAY0003775,23SI0005,2023G,02/10/2023,5250000,5250000,Lunas,Loket Kampus
PAY0003776,23SI0006,2023G,04/09/2023,5250000,5250000,Lunas,VA Bank
PAY0003777,23SI0007,2023G,2023-09-17,5250000,5250000,Lunas,Loket Kampus
PAY0003778,23SI0008,2023G,2023-09-20,5250000,5250000,Lunas,Loket Kampus
PAY0003779,23SI0009,2023G,2023-09-11,5250000,5250000,Lunas,Loket Kampus
PAY0003780,23SI0010,2023G,,5250000,0,Belum Lunas,E-Wallet
PAY0003781,23SI0011,2023G,2023-09-06,5250000,5250000,Lunas,Transfer Bank
PAY0003782,23SI0012,2023G,,5250000,0,Belum Lunas,Transfer Bank
PAY0003783,23SI0013,2023G,2023-10-01,5250000,5250000,Lunas,VA Bank
PAY0003784,23SI0014,2023G,2023-08-29,5250000,5250000,Lunas,Transfer Bank
PAY0003785,23SI0015,2023G,01-Oct-2023,5250000,5250000,Lunas,Transfer Bank
PAY0003786,23SI0016,2023G,2023-09-24,5250000,2300000,Cicilan,Loket Kampus
PAY0003787,23SI0017,2023G,2023-09-06,5250000,3800000,Cicilan,Loket Kampus
PAY0003788,23SI0018,2023G,2023-09-16,5250000,5250000,Lunas,Loket Kampus
PAY0003789,23SI0019,2023G,2023-08-25,5250000,3300000,Cicilan,Transfer Bank
PAY0003790,23SI0020,2023G,,5250000,0,Belum Lunas,Loket Kampus
PAY0003791,23SI0021,2023G,25/09/2023,5250000,5250000,Lunas,VA Bank
PAY0003792,23SI0022,2023G,2023-09-23,5250000,5250000,Lunas,Transfer Bank
PAY0003793,23SI0023,2023G,2023-09-21,5250000,5250000,Lunas,E-Wallet
PAY0003794,23SI0024,2023G,2023-08-25,5250000,5250000,Lunas,Loket Kampus
PAY0003795,23SI0025,2023G,2023-09-26,5250000,1900000,Cicilan,VA Bank
PAY0003796,23SI0026,2023G,25/08/2023,5250000,5250000,Lunas,E-Wallet
PAY0003797,23SI0027,2023G,20-Sep-2023,5250000,5250000,Lunas,VA Bank
PAY0003798,23SI0028,2023G,,5250000,0,Belum Lunas,Transfer Bank
PAY0003799,23SI0029,2023G,06/09/2023,5250000,5250000,Lunas,E-Wallet
PAY0003800,23SI0030,2023G,2023-08-31,5250000,5250000,Lunas,Transfer Bank
PAY0003801,23SI0031,2023G,2023-09-15,5250000,5250000,Lunas,E-Wallet
PAY0003802,23SI0032,2023G,02-Oct-2023,5250000,5250000,Lunas,Transfer Bank
PAY0003803,23SI0033,2023G,2023-08-25,5250000,5250000,Lunas,Loket Kampus
PAY0003804,23SI0034,2023G,2023-08-28,5250000,5250000,Lunas,Loket Kampus
PAY0003805,23SI0035,2023G,2023-09-17,5250000,5250000,Lunas,E-Wallet
PAY0003806,23SI0036,2023G,2023-09-28,5250000,2400000,Cicilan,Transfer Bank
PAY0003807,23SI0037,2023G,2023-09-02,5250000,5250000,Lunas,Transfer Bank
PAY0003808,23SI0038,2023G,2023-09-20,5250000,5250000,Lunas,VA Bank
PAY0003809,23SI0039,2023G,2023-08-26,5250000,5250000,Lunas,E-Wallet
PAY0003810,23SI0040,2023G,2023-08-23,5250000,5250000,Lunas,Loket Kampus
PAY0003811,23SI0041,2023G,08/09/2023,5250000,3500000,Cicilan,Loket Kampus
PAY0003812,23SI0042,2023G,2023-09-29,5250000,5250000,Lunas,VA Bank
PAY0003813,23SI0043,2023G,2023-09-28,5250000,5250000,Lunas,Transfer Bank
PAY0003814,23SI0044,2023G,2023-09-17,5250000,5250000,Lunas,VA Bank
PAY0003815,23SI0045,2023G,2023-10-01,5250000,5250000,Lunas,Loket Kampus
PAY0003816,23SI0046,2023G,04/10/2023,5250000,5250000,Lunas,E-Wallet
PAY0003817,23SI0047,2023G,07/09/2023,5250000,5250000,Lunas,VA Bank
PAY0003818,23SI0048,2023G,12/09/2023,5250000,5250000,Lunas,Transfer Bank
PAY0003819,23SI0049,2023G,2023-09-12,5250000,5250000,Lunas,Loket Kampus
PAY0003820,23SI0050,2023G,2023-09-17,5250000,5250000,Lunas,VA Bank
PAY0003821,23SI0051,2023G,07/09/2023,5250000,5250000,Lunas,E-Wallet
PAY0003822,23SI0052,2023G,2023-09-14,5250000,5250000,Lunas,Transfer Bank
PAY0003823,23SI0053,2023G,2023-08-26,5250000,5250000,Lunas,E-Wallet
PAY0003824,23SI0054,2023G,2023-09-21,5250000,5250000,Lunas,Loket Kampus
PAY0003825,23SI0055,2023G,28-Aug-2023,5250000,5250000,Lunas,E-Wallet
PAY0003826,23SI0056,2023G,2023-09-09,5250000,5250000,Lunas,Loket Kampus
PAY0003827,23SI0057,2023G,,5250000,0,Belum Lunas,Transfer Bank
PAY0003828,23SI0058,2023G,2023-09-01,5250000,3500000,Cicilan,VA Bank
PAY0003829,23SI0059,2023G,,5250000,0,Belum Lunas,E-Wallet
PAY0003830,23SI0060,2023G,2023-09-16,5250000,5250000,Lunas,Transfer Bank
PAY0003831,23SI0061,2023G,2023-09-19,5250000,5250000,Lunas,E-Wallet
PAY0003832,23SI0062,2023G,2023-09-17,5250000,5250000,Lunas,E-Wallet
PAY0003833,23SI0063,2023G,2023-10-01,5250000,5250000,Lunas,E-Wallet
PAY0003834,23SI0064,2023G,28/09/2023,5250000,5250000,Lunas,Loket Kampus
PAY0003835,23SI0065,2023G,22/08/2023,5250000,5250000,Lunas,E-Wallet
PAY0003836,23SI0066,2023G,2023-09-04,5250000,5250000,Lunas,E-Wallet
PAY0003837,23SI0067,2023G,2023-08-27,5250000,5250000,Lunas,Loket Kampus
PAY0003838,23SI0068,2023G,2023-09-16,5250000,3300000,Cicilan,Loket Kampus
PAY0003839,23SI0069,2023G,2023-08-20,5250000,5250000,Lunas,Transfer Bank
PAY0003840,23SI0070,2023G,30-Aug-2023,5250000,5250000,Lunas,VA Bank
PAY0003841,23SI0071,2023G,28-Sep-2023,5250000,5250000,Lunas,VA Bank
PAY0003842,23SI0072,2023G,2023-08-26,5250000,5250000,Lunas,E-Wallet
PAY0003843,23SI0073,2023G,2023-09-17,5250000,5250000,Lunas,Loket Kampus
PAY0003844,23SI0074,2023G,2023-10-04,5250000,5250000,Lunas,Loket Kampus
PAY0003845,23SI0075,2023G,2023-09-10,5250000,3100000,Cicilan,Loket Kampus
PAY0003846,23SI0076,2023G,2023-09-22,5250000,5250000,Lunas,VA Bank
PAY0003847,23SI0077,2023G,2023-09-22,5250000,3100000,Cicilan,VA Bank
PAY0003848,23SI0078,2023G,2023-09-20,5250000,5250000,Lunas,VA Bank
PAY0003849,23SI0079,2023G,21/09/2023,5250000,5250000,Lunas,VA Bank
PAY0003850,23SI0080,2023G,,5250000,0,Belum Lunas,Transfer Bank
PAY0003851,23SI0081,2023G,2023-09-13,5250000,5250000,Lunas,E-Wallet
PAY0003852,23SI0082,2023G,2023-09-07,5250000,5250000,Lunas,E-Wallet
PAY0003853,23SI0083,2023G,2023-08-25,5250000,5250000,Lunas,Transfer Bank
PAY0003854,23SI0084,2023G,2023-08-31,5250000,5250000,Lunas,Loket Kampus
PAY0003855,23SI0085,2023G,2023-09-06,5250000,5250000,Lunas,Transfer Bank
PAY0003856,23SI0086,2023G,2023-08-21,5250000,5250000,Lunas,Transfer Bank
PAY0003857,23SI0087,2023G,02/10/2023,5250000,5250000,Lunas,Loket Kampus
PAY0003858,23SI0088,2023G,2023-10-01,5250000,5250000,Lunas,Transfer Bank
PAY0003859,23SI0089,2023G,05-Sep-2023,5250000,5250000,Lunas,VA Bank
PAY0003860,23SI0090,2023G,2023-09-09,5250000,5250000,Lunas,Transfer Bank
PAY0003861,23IF0001,2023G,,5750000,0,Belum Lunas,VA Bank
PAY0003862,23IF0002,2023G,2023-09-02,5750000,5750000,Lunas,Transfer Bank
PAY0003863,23IF0003,2023G,2023-10-01,5750000,5750000,Lunas,Loket Kampus
PAY0003864,23IF0004,2023G,24/08/2023,5750000,4000000,Cicilan,Loket Kampus
PAY0003865,23IF0005,2023G,23/08/2023,5750000,5750000,Lunas,VA Bank
PAY0003866,23IF0006,2023G,2023-09-26,5750000,5750000,Lunas,Transfer Bank
PAY0003867,23IF0007,2023G,29-Aug-2023,5750000,5750000,Lunas,E-Wallet
PAY0003868,23IF0008,2023G,2023-08-29,5750000,5750000,Lunas,E-Wallet
PAY0003869,23IF0009,2023G,2023-09-16,5750000,5750000,Lunas,E-Wallet
PAY0003870,23IF0010,2023G,27/08/2023,5750000,5750000,Lunas,Transfer Bank
PAY0003871,23IF0011,2023G,2023-09-14,5750000,5750000,Lunas,E-Wallet
PAY0003872,23IF0012,2023G,2023-09-07,5750000,5750000,Lunas,E-Wallet
PAY0003873,23IF0013,2023G,2023-09-07,5750000,5750000,Lunas,Transfer Bank
PAY0003874,23IF0014,2023G,2023-08-27,5750000,5750000,Lunas,E-Wallet
PAY0003875,23IF0015,2023G,2023-08-31,5750000,5750000,Lunas,Transfer Bank
PAY0003876,23IF0016,2023G,2023-08-25,5750000,5750000,Lunas,VA Bank
PAY0003877,23IF0017,2023G,2023-09-09,5750000,5750000,Lunas,E-Wallet
PAY0003878,23IF0018,2023G,2023-09-29,5750000,5750000,Lunas,VA Bank
PAY0003879,23IF0019,2023G,2023-08-25,5750000,5750000,Lunas,Transfer Bank
PAY0003880,23IF0020,2023G,2023-10-02,5750000,2500000,Cicilan,VA Bank
PAY0003881,23IF0021,2023G,2023-09-02,5750000,5750000,Lunas,Transfer Bank
PAY0003882,23IF0022,2023G,2023-09-29,5750000,5750000,Lunas,Transfer Bank
PAY0003883,23IF0023,2023G,2023-09-28,5750000,5750000,Lunas,Transfer Bank
PAY0003884,23IF0024,2023G,,5750000,0,Belum Lunas,VA Bank
PAY0003885,23IF0025,2023G,2023-08-24,5750000,5750000,Lunas,VA Bank
PAY0003886,23IF0026,2023G,,5750000,0,Belum Lunas,VA Bank
PAY0003887,23IF0027,2023G,2023-09-28,5750000,5750000,Lunas,VA Bank
PAY0003888,23IF0028,2023G,,5750000,0,Belum Lunas,Loket Kampus
PAY0003889,23IF0029,2023G,2023-08-31,5750000,5750000,Lunas,Transfer Bank
PAY0003890,23IF0030,2023G,03-Oct-2023,5750000,5750000,Lunas,Transfer Bank
PAY0003891,23IF0031,2023G,2023-08-22,5750000,5750000,Lunas,VA Bank
PAY0003892,23IF0032,2023G,2023-08-29,5750000,5750000,Lunas,Loket Kampus
PAY0003893,23IF0033,2023G,2023-08-27,5750000,5750000,Lunas,VA Bank
PAY0003894,23IF0034,2023G,14/09/2023,5750000,5750000,Lunas,VA Bank
PAY0003895,23IF0035,2023G,2023-08-21,5750000,5750000,Lunas,Transfer Bank
PAY0003896,23IF0036,2023G,2023-09-12,5750000,5750000,Lunas,Loket Kampus
PAY0003897,23IF0037,2023G,2023-08-20,5750000,5750000,Lunas,Loket Kampus
PAY0003898,23IF0038,2023G,2023-09-24,5750000,5750000,Lunas,Loket Kampus
PAY0003899,23IF0039,2023G,2023-09-13,5750000,5750000,Lunas,Loket Kampus
PAY0003900,23IF0040,2023G,2023-09-23,5750000,5750000,Lunas,E-Wallet
PAY0003901,23IF0041,2023G,2023-09-21,5750000,5750000,Lunas,Transfer Bank
PAY0003902,23IF0042,2023G,2023-09-30,5750000,2700000,Cicilan,Transfer Bank
PAY0003903,23IF0043,2023G,22-Sep-2023,5750000,5750000,Lunas,VA Bank
PAY0003904,23IF0044,2023G,2023-09-08,5750000,5750000,Lunas,VA Bank
PAY0003905,23IF0045,2023G,2023-09-27,5750000,5750000,Lunas,Transfer Bank
PAY0003906,23IF0046,2023G,20/08/2023,5750000,5750000,Lunas,E-Wallet
PAY0003907,23IF0047,2023G,,5750000,0,Belum Lunas,VA Bank
PAY0003908,23IF0048,2023G,27/09/2023,5750000,5750000,Lunas,Loket Kampus
PAY0003909,23IF0049,2023G,12/09/2023,5750000,2400000,Cicilan,Transfer Bank
PAY0003910,23IF0050,2023G,2023-09-25,5750000,5750000,Lunas,Transfer Bank
PAY0003911,23IF0051,2023G,2023-08-29,5750000,5750000,Lunas,Transfer Bank
PAY0003912,23IF0052,2023G,2023-09-24,5750000,4000000,Cicilan,VA Bank
PAY0003913,23IF0053,2023G,2023-09-22,5750000,5750000,Lunas,E-Wallet
PAY0003914,23IF0054,2023G,2023-09-14,5750000,5750000,Lunas,Loket Kampus
PAY0003915,23IF0055,2023G,11/09/2023,5750000,3200000,Cicilan,VA Bank
PAY0003916,23IF0056,2023G,2023-09-17,5750000,5750000,Lunas,E-Wallet
PAY0003917,23IF0057,2023G,30-Sep-2023,5750000,5750000,Lunas,Transfer Bank
PAY0003918,23IF0058,2023G,2023-09-19,5750000,5750000,Lunas,Transfer Bank
PAY0003919,23IF0059,2023G,31-Aug-2023,5750000,5750000,Lunas,Transfer Bank
PAY0003920,23IF0060,2023G,06/09/2023,5750000,5750000,Lunas,E-Wallet
PAY0003921,23IF0061,2023G,2023-08-27,5750000,5750000,Lunas,Loket Kampus
PAY0003922,23IF0062,2023G,2023-09-07,5750000,5750000,Lunas,E-Wallet
PAY0003923,23IF0063,2023G,2023-08-22,5750000,5750000,Lunas,E-Wallet
PAY0003924,23IF0064,2023G,2023-09-02,5750000,5750000,Lunas,E-Wallet
PAY0003925,23IF0065,2023G,26-Sep-2023,5750000,5750000,Lunas,Transfer Bank
PAY0003926,23IF0066,2023G,2023-09-23,5750000,5750000,Lunas,VA Bank
PAY0003927,23IF0067,2023G,2023-09-27,5750000,5750000,Lunas,Transfer Bank
PAY0003928,23IF0068,2023G,2023-09-22,5750000,3200000,Cicilan,E-Wallet
PAY0003929,23IF0069,2023G,2023-09-07,5750000,5750000,Lunas,VA Bank
PAY0003930,23IF0070,2023G,24-Sep-2023,5750000,5750000,Lunas,Loket Kampus
PAY0003931,23IF0071,2023G,,5750000,0,Belum Lunas,E-Wallet
PAY0003932,23IF0072,2023G,21/08/2023,5750000,5750000,Lunas,Loket Kampus
PAY0003933,23IF0073,2023G,2023-10-02,5750000,2700000,Cicilan,Loket Kampus
PAY0003934,23IF0074,2023G,20/09/2023,5750000,5750000,Lunas,Loket Kampus
PAY0003935,23IF0075,2023G,16/09/2023,5750000,5750000,Lunas,Loket Kampus
PAY0003936,23IF0076,2023G,02/09/2023,5750000,5750000,Lunas,Loket Kampus
PAY0003937,23IF0077,2023G,2023-08-27,5750000,5750000,Lunas,VA Bank
PAY0003938,23IF0078,2023G,2023-09-03,5750000,5750000,Lunas,E-Wallet
PAY0003939,23IF0079,2023G,2023-08-22,5750000,5750000,Lunas,E-Wallet
PAY0003940,23IF0080,2023G,2023-09-04,5750000,5750000,Lunas,Loket Kampus
PAY0003941,23IF0081,2023G,2023-09-30,5750000,3900000,Cicilan,VA Bank
PAY0003942,23IF0082,2023G,2023-09-11,5750000,3100000,Cicilan,E-Wallet
PAY0003943,23IF0083,2023G,2023-08-26,5750000,5750000,Lunas,E-Wallet
PAY0003944,23IF0084,2023G,2023-10-01,5750000,5750000,Lunas,VA Bank
PAY0003945,23IF0085,2023G,13/09/2023,5750000,5750000,Lunas,Loket Kampus
PAY0003946,23IF0086,2023G,31/08/2023,5750000,5750000,Lunas,Loket Kampus
PAY0003947,23IF0087,2023G,2023-10-02,5750000,5750000,Lunas,Transfer Bank
PAY0003948,23IF0088,2023G,19-Sep-2023,5750000,5750000,Lunas,Transfer Bank
PAY0003949,23IF0089,2023G,2023-09-23,5750000,5750000,Lunas,Loket Kampus
PAY0003950,23IF0090,2023G,2023-09-24,5750000,5750000,Lunas,Transfer Bank
PAY0003951,23IF0091,2023G,2023-09-23,5750000,5750000,Lunas,VA Bank
PAY0003952,23IF0092,2023G,23-Sep-2023,5750000,5750000,Lunas,VA Bank
PAY0003953,23IF0093,2023G,2023-09-16,5750000,4200000,Cicilan,VA Bank
PAY0003954,23IF0094,2023G,14/09/2023,5750000,5750000,Lunas,Transfer Bank
PAY0003955,23IF0095,2023G,2023-09-03,5750000,5750000,Lunas,E-Wallet
PAY0003956,23DS0001,2023G,27/09/2023,6000000,6000000,Lunas,Transfer Bank
PAY0003957,23DS0002,2023G,2023-09-09,6000000,3400000,Cicilan,Transfer Bank
PAY0003958,23DS0003,2023G,2023-08-20,6000000,6000000,Lunas,E-Wallet
PAY0003959,23DS0004,2023G,2023-09-12,6000000,6000000,Lunas,Loket Kampus
PAY0003960,23DS0005,2023G,2023-08-29,6000000,3200000,Cicilan,Transfer Bank
PAY0003961,23DS0006,2023G,30/09/2023,6000000,6000000,Lunas,Transfer Bank
PAY0003962,23DS0007,2023G,2023-10-02,6000000,2600000,Cicilan,VA Bank
PAY0003963,23DS0008,2023G,2023-09-12,6000000,3300000,Cicilan,Transfer Bank
PAY0003964,23DS0009,2023G,2023-09-25,6000000,6000000,Lunas,VA Bank
PAY0003965,23DS0010,2023G,2023-10-03,6000000,6000000,Lunas,Loket Kampus
PAY0003966,23DS0011,2023G,2023-09-11,6000000,6000000,Lunas,Loket Kampus
PAY0003967,23DS0012,2023G,2023-09-30,6000000,6000000,Lunas,Loket Kampus
PAY0003968,23DS0013,2023G,2023-10-01,6000000,6000000,Lunas,VA Bank
PAY0003969,23DS0014,2023G,2023-10-03,6000000,6000000,Lunas,Loket Kampus
PAY0003970,23DS0015,2023G,2023-09-27,6000000,6000000,Lunas,E-Wallet
PAY0003971,23DS0016,2023G,07/09/2023,6000000,6000000,Lunas,Loket Kampus
PAY0003972,23DS0017,2023G,2023-09-28,6000000,6000000,Lunas,Loket Kampus
PAY0003973,23DS0018,2023G,09-Sep-2023,6000000,6000000,Lunas,Transfer Bank
PAY0003974,23DS0019,2023G,2023-08-31,6000000,6000000,Lunas,Loket Kampus
PAY0003975,23DS0020,2023G,04-Oct-2023,6000000,6000000,Lunas,Loket Kampus
PAY0003976,23DS0021,2023G,2023-09-22,6000000,6000000,Lunas,Transfer Bank
PAY0003977,23DS0022,2023G,2023-08-30,6000000,6000000,Lunas,Loket Kampus
PAY0003978,23DS0023,2023G,2023-09-17,6000000,6000000,Lunas,Transfer Bank
PAY0003979,23DS0024,2023G,2023-09-19,6000000,6000000,Lunas,VA Bank
PAY0003980,23DS0025,2023G,2023-10-03,6000000,6000000,Lunas,Transfer Bank
PAY0003981,23DS0026,2023G,06/09/2023,6000000,6000000,Lunas,Transfer Bank
PAY0003982,23DS0027,2023G,2023-08-23,6000000,6000000,Lunas,E-Wallet
PAY0003983,23DS0028,2023G,2023-09-09,6000000,4100000,Cicilan,VA Bank
PAY0003984,23DS0029,2023G,2023-10-02,6000000,6000000,Lunas,Transfer Bank
PAY0003985,23DS0030,2023G,2023-09-02,6000000,6000000,Lunas,VA Bank
PAY0003986,23DS0031,2023G,2023-08-31,6000000,6000000,Lunas,VA Bank
PAY0003987,23DS0032,2023G,2023-09-08,6000000,6000000,Lunas,E-Wallet
PAY0003988,23DS0033,2023G,2023-09-30,6000000,6000000,Lunas,E-Wallet
PAY0003989,23DS0034,2023G,30/09/2023,6000000,3500000,Cicilan,VA Bank
PAY0003990,23DS0035,2023G,2023-09-11,6000000,4300000,Cicilan,Loket Kampus
PAY0003991,23DS0036,2023G,2023-09-02,6000000,2900000,Cicilan,VA Bank
PAY0003992,23DS0037,2023G,2023-09-11,6000000,6000000,Lunas,E-Wallet
PAY0003993,23DS0038,2023G,07/09/2023,6000000,6000000,Lunas,Transfer Bank
PAY0003994,23DS0039,2023G,22/09/2023,6000000,6000000,Lunas,Transfer Bank
PAY0003995,23DS0040,2023G,2023-09-05,6000000,6000000,Lunas,VA Bank
PAY0003996,23DS0041,2023G,24/08/2023,6000000,2900000,Cicilan,E-Wallet
PAY0003997,23DS0042,2023G,17/09/2023,6000000,6000000,Lunas,Loket Kampus
PAY0003998,23DS0043,2023G,28/08/2023,6000000,6000000,Lunas,Transfer Bank
PAY0003999,23DS0044,2023G,2023-09-16,6000000,6000000,Lunas,VA Bank
PAY0004000,23DS0045,2023G,02-Oct-2023,6000000,6000000,Lunas,Loket Kampus
PAY0004001,23DS0046,2023G,30-Aug-2023,6000000,6000000,Lunas,Transfer Bank
PAY0004002,23DS0047,2023G,01-Sep-2023,6000000,6000000,Lunas,Transfer Bank
PAY0004003,23DS0048,2023G,2023-09-07,6000000,6000000,Lunas,Transfer Bank
PAY0004004,23DS0049,2023G,2023-09-23,6000000,2900000,Cicilan,VA Bank
PAY0004005,23DS0050,2023G,2023-09-25,6000000,4200000,Cicilan,Loket Kampus
PAY0004006,23DS0051,2023G,2023-08-25,6000000,6000000,Lunas,Loket Kampus
PAY0004007,23DS0052,2023G,24/08/2023,6000000,6000000,Lunas,E-Wallet
PAY0004008,23DS0053,2023G,2023-08-27,6000000,6000000,Lunas,Transfer Bank
PAY0004009,23DS0054,2023G,2023-09-23,6000000,4000000,Cicilan,E-Wallet
PAY0004010,23DS0055,2023G,25/09/2023,6000000,6000000,Lunas,Transfer Bank
PAY0004011,23DS0056,2023G,2023-09-21,6000000,6000000,Lunas,VA Bank
PAY0004012,23DS0057,2023G,16-Sep-2023,6000000,6000000,Lunas,E-Wallet
PAY0004013,23DS0058,2023G,2023-09-29,6000000,6000000,Lunas,E-Wallet
PAY0004014,23DS0059,2023G,2023-08-25,6000000,6000000,Lunas,VA Bank
PAY0004015,23DS0060,2023G,2023-08-31,6000000,6000000,Lunas,Transfer Bank
PAY0004016,23DS0061,2023G,2023-09-08,6000000,6000000,Lunas,Transfer Bank
PAY0004017,23DS0062,2023G,,6000000,0,Belum Lunas,Loket Kampus
PAY0004018,23DS0063,2023G,02/09/2023,6000000,6000000,Lunas,E-Wallet
PAY0004019,23DS0064,2023G,04/09/2023,6000000,6000000,Lunas,Transfer Bank
PAY0004020,23DS0065,2023G,2023-08-31,6000000,6000000,Lunas,VA Bank
PAY0004021,23DS0066,2023G,2023-10-04,6000000,6000000,Lunas,Loket Kampus
PAY0004022,23DS0067,2023G,25-Sep-2023,6000000,6000000,Lunas,E-Wallet
PAY0004023,23DS0068,2023G,2023-09-12,6000000,6000000,Lunas,E-Wallet
PAY0004024,23DS0069,2023G,2023-10-01,6000000,2700000,Cicilan,E-Wallet
PAY0004025,23DS0070,2023G,2023-09-06,6000000,6000000,Lunas,VA Bank
PAY0004026,23DS0071,2023G,2023-09-07,6000000,6000000,Lunas,Transfer Bank
PAY0004027,23DS0072,2023G,2023-09-27,6000000,6000000,Lunas,E-Wallet
PAY0004028,23DS0073,2023G,2023-09-28,6000000,6000000,Lunas,E-Wallet
PAY0004029,23DS0074,2023G,24/08/2023,6000000,6000000,Lunas,Transfer Bank
PAY0004030,23DS0075,2023G,01/10/2023,6000000,6000000,Lunas,Loket Kampus
PAY0004031,23TR0001,2023G,2023-09-03,5700000,5700000,Lunas,Loket Kampus
PAY0004032,23TR0002,2023G,08/09/2023,5700000,5700000,Lunas,E-Wallet
PAY0004033,23TR0003,2023G,2023-09-25,5700000,5700000,Lunas,Transfer Bank
PAY0004034,23TR0004,2023G,2023-09-02,5700000,5700000,Lunas,Loket Kampus
PAY0004035,23TR0005,2023G,2023-08-20,5700000,5700000,Lunas,E-Wallet
PAY0004036,23TR0006,2023G,2023-10-02,5700000,5700000,Lunas,E-Wallet
PAY0004037,23TR0007,2023G,2023-10-04,5700000,3800000,Cicilan,Transfer Bank
PAY0004038,23TR0008,2023G,26/08/2023,5700000,5700000,Lunas,VA Bank
PAY0004039,23TR0009,2023G,2023-10-04,5700000,5700000,Lunas,Loket Kampus
PAY0004040,23TR0010,2023G,2023-09-16,5700000,5700000,Lunas,Loket Kampus
PAY0004041,23TR0011,2023G,2023-08-25,5700000,5700000,Lunas,E-Wallet
PAY0004042,23TR0012,2023G,2023-09-21,5700000,5700000,Lunas,E-Wallet
PAY0004043,23TR0013,2023G,2023-09-06,5700000,5700000,Lunas,VA Bank
PAY0004044,23TR0014,2023G,2023-09-14,5700000,5700000,Lunas,Transfer Bank
PAY0004045,23TR0015,2023G,2023-08-26,5700000,5700000,Lunas,Loket Kampus
PAY0004046,23TR0016,2023G,06/09/2023,5700000,5700000,Lunas,VA Bank
PAY0004047,23TR0017,2023G,2023-08-24,5700000,5700000,Lunas,Loket Kampus
PAY0004048,23TR0018,2023G,07/09/2023,5700000,5700000,Lunas,Loket Kampus
PAY0004049,23TR0019,2023G,2023-08-26,5700000,5700000,Lunas,Loket Kampus
PAY0004050,23TR0020,2023G,2023-10-04,5700000,5700000,Lunas,E-Wallet
PAY0004051,23TR0021,2023G,30-Aug-2023,5700000,5700000,Lunas,E-Wallet
PAY0004052,23TR0022,2023G,2023-08-30,5700000,5700000,Lunas,VA Bank
PAY0004053,23TR0023,2023G,26-Aug-2023,5700000,5700000,Lunas,Loket Kampus
PAY0004054,23TR0024,2023G,2023-09-02,5700000,5700000,Lunas,VA Bank
PAY0004055,23TR0025,2023G,26/09/2023,5700000,3500000,Cicilan,Loket Kampus
PAY0004056,23TR0026,2023G,18-Sep-2023,5700000,5700000,Lunas,Transfer Bank
PAY0004057,23TR0027,2023G,2023-09-08,5700000,5700000,Lunas,Transfer Bank
PAY0004058,23TR0028,2023G,28/09/2023,5700000,5700000,Lunas,E-Wallet
PAY0004059,23TR0029,2023G,2023-08-30,5700000,5700000,Lunas,E-Wallet
PAY0004060,23TR0030,2023G,2023-08-23,5700000,5700000,Lunas,Loket Kampus
PAY0004061,23TR0031,2023G,2023-08-27,5700000,5700000,Lunas,Loket Kampus
PAY0004062,23TR0032,2023G,2023-09-16,5700000,5700000,Lunas,VA Bank
PAY0004063,23TR0033,2023G,,5700000,0,Belum Lunas,Loket Kampus
PAY0004064,23TR0034,2023G,29-Aug-2023,5700000,5700000,Lunas,Loket Kampus
PAY0004065,23TR0035,2023G,2023-09-02,5700000,5700000,Lunas,VA Bank
PAY0004066,23TR0036,2023G,2023-09-11,5700000,5700000,Lunas,VA Bank
PAY0004067,23TR0037,2023G,2023-09-17,5700000,2700000,Cicilan,VA Bank
PAY0004068,23TR0038,2023G,29/09/2023,5700000,5700000,Lunas,VA Bank
PAY0004069,23TR0039,2023G,20/08/2023,5700000,5700000,Lunas,VA Bank
PAY0004070,23TR0040,2023G,03-Oct-2023,5700000,5700000,Lunas,Transfer Bank
PAY0004071,23TR0041,2023G,2023-09-21,5700000,5700000,Lunas,Transfer Bank
PAY0004072,23TR0042,2023G,15/09/2023,5700000,5700000,Lunas,VA Bank
PAY0004073,23TR0043,2023G,29/08/2023,5700000,5700000,Lunas,VA Bank
PAY0004074,23TR0044,2023G,2023-10-02,5700000,5700000,Lunas,VA Bank
PAY0004075,23TR0045,2023G,03/09/2023,5700000,5700000,Lunas,Transfer Bank
PAY0004076,23TR0046,2023G,2023-09-25,5700000,5700000,Lunas,VA Bank
PAY0004077,23TR0047,2023G,05/09/2023,5700000,5700000,Lunas,VA Bank
PAY0004078,23TR0048,2023G,,5700000,5700000,Lunas,Transfer Bank
PAY0004079,23TR0049,2023G,2023-09-04,5700000,5700000,Lunas,E-Wallet
PAY0004080,23TR0050,2023G,2023-10-02,5700000,5700000,Lunas,Transfer Bank
PAY0004081,23TR0051,2023G,13/09/2023,5700000,5700000,Lunas,Transfer Bank
PAY0004082,23TR0052,2023G,16-Sep-2023,5700000,5700000,Lunas,Transfer Bank
PAY0004083,23TR0053,2023G,2023-10-02,5700000,5700000,Lunas,Loket Kampus
PAY0004084,23TR0054,2023G,2023-09-13,5700000,5700000,Lunas,Transfer Bank
PAY0004085,23TR0055,2023G,01-Oct-2023,5700000,5700000,Lunas,Loket Kampus
PAY0004086,23TR0056,2023G,2023-08-24,5700000,5700000,Lunas,Transfer Bank
PAY0004087,23TR0057,2023G,30/08/2023,5700000,2400000,Cicilan,E-Wallet
PAY0004088,23TR0058,2023G,2023-10-03,5700000,5700000,Lunas,E-Wallet
PAY0004089,23TR0059,2023G,2023-09-03,5700000,5700000,Lunas,VA Bank
PAY0004090,23TR0060,2023G,2023-08-22,5700000,5700000,Lunas,VA Bank
PAY0004091,23TR0061,2023G,03-Sep-2023,5700000,5700000,Lunas,Loket Kampus
PAY0004092,23TR0062,2023G,2023-08-27,5700000,5700000,Lunas,Loket Kampus
PAY0004093,23TR0063,2023G,2023-10-02,5700000,5700000,Lunas,VA Bank
PAY0004094,23TR0064,2023G,2023-09-23,5700000,5700000,Lunas,Loket Kampus
PAY0004095,23TR0065,2023G,2023-09-12,5700000,5700000,Lunas,E-Wallet
PAY0004096,23TR0066,2023G,2023-09-03,5700000,5700000,Lunas,E-Wallet
PAY0004097,23TR0067,2023G,2023-08-25,5700000,5700000,Lunas,Loket Kampus
PAY0004098,23TR0068,2023G,24/09/2023,5700000,5700000,Lunas,Transfer Bank
PAY0004099,23TR0069,2023G,2023-08-26,5700000,5700000,Lunas,Transfer Bank
PAY0004100,23TR0070,2023G,14-Sep-2023,5700000,3800000,Cicilan,Transfer Bank
PAY0004101,23BD0001,2023G,2023-08-27,5000000,5000000,Lunas,E-Wallet
PAY0004102,23BD0002,2023G,2023-09-12,5000000,5000000,Lunas,E-Wallet
PAY0004103,23BD0003,2023G,2023-09-17,5000000,1900000,Cicilan,E-Wallet
PAY0004104,23BD0004,2023G,2023-09-19,5000000,5000000,Lunas,VA Bank
PAY0004105,23BD0005,2023G,28-Sep-2023,5000000,5000000,Lunas,VA Bank
PAY0004106,23BD0006,2023G,2023-08-23,5000000,5000000,Lunas,Loket Kampus
PAY0004107,23BD0007,2023G,2023-09-30,5000000,5000000,Lunas,E-Wallet
PAY0004108,23BD0008,2023G,2023-09-15,5000000,3400000,Cicilan,E-Wallet
PAY0004109,23BD0009,2023G,2023-10-01,5000000,5000000,Lunas,Loket Kampus
PAY0004110,23BD0010,2023G,13-Sep-2023,5000000,5000000,Lunas,VA Bank
PAY0004111,23BD0011,2023G,20-Sep-2023,5000000,5000000,Lunas,E-Wallet
PAY0004112,23BD0012,2023G,2023-09-09,5000000,5000000,Lunas,Transfer Bank
PAY0004113,23BD0013,2023G,2023-08-21,5000000,5000000,Lunas,E-Wallet
PAY0004114,23BD0014,2023G,2023-08-25,5000000,5000000,Lunas,Loket Kampus
PAY0004115,23BD0015,2023G,2023-09-18,5000000,5000000,Lunas,E-Wallet
PAY0004116,23BD0016,2023G,04-Oct-2023,5000000,5000000,Lunas,Transfer Bank
PAY0004117,23BD0017,2023G,2023-09-06,5000000,5000000,Lunas,E-Wallet
PAY0004118,23BD0018,2023G,2023-08-20,5000000,5000000,Lunas,E-Wallet
PAY0004119,23BD0019,2023G,2023-09-28,5000000,3200000,Cicilan,Loket Kampus
PAY0004120,23BD0020,2023G,,5000000,0,Belum Lunas,Loket Kampus
PAY0004121,23BD0021,2023G,2023-08-24,5000000,2100000,Cicilan,VA Bank
PAY0004122,23BD0022,2023G,2023-09-30,5000000,5000000,Lunas,Loket Kampus
PAY0004123,23BD0023,2023G,2023-09-22,5000000,5000000,Lunas,E-Wallet
PAY0004124,23BD0024,2023G,2023-08-29,5000000,5000000,Lunas,E-Wallet
PAY0004125,23BD0025,2023G,2023-08-25,5000000,5000000,Lunas,Transfer Bank
PAY0004126,23BD0026,2023G,17/09/2023,5000000,5000000,Lunas,E-Wallet
PAY0004127,23BD0027,2023G,21/08/2023,5000000,5000000,Lunas,E-Wallet
PAY0004128,23BD0028,2023G,2023-08-23,5000000,5000000,Lunas,VA Bank
PAY0004129,23BD0029,2023G,30/08/2023,5000000,5000000,Lunas,E-Wallet
PAY0004130,23BD0030,2023G,2023-08-24,5000000,2800000,Cicilan,Transfer Bank
PAY0004131,23BD0031,2023G,15/09/2023,5000000,5000000,Lunas,Loket Kampus
PAY0004132,23BD0032,2023G,2023-09-26,5000000,3100000,Cicilan,Transfer Bank
PAY0004133,23BD0033,2023G,2023-09-19,5000000,5000000,Lunas,E-Wallet
PAY0004134,23BD0034,2023G,2023-09-05,5000000,5000000,Lunas,VA Bank
PAY0004135,23BD0035,2023G,2023-09-26,5000000,5000000,Lunas,E-Wallet
PAY0004136,23BD0036,2023G,2023-08-26,5000000,5000000,Lunas,Loket Kampus
PAY0004137,23BD0037,2023G,,5000000,0,Belum Lunas,Transfer Bank
PAY0004138,23BD0038,2023G,20-Sep-2023,5000000,5000000,Lunas,Transfer Bank
PAY0004139,23BD0039,2023G,2023-09-16,5000000,5000000,Lunas,Transfer Bank
PAY0004140,23BD0040,2023G,20/09/2023,5000000,5000000,Lunas,Transfer Bank
PAY0004141,23BD0041,2023G,2023-08-28,5000000,5000000,Lunas,Loket Kampus
PAY0004142,23BD0042,2023G,2023-09-06,5000000,5000000,Lunas,Loket Kampus
PAY0004143,23BD0043,2023G,2023-09-25,5000000,5000000,Lunas,Loket Kampus
PAY0004144,23BD0044,2023G,2023-09-12,5000000,5000000,Lunas,Loket Kampus
PAY0004145,23BD0045,2023G,2023-09-24,5000000,5000000,Lunas,VA Bank
PAY0004146,23BD0046,2023G,04/09/2023,5000000,2300000,Cicilan,Transfer Bank
PAY0004147,23BD0047,2023G,2023-10-03,5000000,5000000,Lunas,E-Wallet
PAY0004148,23BD0048,2023G,30/08/2023,5000000,5000000,Lunas,Loket Kampus
PAY0004149,23BD0049,2023G,2023-09-05,5000000,5000000,Lunas,E-Wallet
PAY0004150,23BD0050,2023G,18-Sep-2023,5000000,5000000,Lunas,Transfer Bank
PAY0004151,23BD0051,2023G,2023-10-03,5000000,5000000,Lunas,E-Wallet
PAY0004152,23BD0052,2023G,2023-08-29,5000000,5000000,Lunas,Loket Kampus
PAY0004153,23BD0053,2023G,25/09/2023,5000000,5000000,Lunas,Transfer Bank
PAY0004154,23BD0054,2023G,2023-08-22,5000000,5000000,Lunas,E-Wallet
PAY0004155,23BD0055,2023G,2023-08-25,5000000,5000000,Lunas,Loket Kampus
PAY0004156,23BD0056,2023G,2023-08-24,5000000,3000000,Cicilan,Transfer Bank
PAY0004157,23BD0057,2023G,2023-09-14,5000000,5000000,Lunas,Transfer Bank
PAY0004158,23BD0058,2023G,23-Sep-2023,5000000,5000000,Lunas,E-Wallet
PAY0004159,23BD0059,2023G,24/09/2023,5000000,5000000,Lunas,Transfer Bank
PAY0004160,23BD0060,2023G,24/09/2023,5000000,5000000,Lunas,E-Wallet
PAY0004161,23BD0061,2023G,21/09/2023,5000000,5000000,Lunas,Loket Kampus
PAY0004162,23BD0062,2023G,2023-09-07,5000000,5000000,Lunas,Transfer Bank
PAY0004163,23BD0063,2023G,11/09/2023,5000000,5000000,Lunas,VA Bank
PAY0004164,23BD0064,2023G,2023-09-02,5000000,5000000,Lunas,Transfer Bank
PAY0004165,23BD0065,2023G,2023-09-27,5000000,5000000,Lunas,E-Wallet
PAY0004166,23BD0066,2023G,2023-09-28,5000000,5000000,Lunas,E-Wallet
PAY0004167,23BD0067,2023G,2023-09-29,5000000,5000000,Lunas,VA Bank
PAY0004168,23BD0068,2023G,,5000000,0,Belum Lunas,Transfer Bank
PAY0004169,23BD0069,2023G,2023-08-21,5000000,5000000,Lunas,Transfer Bank
PAY0004170,23BD0070,2023G,2023-09-26,5000000,5000000,Lunas,Transfer Bank
PAY0004171,23BD0071,2023G,13/09/2023,5000000,3600000,Cicilan,Loket Kampus
PAY0004172,23BD0072,2023G,2023-10-02,5000000,5000000,Lunas,VA Bank
PAY0004173,23BD0073,2023G,17/09/2023,5000000,5000000,Lunas,Transfer Bank
PAY0004174,23BD0074,2023G,28-Aug-2023,5000000,5000000,Lunas,VA Bank
PAY0004175,23BD0075,2023G,2023-08-31,5000000,2000000,Cicilan,Transfer Bank
PAY0004176,21TI0001,2023E,2024-03-02,5500000,5500000,Lunas,VA Bank
PAY0004177,21TI0002,2023E,2024-02-18,5500000,5500000,Lunas,VA Bank
PAY0004178,21TI0003,2023E,2024-03-01,5500000,5500000,Lunas,Transfer Bank
PAY0004179,21TI0004,2023E,2024-03-17,5500000,5500000,Lunas,VA Bank
PAY0004180,21TI0005,2023E,2024-03-20,5500000,5500000,Lunas,VA Bank
PAY0004181,21TI0006,2023E,2024-02-19,5500000,5500000,Lunas,Loket Kampus
PAY0004182,21TI0007,2023E,2024-03-20,5500000,5500000,Lunas,VA Bank
PAY0004183,21TI0008,2023E,2024-02-21,5500000,4000000,Cicilan,Transfer Bank
PAY0004184,21TI0009,2023E,2024-03-17,5500000,5500000,Lunas,VA Bank
PAY0004185,21TI0010,2023E,2024-02-20,5500000,5500000,Lunas,VA Bank
PAY0004186,21TI0011,2023E,2024-03-02,5500000,5500000,Lunas,VA Bank
PAY0004187,21TI0012,2023E,2024-03-17,5500000,5500000,Lunas,Transfer Bank
PAY0004188,21TI0013,2023E,2024-03-28,5500000,5500000,Lunas,Loket Kampus
PAY0004189,21TI0014,2023E,2024-03-09,5500000,5500000,Lunas,Transfer Bank
PAY0004190,21TI0015,2023E,20-Feb-2024,5500000,5500000,Lunas,VA Bank
PAY0004191,21TI0016,2023E,2024-03-01,5500000,5500000,Lunas,Transfer Bank
PAY0004192,21TI0017,2023E,,5500000,0,Belum Lunas,Transfer Bank
PAY0004193,21TI0018,2023E,2024-02-18,5500000,5500000,Lunas,VA Bank
PAY0004194,21TI0019,2023E,2024-03-19,5500000,5500000,Lunas,Loket Kampus
PAY0004195,21TI0020,2023E,2024-03-24,5500000,5500000,Lunas,E-Wallet
PAY0004196,21TI0021,2023E,2024-02-16,5500000,5500000,Lunas,Transfer Bank
PAY0004197,21TI0022,2023E,2024-02-15,5500000,5500000,Lunas,Transfer Bank
PAY0004198,21TI0023,2023E,2024-03-30,5500000,5500000,Lunas,VA Bank
PAY0004199,21TI0024,2023E,2024-03-31,5500000,5500000,Lunas,Loket Kampus
PAY0004200,21TI0025,2023E,2024-03-16,5500000,5500000,Lunas,Loket Kampus
PAY0004201,21TI0026,2023E,23-Feb-2024,5500000,2400000,Cicilan,VA Bank
PAY0004202,21TI0027,2023E,28-Feb-2024,5500000,5500000,Lunas,VA Bank
PAY0004203,21TI0028,2023E,16/02/2024,5500000,5500000,Lunas,Loket Kampus
PAY0004204,21TI0029,2023E,2024-02-25,5500000,5500000,Lunas,Loket Kampus
PAY0004205,21TI0030,2023E,2024-02-18,5500000,5500000,Lunas,E-Wallet
PAY0004206,21TI0031,2023E,04/03/2024,5500000,5500000,Lunas,E-Wallet
PAY0004207,21TI0032,2023E,26/02/2024,5500000,5500000,Lunas,E-Wallet
PAY0004208,21TI0033,2023E,2024-03-24,5500000,3000000,Cicilan,VA Bank
PAY0004209,21TI0034,2023E,2024-02-26,5500000,5500000,Lunas,E-Wallet
PAY0004210,21TI0035,2023E,24/02/2024,5500000,5500000,Lunas,VA Bank
PAY0004211,21TI0036,2023E,2024-03-12,5500000,5500000,Lunas,Transfer Bank
PAY0004212,21TI0037,2023E,07-Mar-2024,5500000,5500000,Lunas,Loket Kampus
PAY0004213,21TI0038,2023E,2024-03-09,5500000,2300000,Cicilan,Loket Kampus
PAY0004214,21TI0039,2023E,2024-03-12,5500000,2100000,Cicilan,Transfer Bank
PAY0004215,21TI0040,2023E,04/03/2024,5500000,5500000,Lunas,Transfer Bank
PAY0004216,21TI0041,2023E,2024-03-03,5500000,5500000,Lunas,E-Wallet
PAY0004217,21TI0042,2023E,2024-03-04,5500000,3600000,Cicilan,VA Bank
PAY0004218,21TI0043,2023E,25-Mar-2024,5500000,5500000,Lunas,Loket Kampus
PAY0004219,21TI0044,2023E,2024-02-19,5500000,5500000,Lunas,Loket Kampus
PAY0004220,21TI0045,2023E,31/03/2024,5500000,2000000,Cicilan,Transfer Bank
PAY0004221,21TI0046,2023E,2024-02-20,5500000,5500000,Lunas,Transfer Bank
PAY0004222,21TI0047,2023E,2024-03-05,5500000,5500000,Lunas,VA Bank
PAY0004223,21TI0048,2023E,2024-02-21,5500000,5500000,Lunas,Transfer Bank
PAY0004224,21TI0049,2023E,13/03/2024,5500000,2600000,Cicilan,VA Bank
PAY0004225,21TI0050,2023E,2024-03-21,5500000,4100000,Cicilan,Transfer Bank
PAY0004226,21TI0051,2023E,2024-02-23,5500000,5500000,Lunas,Transfer Bank
PAY0004227,21TI0052,2023E,2024-02-25,5500000,2100000,Cicilan,Transfer Bank
PAY0004228,21TI0053,2023E,2024-02-27,5500000,5500000,Lunas,Loket Kampus
PAY0004229,21TI0054,2023E,2024-03-02,5500000,5500000,Lunas,Transfer Bank
PAY0004230,21TI0055,2023E,2024-03-04,5500000,5500000,Lunas,E-Wallet
PAY0004231,21TI0056,2023E,24-Mar-2024,5500000,2900000,Cicilan,Transfer Bank
PAY0004232,21TI0057,2023E,,5500000,0,Belum Lunas,Transfer Bank
PAY0004233,21TI0058,2023E,26-Mar-2024,5500000,5500000,Lunas,Loket Kampus
PAY0004234,21TI0059,2023E,22/03/2024,5500000,5500000,Lunas,Loket Kampus
PAY0004235,21TI0060,2023E,15/03/2024,5500000,5500000,Lunas,E-Wallet
PAY0004236,21TI0061,2023E,01-Mar-2024,5500000,3600000,Cicilan,VA Bank
PAY0004237,21TI0062,2023E,2024-02-18,5500000,5500000,Lunas,VA Bank
PAY0004238,21TI0063,2023E,2024-03-24,5500000,5500000,Lunas,Loket Kampus
PAY0004239,21TI0064,2023E,2024-02-15,5500000,5500000,Lunas,Transfer Bank
PAY0004240,21TI0065,2023E,20-Feb-2024,5500000,5500000,Lunas,Loket Kampus
PAY0004241,21TI0066,2023E,2024-03-13,5500000,5500000,Lunas,Loket Kampus
PAY0004242,21TI0067,2023E,18/03/2024,5500000,5500000,Lunas,Transfer Bank
PAY0004243,21TI0068,2023E,2024-03-22,5500000,5500000,Lunas,Transfer Bank
PAY0004244,21TI0069,2023E,,5500000,0,Belum Lunas,VA Bank
PAY0004245,21TI0070,2023E,2024-03-08,5500000,5500000,Lunas,Transfer Bank
PAY0004246,21TI0071,2023E,2024-03-13,5500000,5500000,Lunas,Loket Kampus
PAY0004247,21TI0072,2023E,2024-03-22,5500000,5500000,Lunas,Loket Kampus
PAY0004248,21TI0073,2023E,20/02/2024,5500000,5500000,Lunas,VA Bank
PAY0004249,21TI0074,2023E,2024-03-23,5500000,5500000,Lunas,E-Wallet
PAY0004250,21TI0075,2023E,2024-03-01,5500000,5500000,Lunas,E-Wallet
PAY0004251,21TI0076,2023E,2024-03-29,5500000,5500000,Lunas,E-Wallet
PAY0004252,21TI0077,2023E,2024-02-20,5500000,5500000,Lunas,VA Bank
PAY0004253,21TI0078,2023E,18/02/2024,5500000,5500000,Lunas,E-Wallet
PAY0004254,21TI0079,2023E,2024-02-24,5500000,5500000,Lunas,VA Bank
PAY0004255,21TI0080,2023E,2024-02-22,5500000,5500000,Lunas,Transfer Bank
PAY0004256,21TI0081,2023E,2024-02-16,5500000,5500000,Lunas,Loket Kampus
PAY0004257,21TI0082,2023E,2024-03-04,5500000,3700000,Cicilan,E-Wallet
PAY0004258,21TI0083,2023E,2024-02-26,5500000,5500000,Lunas,Loket Kampus
PAY0004259,21TI0084,2023E,20-Mar-2024,5500000,5500000,Lunas,E-Wallet
PAY0004260,21TI0085,2023E,2024-02-19,5500000,5500000,Lunas,Loket Kampus
PAY0004261,21SI0001,2023E,2024-03-01,5250000,5250000,Lunas,VA Bank
PAY0004262,21SI0002,2023E,29/02/2024,5250000,5250000,Lunas,Loket Kampus
PAY0004263,21SI0003,2023E,12/03/2024,5250000,5250000,Lunas,Loket Kampus
PAY0004264,21SI0004,2023E,2024-03-25,5250000,5250000,Lunas,VA Bank
PAY0004265,21SI0005,2023E,2024-03-01,5250000,5250000,Lunas,Loket Kampus
PAY0004266,21SI0006,2023E,2024-02-16,5250000,5250000,Lunas,VA Bank
PAY0004267,21SI0007,2023E,2024-02-27,5250000,5250000,Lunas,E-Wallet
PAY0004268,21SI0008,2023E,15-Feb-2024,5250000,3200000,Cicilan,E-Wallet
PAY0004269,21SI0009,2023E,2024-03-25,5250000,5250000,Lunas,VA Bank
PAY0004270,21SI0010,2023E,2024-03-23,5250000,2200000,Cicilan,E-Wallet
PAY0004271,21SI0011,2023E,02/03/2024,5250000,5250000,Lunas,Transfer Bank
PAY0004272,21SI0012,2023E,2024-03-23,5250000,5250000,Lunas,VA Bank
PAY0004273,21SI0013,2023E,2024-03-06,5250000,5250000,Lunas,Loket Kampus
PAY0004274,21SI0014,2023E,2024-03-11,5250000,5250000,Lunas,Loket Kampus
PAY0004275,21SI0015,2023E,2024-03-02,5250000,5250000,Lunas,VA Bank
PAY0004276,21SI0016,2023E,2024-03-19,5250000,5250000,Lunas,VA Bank
PAY0004277,21SI0017,2023E,07/03/2024,5250000,5250000,Lunas,VA Bank
PAY0004278,21SI0018,2023E,22/02/2024,5250000,5250000,Lunas,Transfer Bank
PAY0004279,21SI0019,2023E,2024-02-25,5250000,5250000,Lunas,Transfer Bank
PAY0004280,21SI0020,2023E,2024-02-29,5250000,5250000,Lunas,Loket Kampus
PAY0004281,21SI0021,2023E,2024-03-27,5250000,5250000,Lunas,Loket Kampus
PAY0004282,21SI0022,2023E,2024-03-08,5250000,5250000,Lunas,E-Wallet
PAY0004283,21SI0023,2023E,2024-03-11,5250000,5250000,Lunas,Loket Kampus
PAY0004284,21SI0024,2023E,2024-02-20,5250000,5250000,Lunas,Loket Kampus
PAY0004285,21SI0025,2023E,2024-03-04,5250000,2000000,Cicilan,E-Wallet
PAY0004286,21SI0026,2023E,20-Mar-2024,5250000,5250000,Lunas,Transfer Bank
PAY0004287,21SI0027,2023E,15/02/2024,5250000,5250000,Lunas,Transfer Bank
PAY0004288,21SI0028,2023E,2024-02-25,5250000,5250000,Lunas,Transfer Bank
PAY0004289,21SI0029,2023E,2024-02-23,5250000,5250000,Lunas,Loket Kampus
PAY0004290,21SI0030,2023E,2024-03-13,5250000,5250000,Lunas,Transfer Bank
PAY0004291,21SI0031,2023E,01-Mar-2024,5250000,5250000,Lunas,VA Bank
PAY0004292,21SI0032,2023E,2024-03-19,5250000,5250000,Lunas,Transfer Bank
PAY0004293,21SI0033,2023E,2024-03-25,5250000,2000000,Cicilan,VA Bank
PAY0004294,21SI0034,2023E,22/02/2024,5250000,5250000,Lunas,Transfer Bank
PAY0004295,21SI0035,2023E,08-Mar-2024,5250000,5250000,Lunas,Loket Kampus
PAY0004296,21SI0036,2023E,01/03/2024,5250000,5250000,Lunas,VA Bank
PAY0004297,21SI0037,2023E,2024-02-18,5250000,5250000,Lunas,Loket Kampus
PAY0004298,21SI0038,2023E,24/03/2024,5250000,5250000,Lunas,Loket Kampus
PAY0004299,21SI0039,2023E,2024-02-17,5250000,2000000,Cicilan,E-Wallet
PAY0004300,21SI0040,2023E,2024-02-15,5250000,5250000,Lunas,VA Bank
PAY0004301,21SI0041,2023E,21-Feb-2024,5250000,5250000,Lunas,Transfer Bank
PAY0004302,21SI0042,2023E,2024-03-05,5250000,5250000,Lunas,VA Bank
PAY0004303,21SI0043,2023E,2024-03-29,5250000,2500000,Cicilan,E-Wallet
PAY0004304,21SI0044,2023E,2024-03-23,5250000,5250000,Lunas,Transfer Bank
PAY0004305,21SI0045,2023E,2024-03-12,5250000,5250000,Lunas,VA Bank
PAY0004306,21SI0046,2023E,30/03/2024,5250000,3900000,Cicilan,E-Wallet
PAY0004307,21SI0047,2023E,2024-03-12,5250000,5250000,Lunas,Transfer Bank
PAY0004308,21SI0048,2023E,2024-03-02,5250000,2000000,Cicilan,Transfer Bank
PAY0004309,21SI0049,2023E,2024-02-23,5250000,5250000,Lunas,VA Bank
PAY0004310,21SI0050,2023E,2024-02-20,5250000,5250000,Lunas,Transfer Bank
PAY0004311,21SI0051,2023E,2024-03-12,5250000,5250000,Lunas,Loket Kampus
PAY0004312,21SI0052,2023E,2024-03-01,5250000,2300000,Cicilan,Loket Kampus
PAY0004313,21SI0053,2023E,2024-03-21,5250000,5250000,Lunas,E-Wallet
PAY0004314,21SI0054,2023E,2024-03-25,5250000,5250000,Lunas,VA Bank
PAY0004315,21SI0055,2023E,2024-02-26,5250000,5250000,Lunas,Transfer Bank
PAY0004316,21SI0056,2023E,2024-02-28,5250000,5250000,Lunas,Transfer Bank
PAY0004317,21SI0057,2023E,2024-03-06,5250000,5250000,Lunas,VA Bank
PAY0004318,21SI0058,2023E,2024-03-28,5250000,5250000,Lunas,Transfer Bank
PAY0004319,21SI0059,2023E,25/03/2024,5250000,5250000,Lunas,Loket Kampus
PAY0004320,21SI0060,2023E,2024-02-28,5250000,5250000,Lunas,VA Bank
PAY0004321,21SI0061,2023E,2024-02-27,5250000,5250000,Lunas,Loket Kampus
PAY0004322,21SI0062,2023E,2024-03-04,5250000,5250000,Lunas,Transfer Bank
PAY0004323,21SI0063,2023E,2024-03-12,5250000,5250000,Lunas,Loket Kampus
PAY0004324,21SI0064,2023E,2024-03-09,5250000,5250000,Lunas,Loket Kampus
PAY0004325,21SI0065,2023E,,5250000,0,Belum Lunas,E-Wallet
PAY0004326,21SI0066,2023E,2024-02-16,5250000,5250000,Lunas,E-Wallet
PAY0004327,21SI0067,2023E,2024-02-26,5250000,5250000,Lunas,VA Bank
PAY0004328,21SI0068,2023E,26-Mar-2024,5250000,5250000,Lunas,E-Wallet
PAY0004329,21SI0069,2023E,2024-03-31,5250000,5250000,Lunas,Transfer Bank
PAY0004330,21SI0070,2023E,2024-02-21,5250000,5250000,Lunas,VA Bank
PAY0004331,21SI0071,2023E,07/03/2024,5250000,5250000,Lunas,VA Bank
PAY0004332,21SI0072,2023E,2024-03-12,5250000,-5250000,Lunas,Transfer Bank
PAY0004333,21SI0073,2023E,2024-03-08,5250000,5250000,Lunas,Transfer Bank
PAY0004334,21SI0074,2023E,2024-03-24,5250000,5250000,Lunas,Loket Kampus
PAY0004335,21SI0075,2023E,2024-03-08,5250000,5250000,Lunas,Transfer Bank
PAY0004336,21SI0076,2023E,20-Mar-2024,5250000,5250000,Lunas,E-Wallet
PAY0004337,21SI0077,2023E,2024-03-23,5250000,5250000,Lunas,Transfer Bank
PAY0004338,21SI0078,2023E,2024-02-28,5250000,5250000,Lunas,Transfer Bank
PAY0004339,21SI0079,2023E,2024-03-29,5250000,3300000,Cicilan,E-Wallet
PAY0004340,21SI0080,2023E,2024-03-01,5250000,5250000,Lunas,VA Bank
PAY0004341,21SI0081,2023E,2024-03-31,5250000,2300000,Cicilan,E-Wallet
PAY0004342,21IF0001,2023E,2024-03-10,5750000,5750000,Lunas,E-Wallet
PAY0004343,21IF0002,2023E,2024-03-14,5750000,4300000,Cicilan,Loket Kampus
PAY0004344,21IF0003,2023E,2024-03-11,5750000,5750000,Lunas,Loket Kampus
PAY0004345,21IF0004,2023E,16/02/2024,5750000,2700000,Cicilan,Transfer Bank
PAY0004346,21IF0005,2023E,2024-02-23,5750000,5750000,Lunas,VA Bank
PAY0004347,21IF0006,2023E,17/02/2024,5750000,5750000,Lunas,Loket Kampus
PAY0004348,21IF0007,2023E,2024-03-13,5750000,5750000,Lunas,Loket Kampus
PAY0004349,21IF0008,2023E,2024-02-24,5750000,5750000,Lunas,Loket Kampus
PAY0004350,21IF0009,2023E,2024-02-20,5750000,5750000,Lunas,E-Wallet
PAY0004351,21IF0010,2023E,2024-03-23,5750000,5750000,Lunas,Transfer Bank
PAY0004352,21IF0011,2023E,2024-03-13,5750000,5750000,Lunas,Transfer Bank
PAY0004353,21IF0012,2023E,2024-02-21,5750000,5750000,Lunas,Transfer Bank
PAY0004354,21IF0013,2023E,2024-03-18,5750000,5750000,Lunas,Transfer Bank
PAY0004355,21IF0014,2023E,2024-02-29,5750000,5750000,Lunas,Loket Kampus
PAY0004356,21IF0015,2023E,2024-02-20,5750000,2900000,Cicilan,VA Bank
PAY0004357,21IF0016,2023E,2024-03-15,5750000,5750000,Lunas,E-Wallet
PAY0004358,21IF0017,2023E,2024-03-30,5750000,5750000,Lunas,E-Wallet
PAY0004359,21IF0018,2023E,2024-03-26,5750000,3100000,Cicilan,Loket Kampus
PAY0004360,21IF0019,2023E,2024-03-24,5750000,5750000,Lunas,E-Wallet
PAY0004361,21IF0020,2023E,2024-03-02,5750000,5750000,Lunas,VA Bank
PAY0004362,21IF0021,2023E,05/03/2024,5750000,5750000,Lunas,Transfer Bank
PAY0004363,21IF0022,2023E,2024-03-17,5750000,5750000,Lunas,Loket Kampus
PAY0004364,21IF0023,2023E,28-Feb-2024,5750000,5750000,Lunas,VA Bank
PAY0004365,21IF0024,2023E,07/03/2024,5750000,5750000,Lunas,VA Bank
PAY0004366,21IF0025,2023E,30-Mar-2024,5750000,5750000,Lunas,Transfer Bank
PAY0004367,21IF0026,2023E,2024-03-15,5750000,5750000,Lunas,Transfer Bank
PAY0004368,21IF0027,2023E,2024-02-27,5750000,2100000,Cicilan,Loket Kampus
PAY0004369,21IF0028,2023E,12/03/2024,5750000,5750000,Lunas,Loket Kampus
PAY0004370,21IF0029,2023E,31/03/2024,5750000,5750000,Lunas,VA Bank
PAY0004371,21IF0030,2023E,2024-03-28,5750000,5750000,Lunas,VA Bank
PAY0004372,21IF0031,2023E,2024-02-26,5750000,5750000,Lunas,VA Bank
PAY0004373,21IF0032,2023E,2024-02-29,5750000,4100000,Cicilan,VA Bank
PAY0004374,21IF0033,2023E,2024-03-18,5750000,5750000,Lunas,VA Bank
PAY0004375,21IF0034,2023E,2024-03-28,5750000,5750000,Lunas,E-Wallet
PAY0004376,21IF0035,2023E,2024-03-04,5750000,5750000,Lunas,Transfer Bank
PAY0004377,21IF0036,2023E,2024-03-01,5750000,4000000,Cicilan,VA Bank
PAY0004378,21IF0037,2023E,2024-03-29,5750000,5750000,Lunas,VA Bank
PAY0004379,21IF0038,2023E,18-Mar-2024,5750000,5750000,Lunas,Loket Kampus
PAY0004380,21IF0039,2023E,24-Mar-2024,5750000,5750000,Lunas,Loket Kampus
PAY0004381,21IF0040,2023E,2024-02-20,5750000,4000000,Cicilan,E-Wallet
PAY0004382,21IF0041,2023E,2024-02-24,5750000,5750000,Lunas,VA Bank
PAY0004383,21IF0042,2023E,2024-03-10,5750000,5750000,Lunas,VA Bank
PAY0004384,21IF0043,2023E,2024-03-06,5750000,5750000,Lunas,VA Bank
PAY0004385,21IF0044,2023E,2024-02-24,5750000,5750000,Lunas,VA Bank
PAY0004386,21IF0045,2023E,2024-03-03,5750000,5750000,Lunas,Transfer Bank
PAY0004387,21IF0046,2023E,2024-03-12,5750000,5750000,Lunas,Loket Kampus
PAY0004388,21IF0047,2023E,2024-03-10,5750000,5750000,Lunas,E-Wallet
PAY0004389,21IF0048,2023E,17/02/2024,5750000,5750000,Lunas,E-Wallet
PAY0004390,21IF0049,2023E,2024-03-12,5750000,5750000,Lunas,Transfer Bank
PAY0004391,21IF0050,2023E,2024-02-16,5750000,5750000,Lunas,Loket Kampus
PAY0004392,21IF0051,2023E,2024-03-11,5750000,5750000,Lunas,Loket Kampus
PAY0004393,21IF0052,2023E,26/02/2024,5750000,5750000,Lunas,Transfer Bank
PAY0004394,21IF0053,2023E,2024-03-12,5750000,5750000,Lunas,Transfer Bank
PAY0004395,21IF0054,2023E,2024-02-23,5750000,5750000,Lunas,Transfer Bank
PAY0004396,21IF0055,2023E,2024-02-25,5750000,5750000,Lunas,E-Wallet
PAY0004397,21IF0056,2023E,2024-03-05,5750000,5750000,Lunas,VA Bank
PAY0004398,21IF0057,2023E,2024-02-18,5750000,5750000,Lunas,E-Wallet
PAY0004399,21IF0058,2023E,2024-03-28,5750000,5750000,Lunas,E-Wallet
PAY0004400,21IF0059,2023E,22/03/2024,5750000,5750000,Lunas,Loket Kampus
PAY0004401,21IF0060,2023E,,5750000,0,Belum Lunas,Loket Kampus
PAY0004402,21IF0061,2023E,,5750000,0,Belum Lunas,E-Wallet
PAY0004403,21IF0062,2023E,2024-03-12,5750000,5750000,Lunas,E-Wallet
PAY0004404,21IF0063,2023E,2024-03-17,5750000,5750000,Lunas,Transfer Bank
PAY0004405,21IF0064,2023E,2024-03-03,5750000,5750000,Lunas,Loket Kampus
PAY0004406,21IF0065,2023E,21/03/2024,5750000,5750000,Lunas,Loket Kampus
PAY0004407,21IF0066,2023E,2024-03-03,5750000,5750000,Lunas,VA Bank
PAY0004408,21IF0067,2023E,06/03/2024,5750000,5750000,Lunas,Loket Kampus
PAY0004409,21IF0068,2023E,2024-03-14,5750000,5750000,Lunas,Transfer Bank
PAY0004410,21IF0069,2023E,14/03/2024,5750000,5750000,Lunas,VA Bank
PAY0004411,21IF0070,2023E,23-Mar-2024,5750000,5750000,Lunas,VA Bank
PAY0004412,21IF0071,2023E,08-Mar-2024,5750000,5750000,Lunas,Transfer Bank
PAY0004413,21IF0072,2023E,2024-02-15,5750000,2500000,Cicilan,Loket Kampus
PAY0004414,21IF0073,2023E,2024-02-27,5750000,5750000,Lunas,Loket Kampus
PAY0004415,21IF0074,2023E,2024-03-27,5750000,5750000,Lunas,E-Wallet
PAY0004416,21IF0075,2023E,,5750000,0,Belum Lunas,Transfer Bank
PAY0004417,21IF0076,2023E,2024-02-16,5750000,5750000,Lunas,Loket Kampus
PAY0004418,21IF0077,2023E,2024-03-11,5750000,5750000,Lunas,Transfer Bank
PAY0004419,21IF0078,2023E,2024-03-21,5750000,5750000,Lunas,E-Wallet
PAY0004420,21IF0079,2023E,10/03/2024,5750000,2700000,Cicilan,Transfer Bank
PAY0004421,21IF0080,2023E,2024-03-07,5750000,5750000,Lunas,E-Wallet
PAY0004422,21IF0081,2023E,2024-02-20,5750000,5750000,Lunas,Loket Kampus
PAY0004423,21IF0082,2023E,2024-02-23,5750000,4100000,Cicilan,Transfer Bank
PAY0004424,21IF0083,2023E,2024-03-09,5750000,5750000,Lunas,Loket Kampus
PAY0004425,21IF0084,2023E,16/03/2024,5750000,5750000,Lunas,E-Wallet
PAY0004426,21IF0085,2023E,2024-03-01,5750000,3400000,Cicilan,Transfer Bank
PAY0004427,21DS0001,2023E,29/02/2024,6000000,6000000,Lunas,Loket Kampus
PAY0004428,21DS0002,2023E,03/03/2024,6000000,6000000,Lunas,VA Bank
PAY0004429,21DS0003,2023E,2024-03-04,6000000,6000000,Lunas,E-Wallet
PAY0004430,21DS0004,2023E,2024-02-17,6000000,6000000,Lunas,Transfer Bank
PAY0004431,21DS0005,2023E,2024-02-17,6000000,6000000,Lunas,Transfer Bank
PAY0004432,21DS0006,2023E,,6000000,0,Belum Lunas,Loket Kampus
PAY0004433,21DS0007,2023E,2024-03-07,6000000,6000000,Lunas,E-Wallet
PAY0004434,21DS0008,2023E,2024-03-11,6000000,6000000,Lunas,E-Wallet
PAY0004435,21DS0009,2023E,05/03/2024,6000000,6000000,Lunas,E-Wallet
PAY0004436,21DS0010,2023E,15/02/2024,6000000,6000000,Lunas,Transfer Bank
PAY0004437,21DS0011,2023E,2024-02-28,6000000,6000000,Lunas,E-Wallet
PAY0004438,21DS0012,2023E,2024-03-04,6000000,6000000,Lunas,VA Bank
PAY0004439,21DS0013,2023E,2024-02-16,6000000,6000000,Lunas,VA Bank
PAY0004440,21DS0014,2023E,2024-03-13,6000000,6000000,Lunas,E-Wallet
PAY0004441,21DS0015,2023E,2024-03-12,6000000,3900000,Cicilan,Transfer Bank
PAY0004442,21DS0016,2023E,2024-03-27,6000000,6000000,Lunas,VA Bank
PAY0004443,21DS0017,2023E,2024-03-23,6000000,6000000,Lunas,Loket Kampus
PAY0004444,21DS0018,2023E,2024-03-18,6000000,6000000,Lunas,Transfer Bank
PAY0004445,21DS0019,2023E,2024-02-25,6000000,6000000,Lunas,E-Wallet
PAY0004446,21DS0020,2023E,2024-03-07,6000000,6000000,Lunas,Loket Kampus
PAY0004447,21DS0021,2023E,2024-03-12,6000000,6000000,Lunas,Loket Kampus
PAY0004448,21DS0022,2023E,2024-02-19,6000000,6000000,Lunas,VA Bank
PAY0004449,21DS0023,2023E,06/03/2024,6000000,6000000,Lunas,Transfer Bank
PAY0004450,21DS0024,2023E,2024-03-29,6000000,6000000,Lunas,Loket Kampus
PAY0004451,21DS0025,2023E,2024-03-29,6000000,6000000,Lunas,Loket Kampus
PAY0004452,21DS0026,2023E,2024-02-15,6000000,6000000,Lunas,Loket Kampus
PAY0004453,21DS0027,2023E,28/03/2024,6000000,6000000,Lunas,Transfer Bank
PAY0004454,21DS0028,2023E,2024-03-01,6000000,6000000,Lunas,Loket Kampus
PAY0004455,21DS0029,2023E,02-Mar-2024,6000000,6000000,Lunas,Loket Kampus
PAY0004456,21DS0030,2023E,2024-03-29,6000000,6000000,Lunas,Transfer Bank
PAY0004457,21DS0031,2023E,,6000000,0,Belum Lunas,E-Wallet
PAY0004458,21DS0032,2023E,2024-03-21,6000000,6000000,Lunas,E-Wallet
PAY0004459,21DS0033,2023E,2024-03-10,6000000,6000000,Lunas,E-Wallet
PAY0004460,21DS0034,2023E,17/03/2024,6000000,6000000,Lunas,Loket Kampus
PAY0004461,21DS0035,2023E,2024-02-23,6000000,4500000,Cicilan,Transfer Bank
PAY0004462,21DS0036,2023E,2024-02-21,6000000,6000000,Lunas,E-Wallet
PAY0004463,21DS0037,2023E,07-Mar-2024,6000000,6000000,Lunas,Transfer Bank
PAY0004464,21DS0038,2023E,2024-02-23,6000000,6000000,Lunas,Transfer Bank
PAY0004465,21DS0039,2023E,2024-03-02,6000000,6000000,Lunas,Loket Kampus
PAY0004466,21DS0040,2023E,2024-02-16,6000000,6000000,Lunas,E-Wallet
PAY0004467,21DS0041,2023E,2024-02-28,6000000,6000000,Lunas,Transfer Bank
PAY0004468,21DS0042,2023E,2024-03-01,6000000,6000000,Lunas,Transfer Bank
PAY0004469,21DS0043,2023E,2024-03-23,6000000,6000000,Lunas,VA Bank
PAY0004470,21DS0044,2023E,2024-02-26,6000000,3400000,Cicilan,VA Bank
PAY0004471,21DS0045,2023E,2024-03-31,6000000,4000000,Cicilan,VA Bank
PAY0004472,21DS0046,2023E,2024-02-29,6000000,6000000,Lunas,Loket Kampus
PAY0004473,21DS0047,2023E,09-Mar-2024,6000000,6000000,Lunas,Transfer Bank
PAY0004474,21DS0048,2023E,,6000000,0,Belum Lunas,VA Bank
PAY0004475,21DS0049,2023E,,6000000,0,Belum Lunas,VA Bank
PAY0004476,21DS0050,2023E,2024-03-05,6000000,6000000,Lunas,E-Wallet
PAY0004477,21DS0051,2023E,2024-03-22,6000000,6000000,Lunas,Loket Kampus
PAY0004478,21DS0052,2023E,13/03/2024,6000000,6000000,Lunas,Loket Kampus
PAY0004479,21DS0053,2023E,15-Feb-2024,6000000,6000000,Lunas,Loket Kampus
PAY0004480,21DS0054,2023E,20-Feb-2024,6000000,6000000,Lunas,VA Bank
PAY0004481,21DS0055,2023E,2024-03-16,6000000,6000000,Lunas,Loket Kampus
PAY0004482,21DS0056,2023E,19/02/2024,6000000,6000000,Lunas,Loket Kampus
PAY0004483,21DS0057,2023E,2024-03-29,6000000,6000000,Lunas,Transfer Bank
PAY0004484,21DS0058,2023E,2024-03-16,6000000,6000000,Lunas,Loket Kampus
PAY0004485,21DS0059,2023E,2024-03-28,6000000,6000000,Lunas,E-Wallet
PAY0004486,21DS0060,2023E,2024-03-25,6000000,2800000,Cicilan,VA Bank
PAY0004487,21DS0061,2023E,11/03/2024,6000000,3800000,Cicilan,Loket Kampus
PAY0004488,21DS0062,2023E,2024-03-22,6000000,6000000,Lunas,Transfer Bank
PAY0004489,21DS0063,2023E,2024-03-06,6000000,2800000,Cicilan,Transfer Bank
PAY0004490,21DS0064,2023E,22-Mar-2024,6000000,6000000,Lunas,Transfer Bank
PAY0004491,21DS0065,2023E,2024-02-27,6000000,6000000,Lunas,Loket Kampus
PAY0004492,21DS0066,2023E,2024-03-25,6000000,6000000,Lunas,Transfer Bank
PAY0004493,21DS0067,2023E,2024-02-16,6000000,6000000,Lunas,Transfer Bank
PAY0004494,21TR0001,2023E,16/03/2024,5700000,5700000,Lunas,E-Wallet
PAY0004495,21TR0002,2023E,2024-03-22,5700000,5700000,Lunas,VA Bank
PAY0004496,21TR0003,2023E,21-Mar-2024,5700000,5700000,Lunas,Loket Kampus
PAY0004497,21TR0004,2023E,16/02/2024,5700000,5700000,Lunas,Transfer Bank
PAY0004498,21TR0005,2023E,17-Mar-2024,5700000,5700000,Lunas,E-Wallet
PAY0004499,21TR0006,2023E,2024-03-10,5700000,5700000,Lunas,Transfer Bank
PAY0004500,21TR0007,2023E,2024-03-24,5700000,5700000,Lunas,Loket Kampus
PAY0004501,21TR0008,2023E,2024-03-12,5700000,5700000,Lunas,VA Bank
PAY0004502,21TR0009,2023E,21/02/2024,5700000,5700000,Lunas,E-Wallet
PAY0004503,21TR0010,2023E,23/02/2024,5700000,5700000,Lunas,Transfer Bank
PAY0004504,21TR0011,2023E,27-Feb-2024,5700000,5700000,Lunas,Transfer Bank
PAY0004505,21TR0012,2023E,2024-02-22,5700000,5700000,Lunas,E-Wallet
PAY0004506,21TR0013,2023E,02/03/2024,5700000,5700000,Lunas,E-Wallet
PAY0004507,21TR0014,2023E,2024-02-19,5700000,5700000,Lunas,Loket Kampus
PAY0004508,21TR0015,2023E,2024-03-16,5700000,5700000,Lunas,E-Wallet
PAY0004509,21TR0016,2023E,2024-02-25,5700000,5700000,Lunas,Transfer Bank
PAY0004510,21TR0017,2023E,2024-03-24,5700000,5700000,Lunas,Loket Kampus
PAY0004511,21TR0018,2023E,2024-02-22,5700000,5700000,Lunas,Transfer Bank
PAY0004512,21TR0019,2023E,2024-03-17,5700000,5700000,Lunas,Transfer Bank
PAY0004513,21TR0020,2023E,08/03/2024,5700000,5700000,Lunas,VA Bank
PAY0004514,21TR0021,2023E,2024-03-23,5700000,5700000,Lunas,VA Bank
PAY0004515,21TR0022,2023E,23/02/2024,5700000,5700000,Lunas,VA Bank
PAY0004516,21TR0023,2023E,2024-03-03,5700000,5700000,Lunas,Transfer Bank
PAY0004517,21TR0024,2023E,07/03/2024,5700000,5700000,Lunas,Transfer Bank
PAY0004518,21TR0025,2023E,2024-03-12,5700000,5700000,Lunas,VA Bank
PAY0004519,21TR0026,2023E,2024-03-28,5700000,5700000,Lunas,E-Wallet
PAY0004520,21TR0027,2023E,2024-02-15,5700000,5700000,Lunas,Loket Kampus
PAY0004521,21TR0028,2023E,26/02/2024,5700000,5700000,Lunas,VA Bank
PAY0004522,21TR0029,2023E,2024-03-09,5700000,5700000,Lunas,Transfer Bank
PAY0004523,21TR0030,2023E,2024-02-26,5700000,5700000,Lunas,Loket Kampus
PAY0004524,21TR0031,2023E,2024-03-29,5700000,5700000,Lunas,Loket Kampus
PAY0004525,21TR0032,2023E,2024-03-28,5700000,5700000,Lunas,Transfer Bank
PAY0004526,21TR0033,2023E,10-Mar-2024,5700000,5700000,Lunas,Loket Kampus
PAY0004527,21TR0034,2023E,2024-02-19,5700000,5700000,Lunas,Transfer Bank
PAY0004528,21TR0035,2023E,2024-03-06,5700000,5700000,Lunas,E-Wallet
PAY0004529,21TR0036,2023E,28-Feb-2024,5700000,5700000,Lunas,Transfer Bank
PAY0004530,21TR0037,2023E,2024-03-17,5700000,5700000,Lunas,Transfer Bank
PAY0004531,21TR0038,2023E,2024-03-17,5700000,5700000,Lunas,VA Bank
PAY0004532,21TR0039,2023E,2024-02-27,5700000,5700000,Lunas,Loket Kampus
PAY0004533,21TR0040,2023E,21-Feb-2024,5700000,2200000,Cicilan,E-Wallet
PAY0004534,21TR0041,2023E,2024-03-03,5700000,5700000,Lunas,VA Bank
PAY0004535,21TR0042,2023E,24-Feb-2024,5700000,5700000,Lunas,E-Wallet
PAY0004536,21TR0043,2023E,2024-02-19,5700000,5700000,Lunas,Loket Kampus
PAY0004537,21TR0044,2023E,04-Mar-2024,5700000,5700000,Lunas,Loket Kampus
PAY0004538,21TR0045,2023E,2024-03-28,5700000,5700000,Lunas,E-Wallet
PAY0004539,21TR0046,2023E,2024-03-08,5700000,2800000,Cicilan,Transfer Bank
PAY0004540,21TR0047,2023E,,5700000,0,Belum Lunas,Transfer Bank
PAY0004541,21TR0048,2023E,2024-02-29,5700000,5700000,Lunas,E-Wallet
PAY0004542,21TR0049,2023E,30-Mar-2024,5700000,5700000,Lunas,E-Wallet
PAY0004543,21TR0050,2023E,2024-03-14,5700000,5700000,Lunas,Loket Kampus
PAY0004544,21TR0051,2023E,2024-03-19,5700000,2900000,Cicilan,E-Wallet
PAY0004545,21TR0052,2023E,2024-02-22,5700000,5700000,Lunas,Loket Kampus
PAY0004546,21TR0053,2023E,2024-03-05,5700000,5700000,Lunas,E-Wallet
PAY0004547,21TR0054,2023E,2024-03-01,5700000,5700000,Lunas,Loket Kampus
PAY0004548,21TR0055,2023E,2024-02-19,5700000,5700000,Lunas,Loket Kampus
PAY0004549,21TR0056,2023E,2024-03-02,5700000,5700000,Lunas,E-Wallet
PAY0004550,21TR0057,2023E,16-Mar-2024,5700000,5700000,Lunas,Transfer Bank
PAY0004551,21TR0058,2023E,2024-02-19,5700000,5700000,Lunas,VA Bank
PAY0004552,21TR0059,2023E,2024-03-11,5700000,5700000,Lunas,VA Bank
PAY0004553,21TR0060,2023E,2024-03-22,5700000,5700000,Lunas,E-Wallet
PAY0004554,21TR0061,2023E,2024-02-23,5700000,5700000,Lunas,Transfer Bank
PAY0004555,21TR0062,2023E,15-Feb-2024,5700000,5700000,Lunas,VA Bank
PAY0004556,21TR0063,2023E,2024-02-25,5700000,5700000,Lunas,E-Wallet
PAY0004557,21TR0064,2023E,2024-03-07,5700000,5700000,Lunas,Loket Kampus
PAY0004558,21TR0065,2023E,2024-02-29,5700000,5700000,Lunas,VA Bank
PAY0004559,21BD0001,2023E,2024-03-29,5000000,5000000,Lunas,VA Bank
PAY0004560,21BD0002,2023E,2024-03-08,5000000,5000000,Lunas,Loket Kampus
PAY0004561,21BD0003,2023E,2024-03-24,5000000,5000000,Lunas,VA Bank
PAY0004562,21BD0004,2023E,2024-03-11,5000000,5000000,Lunas,Transfer Bank
PAY0004563,21BD0005,2023E,2024-03-16,5000000,3500000,Cicilan,Loket Kampus
PAY0004564,21BD0006,2023E,2024-03-25,5000000,5000000,Lunas,Transfer Bank
PAY0004565,21BD0007,2023E,25/03/2024,5000000,5000000,Lunas,VA Bank
PAY0004566,21BD0008,2023E,2024-02-19,5000000,5000000,Lunas,E-Wallet
PAY0004567,21BD0009,2023E,2024-03-24,5000000,5000000,Lunas,Loket Kampus
PAY0004568,21BD0010,2023E,28/03/2024,5000000,5000000,Lunas,VA Bank
PAY0004569,21BD0011,2023E,2024-03-14,5000000,5000000,Lunas,Transfer Bank
PAY0004570,21BD0012,2023E,25/03/2024,5000000,3600000,Cicilan,Transfer Bank
PAY0004571,21BD0013,2023E,29/03/2024,5000000,5000000,Lunas,E-Wallet
PAY0004572,21BD0014,2023E,2024-02-16,5000000,2900000,Cicilan,VA Bank
PAY0004573,21BD0015,2023E,16/02/2024,5000000,5000000,Lunas,E-Wallet
PAY0004574,21BD0016,2023E,29/03/2024,5000000,5000000,Lunas,E-Wallet
PAY0004575,21BD0017,2023E,2024-03-17,5000000,5000000,Lunas,Transfer Bank
PAY0004576,21BD0018,2023E,2024-02-28,5000000,5000000,Lunas,Loket Kampus
PAY0004577,21BD0019,2023E,2024-03-10,5000000,5000000,Lunas,Loket Kampus
PAY0004578,21BD0020,2023E,28/02/2024,5000000,5000000,Lunas,Loket Kampus
PAY0004579,21BD0021,2023E,2024-02-24,5000000,3400000,Cicilan,E-Wallet
PAY0004580,21BD0022,2023E,2024-02-23,5000000,5000000,Lunas,E-Wallet
PAY0004581,21BD0023,2023E,27-Feb-2024,5000000,5000000,Lunas,Loket Kampus
PAY0004582,21BD0024,2023E,2024-02-16,5000000,5000000,Lunas,E-Wallet
PAY0004583,21BD0025,2023E,2024-03-02,5000000,5000000,Lunas,Loket Kampus
PAY0004584,21BD0026,2023E,2024-02-20,5000000,5000000,Lunas,Transfer Bank
PAY0004585,21BD0027,2023E,2024-03-18,5000000,5000000,Lunas,E-Wallet
PAY0004586,21BD0028,2023E,04/03/2024,5000000,5000000,Lunas,Transfer Bank
PAY0004587,21BD0029,2023E,08/03/2024,5000000,5000000,Lunas,VA Bank
PAY0004588,21BD0030,2023E,2024-03-28,5000000,5000000,Lunas,Transfer Bank
PAY0004589,21BD0031,2023E,2024-02-18,5000000,5000000,Lunas,E-Wallet
PAY0004590,21BD0032,2023E,06-Mar-2024,5000000,5000000,Lunas,Transfer Bank
PAY0004591,21BD0033,2023E,2024-03-30,5000000,5000000,Lunas,E-Wallet
PAY0004592,21BD0034,2023E,2024-02-16,5000000,5000000,Lunas,Transfer Bank
PAY0004593,21BD0035,2023E,2024-03-18,5000000,5000000,Lunas,VA Bank
PAY0004594,21BD0036,2023E,,5000000,0,Belum Lunas,E-Wallet
PAY0004595,21BD0037,2023E,23/03/2024,5000000,3600000,Cicilan,Transfer Bank
PAY0004596,21BD0038,2023E,2024-03-13,5000000,5000000,Lunas,Transfer Bank
PAY0004597,21BD0039,2023E,2024-02-27,5000000,5000000,Lunas,Loket Kampus
PAY0004598,21BD0040,2023E,2024-02-15,5000000,5000000,Lunas,Loket Kampus
PAY0004599,21BD0041,2023E,2024-03-01,5000000,5000000,Lunas,Loket Kampus
PAY0004600,21BD0042,2023E,07-Mar-2024,5000000,5000000,Lunas,Transfer Bank
PAY0004601,21BD0043,2023E,2024-03-11,5000000,5000000,Lunas,Loket Kampus
PAY0004602,21BD0044,2023E,2024-02-22,5000000,3300000,Cicilan,E-Wallet
PAY0004603,21BD0045,2023E,2024-02-29,5000000,2100000,Cicilan,Transfer Bank
PAY0004604,21BD0046,2023E,24/02/2024,5000000,5000000,Lunas,E-Wallet
PAY0004605,21BD0047,2023E,2024-03-02,5000000,5000000,Lunas,Loket Kampus
PAY0004606,21BD0048,2023E,2024-03-23,5000000,5000000,Lunas,Loket Kampus
PAY0004607,21BD0049,2023E,2024-03-05,5000000,5000000,Lunas,E-Wallet
PAY0004608,21BD0050,2023E,2024-03-11,5000000,5000000,Lunas,VA Bank
PAY0004609,21BD0051,2023E,2024-02-25,5000000,5000000,Lunas,VA Bank
PAY0004610,21BD0052,2023E,19-Mar-2024,5000000,5000000,Lunas,Transfer Bank
PAY0004611,21BD0053,2023E,2024-03-09,5000000,5000000,Lunas,Loket Kampus
PAY0004612,21BD0054,2023E,2024-03-25,5000000,5000000,Lunas,Loket Kampus
PAY0004613,21BD0055,2023E,2024-02-15,5000000,2800000,Cicilan,Transfer Bank
PAY0004614,21BD0056,2023E,2024-03-18,5000000,5000000,Lunas,Loket Kampus
PAY0004615,21BD0057,2023E,2024-02-22,5000000,5000000,Lunas,E-Wallet
PAY0004616,21BD0058,2023E,2024-03-10,5000000,5000000,Lunas,Transfer Bank
PAY0004617,21BD0059,2023E,2024-03-12,5000000,5000000,Lunas,VA Bank
PAY0004618,21BD0060,2023E,2024-03-24,5000000,5000000,Lunas,VA Bank
PAY0004619,21BD0061,2023E,2024-03-20,5000000,5000000,Lunas,E-Wallet
PAY0004620,21BD0062,2023E,2024-03-06,5000000,5000000,Lunas,Loket Kampus
PAY0004621,21BD0063,2023E,31/03/2024,5000000,5000000,Lunas,VA Bank
PAY0004622,21BD0064,2023E,19/02/2024,5000000,5000000,Lunas,Transfer Bank
PAY0004623,21BD0065,2023E,2024-03-08,5000000,5000000,Lunas,Transfer Bank
PAY0004624,21BD0066,2023E,2024-02-16,5000000,5000000,Lunas,Loket Kampus
PAY0004625,21BD0067,2023E,2024-03-25,5000000,5000000,Lunas,E-Wallet
PAY0004626,22TI0001,2023E,2024-03-17,5500000,5500000,Lunas,Loket Kampus
PAY0004627,22TI0002,2023E,2024-02-16,5500000,5500000,Lunas,VA Bank
PAY0004628,22TI0003,2023E,2024-03-31,5500000,5500000,Lunas,Transfer Bank
PAY0004629,22TI0004,2023E,21-Mar-2024,5500000,5500000,Lunas,Transfer Bank
PAY0004630,22TI0005,2023E,04/03/2024,5500000,5500000,Lunas,VA Bank
PAY0004631,22TI0006,2023E,09-Mar-2024,5500000,5500000,Lunas,Loket Kampus
PAY0004632,22TI0007,2023E,10/03/2024,5500000,5500000,Lunas,Transfer Bank
PAY0004633,22TI0008,2023E,2024-03-02,5500000,3100000,Cicilan,VA Bank
PAY0004634,22TI0009,2023E,2024-02-28,5500000,5500000,Lunas,E-Wallet
PAY0004635,22TI0010,2023E,2024-03-13,5500000,5500000,Lunas,Loket Kampus
PAY0004636,22TI0011,2023E,2024-03-06,5500000,5500000,Lunas,Loket Kampus
PAY0004637,22TI0012,2023E,2024-03-19,5500000,5500000,Lunas,Loket Kampus
PAY0004638,22TI0013,2023E,2024-03-08,5500000,2300000,Cicilan,Loket Kampus
PAY0004639,22TI0014,2023E,2024-03-27,5500000,5500000,Lunas,Transfer Bank
PAY0004640,22TI0015,2023E,2024-03-21,5500000,5500000,Lunas,Loket Kampus
PAY0004641,22TI0016,2023E,2024-03-08,5500000,3200000,Cicilan,Transfer Bank
PAY0004642,22TI0017,2023E,20/03/2024,5500000,3400000,Cicilan,Transfer Bank
PAY0004643,22TI0018,2023E,2024-03-19,5500000,5500000,Lunas,Loket Kampus
PAY0004644,22TI0019,2023E,2024-02-16,5500000,5500000,Lunas,VA Bank
PAY0004645,22TI0020,2023E,2024-03-06,5500000,5500000,Lunas,VA Bank
PAY0004646,22TI0021,2023E,05-Mar-2024,5500000,2900000,Cicilan,E-Wallet
PAY0004647,22TI0022,2023E,2024-03-05,5500000,5500000,Lunas,Transfer Bank
PAY0004648,22TI0023,2023E,2024-02-20,5500000,5500000,Lunas,E-Wallet
PAY0004649,22TI0024,2023E,,5500000,0,Belum Lunas,Loket Kampus
PAY0004650,22TI0025,2023E,2024-03-08,5500000,5500000,Lunas,E-Wallet
PAY0004651,22TI0026,2023E,15/02/2024,5500000,5500000,Lunas,E-Wallet
PAY0004652,22TI0027,2023E,09/03/2024,5500000,5500000,Lunas,VA Bank
PAY0004653,22TI0028,2023E,,5500000,0,Belum Lunas,VA Bank
PAY0004654,22TI0029,2023E,2024-02-27,5500000,5500000,Lunas,E-Wallet
PAY0004655,22TI0030,2023E,2024-03-02,5500000,5500000,Lunas,Loket Kampus
PAY0004656,22TI0031,2023E,2024-03-24,5500000,5500000,Lunas,VA Bank
PAY0004657,22TI0032,2023E,28-Feb-2024,5500000,5500000,Lunas,E-Wallet
PAY0004658,22TI0033,2023E,2024-02-27,5500000,5500000,Lunas,E-Wallet
PAY0004659,22TI0034,2023E,2024-02-25,5500000,5500000,Lunas,VA Bank
PAY0004660,22TI0035,2023E,2024-03-09,5500000,3600000,Cicilan,Transfer Bank
PAY0004661,22TI0036,2023E,2024-02-19,5500000,5500000,Lunas,Transfer Bank
PAY0004662,22TI0037,2023E,2024-03-14,5500000,5500000,Lunas,VA Bank
PAY0004663,22TI0038,2023E,2024-03-04,5500000,5500000,Lunas,VA Bank
PAY0004664,22TI0039,2023E,2024-02-18,5500000,5500000,Lunas,Transfer Bank
PAY0004665,22TI0040,2023E,27-Feb-2024,5500000,5500000,Lunas,VA Bank
PAY0004666,22TI0041,2023E,2024-03-07,5500000,5500000,Lunas,E-Wallet
PAY0004667,22TI0042,2023E,2024-02-29,5500000,5500000,Lunas,Loket Kampus
PAY0004668,22TI0043,2023E,2024-03-07,5500000,5500000,Lunas,Loket Kampus
PAY0004669,22TI0044,2023E,,5500000,0,Belum Lunas,E-Wallet
PAY0004670,22TI0045,2023E,2024-03-19,5500000,5500000,Lunas,E-Wallet
PAY0004671,22TI0046,2023E,2024-02-28,5500000,5500000,Lunas,Loket Kampus
PAY0004672,22TI0047,2023E,2024-02-24,5500000,5500000,Lunas,Loket Kampus
PAY0004673,22TI0048,2023E,23-Feb-2024,5500000,5500000,Lunas,Transfer Bank
PAY0004674,22TI0049,2023E,20/03/2024,5500000,2600000,Cicilan,Loket Kampus
PAY0004675,22TI0050,2023E,2024-03-26,5500000,5500000,Lunas,E-Wallet
PAY0004676,22TI0051,2023E,30-Mar-2024,5500000,5500000,Lunas,VA Bank
PAY0004677,22TI0052,2023E,22/03/2024,5500000,5500000,Lunas,E-Wallet
PAY0004678,22TI0053,2023E,2024-02-16,5500000,5500000,Lunas,Transfer Bank
PAY0004679,22TI0054,2023E,2024-03-06,5500000,2100000,Cicilan,Loket Kampus
PAY0004680,22TI0055,2023E,2024-03-01,5500000,5500000,Lunas,Loket Kampus
PAY0004681,22TI0056,2023E,2024-03-24,5500000,3500000,Cicilan,E-Wallet
PAY0004682,22TI0057,2023E,2024-02-28,5500000,5500000,Lunas,Loket Kampus
PAY0004683,22TI0058,2023E,2024-03-11,5500000,5500000,Lunas,VA Bank
PAY0004684,22TI0059,2023E,2024-03-16,5500000,5500000,Lunas,Loket Kampus
PAY0004685,22TI0060,2023E,2024-03-18,5500000,5500000,Lunas,Transfer Bank
PAY0004686,22TI0061,2023E,2024-03-18,5500000,5500000,Lunas,E-Wallet
PAY0004687,22TI0062,2023E,31/03/2024,5500000,5500000,Lunas,Transfer Bank
PAY0004688,22TI0063,2023E,24/02/2024,5500000,5500000,Lunas,Loket Kampus
PAY0004689,22TI0064,2023E,23/02/2024,5500000,5500000,Lunas,E-Wallet
PAY0004690,22TI0065,2023E,2024-03-15,5500000,5500000,Lunas,Transfer Bank
PAY0004691,22TI0066,2023E,29/03/2024,5500000,5500000,Lunas,VA Bank
PAY0004692,22TI0067,2023E,2024-03-02,5500000,5500000,Lunas,E-Wallet
PAY0004693,22TI0068,2023E,2024-03-13,5500000,5500000,Lunas,VA Bank
PAY0004694,22TI0069,2023E,2024-03-19,5500000,5500000,Lunas,E-Wallet
PAY0004695,22TI0070,2023E,2024-03-17,5500000,5500000,Lunas,Transfer Bank
PAY0004696,22TI0071,2023E,2024-03-04,5500000,5500000,Lunas,E-Wallet
PAY0004697,22TI0072,2023E,15/02/2024,5500000,5500000,Lunas,Loket Kampus
PAY0004698,22TI0073,2023E,2024-03-06,5500000,5500000,Lunas,Loket Kampus
PAY0004699,22TI0074,2023E,2024-02-19,5500000,4000000,Cicilan,E-Wallet
PAY0004700,22TI0075,2023E,2024-02-25,5500000,5500000,Lunas,VA Bank
PAY0004701,22TI0076,2023E,2024-02-19,5500000,5500000,Lunas,VA Bank
PAY0004702,22TI0077,2023E,,5500000,0,Belum Lunas,Transfer Bank
PAY0004703,22TI0078,2023E,2024-02-20,5500000,5500000,Lunas,E-Wallet
PAY0004704,22TI0079,2023E,2024-02-24,5500000,5500000,Lunas,E-Wallet
PAY0004705,22TI0080,2023E,09/03/2024,5500000,5500000,Lunas,Loket Kampus
PAY0004706,22TI0081,2023E,2024-03-03,5500000,5500000,Lunas,Loket Kampus
PAY0004707,22TI0082,2023E,20-Mar-2024,5500000,5500000,Lunas,VA Bank
PAY0004708,22TI0083,2023E,2024-02-25,5500000,5500000,Lunas,E-Wallet
PAY0004709,22TI0084,2023E,2024-03-23,5500000,4000000,Cicilan,Loket Kampus
PAY0004710,22TI0085,2023E,2024-03-07,5500000,5500000,Lunas,Transfer Bank
PAY0004711,22TI0086,2023E,16-Feb-2024,5500000,2300000,Cicilan,Transfer Bank
PAY0004712,22TI0087,2023E,2024-02-15,5500000,5500000,Lunas,Transfer Bank
PAY0004713,22TI0088,2023E,13/03/2024,5500000,5500000,Lunas,Loket Kampus
PAY0004714,22TI0089,2023E,2024-02-26,5500000,5500000,Lunas,VA Bank
PAY0004715,22TI0090,2023E,29/03/2024,5500000,5500000,Lunas,VA Bank
PAY0004716,22SI0001,2023E,2024-03-31,5250000,5250000,Lunas,E-Wallet
PAY0004717,22SI0002,2023E,,5250000,0,Belum Lunas,VA Bank
PAY0004718,22SI0003,2023E,2024-02-20,5250000,5250000,Lunas,E-Wallet
PAY0004719,22SI0004,2023E,2024-03-11,5250000,5250000,Lunas,Loket Kampus
PAY0004720,22SI0005,2023E,,5250000,0,Belum Lunas,Loket Kampus
PAY0004721,22SI0006,2023E,10/03/2024,5250000,5250000,Lunas,VA Bank
PAY0004722,22SI0007,2023E,2024-03-12,5250000,5250000,Lunas,Loket Kampus
PAY0004723,22SI0008,2023E,23-Feb-2024,5250000,5250000,Lunas,Transfer Bank
PAY0004724,22SI0009,2023E,18/02/2024,5250000,5250000,Lunas,E-Wallet
PAY0004725,22SI0010,2023E,2024-02-19,5250000,5250000,Lunas,Transfer Bank
PAY0004726,22SI0011,2023E,2024-03-30,5250000,5250000,Lunas,Loket Kampus
PAY0004727,22SI0012,2023E,15-Mar-2024,5250000,5250000,Lunas,Loket Kampus
PAY0004728,22SI0013,2023E,22/02/2024,5250000,1800000,Cicilan,Transfer Bank
PAY0004729,22SI0014,2023E,2024-03-25,5250000,5250000,Lunas,Loket Kampus
PAY0004730,22SI0015,2023E,2024-03-19,5250000,5250000,Lunas,E-Wallet
PAY0004731,22SI0016,2023E,2024-03-16,5250000,5250000,Lunas,Transfer Bank
PAY0004732,22SI0017,2023E,2024-03-11,5250000,5250000,Lunas,Transfer Bank
PAY0004733,22SI0018,2023E,07-Mar-2024,5250000,5250000,Lunas,VA Bank
PAY0004734,22SI0019,2023E,16-Mar-2024,5250000,5250000,Lunas,Transfer Bank
PAY0004735,22SI0020,2023E,2024-03-21,5250000,5250000,Lunas,Transfer Bank
PAY0004736,22SI0021,2023E,,5250000,0,Belum Lunas,Loket Kampus
PAY0004737,22SI0022,2023E,2024-03-28,5250000,5250000,Lunas,Loket Kampus
PAY0004738,22SI0023,2023E,2024-03-17,5250000,5250000,Lunas,E-Wallet
PAY0004739,22SI0024,2023E,09-Mar-2024,5250000,5250000,Lunas,Loket Kampus
PAY0004740,22SI0025,2023E,2024-02-19,5250000,5250000,Lunas,VA Bank
PAY0004741,22SI0026,2023E,2024-02-23,5250000,5250000,Lunas,Loket Kampus
PAY0004742,22SI0027,2023E,2024-03-03,5250000,5250000,Lunas,E-Wallet
PAY0004743,22SI0028,2023E,2024-03-26,5250000,5250000,Lunas,Loket Kampus
PAY0004744,22SI0029,2023E,2024-03-02,5250000,5250000,Lunas,VA Bank
PAY0004745,22SI0030,2023E,2024-03-14,5250000,5250000,Lunas,E-Wallet
PAY0004746,22SI0031,2023E,2024-03-07,5250000,5250000,Lunas,Transfer Bank
PAY0004747,22SI0032,2023E,2024-03-17,5250000,5250000,Lunas,E-Wallet
PAY0004748,22SI0033,2023E,29/02/2024,5250000,5250000,Lunas,E-Wallet
PAY0004749,22SI0034,2023E,,5250000,0,Belum Lunas,Loket Kampus
PAY0004750,22SI0035,2023E,13/03/2024,5250000,5250000,Lunas,Loket Kampus
PAY0004751,22SI0036,2023E,10/03/2024,5250000,5250000,Lunas,VA Bank
PAY0004752,22SI0037,2023E,2024-02-21,5250000,5250000,Lunas,E-Wallet
PAY0004753,22SI0038,2023E,11-Mar-2024,5250000,5250000,Lunas,VA Bank
PAY0004754,22SI0039,2023E,2024-03-11,5250000,2400000,Cicilan,VA Bank
PAY0004755,22SI0040,2023E,2024-02-24,5250000,5250000,Lunas,Transfer Bank
PAY0004756,22SI0041,2023E,2024-03-21,5250000,5250000,Lunas,Loket Kampus
PAY0004757,22SI0042,2023E,09-Mar-2024,5250000,5250000,Lunas,E-Wallet
PAY0004758,22SI0043,2023E,18/02/2024,5250000,5250000,Lunas,E-Wallet
PAY0004759,22SI0044,2023E,2024-03-26,5250000,5250000,Lunas,Transfer Bank
PAY0004760,22SI0045,2023E,02/03/2024,5250000,5250000,Lunas,E-Wallet
PAY0004761,22SI0046,2023E,2024-03-25,5250000,5250000,Lunas,VA Bank
PAY0004762,22SI0047,2023E,2024-03-24,5250000,5250000,Lunas,Transfer Bank
PAY0004763,22SI0048,2023E,2024-02-26,5250000,5250000,Lunas,Transfer Bank
PAY0004764,22SI0049,2023E,2024-03-20,5250000,5250000,Lunas,VA Bank
PAY0004765,22SI0050,2023E,07-Mar-2024,5250000,5250000,Lunas,E-Wallet
PAY0004766,22SI0051,2023E,,5250000,0,Belum Lunas,E-Wallet
PAY0004767,22SI0052,2023E,2024-03-24,5250000,5250000,Lunas,Transfer Bank
PAY0004768,22SI0053,2023E,29-Mar-2024,5250000,5250000,Lunas,Transfer Bank
PAY0004769,22SI0054,2023E,2024-03-24,5250000,3800000,Cicilan,Loket Kampus
PAY0004770,22SI0055,2023E,2024-03-03,5250000,5250000,Lunas,E-Wallet
PAY0004771,22SI0056,2023E,18/03/2024,5250000,5250000,Lunas,E-Wallet
PAY0004772,22SI0057,2023E,2024-02-16,5250000,5250000,Lunas,Transfer Bank
PAY0004773,22SI0058,2023E,12/03/2024,5250000,5250000,Lunas,E-Wallet
PAY0004774,22SI0059,2023E,2024-03-08,5250000,5250000,Lunas,E-Wallet
PAY0004775,22SI0060,2023E,2024-03-01,5250000,5250000,Lunas,Loket Kampus
PAY0004776,22SI0061,2023E,08/03/2024,5250000,5250000,Lunas,Transfer Bank
PAY0004777,22SI0062,2023E,2024-03-31,5250000,5250000,Lunas,E-Wallet
PAY0004778,22SI0063,2023E,28/02/2024,5250000,5250000,Lunas,Transfer Bank
PAY0004779,22SI0064,2023E,2024-02-26,5250000,2100000,Cicilan,VA Bank
PAY0004780,22SI0065,2023E,2024-02-20,5250000,5250000,Lunas,Transfer Bank
PAY0004781,22SI0066,2023E,2024-03-28,5250000,3500000,Cicilan,Transfer Bank
PAY0004782,22SI0067,2023E,2024-03-14,5250000,5250000,Lunas,E-Wallet
PAY0004783,22SI0068,2023E,2024-03-09,5250000,5250000,Lunas,VA Bank
PAY0004784,22SI0069,2023E,2024-03-02,5250000,5250000,Lunas,Transfer Bank
PAY0004785,22SI0070,2023E,,5250000,0,Belum Lunas,Loket Kampus
PAY0004786,22SI0071,2023E,2024-03-06,5250000,3400000,Cicilan,Transfer Bank
PAY0004787,22SI0072,2023E,26/02/2024,5250000,5250000,Lunas,VA Bank
PAY0004788,22SI0073,2023E,2024-03-17,5250000,5250000,Lunas,E-Wallet
PAY0004789,22SI0074,2023E,2024-03-23,5250000,2200000,Cicilan,E-Wallet
PAY0004790,22SI0075,2023E,2024-03-27,5250000,1900000,Cicilan,VA Bank
PAY0004791,22SI0076,2023E,2024-02-16,5250000,5250000,Lunas,Transfer Bank
PAY0004792,22SI0077,2023E,2024-03-20,5250000,5250000,Lunas,E-Wallet
PAY0004793,22SI0078,2023E,,5250000,0,Belum Lunas,Loket Kampus
PAY0004794,22SI0079,2023E,2024-03-20,5250000,2200000,Cicilan,Transfer Bank
PAY0004795,22SI0080,2023E,2024-02-26,5250000,5250000,Lunas,VA Bank
PAY0004796,22SI0081,2023E,2024-02-27,5250000,5250000,Lunas,E-Wallet
PAY0004797,22SI0082,2023E,21/03/2024,5250000,5250000,Lunas,E-Wallet
PAY0004798,22SI0083,2023E,2024-02-28,5250000,5250000,Lunas,Loket Kampus
PAY0004799,22SI0084,2023E,2024-02-24,5250000,5250000,Lunas,E-Wallet
PAY0004800,22SI0085,2023E,2024-02-19,5250000,5250000,Lunas,VA Bank
PAY0004801,22IF0001,2023E,09-Mar-2024,5750000,5750000,Lunas,VA Bank
PAY0004802,22IF0002,2023E,10/03/2024,5750000,5750000,Lunas,Transfer Bank
PAY0004803,22IF0003,2023E,2024-03-30,5750000,3900000,Cicilan,VA Bank
PAY0004804,22IF0004,2023E,2024-02-18,5750000,5750000,Lunas,Transfer Bank
PAY0004805,22IF0005,2023E,19/03/2024,5750000,5750000,Lunas,VA Bank
PAY0004806,22IF0006,2023E,2024-03-14,5750000,5750000,Lunas,Loket Kampus
PAY0004807,22IF0007,2023E,21/02/2024,5750000,5750000,Lunas,Loket Kampus
PAY0004808,22IF0008,2023E,2024-03-23,5750000,5750000,Lunas,Loket Kampus
PAY0004809,22IF0009,2023E,2024-02-22,5750000,5750000,Lunas,Transfer Bank
PAY0004810,22IF0010,2023E,2024-03-18,5750000,5750000,Lunas,E-Wallet
PAY0004811,22IF0011,2023E,2024-03-24,5750000,5750000,Lunas,E-Wallet
PAY0004812,22IF0012,2023E,2024-03-02,5750000,5750000,Lunas,E-Wallet
PAY0004813,22IF0013,2023E,26/03/2024,5750000,5750000,Lunas,Transfer Bank
PAY0004814,22IF0014,2023E,,5750000,0,Belum Lunas,VA Bank
PAY0004815,22IF0015,2023E,2024-03-08,5750000,5750000,Lunas,VA Bank
PAY0004816,22IF0016,2023E,2024-03-14,5750000,5750000,Lunas,Transfer Bank
PAY0004817,22IF0017,2023E,15/03/2024,5750000,5750000,Lunas,Loket Kampus
PAY0004818,22IF0018,2023E,2024-03-14,5750000,5750000,Lunas,Transfer Bank
PAY0004819,22IF0019,2023E,2024-03-19,5750000,5750000,Lunas,Transfer Bank
PAY0004820,22IF0020,2023E,2024-03-29,5750000,3100000,Cicilan,Transfer Bank
PAY0004821,22IF0021,2023E,22/02/2024,5750000,5750000,Lunas,Loket Kampus
PAY0004822,22IF0022,2023E,2024-03-08,5750000,5750000,Lunas,Loket Kampus
PAY0004823,22IF0023,2023E,05/03/2024,5750000,-5750000,Lunas,E-Wallet
PAY0004824,22IF0024,2023E,2024-03-01,5750000,5750000,Lunas,E-Wallet
PAY0004825,22IF0025,2023E,2024-03-17,5750000,5750000,Lunas,Transfer Bank
PAY0004826,22IF0026,2023E,17/02/2024,5750000,5750000,Lunas,VA Bank
PAY0004827,22IF0027,2023E,02/03/2024,5750000,5750000,Lunas,E-Wallet
PAY0004828,22IF0028,2023E,2024-02-29,5750000,5750000,Lunas,E-Wallet
PAY0004829,22IF0029,2023E,24-Mar-2024,5750000,5750000,Lunas,Transfer Bank
PAY0004830,22IF0030,2023E,2024-03-23,5750000,5750000,Lunas,E-Wallet
PAY0004831,22IF0031,2023E,2024-02-16,5750000,5750000,Lunas,VA Bank
PAY0004832,22IF0032,2023E,05-Mar-2024,5750000,2600000,Cicilan,E-Wallet
PAY0004833,22IF0033,2023E,2024-03-18,5750000,5750000,Lunas,E-Wallet
PAY0004834,22IF0034,2023E,12/03/2024,5750000,5750000,Lunas,Loket Kampus
PAY0004835,22IF0035,2023E,2024-03-05,5750000,3900000,Cicilan,E-Wallet
PAY0004836,22IF0036,2023E,15/03/2024,5750000,5750000,Lunas,E-Wallet
PAY0004837,22IF0037,2023E,2024-02-16,5750000,5750000,Lunas,Loket Kampus
PAY0004838,22IF0038,2023E,30/03/2024,5750000,5750000,Lunas,Transfer Bank
PAY0004839,22IF0039,2023E,2024-02-25,5750000,5750000,Lunas,E-Wallet
PAY0004840,22IF0040,2023E,2024-02-22,5750000,5750000,Lunas,E-Wallet
PAY0004841,22IF0041,2023E,22-Mar-2024,5750000,5750000,Lunas,VA Bank
PAY0004842,22IF0042,2023E,11/03/2024,5750000,5750000,Lunas,VA Bank
PAY0004843,22IF0043,2023E,2024-03-08,5750000,5750000,Lunas,E-Wallet
PAY0004844,22IF0044,2023E,16/02/2024,5750000,5750000,Lunas,E-Wallet
PAY0004845,22IF0045,2023E,2024-03-08,5750000,5750000,Lunas,Transfer Bank
PAY0004846,22IF0046,2023E,2024-02-24,5750000,5750000,Lunas,E-Wallet
PAY0004847,22IF0047,2023E,2024-02-15,5750000,5750000,Lunas,VA Bank
PAY0004848,22IF0048,2023E,2024-03-21,5750000,5750000,Lunas,VA Bank
PAY0004849,22IF0049,2023E,2024-03-10,5750000,5750000,Lunas,Transfer Bank
PAY0004850,22IF0050,2023E,2024-03-29,5750000,5750000,Lunas,Transfer Bank
PAY0004851,22IF0051,2023E,2024-03-28,5750000,3200000,Cicilan,VA Bank
PAY0004852,22IF0052,2023E,2024-02-19,5750000,5750000,Lunas,Transfer Bank
PAY0004853,22IF0053,2023E,2024-03-01,5750000,5750000,Lunas,Transfer Bank
PAY0004854,22IF0054,2023E,2024-03-24,5750000,5750000,Lunas,VA Bank
PAY0004855,22IF0055,2023E,25-Mar-2024,5750000,5750000,Lunas,Loket Kampus
PAY0004856,22IF0056,2023E,2024-03-01,5750000,5750000,Lunas,VA Bank
PAY0004857,22IF0057,2023E,2024-02-20,5750000,5750000,Lunas,VA Bank
PAY0004858,22IF0058,2023E,2024-03-08,5750000,5750000,Lunas,E-Wallet
PAY0004859,22IF0059,2023E,07/03/2024,5750000,5750000,Lunas,Transfer Bank
PAY0004860,22IF0060,2023E,20/02/2024,5750000,5750000,Lunas,Transfer Bank
PAY0004861,22IF0061,2023E,2024-03-25,5750000,5750000,Lunas,Loket Kampus
PAY0004862,22IF0062,2023E,,5750000,0,Belum Lunas,VA Bank
PAY0004863,22IF0063,2023E,2024-03-15,5750000,3000000,Cicilan,E-Wallet
PAY0004864,22IF0064,2023E,24/02/2024,5750000,5750000,Lunas,VA Bank
PAY0004865,22IF0065,2023E,2024-03-24,5750000,5750000,Lunas,Transfer Bank
PAY0004866,22IF0066,2023E,2024-03-03,5750000,5750000,Lunas,Loket Kampus
PAY0004867,22IF0067,2023E,2024-03-24,5750000,5750000,Lunas,VA Bank
PAY0004868,22IF0068,2023E,2024-03-31,5750000,5750000,Lunas,E-Wallet
PAY0004869,22IF0069,2023E,2024-03-02,5750000,5750000,Lunas,Transfer Bank
PAY0004870,22IF0070,2023E,2024-03-23,5750000,5750000,Lunas,Loket Kampus
PAY0004871,22IF0071,2023E,2024-03-19,5750000,5750000,Lunas,Loket Kampus
PAY0004872,22IF0072,2023E,22/03/2024,5750000,5750000,Lunas,Loket Kampus
PAY0004873,22IF0073,2023E,2024-02-25,5750000,5750000,Lunas,Loket Kampus
PAY0004874,22IF0074,2023E,2024-03-29,5750000,5750000,Lunas,VA Bank
PAY0004875,22IF0075,2023E,2024-03-17,5750000,5750000,Lunas,Transfer Bank
PAY0004876,22IF0076,2023E,30/03/2024,5750000,5750000,Lunas,VA Bank
PAY0004877,22IF0077,2023E,2024-03-05,5750000,3300000,Cicilan,Loket Kampus
PAY0004878,22IF0078,2023E,03/03/2024,5750000,5750000,Lunas,VA Bank
PAY0004879,22IF0079,2023E,2024-03-19,5750000,5750000,Lunas,VA Bank
PAY0004880,22IF0080,2023E,2024-03-21,5750000,5750000,Lunas,E-Wallet
PAY0004881,22IF0081,2023E,2024-03-24,5750000,3800000,Cicilan,E-Wallet
PAY0004882,22IF0082,2023E,2024-03-18,5750000,5750000,Lunas,E-Wallet
PAY0004883,22IF0083,2023E,24/03/2024,5750000,5750000,Lunas,VA Bank
PAY0004884,22IF0084,2023E,17-Mar-2024,5750000,2200000,Cicilan,Transfer Bank
PAY0004885,22IF0085,2023E,,5750000,0,Belum Lunas,E-Wallet
PAY0004886,22IF0086,2023E,2024-02-21,5750000,5750000,Lunas,VA Bank
PAY0004887,22IF0087,2023E,20/03/2024,5750000,5750000,Lunas,VA Bank
PAY0004888,22IF0088,2023E,18/03/2024,5750000,5750000,Lunas,Transfer Bank
PAY0004889,22IF0089,2023E,06/03/2024,5750000,5750000,Lunas,VA Bank
PAY0004890,22IF0090,2023E,2024-02-23,5750000,5750000,Lunas,Transfer Bank
PAY0004891,22DS0001,2023E,2024-03-31,6000000,6000000,Lunas,Loket Kampus
PAY0004892,22DS0002,2023E,2024-02-16,6000000,6000000,Lunas,Transfer Bank
PAY0004893,22DS0003,2023E,2024-02-27,6000000,6000000,Lunas,Transfer Bank
PAY0004894,22DS0004,2023E,2024-03-12,6000000,6000000,Lunas,E-Wallet
PAY0004895,22DS0005,2023E,2024-03-06,6000000,6000000,Lunas,Transfer Bank
PAY0004896,22DS0006,2023E,2024-02-23,6000000,6000000,Lunas,E-Wallet
PAY0004897,22DS0007,2023E,03/03/2024,6000000,6000000,Lunas,Loket Kampus
PAY0004898,22DS0008,2023E,2024-03-30,6000000,3800000,Cicilan,Transfer Bank
PAY0004899,22DS0009,2023E,2024-03-29,6000000,6000000,Lunas,Loket Kampus
PAY0004900,22DS0010,2023E,2024-03-03,6000000,2600000,Cicilan,VA Bank
PAY0004901,22DS0011,2023E,2024-03-25,6000000,6000000,Lunas,VA Bank
PAY0004902,22DS0012,2023E,2024-03-26,6000000,6000000,Lunas,Transfer Bank
PAY0004903,22DS0013,2023E,2024-03-13,6000000,6000000,Lunas,Transfer Bank
PAY0004904,22DS0014,2023E,2024-03-05,6000000,6000000,Lunas,Transfer Bank
PAY0004905,22DS0015,2023E,04/03/2024,6000000,6000000,Lunas,Transfer Bank
PAY0004906,22DS0016,2023E,17/02/2024,6000000,6000000,Lunas,E-Wallet
PAY0004907,22DS0017,2023E,01-Mar-2024,6000000,6000000,Lunas,E-Wallet
PAY0004908,22DS0018,2023E,28/03/2024,6000000,6000000,Lunas,E-Wallet
PAY0004909,22DS0019,2023E,2024-03-07,6000000,6000000,Lunas,E-Wallet
PAY0004910,22DS0020,2023E,2024-03-10,6000000,6000000,Lunas,VA Bank
PAY0004911,22DS0021,2023E,,6000000,0,Belum Lunas,E-Wallet
PAY0004912,22DS0022,2023E,2024-03-08,6000000,6000000,Lunas,VA Bank
PAY0004913,22DS0023,2023E,2024-02-21,6000000,6000000,Lunas,Transfer Bank
PAY0004914,22DS0024,2023E,2024-02-19,6000000,6000000,Lunas,Transfer Bank
PAY0004915,22DS0025,2023E,23/03/2024,6000000,6000000,Lunas,Transfer Bank
PAY0004916,22DS0026,2023E,2024-02-28,6000000,3900000,Cicilan,Loket Kampus
PAY0004917,22DS0027,2023E,2024-03-17,6000000,6000000,Lunas,E-Wallet
PAY0004918,22DS0028,2023E,17-Mar-2024,6000000,6000000,Lunas,Loket Kampus
PAY0004919,22DS0029,2023E,2024-03-07,6000000,6000000,Lunas,Transfer Bank
PAY0004920,22DS0030,2023E,,6000000,0,Belum Lunas,Transfer Bank
PAY0004921,22DS0031,2023E,2024-03-20,6000000,4300000,Cicilan,E-Wallet
PAY0004922,22DS0032,2023E,2024-03-05,6000000,6000000,Lunas,Loket Kampus
PAY0004923,22DS0033,2023E,17/03/2024,6000000,6000000,Lunas,VA Bank
PAY0004924,22DS0034,2023E,2024-03-24,6000000,6000000,Lunas,E-Wallet
PAY0004925,22DS0035,2023E,25-Feb-2024,6000000,6000000,Lunas,Loket Kampus
PAY0004926,22DS0036,2023E,2024-03-24,6000000,6000000,Lunas,VA Bank
PAY0004927,22DS0037,2023E,2024-03-29,6000000,6000000,Lunas,Loket Kampus
PAY0004928,22DS0038,2023E,2024-03-31,6000000,6000000,Lunas,Transfer Bank
PAY0004929,22DS0039,2023E,,6000000,0,Belum Lunas,E-Wallet
PAY0004930,22DS0040,2023E,2024-02-21,6000000,6000000,Lunas,E-Wallet
PAY0004931,22DS0041,2023E,2024-03-17,6000000,6000000,Lunas,E-Wallet
PAY0004932,22DS0042,2023E,2024-02-26,6000000,6000000,Lunas,E-Wallet
PAY0004933,22DS0043,2023E,2024-03-11,6000000,6000000,Lunas,E-Wallet
PAY0004934,22DS0044,2023E,2024-03-11,6000000,6000000,Lunas,Transfer Bank
PAY0004935,22DS0045,2023E,2024-03-26,6000000,6000000,Lunas,E-Wallet
PAY0004936,22DS0046,2023E,2024-03-01,6000000,6000000,Lunas,Loket Kampus
PAY0004937,22DS0047,2023E,2024-03-27,6000000,6000000,Lunas,VA Bank
PAY0004938,22DS0048,2023E,2024-03-07,6000000,6000000,Lunas,Loket Kampus
PAY0004939,22DS0049,2023E,2024-02-21,6000000,6000000,Lunas,Loket Kampus
PAY0004940,22DS0050,2023E,19/02/2024,6000000,6000000,Lunas,Loket Kampus
PAY0004941,22DS0051,2023E,2024-02-29,6000000,6000000,Lunas,VA Bank
PAY0004942,22DS0052,2023E,2024-02-29,6000000,2300000,Cicilan,VA Bank
PAY0004943,22DS0053,2023E,2024-03-28,6000000,6000000,Lunas,VA Bank
PAY0004944,22DS0054,2023E,21/02/2024,6000000,6000000,Lunas,VA Bank
PAY0004945,22DS0055,2023E,15/03/2024,6000000,6000000,Lunas,Transfer Bank
PAY0004946,22DS0056,2023E,2024-03-26,6000000,6000000,Lunas,Transfer Bank
PAY0004947,22DS0057,2023E,2024-02-21,6000000,6000000,Lunas,E-Wallet
PAY0004948,22DS0058,2023E,2024-03-31,6000000,6000000,Lunas,Loket Kampus
PAY0004949,22DS0059,2023E,2024-03-16,6000000,6000000,Lunas,E-Wallet
PAY0004950,22DS0060,2023E,2024-03-20,6000000,6000000,Lunas,Transfer Bank
PAY0004951,22DS0061,2023E,2024-03-03,6000000,6000000,Lunas,E-Wallet
PAY0004952,22DS0062,2023E,26/02/2024,6000000,6000000,Lunas,Loket Kampus
PAY0004953,22DS0063,2023E,2024-03-14,6000000,6000000,Lunas,E-Wallet
PAY0004954,22DS0064,2023E,21-Feb-2024,6000000,2200000,Cicilan,Loket Kampus
PAY0004955,22DS0065,2023E,2024-03-03,6000000,6000000,Lunas,VA Bank
PAY0004956,22DS0066,2023E,31/03/2024,6000000,6000000,Lunas,Loket Kampus
PAY0004957,22DS0067,2023E,2024-02-28,6000000,6000000,Lunas,Loket Kampus
PAY0004958,22DS0068,2023E,2024-02-19,6000000,6000000,Lunas,Transfer Bank
PAY0004959,22DS0069,2023E,,6000000,0,Belum Lunas,VA Bank
PAY0004960,22DS0070,2023E,21-Mar-2024,6000000,6000000,Lunas,VA Bank
PAY0004961,22DS0071,2023E,2024-02-28,6000000,6000000,Lunas,Transfer Bank
PAY0004962,22TR0001,2023E,2024-03-25,5700000,5700000,Lunas,Loket Kampus
PAY0004963,22TR0002,2023E,2024-02-24,5700000,5700000,Lunas,E-Wallet
PAY0004964,22TR0003,2023E,13-Mar-2024,5700000,5700000,Lunas,VA Bank
PAY0004965,22TR0004,2023E,2024-03-29,5700000,5700000,Lunas,VA Bank
PAY0004966,22TR0005,2023E,2024-02-25,5700000,5700000,Lunas,Loket Kampus
PAY0004967,22TR0006,2023E,20-Mar-2024,5700000,3200000,Cicilan,Transfer Bank
PAY0004968,22TR0007,2023E,2024-03-27,5700000,4300000,Cicilan,VA Bank
PAY0004969,22TR0008,2023E,2024-02-22,5700000,5700000,Lunas,Loket Kampus
PAY0004970,22TR0009,2023E,2024-02-18,5700000,5700000,Lunas,VA Bank
PAY0004971,22TR0010,2023E,2024-03-29,5700000,5700000,Lunas,E-Wallet
PAY0004972,22TR0011,2023E,2024-02-16,5700000,5700000,Lunas,Loket Kampus
PAY0004973,22TR0012,2023E,2024-03-30,5700000,5700000,Lunas,Transfer Bank
PAY0004974,22TR0013,2023E,17-Feb-2024,5700000,5700000,Lunas,E-Wallet
PAY0004975,22TR0014,2023E,15/03/2024,5700000,5700000,Lunas,Transfer Bank
PAY0004976,22TR0015,2023E,28-Mar-2024,5700000,5700000,Lunas,Transfer Bank
PAY0004977,22TR0016,2023E,01-Mar-2024,5700000,5700000,Lunas,VA Bank
PAY0004978,22TR0017,2023E,2024-02-27,5700000,5700000,Lunas,E-Wallet
PAY0004979,22TR0018,2023E,2024-03-21,5700000,5700000,Lunas,Loket Kampus
PAY0004980,22TR0019,2023E,09-Mar-2024,5700000,5700000,Lunas,VA Bank
PAY0004981,22TR0020,2023E,26-Mar-2024,5700000,5700000,Lunas,Loket Kampus
PAY0004982,22TR0021,2023E,2024-02-15,5700000,5700000,Lunas,E-Wallet
PAY0004983,22TR0022,2023E,2024-02-21,5700000,5700000,Lunas,Transfer Bank
PAY0004984,22TR0023,2023E,2024-03-19,5700000,5700000,Lunas,Loket Kampus
PAY0004985,22TR0024,2023E,2024-03-19,5700000,5700000,Lunas,Transfer Bank
PAY0004986,22TR0025,2023E,2024-02-20,5700000,5700000,Lunas,Loket Kampus
PAY0004987,22TR0026,2023E,2024-02-23,5700000,5700000,Lunas,Loket Kampus
PAY0004988,22TR0027,2023E,2024-03-15,5700000,5700000,Lunas,Loket Kampus
PAY0004989,22TR0028,2023E,2024-02-15,5700000,3800000,Cicilan,Transfer Bank
PAY0004990,22TR0029,2023E,2024-03-16,5700000,5700000,Lunas,E-Wallet
PAY0004991,22TR0030,2023E,2024-03-27,5700000,5700000,Lunas,E-Wallet
PAY0004992,22TR0031,2023E,2024-03-08,5700000,5700000,Lunas,Transfer Bank
PAY0004993,22TR0032,2023E,2024-03-19,5700000,5700000,Lunas,Transfer Bank
PAY0004994,22TR0033,2023E,23-Feb-2024,5700000,5700000,Lunas,Transfer Bank
PAY0004995,22TR0034,2023E,2024-03-27,5700000,5700000,Lunas,E-Wallet
PAY0004996,22TR0035,2023E,11/03/2024,5700000,5700000,Lunas,Transfer Bank
PAY0004997,22TR0036,2023E,2024-03-11,5700000,5700000,Lunas,E-Wallet
PAY0004998,22TR0037,2023E,2024-02-16,5700000,5700000,Lunas,Transfer Bank
PAY0004999,22TR0038,2023E,15/02/2024,5700000,5700000,Lunas,Loket Kampus
PAY0005000,22TR0039,2023E,2024-03-20,5700000,5700000,Lunas,E-Wallet
PAY0005001,22TR0040,2023E,2024-03-08,5700000,5700000,Lunas,E-Wallet
PAY0005002,22TR0041,2023E,2024-02-28,5700000,5700000,Lunas,Transfer Bank
PAY0005003,22TR0042,2023E,03-Mar-2024,5700000,5700000,Lunas,VA Bank
PAY0005004,22TR0043,2023E,22/02/2024,5700000,5700000,Lunas,Loket Kampus
PAY0005005,22TR0044,2023E,2024-03-18,5700000,5700000,Lunas,VA Bank
PAY0005006,22TR0045,2023E,2024-03-26,5700000,2000000,Cicilan,VA Bank
PAY0005007,22TR0046,2023E,,5700000,0,Belum Lunas,E-Wallet
PAY0005008,22TR0047,2023E,2024-02-25,5700000,5700000,Lunas,E-Wallet
PAY0005009,22TR0048,2023E,2024-03-15,5700000,5700000,Lunas,Transfer Bank
PAY0005010,22TR0049,2023E,08-Mar-2024,5700000,2900000,Cicilan,VA Bank
PAY0005011,22TR0050,2023E,2024-03-21,5700000,5700000,Lunas,VA Bank
PAY0005012,22TR0051,2023E,2024-03-23,5700000,5700000,Lunas,VA Bank
PAY0005013,22TR0052,2023E,24/02/2024,5700000,5700000,Lunas,VA Bank
PAY0005014,22TR0053,2023E,2024-03-21,5700000,5700000,Lunas,Transfer Bank
PAY0005015,22TR0054,2023E,2024-02-22,5700000,5700000,Lunas,Loket Kampus
PAY0005016,22TR0055,2023E,2024-03-09,5700000,5700000,Lunas,Loket Kampus
PAY0005017,22TR0056,2023E,2024-02-28,5700000,5700000,Lunas,E-Wallet
PAY0005018,22TR0057,2023E,2024-03-17,5700000,5700000,Lunas,Transfer Bank
PAY0005019,22TR0058,2023E,27/02/2024,5700000,5700000,Lunas,Transfer Bank
PAY0005020,22TR0059,2023E,2024-02-20,5700000,5700000,Lunas,E-Wallet
PAY0005021,22TR0060,2023E,2024-03-24,5700000,5700000,Lunas,E-Wallet
PAY0005022,22TR0061,2023E,,5700000,0,Belum Lunas,Transfer Bank
PAY0005023,22TR0062,2023E,17/02/2024,5700000,2300000,Cicilan,E-Wallet
PAY0005024,22TR0063,2023E,17/03/2024,5700000,5700000,Lunas,Transfer Bank
PAY0005025,22TR0064,2023E,2024-03-05,5700000,2800000,Cicilan,Loket Kampus
PAY0005026,22TR0065,2023E,2024-03-17,5700000,5700000,Lunas,E-Wallet
PAY0005027,22TR0066,2023E,2024-03-25,5700000,5700000,Lunas,E-Wallet
PAY0005028,22TR0067,2023E,08/03/2024,5700000,5700000,Lunas,E-Wallet
PAY0005029,22TR0068,2023E,04/03/2024,5700000,5700000,Lunas,E-Wallet
PAY0005030,22BD0001,2023E,2024-02-23,5000000,5000000,Lunas,VA Bank
PAY0005031,22BD0002,2023E,2024-03-07,5000000,5000000,Lunas,E-Wallet
PAY0005032,22BD0003,2023E,,5000000,0,Belum Lunas,Loket Kampus
PAY0005033,22BD0004,2023E,2024-02-20,5000000,5000000,Lunas,Loket Kampus
PAY0005034,22BD0005,2023E,19-Mar-2024,5000000,5000000,Lunas,VA Bank
PAY0005035,22BD0006,2023E,2024-03-06,5000000,5000000,Lunas,Transfer Bank
PAY0005036,22BD0007,2023E,2024-03-08,5000000,5000000,Lunas,Loket Kampus
PAY0005037,22BD0008,2023E,2024-02-21,5000000,5000000,Lunas,Loket Kampus
PAY0005038,22BD0009,2023E,2024-03-15,5000000,5000000,Lunas,Loket Kampus
PAY0005039,22BD0010,2023E,15/02/2024,5000000,5000000,Lunas,E-Wallet
PAY0005040,22BD0011,2023E,13/03/2024,5000000,5000000,Lunas,VA Bank
PAY0005041,22BD0012,2023E,2024-02-24,5000000,5000000,Lunas,VA Bank
PAY0005042,22BD0013,2023E,,5000000,0,Belum Lunas,Transfer Bank
PAY0005043,22BD0014,2023E,2024-02-28,5000000,5000000,Lunas,VA Bank
PAY0005044,22BD0015,2023E,13/03/2024,5000000,5000000,Lunas,VA Bank
PAY0005045,22BD0016,2023E,27/03/2024,5000000,5000000,Lunas,VA Bank
PAY0005046,22BD0017,2023E,2024-02-17,5000000,5000000,Lunas,VA Bank
PAY0005047,22BD0018,2023E,02-Mar-2024,5000000,5000000,Lunas,Transfer Bank
PAY0005048,22BD0019,2023E,02/03/2024,5000000,5000000,Lunas,Transfer Bank
PAY0005049,22BD0020,2023E,2024-03-08,5000000,5000000,Lunas,E-Wallet
PAY0005050,22BD0021,2023E,2024-03-29,5000000,5000000,Lunas,Transfer Bank
PAY0005051,22BD0022,2023E,23-Feb-2024,5000000,5000000,Lunas,Transfer Bank
PAY0005052,22BD0023,2023E,2024-03-23,5000000,5000000,Lunas,E-Wallet
PAY0005053,22BD0024,2023E,2024-03-09,5000000,5000000,Lunas,E-Wallet
PAY0005054,22BD0025,2023E,2024-02-19,5000000,5000000,Lunas,Loket Kampus
PAY0005055,22BD0026,2023E,01/03/2024,5000000,5000000,Lunas,E-Wallet
PAY0005056,22BD0027,2023E,,5000000,0,Belum Lunas,E-Wallet
PAY0005057,22BD0028,2023E,2024-03-16,5000000,5000000,Lunas,E-Wallet
PAY0005058,22BD0029,2023E,2024-02-24,5000000,5000000,Lunas,Loket Kampus
PAY0005059,22BD0030,2023E,2024-03-20,5000000,5000000,Lunas,E-Wallet
PAY0005060,22BD0031,2023E,2024-02-29,5000000,5000000,Lunas,E-Wallet
PAY0005061,22BD0032,2023E,2024-03-09,5000000,5000000,Lunas,Loket Kampus
PAY0005062,22BD0033,2023E,15-Mar-2024,5000000,5000000,Lunas,Loket Kampus
PAY0005063,22BD0034,2023E,2024-03-18,5000000,5000000,Lunas,Loket Kampus
PAY0005064,22BD0035,2023E,2024-03-31,5000000,5000000,Lunas,VA Bank
PAY0005065,22BD0036,2023E,2024-02-27,5000000,5000000,Lunas,Transfer Bank
PAY0005066,22BD0037,2023E,08-Mar-2024,5000000,5000000,Lunas,Loket Kampus
PAY0005067,22BD0038,2023E,18/02/2024,5000000,5000000,Lunas,VA Bank
PAY0005068,22BD0039,2023E,21-Mar-2024,5000000,5000000,Lunas,Loket Kampus
PAY0005069,22BD0040,2023E,2024-02-25,5000000,5000000,Lunas,VA Bank
PAY0005070,22BD0041,2023E,07/03/2024,5000000,5000000,Lunas,Loket Kampus
PAY0005071,22BD0042,2023E,12/03/2024,5000000,5000000,Lunas,Transfer Bank
PAY0005072,22BD0043,2023E,2024-02-24,5000000,5000000,Lunas,VA Bank
PAY0005073,22BD0044,2023E,2024-03-04,5000000,5000000,Lunas,Loket Kampus
PAY0005074,22BD0045,2023E,2024-03-28,5000000,5000000,Lunas,E-Wallet
PAY0005075,22BD0046,2023E,,5000000,0,Belum Lunas,Transfer Bank
PAY0005076,22BD0047,2023E,06-Mar-2024,5000000,5000000,Lunas,E-Wallet
PAY0005077,22BD0048,2023E,2024-03-28,5000000,5000000,Lunas,Transfer Bank
PAY0005078,22BD0049,2023E,2024-02-18,5000000,5000000,Lunas,E-Wallet
PAY0005079,22BD0050,2023E,2024-03-24,5000000,5000000,Lunas,Loket Kampus
PAY0005080,22BD0051,2023E,2024-03-11,5000000,5000000,Lunas,E-Wallet
PAY0005081,22BD0052,2023E,26/03/2024,5000000,5000000,Lunas,VA Bank
PAY0005082,22BD0053,2023E,17/03/2024,5000000,2300000,Cicilan,Loket Kampus
PAY0005083,22BD0054,2023E,2024-03-26,5000000,3600000,Cicilan,E-Wallet
PAY0005084,22BD0055,2023E,21-Feb-2024,5000000,2900000,Cicilan,Transfer Bank
PAY0005085,22BD0056,2023E,31/03/2024,5000000,5000000,Lunas,Transfer Bank
PAY0005086,22BD0057,2023E,2024-03-13,5000000,5000000,Lunas,VA Bank
PAY0005087,22BD0058,2023E,2024-02-20,5000000,5000000,Lunas,Loket Kampus
PAY0005088,22BD0059,2023E,2024-03-09,5000000,5000000,Lunas,VA Bank
PAY0005089,22BD0060,2023E,,5000000,0,Belum Lunas,E-Wallet
PAY0005090,22BD0061,2023E,2024-02-18,5000000,5000000,Lunas,Transfer Bank
PAY0005091,22BD0062,2023E,2024-03-06,5000000,5000000,Lunas,E-Wallet
PAY0005092,22BD0063,2023E,2024-02-15,5000000,5000000,Lunas,VA Bank
PAY0005093,22BD0064,2023E,2024-02-27,5000000,5000000,Lunas,VA Bank
PAY0005094,22BD0065,2023E,2024-02-17,5000000,5000000,Lunas,Loket Kampus
PAY0005095,22BD0066,2023E,2024-03-29,5000000,5000000,Lunas,E-Wallet
PAY0005096,22BD0067,2023E,2024-02-25,5000000,5000000,Lunas,Transfer Bank
PAY0005097,22BD0068,2023E,22/02/2024,5000000,3500000,Cicilan,Loket Kampus
PAY0005098,22BD0069,2023E,2024-03-09,5000000,5000000,Lunas,Transfer Bank
PAY0005099,22BD0070,2023E,2024-03-01,5000000,5000000,Lunas,Loket Kampus
PAY0005100,22BD0071,2023E,2024-03-25,5000000,5000000,Lunas,E-Wallet
PAY0005101,23TI0001,2023E,2024-03-27,5500000,5500000,Lunas,Transfer Bank
PAY0005102,23TI0002,2023E,,5500000,0,Belum Lunas,VA Bank
PAY0005103,23TI0003,2023E,2024-02-24,5500000,3300000,Cicilan,E-Wallet
PAY0005104,23TI0004,2023E,2024-03-14,5500000,3700000,Cicilan,VA Bank
PAY0005105,23TI0005,2023E,2024-02-29,5500000,5500000,Lunas,Transfer Bank
PAY0005106,23TI0006,2023E,2024-02-17,5500000,5500000,Lunas,Transfer Bank
PAY0005107,23TI0007,2023E,2024-02-20,5500000,5500000,Lunas,Transfer Bank
PAY0005108,23TI0008,2023E,2024-03-13,5500000,2700000,Cicilan,E-Wallet
PAY0005109,23TI0009,2023E,2024-03-11,5500000,5500000,Lunas,Transfer Bank
PAY0005110,23TI0010,2023E,2024-03-27,5500000,5500000,Lunas,Loket Kampus
PAY0005111,23TI0011,2023E,2024-02-15,5500000,5500000,Lunas,Loket Kampus
PAY0005112,23TI0012,2023E,2024-03-11,5500000,5500000,Lunas,Loket Kampus
PAY0005113,23TI0013,2023E,2024-03-04,5500000,3800000,Cicilan,E-Wallet
PAY0005114,23TI0014,2023E,2024-03-13,5500000,5500000,Lunas,Transfer Bank
PAY0005115,23TI0015,2023E,2024-02-16,5500000,5500000,Lunas,VA Bank
PAY0005116,23TI0016,2023E,2024-02-19,5500000,5500000,Lunas,Transfer Bank
PAY0005117,23TI0017,2023E,2024-02-27,5500000,5500000,Lunas,E-Wallet
PAY0005118,23TI0018,2023E,2024-03-06,5500000,2300000,Cicilan,VA Bank
PAY0005119,23TI0019,2023E,2024-03-10,5500000,5500000,Lunas,E-Wallet
PAY0005120,23TI0020,2023E,2024-03-04,5500000,5500000,Lunas,VA Bank
PAY0005121,23TI0021,2023E,2024-03-21,5500000,5500000,Lunas,Loket Kampus
PAY0005122,23TI0022,2023E,2024-03-25,5500000,5500000,Lunas,Transfer Bank
PAY0005123,23TI0023,2023E,17/02/2024,5500000,5500000,Lunas,E-Wallet
PAY0005124,23TI0024,2023E,2024-03-26,5500000,5500000,Lunas,Loket Kampus
PAY0005125,23TI0025,2023E,10-Mar-2024,5500000,5500000,Lunas,VA Bank
PAY0005126,23TI0026,2023E,2024-02-17,5500000,5500000,Lunas,Loket Kampus
PAY0005127,23TI0027,2023E,2024-03-02,5500000,5500000,Lunas,Transfer Bank
PAY0005128,23TI0028,2023E,2024-03-09,5500000,5500000,Lunas,Transfer Bank
PAY0005129,23TI0029,2023E,2024-02-27,5500000,2600000,Cicilan,E-Wallet
PAY0005130,23TI0030,2023E,2024-03-30,5500000,5500000,Lunas,Loket Kampus
PAY0005131,23TI0031,2023E,2024-03-09,5500000,5500000,Lunas,Loket Kampus
PAY0005132,23TI0032,2023E,2024-03-05,5500000,5500000,Lunas,Transfer Bank
PAY0005133,23TI0033,2023E,2024-03-23,5500000,5500000,Lunas,Loket Kampus
PAY0005134,23TI0034,2023E,30-Mar-2024,5500000,5500000,Lunas,E-Wallet
PAY0005135,23TI0035,2023E,03/03/2024,5500000,5500000,Lunas,Transfer Bank
PAY0005136,23TI0036,2023E,23-Feb-2024,5500000,5500000,Lunas,Transfer Bank
PAY0005137,23TI0037,2023E,2024-02-29,5500000,5500000,Lunas,VA Bank
PAY0005138,23TI0038,2023E,2024-02-21,5500000,5500000,Lunas,E-Wallet
PAY0005139,23TI0039,2023E,2024-02-18,5500000,5500000,Lunas,VA Bank
PAY0005140,23TI0040,2023E,2024-03-09,5500000,5500000,Lunas,E-Wallet
PAY0005141,23TI0041,2023E,2024-03-20,5500000,5500000,Lunas,VA Bank
PAY0005142,23TI0042,2023E,2024-03-17,5500000,5500000,Lunas,Transfer Bank
PAY0005143,23TI0043,2023E,08-Mar-2024,5500000,5500000,Lunas,Transfer Bank
PAY0005144,23TI0044,2023E,20-Feb-2024,5500000,5500000,Lunas,VA Bank
PAY0005145,23TI0045,2023E,2024-02-19,5500000,5500000,Lunas,Loket Kampus
PAY0005146,23TI0046,2023E,2024-03-07,5500000,5500000,Lunas,Loket Kampus
PAY0005147,23TI0047,2023E,2024-02-16,5500000,5500000,Lunas,VA Bank
PAY0005148,23TI0048,2023E,21/03/2024,5500000,5500000,Lunas,VA Bank
PAY0005149,23TI0049,2023E,2024-03-31,5500000,5500000,Lunas,Transfer Bank
PAY0005150,23TI0050,2023E,29-Feb-2024,5500000,5500000,Lunas,E-Wallet
PAY0005151,23TI0051,2023E,20/02/2024,5500000,5500000,Lunas,Loket Kampus
PAY0005152,23TI0052,2023E,2024-03-03,5500000,5500000,Lunas,VA Bank
PAY0005153,23TI0053,2023E,2024-03-01,5500000,5500000,Lunas,VA Bank
PAY0005154,23TI0054,2023E,2024-02-23,5500000,5500000,Lunas,Transfer Bank
PAY0005155,23TI0055,2023E,2024-03-30,5500000,5500000,Lunas,E-Wallet
PAY0005156,23TI0056,2023E,2024-03-11,5500000,4000000,Cicilan,Transfer Bank
PAY0005157,23TI0057,2023E,2024-02-25,5500000,5500000,Lunas,Loket Kampus
PAY0005158,23TI0058,2023E,20/02/2024,5500000,4100000,Cicilan,VA Bank
PAY0005159,23TI0059,2023E,2024-02-19,5500000,5500000,Lunas,Transfer Bank
PAY0005160,23TI0060,2023E,2024-03-25,5500000,2600000,Cicilan,Loket Kampus
PAY0005161,23TI0061,2023E,2024-02-16,5500000,5500000,Lunas,E-Wallet
PAY0005162,23TI0062,2023E,2024-03-21,5500000,3300000,Cicilan,Loket Kampus
PAY0005163,23TI0063,2023E,2024-02-16,5500000,5500000,Lunas,Transfer Bank
PAY0005164,23TI0064,2023E,2024-03-17,5500000,5500000,Lunas,Loket Kampus
PAY0005165,23TI0065,2023E,2024-02-23,5500000,3600000,Cicilan,Loket Kampus
PAY0005166,23TI0066,2023E,,5500000,5500000,Lunas,Transfer Bank
PAY0005167,23TI0067,2023E,2024-03-04,5500000,5500000,Lunas,E-Wallet
PAY0005168,23TI0068,2023E,2024-02-21,5500000,5500000,Lunas,Transfer Bank
PAY0005169,23TI0069,2023E,2024-03-02,5500000,5500000,Lunas,E-Wallet
PAY0005170,23TI0070,2023E,2024-03-17,5500000,3800000,Cicilan,Loket Kampus
PAY0005171,23TI0071,2023E,23/02/2024,5500000,5500000,Lunas,VA Bank
PAY0005172,23TI0072,2023E,24/02/2024,5500000,5500000,Lunas,Transfer Bank
PAY0005173,23TI0073,2023E,07-Mar-2024,5500000,5500000,Lunas,Transfer Bank
PAY0005174,23TI0074,2023E,24-Mar-2024,5500000,5500000,Lunas,Transfer Bank
PAY0005175,23TI0075,2023E,2024-03-30,5500000,5500000,Lunas,Loket Kampus
PAY0005176,23TI0076,2023E,2024-02-16,5500000,5500000,Lunas,Transfer Bank
PAY0005177,23TI0077,2023E,2024-03-08,5500000,5500000,Lunas,Transfer Bank
PAY0005178,23TI0078,2023E,2024-03-20,5500000,5500000,Lunas,VA Bank
PAY0005179,23TI0079,2023E,2024-03-19,5500000,5500000,Lunas,Loket Kampus
PAY0005180,23TI0080,2023E,2024-02-25,5500000,5500000,Lunas,E-Wallet
PAY0005181,23TI0081,2023E,2024-03-19,5500000,5500000,Lunas,Loket Kampus
PAY0005182,23TI0082,2023E,2024-03-01,5500000,5500000,Lunas,E-Wallet
PAY0005183,23TI0083,2023E,2024-02-22,5500000,5500000,Lunas,Transfer Bank
PAY0005184,23TI0084,2023E,22/02/2024,5500000,5500000,Lunas,VA Bank
PAY0005185,23TI0085,2023E,2024-03-27,5500000,5500000,Lunas,VA Bank
PAY0005186,23TI0086,2023E,27-Feb-2024,5500000,5500000,Lunas,Loket Kampus
PAY0005187,23TI0087,2023E,15/03/2024,5500000,5500000,Lunas,VA Bank
PAY0005188,23TI0088,2023E,2024-03-22,5500000,2900000,Cicilan,VA Bank
PAY0005189,23TI0089,2023E,28/03/2024,5500000,5500000,Lunas,VA Bank
PAY0005190,23TI0090,2023E,2024-02-26,5500000,5500000,Lunas,Transfer Bank
PAY0005191,23TI0091,2023E,2024-02-20,5500000,5500000,Lunas,Loket Kampus
PAY0005192,23TI0092,2023E,2024-03-26,5500000,5500000,Lunas,Loket Kampus
PAY0005193,23TI0093,2023E,19/03/2024,5500000,5500000,Lunas,E-Wallet
PAY0005194,23TI0094,2023E,2024-03-26,5500000,5500000,Lunas,E-Wallet
PAY0005195,23TI0095,2023E,2024-03-03,5500000,5500000,Lunas,E-Wallet
PAY0005196,23SI0001,2023E,07-Mar-2024,5250000,5250000,Lunas,E-Wallet
PAY0005197,23SI0002,2023E,,5250000,0,Belum Lunas,Loket Kampus
PAY0005198,23SI0003,2023E,2024-03-30,5250000,5250000,Lunas,E-Wallet
PAY0005199,23SI0004,2023E,2024-02-16,5250000,5250000,Lunas,Loket Kampus
PAY0005200,23SI0005,2023E,16/02/2024,5250000,5250000,Lunas,VA Bank
PAY0005201,23SI0006,2023E,2024-03-21,5250000,2300000,Cicilan,Loket Kampus
PAY0005202,23SI0007,2023E,2024-02-27,5250000,5250000,Lunas,Loket Kampus
PAY0005203,23SI0008,2023E,2024-02-16,5250000,5250000,Lunas,Transfer Bank
PAY0005204,23SI0009,2023E,2024-03-03,5250000,5250000,Lunas,E-Wallet
PAY0005205,23SI0010,2023E,12-Mar-2024,5250000,5250000,Lunas,VA Bank
PAY0005206,23SI0011,2023E,2024-03-13,5250000,5250000,Lunas,E-Wallet
PAY0005207,23SI0012,2023E,2024-02-24,5250000,2600000,Cicilan,E-Wallet
PAY0005208,23SI0013,2023E,02-Mar-2024,5250000,3300000,Cicilan,E-Wallet
PAY0005209,23SI0014,2023E,2024-03-11,5250000,5250000,Lunas,E-Wallet
PAY0005210,23SI0015,2023E,25/02/2024,5250000,5250000,Lunas,Loket Kampus
PAY0005211,23SI0016,2023E,02/03/2024,5250000,5250000,Lunas,E-Wallet
PAY0005212,23SI0017,2023E,2024-03-09,5250000,5250000,Lunas,Loket Kampus
PAY0005213,23SI0018,2023E,2024-03-02,5250000,5250000,Lunas,E-Wallet
PAY0005214,23SI0019,2023E,2024-03-01,5250000,5250000,Lunas,E-Wallet
PAY0005215,23SI0020,2023E,2024-03-30,5250000,5250000,Lunas,VA Bank
PAY0005216,23SI0021,2023E,2024-03-30,5250000,5250000,Lunas,Loket Kampus
PAY0005217,23SI0022,2023E,2024-03-06,5250000,5250000,Lunas,Loket Kampus
PAY0005218,23SI0023,2023E,2024-03-16,5250000,2600000,Cicilan,Transfer Bank
PAY0005219,23SI0024,2023E,2024-03-26,5250000,5250000,Lunas,E-Wallet
PAY0005220,23SI0025,2023E,2024-02-24,5250000,5250000,Lunas,VA Bank
PAY0005221,23SI0026,2023E,06/03/2024,5250000,5250000,Lunas,VA Bank
PAY0005222,23SI0027,2023E,2024-03-28,5250000,5250000,Lunas,E-Wallet
PAY0005223,23SI0028,2023E,2024-03-26,5250000,5250000,Lunas,E-Wallet
PAY0005224,23SI0029,2023E,2024-03-13,5250000,5250000,Lunas,Loket Kampus
PAY0005225,23SI0030,2023E,2024-03-12,5250000,5250000,Lunas,Transfer Bank
PAY0005226,23SI0031,2023E,31/03/2024,5250000,5250000,Lunas,Loket Kampus
PAY0005227,23SI0032,2023E,2024-03-31,5250000,5250000,Lunas,Transfer Bank
PAY0005228,23SI0033,2023E,28-Feb-2024,5250000,2300000,Cicilan,Transfer Bank
PAY0005229,23SI0034,2023E,2024-03-22,5250000,5250000,Lunas,Transfer Bank
PAY0005230,23SI0035,2023E,2024-03-10,5250000,5250000,Lunas,Transfer Bank
PAY0005231,23SI0036,2023E,2024-03-04,5250000,5250000,Lunas,E-Wallet
PAY0005232,23SI0037,2023E,08-Mar-2024,5250000,5250000,Lunas,VA Bank
PAY0005233,23SI0038,2023E,2024-03-26,5250000,5250000,Lunas,E-Wallet
PAY0005234,23SI0039,2023E,2024-03-21,5250000,3200000,Cicilan,E-Wallet
PAY0005235,23SI0040,2023E,2024-03-22,5250000,5250000,Lunas,E-Wallet
PAY0005236,23SI0041,2023E,2024-03-03,5250000,5250000,Lunas,Transfer Bank
PAY0005237,23SI0042,2023E,15-Feb-2024,5250000,5250000,Lunas,E-Wallet
PAY0005238,23SI0043,2023E,,5250000,0,Belum Lunas,Transfer Bank
PAY0005239,23SI0044,2023E,2024-03-08,5250000,5250000,Lunas,VA Bank
PAY0005240,23SI0045,2023E,17-Feb-2024,5250000,5250000,Lunas,VA Bank
PAY0005241,23SI0046,2023E,2024-03-31,5250000,5250000,Lunas,E-Wallet
PAY0005242,23SI0047,2023E,12-Mar-2024,5250000,2500000,Cicilan,Transfer Bank
PAY0005243,23SI0048,2023E,31-Mar-2024,5250000,5250000,Lunas,Transfer Bank
PAY0005244,23SI0049,2023E,2024-03-28,5250000,5250000,Lunas,VA Bank
PAY0005245,23SI0050,2023E,2024-03-25,5250000,5250000,Lunas,Loket Kampus
PAY0005246,23SI0051,2023E,2024-02-22,5250000,5250000,Lunas,Loket Kampus
PAY0005247,23SI0052,2023E,2024-02-26,5250000,5250000,Lunas,VA Bank
PAY0005248,23SI0053,2023E,2024-03-31,5250000,5250000,Lunas,E-Wallet
PAY0005249,23SI0054,2023E,2024-03-06,5250000,5250000,Lunas,VA Bank
PAY0005250,23SI0055,2023E,17-Feb-2024,5250000,2000000,Cicilan,E-Wallet
PAY0005251,23SI0056,2023E,18/03/2024,5250000,5250000,Lunas,Loket Kampus
PAY0005252,23SI0057,2023E,2024-03-22,5250000,5250000,Lunas,Transfer Bank
PAY0005253,23SI0058,2023E,,5250000,0,Belum Lunas,VA Bank
PAY0005254,23SI0059,2023E,2024-03-12,5250000,5250000,Lunas,Loket Kampus
PAY0005255,23SI0060,2023E,2024-03-26,5250000,5250000,Lunas,VA Bank
PAY0005256,23SI0061,2023E,08/03/2024,5250000,3600000,Cicilan,Loket Kampus
PAY0005257,23SI0062,2023E,2024-03-28,5250000,5250000,Lunas,Transfer Bank
PAY0005258,23SI0063,2023E,,5250000,0,Belum Lunas,E-Wallet
PAY0005259,23SI0064,2023E,,5250000,0,Belum Lunas,E-Wallet
PAY0005260,23SI0065,2023E,2024-02-27,5250000,5250000,Lunas,Transfer Bank
PAY0005261,23SI0066,2023E,18-Mar-2024,5250000,5250000,Lunas,E-Wallet
PAY0005262,23SI0067,2023E,2024-03-10,5250000,5250000,Lunas,Loket Kampus
PAY0005263,23SI0068,2023E,16-Feb-2024,5250000,5250000,Lunas,Loket Kampus
PAY0005264,23SI0069,2023E,2024-03-31,5250000,5250000,Lunas,VA Bank
PAY0005265,23SI0070,2023E,2024-03-16,5250000,5250000,Lunas,Transfer Bank
PAY0005266,23SI0071,2023E,2024-03-28,5250000,5250000,Lunas,Loket Kampus
PAY0005267,23SI0072,2023E,2024-03-13,5250000,5250000,Lunas,E-Wallet
PAY0005268,23SI0073,2023E,2024-03-09,5250000,5250000,Lunas,Transfer Bank
PAY0005269,23SI0074,2023E,20-Feb-2024,5250000,5250000,Lunas,Transfer Bank
PAY0005270,23SI0075,2023E,2024-02-23,5250000,5250000,Lunas,E-Wallet
PAY0005271,23SI0076,2023E,2024-03-10,5250000,5250000,Lunas,Transfer Bank
PAY0005272,23SI0077,2023E,10/03/2024,5250000,5250000,Lunas,E-Wallet
PAY0005273,23SI0078,2023E,17/02/2024,5250000,5250000,Lunas,VA Bank
PAY0005274,23SI0079,2023E,23-Mar-2024,5250000,2200000,Cicilan,E-Wallet
PAY0005275,23SI0080,2023E,2024-02-18,5250000,5250000,Lunas,Loket Kampus
PAY0005276,23SI0081,2023E,2024-02-17,5250000,5250000,Lunas,Transfer Bank
PAY0005277,23SI0082,2023E,20/03/2024,5250000,5250000,Lunas,Transfer Bank
PAY0005278,23SI0083,2023E,2024-03-17,5250000,5250000,Lunas,Transfer Bank
PAY0005279,23SI0084,2023E,23/02/2024,5250000,5250000,Lunas,VA Bank
PAY0005280,23SI0085,2023E,2024-02-21,5250000,5250000,Lunas,E-Wallet
PAY0005281,23SI0086,2023E,2024-03-29,5250000,5250000,Lunas,VA Bank
PAY0005282,23SI0087,2023E,2024-03-14,5250000,5250000,Lunas,Transfer Bank
PAY0005283,23SI0088,2023E,2024-02-17,5250000,5250000,Lunas,E-Wallet
PAY0005284,23SI0089,2023E,29-Feb-2024,5250000,5250000,Lunas,E-Wallet
PAY0005285,23SI0090,2023E,2024-03-13,5250000,5250000,Lunas,E-Wallet
PAY0005286,23IF0001,2023E,2024-02-26,5750000,3100000,Cicilan,Loket Kampus
PAY0005287,23IF0002,2023E,28/02/2024,5750000,2700000,Cicilan,Loket Kampus
PAY0005288,23IF0003,2023E,31/03/2024,5750000,5750000,Lunas,Transfer Bank
PAY0005289,23IF0004,2023E,2024-03-05,5750000,5750000,Lunas,Transfer Bank
PAY0005290,23IF0005,2023E,23/03/2024,5750000,5750000,Lunas,VA Bank
PAY0005291,23IF0006,2023E,13/03/2024,5750000,5750000,Lunas,Loket Kampus
PAY0005292,23IF0007,2023E,2024-02-16,5750000,5750000,Lunas,Loket Kampus
PAY0005293,23IF0008,2023E,2024-03-03,5750000,3500000,Cicilan,Loket Kampus
PAY0005294,23IF0009,2023E,2024-03-15,5750000,5750000,Lunas,VA Bank
PAY0005295,23IF0010,2023E,,5750000,0,Belum Lunas,Transfer Bank
PAY0005296,23IF0011,2023E,2024-02-20,5750000,5750000,Lunas,Loket Kampus
PAY0005297,23IF0012,2023E,2024-03-17,5750000,5750000,Lunas,VA Bank
PAY0005298,23IF0013,2023E,2024-02-15,5750000,5750000,Lunas,E-Wallet
PAY0005299,23IF0014,2023E,2024-03-01,5750000,5750000,Lunas,VA Bank
PAY0005300,23IF0015,2023E,2024-02-27,5750000,5750000,Lunas,E-Wallet
PAY0005301,23IF0016,2023E,20/03/2024,5750000,5750000,Lunas,VA Bank
PAY0005302,23IF0017,2023E,2024-02-20,5750000,5750000,Lunas,VA Bank
PAY0005303,23IF0018,2023E,15-Feb-2024,5750000,5750000,Lunas,Transfer Bank
PAY0005304,23IF0019,2023E,2024-03-24,5750000,5750000,Lunas,E-Wallet
PAY0005305,23IF0020,2023E,09/03/2024,5750000,5750000,Lunas,Loket Kampus
PAY0005306,23IF0021,2023E,2024-02-24,5750000,5750000,Lunas,Loket Kampus
PAY0005307,23IF0022,2023E,2024-03-28,5750000,5750000,Lunas,E-Wallet
PAY0005308,23IF0023,2023E,03-Mar-2024,5750000,5750000,Lunas,Transfer Bank
PAY0005309,23IF0024,2023E,2024-03-18,5750000,5750000,Lunas,Loket Kampus
PAY0005310,23IF0025,2023E,08/03/2024,5750000,5750000,Lunas,VA Bank
PAY0005311,23IF0026,2023E,18-Mar-2024,5750000,3100000,Cicilan,Transfer Bank
PAY0005312,23IF0027,2023E,19/02/2024,5750000,5750000,Lunas,Transfer Bank
PAY0005313,23IF0028,2023E,2024-03-27,5750000,5750000,Lunas,E-Wallet
PAY0005314,23IF0029,2023E,03/03/2024,5750000,5750000,Lunas,Transfer Bank
PAY0005315,23IF0030,2023E,03-Mar-2024,5750000,5750000,Lunas,VA Bank
PAY0005316,23IF0031,2023E,24-Feb-2024,5750000,2100000,Cicilan,Loket Kampus
PAY0005317,23IF0032,2023E,2024-02-18,5750000,5750000,Lunas,Loket Kampus
PAY0005318,23IF0033,2023E,2024-02-28,5750000,5750000,Lunas,Transfer Bank
PAY0005319,23IF0034,2023E,2024-03-18,5750000,5750000,Lunas,VA Bank
PAY0005320,23IF0035,2023E,2024-03-13,5750000,5750000,Lunas,E-Wallet
PAY0005321,23IF0036,2023E,,5750000,0,Belum Lunas,Transfer Bank
PAY0005322,23IF0037,2023E,2024-03-26,5750000,5750000,Lunas,Loket Kampus
PAY0005323,23IF0038,2023E,10/03/2024,5750000,5750000,Lunas,E-Wallet
PAY0005324,23IF0039,2023E,2024-02-29,5750000,5750000,Lunas,Loket Kampus
PAY0005325,23IF0040,2023E,06/03/2024,5750000,5750000,Lunas,Transfer Bank
PAY0005326,23IF0041,2023E,04-Mar-2024,5750000,5750000,Lunas,E-Wallet
PAY0005327,23IF0042,2023E,2024-02-21,5750000,2400000,Cicilan,E-Wallet
PAY0005328,23IF0043,2023E,2024-03-09,5750000,2700000,Cicilan,Loket Kampus
PAY0005329,23IF0044,2023E,29/03/2024,5750000,5750000,Lunas,Loket Kampus
PAY0005330,23IF0045,2023E,2024-02-19,5750000,5750000,Lunas,Transfer Bank
PAY0005331,23IF0046,2023E,03-Mar-2024,5750000,5750000,Lunas,Transfer Bank
PAY0005332,23IF0047,2023E,2024-03-31,5750000,5750000,Lunas,E-Wallet
PAY0005333,23IF0048,2023E,10/03/2024,5750000,5750000,Lunas,Transfer Bank
PAY0005334,23IF0049,2023E,21/03/2024,5750000,5750000,Lunas,Transfer Bank
PAY0005335,23IF0050,2023E,29/03/2024,5750000,5750000,Lunas,Loket Kampus
PAY0005336,23IF0051,2023E,2024-02-16,5750000,2500000,Cicilan,Loket Kampus
PAY0005337,23IF0052,2023E,2024-03-06,5750000,5750000,Lunas,E-Wallet
PAY0005338,23IF0053,2023E,2024-03-08,5750000,5750000,Lunas,VA Bank
PAY0005339,23IF0054,2023E,2024-02-27,5750000,5750000,Lunas,E-Wallet
PAY0005340,23IF0055,2023E,2024-02-26,5750000,5750000,Lunas,Transfer Bank
PAY0005341,23IF0056,2023E,2024-02-27,5750000,5750000,Lunas,VA Bank
PAY0005342,23IF0057,2023E,2024-03-13,5750000,5750000,Lunas,VA Bank
PAY0005343,23IF0058,2023E,2024-03-17,5750000,5750000,Lunas,E-Wallet
PAY0005344,23IF0059,2023E,2024-02-17,5750000,5750000,Lunas,VA Bank
PAY0005345,23IF0060,2023E,2024-03-08,5750000,5750000,Lunas,Loket Kampus
PAY0005346,23IF0061,2023E,2024-03-21,5750000,2400000,Cicilan,Transfer Bank
PAY0005347,23IF0062,2023E,04/03/2024,5750000,5750000,Lunas,Loket Kampus
PAY0005348,23IF0063,2023E,2024-02-23,5750000,3800000,Cicilan,Loket Kampus
PAY0005349,23IF0064,2023E,2024-03-12,5750000,5750000,Lunas,VA Bank
PAY0005350,23IF0065,2023E,2024-02-18,5750000,5750000,Lunas,E-Wallet
PAY0005351,23IF0066,2023E,2024-03-11,5750000,5750000,Lunas,Loket Kampus
PAY0005352,23IF0067,2023E,2024-03-20,5750000,5750000,Lunas,Loket Kampus
PAY0005353,23IF0068,2023E,2024-02-19,5750000,5750000,Lunas,Transfer Bank
PAY0005354,23IF0069,2023E,,5750000,0,Belum Lunas,VA Bank
PAY0005355,23IF0070,2023E,,5750000,0,Belum Lunas,E-Wallet
PAY0005356,23IF0071,2023E,2024-02-23,5750000,5750000,Lunas,Transfer Bank
PAY0005357,23IF0072,2023E,2024-03-21,5750000,5750000,Lunas,E-Wallet
PAY0005358,23IF0073,2023E,2024-02-28,5750000,5750000,Lunas,Transfer Bank
PAY0005359,23IF0074,2023E,2024-02-22,5750000,5750000,Lunas,Transfer Bank
PAY0005360,23IF0075,2023E,2024-02-22,5750000,2900000,Cicilan,E-Wallet
PAY0005361,23IF0076,2023E,2024-03-20,5750000,5750000,Lunas,Transfer Bank
PAY0005362,23IF0077,2023E,2024-03-23,5750000,3000000,Cicilan,E-Wallet
PAY0005363,23IF0078,2023E,07-Mar-2024,5750000,5750000,Lunas,E-Wallet
PAY0005364,23IF0079,2023E,2024-02-20,5750000,5750000,Lunas,Transfer Bank
PAY0005365,23IF0080,2023E,2024-03-19,5750000,2900000,Cicilan,Loket Kampus
PAY0005366,23IF0081,2023E,2024-03-25,5750000,5750000,Lunas,Loket Kampus
PAY0005367,23IF0082,2023E,19-Mar-2024,5750000,5750000,Lunas,E-Wallet
PAY0005368,23IF0083,2023E,2024-03-07,5750000,5750000,Lunas,Transfer Bank
PAY0005369,23IF0084,2023E,2024-03-25,5750000,5750000,Lunas,VA Bank
PAY0005370,23IF0085,2023E,2024-03-11,5750000,5750000,Lunas,Loket Kampus
PAY0005371,23IF0086,2023E,2024-03-08,5750000,5750000,Lunas,VA Bank
PAY0005372,23IF0087,2023E,2024-03-03,5750000,5750000,Lunas,Loket Kampus
PAY0005373,23IF0088,2023E,07-Mar-2024,5750000,5750000,Lunas,VA Bank
PAY0005374,23IF0089,2023E,2024-02-20,5750000,5750000,Lunas,E-Wallet
PAY0005375,23IF0090,2023E,2024-02-25,5750000,5750000,Lunas,Transfer Bank
PAY0005376,23IF0091,2023E,2024-03-03,5750000,5750000,Lunas,VA Bank
PAY0005377,23IF0092,2023E,2024-03-04,5750000,5750000,Lunas,VA Bank
PAY0005378,23IF0093,2023E,2024-03-26,5750000,5750000,Lunas,Loket Kampus
PAY0005379,23IF0094,2023E,2024-03-26,5750000,5750000,Lunas,VA Bank
PAY0005380,23IF0095,2023E,2024-02-23,5750000,3700000,Cicilan,Loket Kampus
PAY0005381,23DS0001,2023E,2024-03-05,6000000,6000000,Lunas,Transfer Bank
PAY0005382,23DS0002,2023E,2024-03-24,6000000,6000000,Lunas,Loket Kampus
PAY0005383,23DS0003,2023E,2024-03-16,6000000,6000000,Lunas,E-Wallet
PAY0005384,23DS0004,2023E,2024-03-26,6000000,6000000,Lunas,VA Bank
PAY0005385,23DS0005,2023E,20/02/2024,6000000,6000000,Lunas,E-Wallet
PAY0005386,23DS0006,2023E,2024-02-23,6000000,2300000,Cicilan,Transfer Bank
PAY0005387,23DS0007,2023E,2024-03-11,6000000,4300000,Cicilan,Transfer Bank
PAY0005388,23DS0008,2023E,2024-03-05,6000000,6000000,Lunas,Transfer Bank
PAY0005389,23DS0009,2023E,,6000000,0,Belum Lunas,E-Wallet
PAY0005390,23DS0010,2023E,26/03/2024,6000000,6000000,Lunas,E-Wallet
PAY0005391,23DS0011,2023E,2024-02-22,6000000,6000000,Lunas,VA Bank
PAY0005392,23DS0012,2023E,2024-03-20,6000000,6000000,Lunas,Loket Kampus
PAY0005393,23DS0013,2023E,08-Mar-2024,6000000,6000000,Lunas,Transfer Bank
PAY0005394,23DS0014,2023E,2024-03-22,6000000,6000000,Lunas,Transfer Bank
PAY0005395,23DS0015,2023E,2024-02-27,6000000,6000000,Lunas,Loket Kampus
PAY0005396,23DS0016,2023E,2024-03-03,6000000,6000000,Lunas,E-Wallet
PAY0005397,23DS0017,2023E,2024-02-23,6000000,6000000,Lunas,Transfer Bank
PAY0005398,23DS0018,2023E,2024-03-20,6000000,6000000,Lunas,E-Wallet
PAY0005399,23DS0019,2023E,21/03/2024,6000000,6000000,Lunas,E-Wallet
PAY0005400,23DS0020,2023E,2024-02-22,6000000,6000000,Lunas,VA Bank
PAY0005401,23DS0021,2023E,,6000000,0,Belum Lunas,VA Bank
PAY0005402,23DS0022,2023E,20-Mar-2024,6000000,6000000,Lunas,Loket Kampus
PAY0005403,23DS0023,2023E,2024-03-19,6000000,6000000,Lunas,E-Wallet
PAY0005404,23DS0024,2023E,2024-03-27,6000000,6000000,Lunas,Loket Kampus
PAY0005405,23DS0025,2023E,21/02/2024,6000000,6000000,Lunas,Loket Kampus
PAY0005406,23DS0026,2023E,2024-03-07,6000000,6000000,Lunas,E-Wallet
PAY0005407,23DS0027,2023E,2024-03-19,6000000,6000000,Lunas,E-Wallet
PAY0005408,23DS0028,2023E,2024-02-19,6000000,6000000,Lunas,Transfer Bank
PAY0005409,23DS0029,2023E,2024-02-17,6000000,6000000,Lunas,Transfer Bank
PAY0005410,23DS0030,2023E,2024-03-18,6000000,6000000,Lunas,Loket Kampus
PAY0005411,23DS0031,2023E,2024-03-15,6000000,6000000,Lunas,Transfer Bank
PAY0005412,23DS0032,2023E,2024-03-28,6000000,6000000,Lunas,VA Bank
PAY0005413,23DS0033,2023E,24/03/2024,6000000,6000000,Lunas,VA Bank
PAY0005414,23DS0034,2023E,2024-02-29,6000000,6000000,Lunas,VA Bank
PAY0005415,23DS0035,2023E,2024-03-19,6000000,6000000,Lunas,VA Bank
PAY0005416,23DS0036,2023E,2024-03-05,6000000,6000000,Lunas,Loket Kampus
PAY0005417,23DS0037,2023E,2024-02-18,6000000,6000000,Lunas,Transfer Bank
PAY0005418,23DS0038,2023E,2024-03-11,6000000,6000000,Lunas,Loket Kampus
PAY0005419,23DS0039,2023E,2024-03-16,6000000,6000000,Lunas,VA Bank
PAY0005420,23DS0040,2023E,2024-02-17,6000000,6000000,Lunas,Loket Kampus
PAY0005421,23DS0041,2023E,29-Mar-2024,6000000,6000000,Lunas,E-Wallet
PAY0005422,23DS0042,2023E,2024-02-22,6000000,6000000,Lunas,Loket Kampus
PAY0005423,23DS0043,2023E,2024-02-23,6000000,2600000,Cicilan,VA Bank
PAY0005424,23DS0044,2023E,2024-03-15,6000000,6000000,Lunas,Transfer Bank
PAY0005425,23DS0045,2023E,17/03/2024,6000000,6000000,Lunas,VA Bank
PAY0005426,23DS0046,2023E,2024-02-15,6000000,6000000,Lunas,VA Bank
PAY0005427,23DS0047,2023E,23/02/2024,6000000,6000000,Lunas,Loket Kampus
PAY0005428,23DS0048,2023E,2024-03-12,6000000,6000000,Lunas,Loket Kampus
PAY0005429,23DS0049,2023E,2024-03-15,6000000,6000000,Lunas,VA Bank
PAY0005430,23DS0050,2023E,2024-02-22,6000000,6000000,Lunas,VA Bank
PAY0005431,23DS0051,2023E,2024-03-25,6000000,6000000,Lunas,E-Wallet
PAY0005432,23DS0052,2023E,2024-03-17,6000000,6000000,Lunas,E-Wallet
PAY0005433,23DS0053,2023E,2024-02-19,6000000,6000000,Lunas,VA Bank
PAY0005434,23DS0054,2023E,03-Mar-2024,6000000,6000000,Lunas,Loket Kampus
PAY0005435,23DS0055,2023E,2024-03-24,6000000,6000000,Lunas,E-Wallet
PAY0005436,23DS0056,2023E,21-Mar-2024,6000000,6000000,Lunas,E-Wallet
PAY0005437,23DS0057,2023E,2024-02-28,6000000,6000000,Lunas,VA Bank
PAY0005438,23DS0058,2023E,2024-02-26,6000000,6000000,Lunas,VA Bank
PAY0005439,23DS0059,2023E,22/02/2024,6000000,6000000,Lunas,Loket Kampus
PAY0005440,23DS0060,2023E,2024-03-23,6000000,3300000,Cicilan,Loket Kampus
PAY0005441,23DS0061,2023E,2024-03-17,6000000,4200000,Cicilan,VA Bank
PAY0005442,23DS0062,2023E,2024-03-21,6000000,6000000,Lunas,VA Bank
PAY0005443,23DS0063,2023E,2024-03-04,6000000,3900000,Cicilan,VA Bank
PAY0005444,23DS0064,2023E,2024-03-12,6000000,3300000,Cicilan,VA Bank
PAY0005445,23DS0065,2023E,2024-02-22,6000000,6000000,Lunas,Transfer Bank
PAY0005446,23DS0066,2023E,09/03/2024,6000000,6000000,Lunas,Loket Kampus
PAY0005447,23DS0067,2023E,2024-02-22,6000000,6000000,Lunas,VA Bank
PAY0005448,23DS0068,2023E,2024-03-11,6000000,2100000,Cicilan,Loket Kampus
PAY0005449,23DS0069,2023E,07-Mar-2024,6000000,6000000,Lunas,VA Bank
PAY0005450,23DS0070,2023E,2024-02-16,6000000,6000000,Lunas,Loket Kampus
PAY0005451,23DS0071,2023E,13/03/2024,6000000,6000000,Lunas,E-Wallet
PAY0005452,23DS0072,2023E,2024-03-01,6000000,6000000,Lunas,E-Wallet
PAY0005453,23DS0073,2023E,2024-03-08,6000000,6000000,Lunas,Transfer Bank
PAY0005454,23DS0074,2023E,21-Mar-2024,6000000,6000000,Lunas,VA Bank
PAY0005455,23DS0075,2023E,2024-02-27,6000000,6000000,Lunas,E-Wallet
PAY0005456,23TR0001,2023E,2024-02-24,5700000,5700000,Lunas,Loket Kampus
PAY0005457,23TR0002,2023E,2024-03-14,5700000,5700000,Lunas,E-Wallet
PAY0005458,23TR0003,2023E,28-Mar-2024,5700000,5700000,Lunas,VA Bank
PAY0005459,23TR0004,2023E,04/03/2024,5700000,5700000,Lunas,E-Wallet
PAY0005460,23TR0005,2023E,2024-03-05,5700000,5700000,Lunas,E-Wallet
PAY0005461,23TR0006,2023E,2024-03-06,5700000,5700000,Lunas,Loket Kampus
PAY0005462,23TR0007,2023E,2024-03-26,5700000,5700000,Lunas,Loket Kampus
PAY0005463,23TR0008,2023E,05/03/2024,5700000,5700000,Lunas,E-Wallet
PAY0005464,23TR0009,2023E,2024-03-26,5700000,5700000,Lunas,Transfer Bank
PAY0005465,23TR0010,2023E,2024-03-12,5700000,2100000,Cicilan,E-Wallet
PAY0005466,23TR0011,2023E,10/03/2024,5700000,5700000,Lunas,Loket Kampus
PAY0005467,23TR0012,2023E,24/03/2024,5700000,5700000,Lunas,E-Wallet
PAY0005468,23TR0013,2023E,2024-02-18,5700000,3100000,Cicilan,E-Wallet
PAY0005469,23TR0014,2023E,,5700000,0,Belum Lunas,Transfer Bank
PAY0005470,23TR0015,2023E,2024-03-20,5700000,2900000,Cicilan,VA Bank
PAY0005471,23TR0016,2023E,01/03/2024,5700000,2700000,Cicilan,Transfer Bank
PAY0005472,23TR0017,2023E,27/03/2024,5700000,5700000,Lunas,Loket Kampus
PAY0005473,23TR0018,2023E,2024-03-11,5700000,4000000,Cicilan,Transfer Bank
PAY0005474,23TR0019,2023E,2024-03-22,5700000,2500000,Cicilan,E-Wallet
PAY0005475,23TR0020,2023E,26/03/2024,5700000,5700000,Lunas,Transfer Bank
PAY0005476,23TR0021,2023E,2024-03-06,5700000,4100000,Cicilan,VA Bank
PAY0005477,23TR0022,2023E,2024-02-29,5700000,5700000,Lunas,VA Bank
PAY0005478,23TR0023,2023E,2024-03-05,5700000,5700000,Lunas,Loket Kampus
PAY0005479,23TR0024,2023E,2024-03-14,5700000,5700000,Lunas,E-Wallet
PAY0005480,23TR0025,2023E,2024-02-26,5700000,5700000,Lunas,E-Wallet
PAY0005481,23TR0026,2023E,2024-02-16,5700000,5700000,Lunas,Transfer Bank
PAY0005482,23TR0027,2023E,2024-03-21,5700000,5700000,Lunas,VA Bank
PAY0005483,23TR0028,2023E,01/03/2024,5700000,5700000,Lunas,Loket Kampus
PAY0005484,23TR0029,2023E,2024-03-25,5700000,5700000,Lunas,Loket Kampus
PAY0005485,23TR0030,2023E,2024-03-10,5700000,5700000,Lunas,VA Bank
PAY0005486,23TR0031,2023E,2024-03-06,5700000,5700000,Lunas,E-Wallet
PAY0005487,23TR0032,2023E,2024-03-18,5700000,5700000,Lunas,Transfer Bank
PAY0005488,23TR0033,2023E,2024-03-06,5700000,5700000,Lunas,VA Bank
PAY0005489,23TR0034,2023E,2024-02-16,5700000,2700000,Cicilan,Transfer Bank
PAY0005490,23TR0035,2023E,2024-03-06,5700000,5700000,Lunas,E-Wallet
PAY0005491,23TR0036,2023E,2024-03-28,5700000,5700000,Lunas,E-Wallet
PAY0005492,23TR0037,2023E,2024-03-15,5700000,5700000,Lunas,Transfer Bank
PAY0005493,23TR0038,2023E,2024-03-04,5700000,5700000,Lunas,VA Bank
PAY0005494,23TR0039,2023E,12/03/2024,5700000,5700000,Lunas,VA Bank
PAY0005495,23TR0040,2023E,2024-03-01,5700000,5700000,Lunas,Transfer Bank
PAY0005496,23TR0041,2023E,2024-03-01,5700000,5700000,Lunas,E-Wallet
PAY0005497,23TR0042,2023E,2024-03-14,5700000,5700000,Lunas,Loket Kampus
PAY0005498,23TR0043,2023E,2024-03-29,5700000,5700000,Lunas,E-Wallet
PAY0005499,23TR0044,2023E,2024-03-30,5700000,5700000,Lunas,E-Wallet
PAY0005500,23TR0045,2023E,22/02/2024,5700000,4000000,Cicilan,Transfer Bank
PAY0005501,23TR0046,2023E,,5700000,0,Belum Lunas,Transfer Bank
PAY0005502,23TR0047,2023E,2024-03-20,5700000,5700000,Lunas,Loket Kampus
PAY0005503,23TR0048,2023E,2024-03-12,5700000,5700000,Lunas,Transfer Bank
PAY0005504,23TR0049,2023E,13-Mar-2024,5700000,5700000,Lunas,Loket Kampus
PAY0005505,23TR0050,2023E,15-Feb-2024,5700000,2900000,Cicilan,E-Wallet
PAY0005506,23TR0051,2023E,2024-03-10,5700000,2300000,Cicilan,Loket Kampus
PAY0005507,23TR0052,2023E,,5700000,0,Belum Lunas,VA Bank
PAY0005508,23TR0053,2023E,22/03/2024,5700000,3400000,Cicilan,E-Wallet
PAY0005509,23TR0054,2023E,2024-03-26,5700000,5700000,Lunas,Transfer Bank
PAY0005510,23TR0055,2023E,24/02/2024,5700000,5700000,Lunas,E-Wallet
PAY0005511,23TR0056,2023E,29/03/2024,5700000,5700000,Lunas,Loket Kampus
PAY0005512,23TR0057,2023E,2024-03-02,5700000,5700000,Lunas,Transfer Bank
PAY0005513,23TR0058,2023E,2024-03-05,5700000,5700000,Lunas,VA Bank
PAY0005514,23TR0059,2023E,2024-02-23,5700000,2500000,Cicilan,Loket Kampus
PAY0005515,23TR0060,2023E,08-Mar-2024,5700000,5700000,Lunas,Loket Kampus
PAY0005516,23TR0061,2023E,2024-03-17,5700000,5700000,Lunas,VA Bank
PAY0005517,23TR0062,2023E,2024-02-26,5700000,5700000,Lunas,E-Wallet
PAY0005518,23TR0063,2023E,2024-03-27,5700000,5700000,Lunas,E-Wallet
PAY0005519,23TR0064,2023E,04/03/2024,5700000,5700000,Lunas,VA Bank
PAY0005520,23TR0065,2023E,2024-02-19,5700000,5700000,Lunas,E-Wallet
PAY0005521,23TR0066,2023E,2024-03-11,5700000,5700000,Lunas,VA Bank
PAY0005522,23TR0067,2023E,2024-03-31,5700000,5700000,Lunas,Transfer Bank
PAY0005523,23TR0068,2023E,2024-02-21,5700000,5700000,Lunas,VA Bank
PAY0005524,23TR0069,2023E,2024-03-07,5700000,5700000,Lunas,E-Wallet
PAY0005525,23TR0070,2023E,07/03/2024,5700000,2800000,Cicilan,Loket Kampus
PAY0005526,23BD0001,2023E,11-Mar-2024,5000000,2100000,Cicilan,Loket Kampus
PAY0005527,23BD0002,2023E,2024-03-03,5000000,5000000,Lunas,Transfer Bank
PAY0005528,23BD0003,2023E,2024-02-28,5000000,5000000,Lunas,VA Bank
PAY0005529,23BD0004,2023E,2024-03-19,5000000,5000000,Lunas,E-Wallet
PAY0005530,23BD0005,2023E,2024-03-13,5000000,5000000,Lunas,VA Bank
PAY0005531,23BD0006,2023E,2024-03-25,5000000,5000000,Lunas,Transfer Bank
PAY0005532,23BD0007,2023E,2024-03-21,5000000,5000000,Lunas,VA Bank
PAY0005533,23BD0008,2023E,2024-03-11,5000000,5000000,Lunas,Transfer Bank
PAY0005534,23BD0009,2023E,30/03/2024,5000000,5000000,Lunas,Loket Kampus
PAY0005535,23BD0010,2023E,2024-02-27,5000000,5000000,Lunas,VA Bank
PAY0005536,23BD0011,2023E,04/03/2024,5000000,5000000,Lunas,Loket Kampus
PAY0005537,23BD0012,2023E,2024-03-25,5000000,5000000,Lunas,VA Bank
PAY0005538,23BD0013,2023E,2024-03-25,5000000,5000000,Lunas,VA Bank
PAY0005539,23BD0014,2023E,27/03/2024,5000000,5000000,Lunas,Transfer Bank
PAY0005540,23BD0015,2023E,2024-03-16,5000000,5000000,Lunas,E-Wallet
PAY0005541,23BD0016,2023E,2024-02-23,5000000,5000000,Lunas,Loket Kampus
PAY0005542,23BD0017,2023E,2024-03-19,5000000,5000000,Lunas,Loket Kampus
PAY0005543,23BD0018,2023E,2024-02-29,5000000,5000000,Lunas,Transfer Bank
PAY0005544,23BD0019,2023E,2024-03-12,5000000,5000000,Lunas,Transfer Bank
PAY0005545,23BD0020,2023E,2024-03-31,5000000,5000000,Lunas,E-Wallet
PAY0005546,23BD0021,2023E,2024-03-14,5000000,5000000,Lunas,E-Wallet
PAY0005547,23BD0022,2023E,2024-03-08,5000000,5000000,Lunas,E-Wallet
PAY0005548,23BD0023,2023E,19/02/2024,5000000,5000000,Lunas,E-Wallet
PAY0005549,23BD0024,2023E,11-Mar-2024,5000000,5000000,Lunas,Transfer Bank
PAY0005550,23BD0025,2023E,02-Mar-2024,5000000,5000000,Lunas,VA Bank
PAY0005551,23BD0026,2023E,11-Mar-2024,5000000,5000000,Lunas,Loket Kampus
PAY0005552,23BD0027,2023E,2024-03-24,5000000,5000000,Lunas,Loket Kampus
PAY0005553,23BD0028,2023E,2024-03-01,5000000,2600000,Cicilan,E-Wallet
PAY0005554,23BD0029,2023E,2024-02-20,5000000,5000000,Lunas,VA Bank
PAY0005555,23BD0030,2023E,,5000000,0,Belum Lunas,Transfer Bank
PAY0005556,23BD0031,2023E,15/02/2024,5000000,5000000,Lunas,Loket Kampus
PAY0005557,23BD0032,2023E,2024-03-18,5000000,5000000,Lunas,Transfer Bank
PAY0005558,23BD0033,2023E,2024-03-12,5000000,5000000,Lunas,Loket Kampus
PAY0005559,23BD0034,2023E,2024-03-28,5000000,3300000,Cicilan,E-Wallet
PAY0005560,23BD0035,2023E,,5000000,0,Belum Lunas,Transfer Bank
PAY0005561,23BD0036,2023E,2024-02-15,5000000,5000000,Lunas,Loket Kampus
PAY0005562,23BD0037,2023E,18/03/2024,5000000,5000000,Lunas,Loket Kampus
PAY0005563,23BD0038,2023E,2024-02-27,5000000,5000000,Lunas,Loket Kampus
PAY0005564,23BD0039,2023E,2024-03-17,5000000,5000000,Lunas,Loket Kampus
PAY0005565,23BD0040,2023E,2024-02-28,5000000,5000000,Lunas,Transfer Bank
PAY0005566,23BD0041,2023E,2024-03-09,5000000,5000000,Lunas,Loket Kampus
PAY0005567,23BD0042,2023E,23/02/2024,5000000,5000000,Lunas,Loket Kampus
PAY0005568,23BD0043,2023E,2024-02-28,5000000,5000000,Lunas,Loket Kampus
PAY0005569,23BD0044,2023E,17/02/2024,5000000,5000000,Lunas,VA Bank
PAY0005570,23BD0045,2023E,2024-03-10,5000000,5000000,Lunas,Loket Kampus
PAY0005571,23BD0046,2023E,2024-03-21,5000000,5000000,Lunas,VA Bank
PAY0005572,23BD0047,2023E,2024-03-19,5000000,5000000,Lunas,E-Wallet
PAY0005573,23BD0048,2023E,2024-02-24,5000000,5000000,Lunas,VA Bank
PAY0005574,23BD0049,2023E,2024-02-26,5000000,5000000,Lunas,E-Wallet
PAY0005575,23BD0050,2023E,2024-03-27,5000000,5000000,Lunas,E-Wallet
PAY0005576,23BD0051,2023E,2024-03-20,5000000,5000000,Lunas,Transfer Bank
PAY0005577,23BD0052,2023E,2024-03-14,5000000,5000000,Lunas,VA Bank
PAY0005578,23BD0053,2023E,2024-02-17,5000000,5000000,Lunas,VA Bank
PAY0005579,23BD0054,2023E,2024-02-22,5000000,5000000,Lunas,VA Bank
PAY0005580,23BD0055,2023E,2024-03-16,5000000,5000000,Lunas,VA Bank
PAY0005581,23BD0056,2023E,,5000000,0,Belum Lunas,Transfer Bank
PAY0005582,23BD0057,2023E,2024-03-04,5000000,5000000,Lunas,Transfer Bank
PAY0005583,23BD0058,2023E,2024-03-18,5000000,5000000,Lunas,E-Wallet
PAY0005584,23BD0059,2023E,29/03/2024,5000000,5000000,Lunas,Transfer Bank
PAY0005585,23BD0060,2023E,,5000000,5000000,Lunas,Transfer Bank
PAY0005586,23BD0061,2023E,2024-02-20,5000000,5000000,Lunas,Transfer Bank
PAY0005587,23BD0062,2023E,12-Mar-2024,5000000,2700000,Cicilan,VA Bank
PAY0005588,23BD0063,2023E,05/03/2024,5000000,5000000,Lunas,Loket Kampus
PAY0005589,23BD0064,2023E,30-Mar-2024,5000000,5000000,Lunas,Transfer Bank
PAY0005590,23BD0065,2023E,24/03/2024,5000000,5000000,Lunas,VA Bank
PAY0005591,23BD0066,2023E,2024-03-05,5000000,5000000,Lunas,VA Bank
PAY0005592,23BD0067,2023E,01/03/2024,5000000,5000000,Lunas,E-Wallet
PAY0005593,23BD0068,2023E,04/03/2024,5000000,3100000,Cicilan,Transfer Bank
PAY0005594,23BD0069,2023E,,5000000,0,Belum Lunas,Loket Kampus
PAY0005595,23BD0070,2023E,31-Mar-2024,5000000,5000000,Lunas,VA Bank
PAY0005596,23BD0071,2023E,2024-03-10,5000000,5000000,Lunas,Loket Kampus
PAY0005597,23BD0072,2023E,2024-02-20,5000000,5000000,Lunas,Loket Kampus
PAY0005598,23BD0073,2023E,,5000000,0,Belum Lunas,VA Bank
PAY0005599,23BD0074,2023E,2024-02-19,5000000,2100000,Cicilan,Transfer Bank
PAY0005600,23BD0075,2023E,07/03/2024,5000000,5000000,Lunas,VA Bank
PAY0005601,21TI0001,2024G,2024-08-24,5500000,5500000,Lunas,E-Wallet
PAY0005602,21TI0002,2024G,2024-08-31,5500000,5500000,Lunas,Transfer Bank
PAY0005603,21TI0003,2024G,02-Sep-2024,5500000,5500000,Lunas,Transfer Bank
PAY0005604,21TI0004,2024G,2024-08-20,5500000,5500000,Lunas,Loket Kampus
PAY0005605,21TI0005,2024G,2024-09-05,5500000,5500000,Lunas,Loket Kampus
PAY0005606,21TI0006,2024G,2024-09-22,5500000,5500000,Lunas,VA Bank
PAY0005607,21TI0007,2024G,2024-09-29,5500000,5500000,Lunas,VA Bank
PAY0005608,21TI0008,2024G,2024-08-21,5500000,5500000,Lunas,VA Bank
PAY0005609,21TI0009,2024G,2024-09-13,5500000,5500000,Lunas,Loket Kampus
PAY0005610,21TI0010,2024G,2024-09-06,5500000,5500000,Lunas,E-Wallet
PAY0005611,21TI0011,2024G,24/09/2024,5500000,5500000,Lunas,VA Bank
PAY0005612,21TI0012,2024G,2024-10-02,5500000,5500000,Lunas,VA Bank
PAY0005613,21TI0013,2024G,2024-09-19,5500000,5500000,Lunas,Transfer Bank
PAY0005614,21TI0014,2024G,2024-08-26,5500000,5500000,Lunas,E-Wallet
PAY0005615,21TI0015,2024G,,5500000,0,Belum Lunas,E-Wallet
PAY0005616,21TI0016,2024G,06-Sep-2024,5500000,5500000,Lunas,E-Wallet
PAY0005617,21TI0017,2024G,2024-08-26,5500000,5500000,Lunas,Transfer Bank
PAY0005618,21TI0018,2024G,02-Oct-2024,5500000,5500000,Lunas,E-Wallet
PAY0005619,21TI0019,2024G,01/09/2024,5500000,5500000,Lunas,E-Wallet
PAY0005620,21TI0020,2024G,2024-09-05,5500000,5500000,Lunas,VA Bank
PAY0005621,21TI0021,2024G,2024-10-03,5500000,5500000,Lunas,Transfer Bank
PAY0005622,21TI0022,2024G,2024-09-07,5500000,5500000,Lunas,Transfer Bank
PAY0005623,21TI0023,2024G,02-Sep-2024,5500000,5500000,Lunas,E-Wallet
PAY0005624,21TI0024,2024G,19/09/2024,5500000,2700000,Cicilan,E-Wallet
PAY0005625,21TI0025,2024G,2024-09-10,5500000,5500000,Lunas,E-Wallet
PAY0005626,21TI0026,2024G,2024-09-15,5500000,5500000,Lunas,VA Bank
PAY0005627,21TI0027,2024G,21/09/2024,5500000,5500000,Lunas,Transfer Bank
PAY0005628,21TI0028,2024G,2024-08-27,5500000,5500000,Lunas,VA Bank
PAY0005629,21TI0029,2024G,2024-09-27,5500000,5500000,Lunas,Transfer Bank
PAY0005630,21TI0030,2024G,,5500000,0,Belum Lunas,E-Wallet
PAY0005631,21TI0031,2024G,,5500000,0,Belum Lunas,Transfer Bank
PAY0005632,21TI0032,2024G,02-Sep-2024,5500000,5500000,Lunas,Loket Kampus
PAY0005633,21TI0033,2024G,2024-08-28,5500000,5500000,Lunas,VA Bank
PAY0005634,21TI0034,2024G,02/09/2024,5500000,5500000,Lunas,E-Wallet
PAY0005635,21TI0035,2024G,2024-09-11,5500000,2200000,Cicilan,E-Wallet
PAY0005636,21TI0036,2024G,2024-09-22,5500000,5500000,Lunas,Transfer Bank
PAY0005637,21TI0037,2024G,2024-09-16,5500000,5500000,Lunas,Loket Kampus
PAY0005638,21TI0038,2024G,2024-09-26,5500000,3900000,Cicilan,Transfer Bank
PAY0005639,21TI0039,2024G,2024-08-26,5500000,5500000,Lunas,Transfer Bank
PAY0005640,21TI0040,2024G,2024-09-08,5500000,5500000,Lunas,Transfer Bank
PAY0005641,21TI0041,2024G,2024-09-01,5500000,4100000,Cicilan,Loket Kampus
PAY0005642,21TI0042,2024G,06-Sep-2024,5500000,5500000,Lunas,Loket Kampus
PAY0005643,21TI0043,2024G,2024-09-15,5500000,5500000,Lunas,Loket Kampus
PAY0005644,21TI0044,2024G,2024-09-03,5500000,4000000,Cicilan,E-Wallet
PAY0005645,21TI0045,2024G,2024-10-04,5500000,5500000,Lunas,Loket Kampus
PAY0005646,21TI0046,2024G,27/08/2024,5500000,5500000,Lunas,Loket Kampus
PAY0005647,21TI0047,2024G,2024-08-21,5500000,5500000,Lunas,E-Wallet
PAY0005648,21TI0048,2024G,2024-09-18,5500000,5500000,Lunas,Loket Kampus
PAY0005649,21TI0049,2024G,2024-09-22,5500000,5500000,Lunas,Loket Kampus
PAY0005650,21TI0050,2024G,19/09/2024,5500000,5500000,Lunas,Transfer Bank
PAY0005651,21TI0051,2024G,2024-09-03,5500000,5500000,Lunas,VA Bank
PAY0005652,21TI0052,2024G,02-Sep-2024,5500000,5500000,Lunas,E-Wallet
PAY0005653,21TI0053,2024G,2024-08-28,5500000,5500000,Lunas,Transfer Bank
PAY0005654,21TI0054,2024G,2024-08-25,5500000,5500000,Lunas,Transfer Bank
PAY0005655,21TI0055,2024G,2024-09-28,5500000,5500000,Lunas,E-Wallet
PAY0005656,21TI0056,2024G,2024-09-24,5500000,5500000,Lunas,Loket Kampus
PAY0005657,21TI0057,2024G,2024-10-03,5500000,5500000,Lunas,E-Wallet
PAY0005658,21TI0058,2024G,2024-10-02,5500000,5500000,Lunas,E-Wallet
PAY0005659,21TI0059,2024G,2024-09-07,5500000,5500000,Lunas,Loket Kampus
PAY0005660,21TI0060,2024G,2024-08-29,5500000,5500000,Lunas,VA Bank
PAY0005661,21TI0061,2024G,2024-09-27,5500000,5500000,Lunas,Transfer Bank
PAY0005662,21TI0062,2024G,2024-09-07,5500000,2900000,Cicilan,Transfer Bank
PAY0005663,21TI0063,2024G,2024-09-16,5500000,5500000,Lunas,E-Wallet
PAY0005664,21TI0064,2024G,2024-08-21,5500000,5500000,Lunas,Transfer Bank
PAY0005665,21TI0065,2024G,26/08/2024,5500000,5500000,Lunas,Loket Kampus
PAY0005666,21TI0066,2024G,2024-09-02,5500000,5500000,Lunas,Transfer Bank
PAY0005667,21TI0067,2024G,28-Sep-2024,5500000,5500000,Lunas,Loket Kampus
PAY0005668,21TI0068,2024G,2024-08-25,5500000,3800000,Cicilan,Loket Kampus
PAY0005669,21TI0069,2024G,15-Sep-2024,5500000,5500000,Lunas,Transfer Bank
PAY0005670,21TI0070,2024G,2024-08-27,5500000,5500000,Lunas,Transfer Bank
PAY0005671,21TI0071,2024G,2024-09-05,5500000,5500000,Lunas,Loket Kampus
PAY0005672,21TI0072,2024G,2024-10-04,5500000,5500000,Lunas,E-Wallet
PAY0005673,21TI0073,2024G,31/08/2024,5500000,5500000,Lunas,VA Bank
PAY0005674,21TI0074,2024G,2024-09-22,5500000,5500000,Lunas,Transfer Bank
PAY0005675,21TI0075,2024G,2024-09-10,5500000,5500000,Lunas,Transfer Bank
PAY0005676,21TI0076,2024G,26/08/2024,5500000,5500000,Lunas,Loket Kampus
PAY0005677,21TI0077,2024G,2024-08-20,5500000,5500000,Lunas,E-Wallet
PAY0005678,21TI0078,2024G,2024-09-30,5500000,5500000,Lunas,Loket Kampus
PAY0005679,21TI0079,2024G,2024-09-25,5500000,5500000,Lunas,E-Wallet
PAY0005680,21TI0080,2024G,22-Sep-2024,5500000,5500000,Lunas,Transfer Bank
PAY0005681,21TI0081,2024G,2024-09-23,5500000,5500000,Lunas,Transfer Bank
PAY0005682,21TI0082,2024G,04/10/2024,5500000,5500000,Lunas,E-Wallet
PAY0005683,21TI0083,2024G,2024-09-19,5500000,5500000,Lunas,VA Bank
PAY0005684,21TI0084,2024G,2024-09-24,5500000,5500000,Lunas,E-Wallet
PAY0005685,21TI0085,2024G,20/08/2024,5500000,5500000,Lunas,VA Bank
PAY0005686,21SI0001,2024G,2024-08-21,5250000,5250000,Lunas,VA Bank
PAY0005687,21SI0002,2024G,2024-09-29,5250000,5250000,Lunas,E-Wallet
PAY0005688,21SI0003,2024G,2024-09-21,5250000,5250000,Lunas,Transfer Bank
PAY0005689,21SI0004,2024G,2024-09-29,5250000,5250000,Lunas,Loket Kampus
PAY0005690,21SI0005,2024G,23/09/2024,5250000,5250000,Lunas,Transfer Bank
PAY0005691,21SI0006,2024G,2024-09-09,5250000,5250000,Lunas,Transfer Bank
PAY0005692,21SI0007,2024G,2024-09-08,5250000,5250000,Lunas,E-Wallet
PAY0005693,21SI0008,2024G,2024-08-31,5250000,5250000,Lunas,E-Wallet
PAY0005694,21SI0009,2024G,16-Sep-2024,5250000,5250000,Lunas,Loket Kampus
PAY0005695,21SI0010,2024G,2024-09-27,5250000,5250000,Lunas,E-Wallet
PAY0005696,21SI0011,2024G,11-Sep-2024,5250000,5250000,Lunas,Transfer Bank
PAY0005697,21SI0012,2024G,21/08/2024,5250000,5250000,Lunas,VA Bank
PAY0005698,21SI0013,2024G,2024-09-26,5250000,3700000,Cicilan,Loket Kampus
PAY0005699,21SI0014,2024G,,5250000,0,Belum Lunas,Transfer Bank
PAY0005700,21SI0015,2024G,2024-09-30,5250000,5250000,Lunas,VA Bank
PAY0005701,21SI0016,2024G,2024-09-20,5250000,5250000,Lunas,Loket Kampus
PAY0005702,21SI0017,2024G,2024-09-21,5250000,5250000,Lunas,Transfer Bank
PAY0005703,21SI0018,2024G,2024-09-26,5250000,5250000,Lunas,E-Wallet
PAY0005704,21SI0019,2024G,2024-09-25,5250000,5250000,Lunas,E-Wallet
PAY0005705,21SI0020,2024G,27/08/2024,5250000,5250000,Lunas,Transfer Bank
PAY0005706,21SI0021,2024G,2024-09-20,5250000,5250000,Lunas,VA Bank
PAY0005707,21SI0022,2024G,2024-09-01,5250000,5250000,Lunas,VA Bank
PAY0005708,21SI0023,2024G,2024-08-30,5250000,5250000,Lunas,VA Bank
PAY0005709,21SI0024,2024G,,5250000,0,Belum Lunas,Transfer Bank
PAY0005710,21SI0025,2024G,17-Sep-2024,5250000,5250000,Lunas,E-Wallet
PAY0005711,21SI0026,2024G,2024-09-10,5250000,5250000,Lunas,Transfer Bank
PAY0005712,21SI0027,2024G,2024-08-31,5250000,5250000,Lunas,Loket Kampus
PAY0005713,21SI0028,2024G,2024-09-04,5250000,5250000,Lunas,Loket Kampus
PAY0005714,21SI0029,2024G,24/08/2024,5250000,5250000,Lunas,VA Bank
PAY0005715,21SI0030,2024G,11-Sep-2024,5250000,5250000,Lunas,E-Wallet
PAY0005716,21SI0031,2024G,2024-09-07,5250000,5250000,Lunas,Transfer Bank
PAY0005717,21SI0032,2024G,25/08/2024,5250000,5250000,Lunas,VA Bank
PAY0005718,21SI0033,2024G,2024-09-18,5250000,5250000,Lunas,Transfer Bank
PAY0005719,21SI0034,2024G,22-Sep-2024,5250000,5250000,Lunas,Loket Kampus
PAY0005720,21SI0035,2024G,2024-08-28,5250000,5250000,Lunas,Loket Kampus
PAY0005721,21SI0036,2024G,2024-08-29,5250000,2400000,Cicilan,VA Bank
PAY0005722,21SI0037,2024G,29/09/2024,5250000,5250000,Lunas,E-Wallet
PAY0005723,21SI0038,2024G,2024-09-28,5250000,5250000,Lunas,Transfer Bank
PAY0005724,21SI0039,2024G,2024-09-04,5250000,5250000,Lunas,Transfer Bank
PAY0005725,21SI0040,2024G,07-Sep-2024,5250000,5250000,Lunas,VA Bank
PAY0005726,21SI0041,2024G,2024-08-30,5250000,5250000,Lunas,E-Wallet
PAY0005727,21SI0042,2024G,2024-09-08,5250000,5250000,Lunas,E-Wallet
PAY0005728,21SI0043,2024G,2024-10-04,5250000,5250000,Lunas,E-Wallet
PAY0005729,21SI0044,2024G,2024-09-02,5250000,5250000,Lunas,Transfer Bank
PAY0005730,21SI0045,2024G,2024-08-26,5250000,5250000,Lunas,VA Bank
PAY0005731,21SI0046,2024G,2024-08-28,5250000,5250000,Lunas,VA Bank
PAY0005732,21SI0047,2024G,2024-09-23,5250000,5250000,Lunas,Loket Kampus
PAY0005733,21SI0048,2024G,2024-09-25,5250000,5250000,Lunas,Loket Kampus
PAY0005734,21SI0049,2024G,2024-08-22,5250000,3100000,Cicilan,E-Wallet
PAY0005735,21SI0050,2024G,2024-09-30,5250000,5250000,Lunas,E-Wallet
PAY0005736,21SI0051,2024G,03-Sep-2024,5250000,5250000,Lunas,VA Bank
PAY0005737,21SI0052,2024G,2024-09-25,5250000,5250000,Lunas,Transfer Bank
PAY0005738,21SI0053,2024G,2024-08-28,5250000,5250000,Lunas,Loket Kampus
PAY0005739,21SI0054,2024G,2024-09-14,5250000,5250000,Lunas,Transfer Bank
PAY0005740,21SI0055,2024G,29-Aug-2024,5250000,5250000,Lunas,VA Bank
PAY0005741,21SI0056,2024G,2024-09-20,5250000,5250000,Lunas,Loket Kampus
PAY0005742,21SI0057,2024G,2024-09-05,5250000,5250000,Lunas,E-Wallet
PAY0005743,21SI0058,2024G,2024-09-29,5250000,5250000,Lunas,VA Bank
PAY0005744,21SI0059,2024G,2024-09-29,5250000,3900000,Cicilan,Transfer Bank
PAY0005745,21SI0060,2024G,2024-08-31,5250000,3800000,Cicilan,VA Bank
PAY0005746,21SI0061,2024G,03/10/2024,5250000,5250000,Lunas,E-Wallet
PAY0005747,21SI0062,2024G,2024-09-03,5250000,5250000,Lunas,Transfer Bank
PAY0005748,21SI0063,2024G,2024-09-14,5250000,5250000,Lunas,Transfer Bank
PAY0005749,21SI0064,2024G,2024-09-09,5250000,5250000,Lunas,E-Wallet
PAY0005750,21SI0065,2024G,2024-08-25,5250000,5250000,Lunas,E-Wallet
PAY0005751,21SI0066,2024G,,5250000,0,Belum Lunas,VA Bank
PAY0005752,21SI0067,2024G,2024-09-15,5250000,5250000,Lunas,E-Wallet
PAY0005753,21SI0068,2024G,2024-08-30,5250000,5250000,Lunas,Transfer Bank
PAY0005754,21SI0069,2024G,2024-09-06,5250000,5250000,Lunas,VA Bank
PAY0005755,21SI0070,2024G,21/09/2024,5250000,5250000,Lunas,VA Bank
PAY0005756,21SI0071,2024G,2024-10-03,5250000,5250000,Lunas,E-Wallet
PAY0005757,21SI0072,2024G,,5250000,0,Belum Lunas,E-Wallet
PAY0005758,21SI0073,2024G,2024-09-13,5250000,5250000,Lunas,E-Wallet
PAY0005759,21SI0074,2024G,2024-09-26,5250000,5250000,Lunas,VA Bank
PAY0005760,21SI0075,2024G,08-Sep-2024,5250000,2300000,Cicilan,E-Wallet
PAY0005761,21SI0076,2024G,2024-09-26,5250000,5250000,Lunas,VA Bank
PAY0005762,21SI0077,2024G,2024-09-27,5250000,5250000,Lunas,E-Wallet
PAY0005763,21SI0078,2024G,2024-09-17,5250000,5250000,Lunas,VA Bank
PAY0005764,21SI0079,2024G,,5250000,0,Belum Lunas,VA Bank
PAY0005765,21SI0080,2024G,2024-09-12,5250000,5250000,Lunas,E-Wallet
PAY0005766,21SI0081,2024G,2024-09-08,5250000,5250000,Lunas,E-Wallet
PAY0005767,21IF0001,2024G,2024-09-12,5750000,5750000,Lunas,Transfer Bank
PAY0005768,21IF0002,2024G,2024-08-22,5750000,5750000,Lunas,VA Bank
PAY0005769,21IF0003,2024G,2024-09-16,5750000,5750000,Lunas,Transfer Bank
PAY0005770,21IF0004,2024G,15-Sep-2024,5750000,5750000,Lunas,E-Wallet
PAY0005771,21IF0005,2024G,2024-10-03,5750000,3400000,Cicilan,E-Wallet
PAY0005772,21IF0006,2024G,2024-08-22,5750000,5750000,Lunas,Transfer Bank
PAY0005773,21IF0007,2024G,03-Oct-2024,5750000,5750000,Lunas,E-Wallet
PAY0005774,21IF0008,2024G,2024-09-03,5750000,5750000,Lunas,Loket Kampus
PAY0005775,21IF0009,2024G,2024-09-21,5750000,5750000,Lunas,Loket Kampus
PAY0005776,21IF0010,2024G,24/09/2024,5750000,5750000,Lunas,E-Wallet
PAY0005777,21IF0011,2024G,2024-09-10,5750000,5750000,Lunas,VA Bank
PAY0005778,21IF0012,2024G,17-Sep-2024,5750000,4200000,Cicilan,Loket Kampus
PAY0005779,21IF0013,2024G,2024-09-17,5750000,5750000,Lunas,VA Bank
PAY0005780,21IF0014,2024G,2024-08-28,5750000,5750000,Lunas,E-Wallet
PAY0005781,21IF0015,2024G,2024-08-31,5750000,5750000,Lunas,VA Bank
PAY0005782,21IF0016,2024G,2024-09-30,5750000,3900000,Cicilan,VA Bank
PAY0005783,21IF0017,2024G,2024-08-22,5750000,5750000,Lunas,Transfer Bank
PAY0005784,21IF0018,2024G,2024-08-27,5750000,5750000,Lunas,E-Wallet
PAY0005785,21IF0019,2024G,2024-09-29,5750000,2000000,Cicilan,Transfer Bank
PAY0005786,21IF0020,2024G,2024-09-21,5750000,5750000,Lunas,Transfer Bank
PAY0005787,21IF0021,2024G,2024-08-24,5750000,5750000,Lunas,VA Bank
PAY0005788,21IF0022,2024G,2024-09-22,5750000,5750000,Lunas,VA Bank
PAY0005789,21IF0023,2024G,2024-08-25,5750000,5750000,Lunas,Transfer Bank
PAY0005790,21IF0024,2024G,30-Aug-2024,5750000,5750000,Lunas,Loket Kampus
PAY0005791,21IF0025,2024G,2024-08-27,5750000,5750000,Lunas,Transfer Bank
PAY0005792,21IF0026,2024G,28/09/2024,5750000,5750000,Lunas,VA Bank
PAY0005793,21IF0027,2024G,26/08/2024,5750000,5750000,Lunas,VA Bank
PAY0005794,21IF0028,2024G,,5750000,0,Belum Lunas,Transfer Bank
PAY0005795,21IF0029,2024G,2024-09-08,5750000,5750000,Lunas,Transfer Bank
PAY0005796,21IF0030,2024G,,5750000,0,Belum Lunas,E-Wallet
PAY0005797,21IF0031,2024G,26/08/2024,5750000,5750000,Lunas,E-Wallet
PAY0005798,21IF0032,2024G,21/08/2024,5750000,5750000,Lunas,VA Bank
PAY0005799,21IF0033,2024G,05-Sep-2024,5750000,5750000,Lunas,Loket Kampus
PAY0005800,21IF0034,2024G,2024-09-13,5750000,5750000,Lunas,E-Wallet
PAY0005801,21IF0035,2024G,2024-09-13,5750000,5750000,Lunas,Loket Kampus
PAY0005802,21IF0036,2024G,2024-09-08,5750000,3000000,Cicilan,E-Wallet
PAY0005803,21IF0037,2024G,,5750000,0,Belum Lunas,E-Wallet
PAY0005804,21IF0038,2024G,15-Sep-2024,5750000,5750000,Lunas,E-Wallet
PAY0005805,21IF0039,2024G,2024-09-24,5750000,5750000,Lunas,Transfer Bank
PAY0005806,21IF0040,2024G,,5750000,0,Belum Lunas,VA Bank
PAY0005807,21IF0041,2024G,2024-09-18,5750000,5750000,Lunas,VA Bank
PAY0005808,21IF0042,2024G,2024-10-03,5750000,5750000,Lunas,E-Wallet
PAY0005809,21IF0043,2024G,2024-09-11,5750000,5750000,Lunas,Loket Kampus
PAY0005810,21IF0044,2024G,2024-09-24,5750000,5750000,Lunas,VA Bank
PAY0005811,21IF0045,2024G,08-Sep-2024,5750000,3000000,Cicilan,Loket Kampus
PAY0005812,21IF0046,2024G,2024-10-03,5750000,3300000,Cicilan,Loket Kampus
PAY0005813,21IF0047,2024G,23-Aug-2024,5750000,5750000,Lunas,Loket Kampus
PAY0005814,21IF0048,2024G,2024-10-02,5750000,5750000,Lunas,E-Wallet
PAY0005815,21IF0049,2024G,2024-09-11,5750000,5750000,Lunas,Transfer Bank
PAY0005816,21IF0050,2024G,2024-09-01,5750000,5750000,Lunas,E-Wallet
PAY0005817,21IF0051,2024G,2024-09-15,5750000,5750000,Lunas,VA Bank
PAY0005818,21IF0052,2024G,2024-09-01,5750000,5750000,Lunas,Transfer Bank
PAY0005819,21IF0053,2024G,02-Sep-2024,5750000,5750000,Lunas,VA Bank
PAY0005820,21IF0054,2024G,10/09/2024,5750000,3000000,Cicilan,VA Bank
PAY0005821,21IF0055,2024G,2024-10-01,5750000,5750000,Lunas,VA Bank
PAY0005822,21IF0056,2024G,,5750000,0,Belum Lunas,VA Bank
PAY0005823,21IF0057,2024G,2024-08-29,5750000,5750000,Lunas,Loket Kampus
PAY0005824,21IF0058,2024G,,5750000,0,Belum Lunas,E-Wallet
PAY0005825,21IF0059,2024G,2024-08-29,5750000,5750000,Lunas,E-Wallet
PAY0005826,21IF0060,2024G,2024-08-29,5750000,5750000,Lunas,Transfer Bank
PAY0005827,21IF0061,2024G,2024-08-26,5750000,5750000,Lunas,VA Bank
PAY0005828,21IF0062,2024G,21/08/2024,5750000,2200000,Cicilan,VA Bank
PAY0005829,21IF0063,2024G,2024-08-21,5750000,5750000,Lunas,Transfer Bank
PAY0005830,21IF0064,2024G,,5750000,0,Belum Lunas,Loket Kampus
PAY0005831,21IF0065,2024G,2024-09-10,5750000,5750000,Lunas,Transfer Bank
PAY0005832,21IF0066,2024G,2024-09-10,5750000,5750000,Lunas,E-Wallet
PAY0005833,21IF0067,2024G,,5750000,0,Belum Lunas,Loket Kampus
PAY0005834,21IF0068,2024G,28-Aug-2024,5750000,5750000,Lunas,Transfer Bank
PAY0005835,21IF0069,2024G,2024-09-09,5750000,5750000,Lunas,E-Wallet
PAY0005836,21IF0070,2024G,2024-09-04,5750000,5750000,Lunas,VA Bank
PAY0005837,21IF0071,2024G,2024-08-26,5750000,5750000,Lunas,VA Bank
PAY0005838,21IF0072,2024G,06/09/2024,5750000,5750000,Lunas,VA Bank
PAY0005839,21IF0073,2024G,2024-09-13,5750000,5750000,Lunas,VA Bank
PAY0005840,21IF0074,2024G,2024-08-21,5750000,5750000,Lunas,Transfer Bank
PAY0005841,21IF0075,2024G,2024-09-21,5750000,5750000,Lunas,Transfer Bank
PAY0005842,21IF0076,2024G,,5750000,0,Belum Lunas,E-Wallet
PAY0005843,21IF0077,2024G,2024-09-15,5750000,5750000,Lunas,Transfer Bank
PAY0005844,21IF0078,2024G,2024-09-03,5750000,2700000,Cicilan,VA Bank
PAY0005845,21IF0079,2024G,2024-08-21,5750000,2800000,Cicilan,VA Bank
PAY0005846,21IF0080,2024G,,5750000,0,Belum Lunas,VA Bank
PAY0005847,21IF0081,2024G,2024-08-29,5750000,5750000,Lunas,Loket Kampus
PAY0005848,21IF0082,2024G,2024-09-29,5750000,5750000,Lunas,VA Bank
PAY0005849,21IF0083,2024G,2024-09-03,5750000,5750000,Lunas,Loket Kampus
PAY0005850,21IF0084,2024G,2024-09-15,5750000,5750000,Lunas,E-Wallet
PAY0005851,21IF0085,2024G,2024-09-07,5750000,5750000,Lunas,Loket Kampus
PAY0005852,21DS0001,2024G,2024-08-26,6000000,6000000,Lunas,VA Bank
PAY0005853,21DS0002,2024G,2024-09-01,6000000,6000000,Lunas,VA Bank
PAY0005854,21DS0003,2024G,2024-09-10,6000000,6000000,Lunas,E-Wallet
PAY0005855,21DS0004,2024G,2024-09-24,6000000,2300000,Cicilan,VA Bank
PAY0005856,21DS0005,2024G,2024-10-02,6000000,6000000,Lunas,Transfer Bank
PAY0005857,21DS0006,2024G,2024-09-08,6000000,6000000,Lunas,Transfer Bank
PAY0005858,21DS0007,2024G,21-Sep-2024,6000000,6000000,Lunas,Loket Kampus
PAY0005859,21DS0008,2024G,25-Aug-2024,6000000,6000000,Lunas,Transfer Bank
PAY0005860,21DS0009,2024G,2024-08-28,6000000,6000000,Lunas,Loket Kampus
PAY0005861,21DS0010,2024G,17-Sep-2024,6000000,6000000,Lunas,VA Bank
PAY0005862,21DS0011,2024G,2024-09-10,6000000,6000000,Lunas,VA Bank
PAY0005863,21DS0012,2024G,27-Aug-2024,6000000,6000000,Lunas,VA Bank
PAY0005864,21DS0013,2024G,30/08/2024,6000000,6000000,Lunas,Transfer Bank
PAY0005865,21DS0014,2024G,2024-10-04,6000000,6000000,Lunas,E-Wallet
PAY0005866,21DS0015,2024G,22-Sep-2024,6000000,6000000,Lunas,Transfer Bank
PAY0005867,21DS0016,2024G,2024-09-05,6000000,6000000,Lunas,Transfer Bank
PAY0005868,21DS0017,2024G,2024-09-09,6000000,6000000,Lunas,Loket Kampus
PAY0005869,21DS0018,2024G,26/09/2024,6000000,4500000,Cicilan,Loket Kampus
PAY0005870,21DS0019,2024G,2024-09-26,6000000,6000000,Lunas,E-Wallet
PAY0005871,21DS0020,2024G,26/09/2024,6000000,6000000,Lunas,E-Wallet
PAY0005872,21DS0021,2024G,2024-08-26,6000000,6000000,Lunas,E-Wallet
PAY0005873,21DS0022,2024G,2024-09-06,6000000,6000000,Lunas,Loket Kampus
PAY0005874,21DS0023,2024G,2024-08-27,6000000,6000000,Lunas,VA Bank
PAY0005875,21DS0024,2024G,2024-09-28,6000000,6000000,Lunas,Transfer Bank
PAY0005876,21DS0025,2024G,2024-09-15,6000000,6000000,Lunas,VA Bank
PAY0005877,21DS0026,2024G,09-Sep-2024,6000000,6000000,Lunas,Transfer Bank
PAY0005878,21DS0027,2024G,2024-09-30,6000000,6000000,Lunas,Loket Kampus
PAY0005879,21DS0028,2024G,03/09/2024,6000000,6000000,Lunas,VA Bank
PAY0005880,21DS0029,2024G,28/09/2024,6000000,6000000,Lunas,Loket Kampus
PAY0005881,21DS0030,2024G,15/09/2024,6000000,3800000,Cicilan,Transfer Bank
PAY0005882,21DS0031,2024G,2024-09-15,6000000,6000000,Lunas,VA Bank
PAY0005883,21DS0032,2024G,2024-09-29,6000000,4100000,Cicilan,VA Bank
PAY0005884,21DS0033,2024G,2024-09-10,6000000,6000000,Lunas,Loket Kampus
PAY0005885,21DS0034,2024G,2024-08-28,6000000,6000000,Lunas,E-Wallet
PAY0005886,21DS0035,2024G,26/08/2024,6000000,6000000,Lunas,Transfer Bank
PAY0005887,21DS0036,2024G,2024-08-24,6000000,6000000,Lunas,VA Bank
PAY0005888,21DS0037,2024G,2024-09-05,6000000,6000000,Lunas,Loket Kampus
PAY0005889,21DS0038,2024G,26/09/2024,6000000,4500000,Cicilan,VA Bank
PAY0005890,21DS0039,2024G,30-Aug-2024,6000000,3800000,Cicilan,Loket Kampus
PAY0005891,21DS0040,2024G,2024-08-23,6000000,6000000,Lunas,VA Bank
PAY0005892,21DS0041,2024G,,6000000,0,Belum Lunas,E-Wallet
PAY0005893,21DS0042,2024G,2024-09-15,6000000,6000000,Lunas,Loket Kampus
PAY0005894,21DS0043,2024G,2024-09-11,6000000,6000000,Lunas,Loket Kampus
PAY0005895,21DS0044,2024G,2024-09-02,6000000,6000000,Lunas,Transfer Bank
PAY0005896,21DS0045,2024G,2024-09-01,6000000,6000000,Lunas,VA Bank
PAY0005897,21DS0046,2024G,16/09/2024,6000000,6000000,Lunas,Transfer Bank
PAY0005898,21DS0047,2024G,2024-09-01,6000000,6000000,Lunas,Loket Kampus
PAY0005899,21DS0048,2024G,2024-09-04,6000000,6000000,Lunas,Transfer Bank
PAY0005900,21DS0049,2024G,24-Sep-2024,6000000,6000000,Lunas,Loket Kampus
PAY0005901,21DS0050,2024G,08/09/2024,6000000,6000000,Lunas,Loket Kampus
PAY0005902,21DS0051,2024G,2024-08-28,6000000,6000000,Lunas,E-Wallet
PAY0005903,21DS0052,2024G,2024-09-05,6000000,6000000,Lunas,VA Bank
PAY0005904,21DS0053,2024G,29/09/2024,6000000,6000000,Lunas,E-Wallet
PAY0005905,21DS0054,2024G,2024-09-07,6000000,3900000,Cicilan,VA Bank
PAY0005906,21DS0055,2024G,22/08/2024,6000000,6000000,Lunas,Loket Kampus
PAY0005907,21DS0056,2024G,2024-08-31,6000000,6000000,Lunas,VA Bank
PAY0005908,21DS0057,2024G,2024-09-03,6000000,6000000,Lunas,VA Bank
PAY0005909,21DS0058,2024G,2024-09-13,6000000,6000000,Lunas,VA Bank
PAY0005910,21DS0059,2024G,2024-09-10,6000000,6000000,Lunas,Loket Kampus
PAY0005911,21DS0060,2024G,2024-08-23,6000000,6000000,Lunas,Transfer Bank
PAY0005912,21DS0061,2024G,2024-09-07,6000000,6000000,Lunas,Loket Kampus
PAY0005913,21DS0062,2024G,2024-09-04,6000000,6000000,Lunas,VA Bank
PAY0005914,21DS0063,2024G,,6000000,0,Belum Lunas,Loket Kampus
PAY0005915,21DS0064,2024G,25/09/2024,6000000,6000000,Lunas,Loket Kampus
PAY0005916,21DS0065,2024G,2024-09-02,6000000,6000000,Lunas,Transfer Bank
PAY0005917,21DS0066,2024G,2024-09-09,6000000,6000000,Lunas,E-Wallet
PAY0005918,21DS0067,2024G,2024-08-28,6000000,6000000,Lunas,Transfer Bank
PAY0005919,21TR0001,2024G,2024-09-20,5700000,5700000,Lunas,Transfer Bank
PAY0005920,21TR0002,2024G,2024-08-20,5700000,5700000,Lunas,Loket Kampus
PAY0005921,21TR0003,2024G,29/09/2024,5700000,5700000,Lunas,E-Wallet
PAY0005922,21TR0004,2024G,,5700000,0,Belum Lunas,Loket Kampus
PAY0005923,21TR0005,2024G,,5700000,0,Belum Lunas,VA Bank
PAY0005924,21TR0006,2024G,19-Sep-2024,5700000,5700000,Lunas,VA Bank
PAY0005925,21TR0007,2024G,2024-09-04,5700000,3000000,Cicilan,E-Wallet
PAY0005926,21TR0008,2024G,2024-09-01,5700000,5700000,Lunas,Transfer Bank
PAY0005927,21TR0009,2024G,2024-09-13,5700000,5700000,Lunas,VA Bank
PAY0005928,21TR0010,2024G,2024-09-10,5700000,5700000,Lunas,Transfer Bank
PAY0005929,21TR0011,2024G,,5700000,0,Belum Lunas,Transfer Bank
PAY0005930,21TR0012,2024G,2024-09-03,5700000,5700000,Lunas,Loket Kampus
PAY0005931,21TR0013,2024G,,5700000,0,Belum Lunas,Transfer Bank
PAY0005932,21TR0014,2024G,2024-09-26,5700000,5700000,Lunas,VA Bank
PAY0005933,21TR0015,2024G,25-Aug-2024,5700000,5700000,Lunas,E-Wallet
PAY0005934,21TR0016,2024G,19/09/2024,5700000,5700000,Lunas,Loket Kampus
PAY0005935,21TR0017,2024G,2024-09-19,5700000,5700000,Lunas,E-Wallet
PAY0005936,21TR0018,2024G,30/08/2024,5700000,5700000,Lunas,VA Bank
PAY0005937,21TR0019,2024G,2024-09-01,5700000,5700000,Lunas,E-Wallet
PAY0005938,21TR0020,2024G,2024-09-14,5700000,5700000,Lunas,E-Wallet
PAY0005939,21TR0021,2024G,2024-09-23,5700000,5700000,Lunas,VA Bank
PAY0005940,21TR0022,2024G,,5700000,0,Belum Lunas,Loket Kampus
PAY0005941,21TR0023,2024G,09/09/2024,5700000,5700000,Lunas,E-Wallet
PAY0005942,21TR0024,2024G,2024-09-14,5700000,2900000,Cicilan,Transfer Bank
PAY0005943,21TR0025,2024G,26/08/2024,5700000,5700000,Lunas,Transfer Bank
PAY0005944,21TR0026,2024G,19/09/2024,5700000,4000000,Cicilan,E-Wallet
PAY0005945,21TR0027,2024G,30-Aug-2024,5700000,5700000,Lunas,E-Wallet
PAY0005946,21TR0028,2024G,2024-09-28,5700000,5700000,Lunas,E-Wallet
PAY0005947,21TR0029,2024G,2024-09-18,5700000,5700000,Lunas,Loket Kampus
PAY0005948,21TR0030,2024G,,5700000,0,Belum Lunas,Transfer Bank
PAY0005949,21TR0031,2024G,2024-08-31,5700000,5700000,Lunas,VA Bank
PAY0005950,21TR0032,2024G,2024-09-12,5700000,5700000,Lunas,VA Bank
PAY0005951,21TR0033,2024G,2024-09-08,5700000,5700000,Lunas,E-Wallet
PAY0005952,21TR0034,2024G,2024-08-25,5700000,5700000,Lunas,Loket Kampus
PAY0005953,21TR0035,2024G,2024-10-01,5700000,5700000,Lunas,E-Wallet
PAY0005954,21TR0036,2024G,2024-09-12,5700000,5700000,Lunas,E-Wallet
PAY0005955,21TR0037,2024G,2024-08-30,5700000,5700000,Lunas,E-Wallet
PAY0005956,21TR0038,2024G,04/09/2024,5700000,5700000,Lunas,Transfer Bank
PAY0005957,21TR0039,2024G,11/09/2024,5700000,5700000,Lunas,Transfer Bank
PAY0005958,21TR0040,2024G,2024-09-30,5700000,5700000,Lunas,Loket Kampus
PAY0005959,21TR0041,2024G,2024-10-02,5700000,5700000,Lunas,VA Bank
PAY0005960,21TR0042,2024G,2024-09-20,5700000,5700000,Lunas,VA Bank
PAY0005961,21TR0043,2024G,28/09/2024,5700000,5700000,Lunas,Transfer Bank
PAY0005962,21TR0044,2024G,2024-08-21,5700000,5700000,Lunas,VA Bank
PAY0005963,21TR0045,2024G,2024-08-30,5700000,5700000,Lunas,VA Bank
PAY0005964,21TR0046,2024G,,5700000,0,Belum Lunas,Loket Kampus
PAY0005965,21TR0047,2024G,2024-09-30,5700000,5700000,Lunas,Loket Kampus
PAY0005966,21TR0048,2024G,2024-09-20,5700000,5700000,Lunas,Loket Kampus
PAY0005967,21TR0049,2024G,2024-09-06,5700000,5700000,Lunas,VA Bank
PAY0005968,21TR0050,2024G,2024-08-21,5700000,5700000,Lunas,E-Wallet
PAY0005969,21TR0051,2024G,03-Sep-2024,5700000,5700000,Lunas,Loket Kampus
PAY0005970,21TR0052,2024G,2024-08-20,5700000,5700000,Lunas,Transfer Bank
PAY0005971,21TR0053,2024G,22/08/2024,5700000,5700000,Lunas,Transfer Bank
PAY0005972,21TR0054,2024G,22-Sep-2024,5700000,5700000,Lunas,Transfer Bank
PAY0005973,21TR0055,2024G,2024-08-29,5700000,5700000,Lunas,Loket Kampus
PAY0005974,21TR0056,2024G,2024-09-17,5700000,5700000,Lunas,E-Wallet
PAY0005975,21TR0057,2024G,07/09/2024,5700000,5700000,Lunas,Loket Kampus
PAY0005976,21TR0058,2024G,2024-08-22,5700000,5700000,Lunas,Loket Kampus
PAY0005977,21TR0059,2024G,2024-09-29,5700000,5700000,Lunas,E-Wallet
PAY0005978,21TR0060,2024G,2024-10-01,5700000,5700000,Lunas,VA Bank
PAY0005979,21TR0061,2024G,2024-09-21,5700000,5700000,Lunas,VA Bank
PAY0005980,21TR0062,2024G,,5700000,0,Belum Lunas,Transfer Bank
PAY0005981,21TR0063,2024G,2024-10-04,5700000,5700000,Lunas,Transfer Bank
PAY0005982,21TR0064,2024G,2024-09-23,5700000,2600000,Cicilan,Transfer Bank
PAY0005983,21TR0065,2024G,2024-10-01,5700000,5700000,Lunas,Loket Kampus
PAY0005984,21BD0001,2024G,2024-10-03,5000000,5000000,Lunas,VA Bank
PAY0005985,21BD0002,2024G,2024-08-23,5000000,5000000,Lunas,VA Bank
PAY0005986,21BD0003,2024G,2024-09-26,5000000,5000000,Lunas,Loket Kampus
PAY0005987,21BD0004,2024G,04/09/2024,5000000,2100000,Cicilan,Transfer Bank
PAY0005988,21BD0005,2024G,04/10/2024,5000000,5000000,Lunas,Loket Kampus
PAY0005989,21BD0006,2024G,2024-08-29,5000000,5000000,Lunas,Loket Kampus
PAY0005990,21BD0007,2024G,2024-09-18,5000000,5000000,Lunas,VA Bank
PAY0005991,21BD0008,2024G,2024-09-05,5000000,5000000,Lunas,Transfer Bank
PAY0005992,21BD0009,2024G,,5000000,0,Belum Lunas,Loket Kampus
PAY0005993,21BD0010,2024G,2024-10-02,5000000,5000000,Lunas,E-Wallet
PAY0005994,21BD0011,2024G,2024-09-11,5000000,2800000,Cicilan,VA Bank
PAY0005995,21BD0012,2024G,2024-08-30,5000000,5000000,Lunas,VA Bank
PAY0005996,21BD0013,2024G,2024-08-26,5000000,5000000,Lunas,E-Wallet
PAY0005997,21BD0014,2024G,2024-09-14,5000000,5000000,Lunas,Loket Kampus
PAY0005998,21BD0015,2024G,04-Oct-2024,5000000,5000000,Lunas,Loket Kampus
PAY0005999,21BD0016,2024G,01/10/2024,5000000,5000000,Lunas,Transfer Bank
PAY0006000,21BD0017,2024G,2024-09-21,5000000,5000000,Lunas,E-Wallet
PAY0006001,21BD0018,2024G,24/08/2024,5000000,5000000,Lunas,E-Wallet
PAY0006002,21BD0019,2024G,23-Sep-2024,5000000,2800000,Cicilan,E-Wallet
PAY0006003,21BD0020,2024G,2024-08-31,5000000,5000000,Lunas,VA Bank
PAY0006004,21BD0021,2024G,,5000000,0,Belum Lunas,Transfer Bank
PAY0006005,21BD0022,2024G,2024-08-22,5000000,2400000,Cicilan,VA Bank
PAY0006006,21BD0023,2024G,2024-08-26,5000000,5000000,Lunas,Loket Kampus
PAY0006007,21BD0024,2024G,17/09/2024,5000000,5000000,Lunas,VA Bank
PAY0006008,21BD0025,2024G,03/09/2024,5000000,5000000,Lunas,Loket Kampus
PAY0006009,21BD0026,2024G,2024-08-30,5000000,5000000,Lunas,Loket Kampus
PAY0006010,21BD0027,2024G,2024-08-22,5000000,5000000,Lunas,E-Wallet
PAY0006011,21BD0028,2024G,2024-09-29,5000000,5000000,Lunas,Transfer Bank
PAY0006012,21BD0029,2024G,2024-09-12,5000000,2000000,Cicilan,E-Wallet
PAY0006013,21BD0030,2024G,2024-09-04,5000000,5000000,Lunas,E-Wallet
PAY0006014,21BD0031,2024G,01/10/2024,5000000,5000000,Lunas,E-Wallet
PAY0006015,21BD0032,2024G,2024-09-01,5000000,1800000,Cicilan,E-Wallet
PAY0006016,21BD0033,2024G,2024-09-07,5000000,5000000,Lunas,Loket Kampus
PAY0006017,21BD0034,2024G,2024-09-28,5000000,5000000,Lunas,Loket Kampus
PAY0006018,21BD0035,2024G,2024-08-26,5000000,5000000,Lunas,Transfer Bank
PAY0006019,21BD0036,2024G,,5000000,0,Belum Lunas,Transfer Bank
PAY0006020,21BD0037,2024G,03/10/2024,5000000,5000000,Lunas,Transfer Bank
PAY0006021,21BD0038,2024G,,5000000,0,Belum Lunas,Transfer Bank
PAY0006022,21BD0039,2024G,2024-09-13,5000000,3400000,Cicilan,E-Wallet
PAY0006023,21BD0040,2024G,,5000000,0,Belum Lunas,Loket Kampus
PAY0006024,21BD0041,2024G,2024-08-28,5000000,5000000,Lunas,Loket Kampus
PAY0006025,21BD0042,2024G,04/10/2024,5000000,5000000,Lunas,E-Wallet
PAY0006026,21BD0043,2024G,2024-09-22,5000000,5000000,Lunas,VA Bank
PAY0006027,21BD0044,2024G,2024-09-07,5000000,5000000,Lunas,VA Bank
PAY0006028,21BD0045,2024G,30-Sep-2024,5000000,5000000,Lunas,Loket Kampus
PAY0006029,21BD0046,2024G,27/09/2024,5000000,5000000,Lunas,VA Bank
PAY0006030,21BD0047,2024G,26-Sep-2024,5000000,5000000,Lunas,Transfer Bank
PAY0006031,21BD0048,2024G,2024-09-28,5000000,5000000,Lunas,Transfer Bank
PAY0006032,21BD0049,2024G,2024-09-02,5000000,5000000,Lunas,VA Bank
PAY0006033,21BD0050,2024G,17-Sep-2024,5000000,5000000,Lunas,E-Wallet
PAY0006034,21BD0051,2024G,2024-09-10,5000000,5000000,Lunas,Transfer Bank
PAY0006035,21BD0052,2024G,29/09/2024,5000000,5000000,Lunas,Transfer Bank
PAY0006036,21BD0053,2024G,2024-08-25,5000000,5000000,Lunas,Loket Kampus
PAY0006037,21BD0054,2024G,24/09/2024,5000000,5000000,Lunas,VA Bank
PAY0006038,21BD0055,2024G,04-Oct-2024,5000000,3600000,Cicilan,VA Bank
PAY0006039,21BD0056,2024G,2024-08-27,5000000,5000000,Lunas,Loket Kampus
PAY0006040,21BD0057,2024G,2024-09-08,5000000,5000000,Lunas,E-Wallet
PAY0006041,21BD0058,2024G,2024-09-03,5000000,3400000,Cicilan,Transfer Bank
PAY0006042,21BD0059,2024G,2024-09-27,5000000,5000000,Lunas,Transfer Bank
PAY0006043,21BD0060,2024G,2024-10-03,5000000,5000000,Lunas,Transfer Bank
PAY0006044,21BD0061,2024G,27/08/2024,5000000,2500000,Cicilan,VA Bank
PAY0006045,21BD0062,2024G,07/09/2024,5000000,5000000,Lunas,Transfer Bank
PAY0006046,21BD0063,2024G,16/09/2024,5000000,5000000,Lunas,VA Bank
PAY0006047,21BD0064,2024G,2024-09-25,5000000,5000000,Lunas,VA Bank
PAY0006048,21BD0065,2024G,05/09/2024,5000000,5000000,Lunas,E-Wallet
PAY0006049,21BD0066,2024G,2024-09-24,5000000,5000000,Lunas,Loket Kampus
PAY0006050,21BD0067,2024G,2024-09-13,5000000,5000000,Lunas,Transfer Bank
PAY0006051,22TI0001,2024G,2024-09-15,5500000,5500000,Lunas,E-Wallet
PAY0006052,22TI0002,2024G,2024-09-11,5500000,5500000,Lunas,Transfer Bank
PAY0006053,22TI0003,2024G,2024-09-25,5500000,5500000,Lunas,Loket Kampus
PAY0006054,22TI0004,2024G,2024-09-02,5500000,5500000,Lunas,Loket Kampus
PAY0006055,22TI0005,2024G,2024-08-26,5500000,3300000,Cicilan,Loket Kampus
PAY0006056,22TI0006,2024G,2024-09-24,5500000,2900000,Cicilan,E-Wallet
PAY0006057,22TI0007,2024G,04/10/2024,5500000,5500000,Lunas,E-Wallet
PAY0006058,22TI0008,2024G,2024-09-23,5500000,5500000,Lunas,Transfer Bank
PAY0006059,22TI0009,2024G,2024-09-12,5500000,5500000,Lunas,E-Wallet
PAY0006060,22TI0010,2024G,2024-09-28,5500000,3200000,Cicilan,VA Bank
PAY0006061,22TI0011,2024G,2024-09-03,5500000,5500000,Lunas,Transfer Bank
PAY0006062,22TI0012,2024G,2024-10-03,5500000,5500000,Lunas,Transfer Bank
PAY0006063,22TI0013,2024G,2024-08-29,5500000,5500000,Lunas,E-Wallet
PAY0006064,22TI0014,2024G,11/09/2024,5500000,2100000,Cicilan,VA Bank
PAY0006065,22TI0015,2024G,2024-09-23,5500000,5500000,Lunas,Transfer Bank
PAY0006066,22TI0016,2024G,2024-09-20,5500000,5500000,Lunas,VA Bank
PAY0006067,22TI0017,2024G,2024-09-28,5500000,5500000,Lunas,E-Wallet
PAY0006068,22TI0018,2024G,2024-09-12,5500000,5500000,Lunas,Loket Kampus
PAY0006069,22TI0019,2024G,2024-09-01,5500000,5500000,Lunas,E-Wallet
PAY0006070,22TI0020,2024G,2024-09-28,5500000,5500000,Lunas,E-Wallet
PAY0006071,22TI0021,2024G,2024-09-05,5500000,5500000,Lunas,E-Wallet
PAY0006072,22TI0022,2024G,01/09/2024,5500000,3500000,Cicilan,VA Bank
PAY0006073,22TI0023,2024G,05-Sep-2024,5500000,5500000,Lunas,E-Wallet
PAY0006074,22TI0024,2024G,2024-08-22,5500000,3700000,Cicilan,Loket Kampus
PAY0006075,22TI0025,2024G,2024-08-25,5500000,5500000,Lunas,Transfer Bank
PAY0006076,22TI0026,2024G,03/10/2024,5500000,5500000,Lunas,E-Wallet
PAY0006077,22TI0027,2024G,2024-09-03,5500000,5500000,Lunas,Transfer Bank
PAY0006078,22TI0028,2024G,12/09/2024,5500000,5500000,Lunas,Loket Kampus
PAY0006079,22TI0029,2024G,28/09/2024,5500000,5500000,Lunas,Transfer Bank
PAY0006080,22TI0030,2024G,2024-08-29,5500000,5500000,Lunas,E-Wallet
PAY0006081,22TI0031,2024G,2024-08-22,5500000,5500000,Lunas,VA Bank
PAY0006082,22TI0032,2024G,2024-08-24,5500000,5500000,Lunas,Loket Kampus
PAY0006083,22TI0033,2024G,2024-09-10,5500000,5500000,Lunas,E-Wallet
PAY0006084,22TI0034,2024G,2024-08-27,5500000,5500000,Lunas,E-Wallet
PAY0006085,22TI0035,2024G,2024-09-27,5500000,5500000,Lunas,E-Wallet
PAY0006086,22TI0036,2024G,2024-09-08,5500000,2200000,Cicilan,Transfer Bank
PAY0006087,22TI0037,2024G,,5500000,0,Belum Lunas,VA Bank
PAY0006088,22TI0038,2024G,2024-08-25,5500000,5500000,Lunas,Transfer Bank
PAY0006089,22TI0039,2024G,2024-09-19,5500000,5500000,Lunas,E-Wallet
PAY0006090,22TI0040,2024G,25/09/2024,5500000,5500000,Lunas,E-Wallet
PAY0006091,22TI0041,2024G,2024-08-20,5500000,5500000,Lunas,VA Bank
PAY0006092,22TI0042,2024G,,5500000,0,Belum Lunas,VA Bank
PAY0006093,22TI0043,2024G,2024-09-13,5500000,5500000,Lunas,VA Bank
PAY0006094,22TI0044,2024G,2024-08-21,5500000,5500000,Lunas,VA Bank
PAY0006095,22TI0045,2024G,2024-08-20,5500000,2100000,Cicilan,Transfer Bank
PAY0006096,22TI0046,2024G,2024-08-30,5500000,5500000,Lunas,Transfer Bank
PAY0006097,22TI0047,2024G,2024-08-30,5500000,3900000,Cicilan,Loket Kampus
PAY0006098,22TI0048,2024G,14/09/2024,5500000,5500000,Lunas,Loket Kampus
PAY0006099,22TI0049,2024G,2024-09-11,5500000,5500000,Lunas,E-Wallet
PAY0006100,22TI0050,2024G,2024-09-09,5500000,5500000,Lunas,Transfer Bank
PAY0006101,22TI0051,2024G,2024-09-25,5500000,5500000,Lunas,Transfer Bank
PAY0006102,22TI0052,2024G,2024-09-08,5500000,5500000,Lunas,Transfer Bank
PAY0006103,22TI0053,2024G,2024-08-25,5500000,5500000,Lunas,Loket Kampus
PAY0006104,22TI0054,2024G,2024-08-29,5500000,5500000,Lunas,VA Bank
PAY0006105,22TI0055,2024G,,5500000,0,Belum Lunas,Transfer Bank
PAY0006106,22TI0056,2024G,2024-09-05,5500000,5500000,Lunas,Loket Kampus
PAY0006107,22TI0057,2024G,2024-09-11,5500000,5500000,Lunas,E-Wallet
PAY0006108,22TI0058,2024G,2024-09-15,5500000,5500000,Lunas,VA Bank
PAY0006109,22TI0059,2024G,06/09/2024,5500000,5500000,Lunas,Loket Kampus
PAY0006110,22TI0060,2024G,2024-09-05,5500000,5500000,Lunas,VA Bank
PAY0006111,22TI0061,2024G,2024-09-12,5500000,5500000,Lunas,Loket Kampus
PAY0006112,22TI0062,2024G,2024-08-20,5500000,5500000,Lunas,Loket Kampus
PAY0006113,22TI0063,2024G,2024-09-11,5500000,1900000,Cicilan,E-Wallet
PAY0006114,22TI0064,2024G,2024-09-14,5500000,5500000,Lunas,Transfer Bank
PAY0006115,22TI0065,2024G,2024-08-26,5500000,5500000,Lunas,VA Bank
PAY0006116,22TI0066,2024G,2024-09-11,5500000,5500000,Lunas,Loket Kampus
PAY0006117,22TI0067,2024G,2024-08-20,5500000,5500000,Lunas,VA Bank
PAY0006118,22TI0068,2024G,2024-09-24,5500000,5500000,Lunas,VA Bank
PAY0006119,22TI0069,2024G,2024-08-23,5500000,5500000,Lunas,Loket Kampus
PAY0006120,22TI0070,2024G,31-Aug-2024,5500000,5500000,Lunas,VA Bank
PAY0006121,22TI0071,2024G,2024-09-10,5500000,5500000,Lunas,Transfer Bank
PAY0006122,22TI0072,2024G,23/09/2024,5500000,5500000,Lunas,Transfer Bank
PAY0006123,22TI0073,2024G,2024-09-10,5500000,2000000,Cicilan,E-Wallet
PAY0006124,22TI0074,2024G,2024-08-22,5500000,5500000,Lunas,Loket Kampus
PAY0006125,22TI0075,2024G,2024-09-11,5500000,5500000,Lunas,VA Bank
PAY0006126,22TI0076,2024G,01-Oct-2024,5500000,5500000,Lunas,VA Bank
PAY0006127,22TI0077,2024G,,5500000,0,Belum Lunas,E-Wallet
PAY0006128,22TI0078,2024G,2024-09-12,5500000,5500000,Lunas,VA Bank
PAY0006129,22TI0079,2024G,29/08/2024,5500000,5500000,Lunas,VA Bank
PAY0006130,22TI0080,2024G,03/09/2024,5500000,2300000,Cicilan,Transfer Bank
PAY0006131,22TI0081,2024G,2024-09-07,5500000,5500000,Lunas,E-Wallet
PAY0006132,22TI0082,2024G,22/09/2024,5500000,5500000,Lunas,Loket Kampus
PAY0006133,22TI0083,2024G,2024-09-14,5500000,5500000,Lunas,E-Wallet
PAY0006134,22TI0084,2024G,2024-09-25,5500000,5500000,Lunas,Transfer Bank
PAY0006135,22TI0085,2024G,2024-09-05,5500000,5500000,Lunas,Transfer Bank
PAY0006136,22TI0086,2024G,24-Sep-2024,5500000,5500000,Lunas,VA Bank
PAY0006137,22TI0087,2024G,2024-09-04,5500000,5500000,Lunas,E-Wallet
PAY0006138,22TI0088,2024G,,5500000,0,Belum Lunas,VA Bank
PAY0006139,22TI0089,2024G,2024-09-25,5500000,5500000,Lunas,Transfer Bank
PAY0006140,22TI0090,2024G,2024-09-24,5500000,5500000,Lunas,Loket Kampus
PAY0006141,22SI0001,2024G,,5250000,0,Belum Lunas,Transfer Bank
PAY0006142,22SI0002,2024G,2024-08-27,5250000,5250000,Lunas,E-Wallet
PAY0006143,22SI0003,2024G,2024-08-26,5250000,5250000,Lunas,Transfer Bank
PAY0006144,22SI0004,2024G,2024-09-11,5250000,5250000,Lunas,E-Wallet
PAY0006145,22SI0005,2024G,2024-10-02,5250000,5250000,Lunas,VA Bank
PAY0006146,22SI0006,2024G,,5250000,0,Belum Lunas,Loket Kampus
PAY0006147,22SI0007,2024G,,5250000,0,Belum Lunas,VA Bank
PAY0006148,22SI0008,2024G,2024-08-24,5250000,5250000,Lunas,Loket Kampus
PAY0006149,22SI0009,2024G,,5250000,0,Belum Lunas,E-Wallet
PAY0006150,22SI0010,2024G,,5250000,0,Belum Lunas,VA Bank
PAY0006151,22SI0011,2024G,13/09/2024,5250000,5250000,Lunas,VA Bank
PAY0006152,22SI0012,2024G,2024-09-08,5250000,5250000,Lunas,Loket Kampus
PAY0006153,22SI0013,2024G,2024-09-08,5250000,5250000,Lunas,Transfer Bank
PAY0006154,22SI0014,2024G,20/08/2024,5250000,5250000,Lunas,VA Bank
PAY0006155,22SI0015,2024G,2024-08-26,5250000,5250000,Lunas,VA Bank
PAY0006156,22SI0016,2024G,2024-09-08,5250000,3200000,Cicilan,E-Wallet
PAY0006157,22SI0017,2024G,2024-09-21,5250000,5250000,Lunas,Loket Kampus
PAY0006158,22SI0018,2024G,2024-09-09,5250000,3500000,Cicilan,Transfer Bank
PAY0006159,22SI0019,2024G,2024-09-20,5250000,5250000,Lunas,E-Wallet
PAY0006160,22SI0020,2024G,25/09/2024,5250000,5250000,Lunas,VA Bank
PAY0006161,22SI0021,2024G,2024-08-31,5250000,5250000,Lunas,Transfer Bank
PAY0006162,22SI0022,2024G,2024-10-01,5250000,5250000,Lunas,Loket Kampus
PAY0006163,22SI0023,2024G,2024-09-28,5250000,5250000,Lunas,Transfer Bank
PAY0006164,22SI0024,2024G,2024-08-25,5250000,3800000,Cicilan,VA Bank
PAY0006165,22SI0025,2024G,2024-10-04,5250000,5250000,Lunas,Loket Kampus
PAY0006166,22SI0026,2024G,2024-10-01,5250000,3200000,Cicilan,Loket Kampus
PAY0006167,22SI0027,2024G,2024-08-25,5250000,3200000,Cicilan,Transfer Bank
PAY0006168,22SI0028,2024G,2024-09-14,5250000,5250000,Lunas,Loket Kampus
PAY0006169,22SI0029,2024G,2024-09-29,5250000,5250000,Lunas,Loket Kampus
PAY0006170,22SI0030,2024G,02-Sep-2024,5250000,5250000,Lunas,E-Wallet
PAY0006171,22SI0031,2024G,02/09/2024,5250000,5250000,Lunas,E-Wallet
PAY0006172,22SI0032,2024G,2024-08-31,5250000,5250000,Lunas,VA Bank
PAY0006173,22SI0033,2024G,2024-09-11,5250000,5250000,Lunas,Loket Kampus
PAY0006174,22SI0034,2024G,02/09/2024,5250000,3400000,Cicilan,Transfer Bank
PAY0006175,22SI0035,2024G,01-Oct-2024,5250000,5250000,Lunas,Transfer Bank
PAY0006176,22SI0036,2024G,2024-09-02,5250000,5250000,Lunas,Loket Kampus
PAY0006177,22SI0037,2024G,28-Sep-2024,5250000,5250000,Lunas,Loket Kampus
PAY0006178,22SI0038,2024G,2024-09-22,5250000,5250000,Lunas,Transfer Bank
PAY0006179,22SI0039,2024G,2024-08-24,5250000,5250000,Lunas,Loket Kampus
PAY0006180,22SI0040,2024G,2024-08-31,5250000,3000000,Cicilan,VA Bank
PAY0006181,22SI0041,2024G,2024-09-12,5250000,5250000,Lunas,Loket Kampus
PAY0006182,22SI0042,2024G,2024-08-21,5250000,5250000,Lunas,Transfer Bank
PAY0006183,22SI0043,2024G,2024-08-29,5250000,5250000,Lunas,Transfer Bank
PAY0006184,22SI0044,2024G,2024-10-03,5250000,5250000,Lunas,Loket Kampus
PAY0006185,22SI0045,2024G,2024-09-12,5250000,5250000,Lunas,VA Bank
PAY0006186,22SI0046,2024G,2024-08-22,5250000,5250000,Lunas,E-Wallet
PAY0006187,22SI0047,2024G,2024-08-30,5250000,2800000,Cicilan,Transfer Bank
PAY0006188,22SI0048,2024G,2024-08-22,5250000,3400000,Cicilan,VA Bank
PAY0006189,22SI0049,2024G,2024-08-25,5250000,5250000,Lunas,Transfer Bank
PAY0006190,22SI0050,2024G,2024-09-11,5250000,5250000,Lunas,Transfer Bank
PAY0006191,22SI0051,2024G,,5250000,0,Belum Lunas,Loket Kampus
PAY0006192,22SI0052,2024G,03/09/2024,5250000,5250000,Lunas,E-Wallet
PAY0006193,22SI0053,2024G,,5250000,5250000,Lunas,Transfer Bank
PAY0006194,22SI0054,2024G,12-Sep-2024,5250000,5250000,Lunas,E-Wallet
PAY0006195,22SI0055,2024G,2024-09-13,5250000,5250000,Lunas,Loket Kampus
PAY0006196,22SI0056,2024G,2024-09-26,5250000,5250000,Lunas,E-Wallet
PAY0006197,22SI0057,2024G,2024-08-21,5250000,5250000,Lunas,E-Wallet
PAY0006198,22SI0058,2024G,2024-09-24,5250000,2800000,Cicilan,E-Wallet
PAY0006199,22SI0059,2024G,2024-08-20,5250000,5250000,Lunas,E-Wallet
PAY0006200,22SI0060,2024G,2024-09-03,5250000,5250000,Lunas,Loket Kampus
PAY0006201,22SI0061,2024G,2024-09-08,5250000,5250000,Lunas,VA Bank
PAY0006202,22SI0062,2024G,2024-09-05,5250000,5250000,Lunas,E-Wallet
PAY0006203,22SI0063,2024G,2024-09-11,5250000,5250000,Lunas,Loket Kampus
PAY0006204,22SI0064,2024G,2024-09-28,5250000,5250000,Lunas,Loket Kampus
PAY0006205,22SI0065,2024G,21/09/2024,5250000,2800000,Cicilan,Transfer Bank
PAY0006206,22SI0066,2024G,2024-09-26,5250000,5250000,Lunas,E-Wallet
PAY0006207,22SI0067,2024G,2024-09-08,5250000,5250000,Lunas,Loket Kampus
PAY0006208,22SI0068,2024G,2024-09-12,5250000,5250000,Lunas,E-Wallet
PAY0006209,22SI0069,2024G,,5250000,0,Belum Lunas,Transfer Bank
PAY0006210,22SI0070,2024G,2024-09-26,5250000,2700000,Cicilan,Loket Kampus
PAY0006211,22SI0071,2024G,2024-09-11,5250000,5250000,Lunas,Loket Kampus
PAY0006212,22SI0072,2024G,2024-09-24,5250000,5250000,Lunas,Loket Kampus
PAY0006213,22SI0073,2024G,2024-09-24,5250000,5250000,Lunas,Loket Kampus
PAY0006214,22SI0074,2024G,2024-09-03,5250000,5250000,Lunas,E-Wallet
PAY0006215,22SI0075,2024G,2024-10-01,5250000,5250000,Lunas,Transfer Bank
PAY0006216,22SI0076,2024G,2024-09-07,5250000,5250000,Lunas,VA Bank
PAY0006217,22SI0077,2024G,2024-08-21,5250000,5250000,Lunas,VA Bank
PAY0006218,22SI0078,2024G,2024-08-29,5250000,5250000,Lunas,Loket Kampus
PAY0006219,22SI0079,2024G,2024-09-12,5250000,5250000,Lunas,Loket Kampus
PAY0006220,22SI0080,2024G,26-Sep-2024,5250000,5250000,Lunas,E-Wallet
PAY0006221,22SI0081,2024G,2024-08-31,5250000,5250000,Lunas,Loket Kampus
PAY0006222,22SI0082,2024G,2024-09-30,5250000,5250000,Lunas,Transfer Bank
PAY0006223,22SI0083,2024G,,5250000,0,Belum Lunas,Loket Kampus
PAY0006224,22SI0084,2024G,2024-09-30,5250000,2900000,Cicilan,VA Bank
PAY0006225,22SI0085,2024G,,5250000,0,Belum Lunas,VA Bank
PAY0006226,22IF0001,2024G,01-Oct-2024,5750000,5750000,Lunas,E-Wallet
PAY0006227,22IF0002,2024G,2024-09-23,5750000,5750000,Lunas,E-Wallet
PAY0006228,22IF0003,2024G,2024-08-27,5750000,5750000,Lunas,VA Bank
PAY0006229,22IF0004,2024G,26/09/2024,5750000,5750000,Lunas,Transfer Bank
PAY0006230,22IF0005,2024G,28/09/2024,5750000,5750000,Lunas,Loket Kampus
PAY0006231,22IF0006,2024G,,5750000,0,Belum Lunas,VA Bank
PAY0006232,22IF0007,2024G,2024-08-29,5750000,2000000,Cicilan,VA Bank
PAY0006233,22IF0008,2024G,2024-08-24,5750000,5750000,Lunas,E-Wallet
PAY0006234,22IF0009,2024G,,5750000,0,Belum Lunas,VA Bank
PAY0006235,22IF0010,2024G,29/09/2024,5750000,5750000,Lunas,VA Bank
PAY0006236,22IF0011,2024G,2024-08-23,5750000,5750000,Lunas,Loket Kampus
PAY0006237,22IF0012,2024G,2024-09-24,5750000,5750000,Lunas,Loket Kampus
PAY0006238,22IF0013,2024G,2024-10-04,5750000,5750000,Lunas,Transfer Bank
PAY0006239,22IF0014,2024G,2024-09-13,5750000,5750000,Lunas,Transfer Bank
PAY0006240,22IF0015,2024G,2024-09-11,5750000,5750000,Lunas,Transfer Bank
PAY0006241,22IF0016,2024G,2024-08-29,5750000,5750000,Lunas,Transfer Bank
PAY0006242,22IF0017,2024G,25-Aug-2024,5750000,5750000,Lunas,E-Wallet
PAY0006243,22IF0018,2024G,13/09/2024,5750000,5750000,Lunas,E-Wallet
PAY0006244,22IF0019,2024G,24-Sep-2024,5750000,5750000,Lunas,Transfer Bank
PAY0006245,22IF0020,2024G,2024-09-17,5750000,2400000,Cicilan,Loket Kampus
PAY0006246,22IF0021,2024G,2024-09-04,5750000,5750000,Lunas,E-Wallet
PAY0006247,22IF0022,2024G,2024-08-21,5750000,5750000,Lunas,Transfer Bank
PAY0006248,22IF0023,2024G,2024-09-26,5750000,5750000,Lunas,VA Bank
PAY0006249,22IF0024,2024G,2024-09-16,5750000,5750000,Lunas,Transfer Bank
PAY0006250,22IF0025,2024G,2024-08-29,5750000,5750000,Lunas,E-Wallet
PAY0006251,22IF0026,2024G,2024-09-15,5750000,5750000,Lunas,E-Wallet
PAY0006252,22IF0027,2024G,27/09/2024,5750000,5750000,Lunas,E-Wallet
PAY0006253,22IF0028,2024G,2024-08-24,5750000,5750000,Lunas,E-Wallet
PAY0006254,22IF0029,2024G,2024-09-15,5750000,5750000,Lunas,Loket Kampus
PAY0006255,22IF0030,2024G,2024-08-22,5750000,5750000,Lunas,E-Wallet
PAY0006256,22IF0031,2024G,2024-09-29,5750000,3000000,Cicilan,Transfer Bank
PAY0006257,22IF0032,2024G,2024-09-15,5750000,5750000,Lunas,Transfer Bank
PAY0006258,22IF0033,2024G,2024-09-18,5750000,5750000,Lunas,Loket Kampus
PAY0006259,22IF0034,2024G,25/08/2024,5750000,2600000,Cicilan,E-Wallet
PAY0006260,22IF0035,2024G,2024-08-28,5750000,5750000,Lunas,Transfer Bank
PAY0006261,22IF0036,2024G,22/09/2024,5750000,5750000,Lunas,VA Bank
PAY0006262,22IF0037,2024G,2024-09-07,5750000,5750000,Lunas,E-Wallet
PAY0006263,22IF0038,2024G,11/09/2024,5750000,5750000,Lunas,VA Bank
PAY0006264,22IF0039,2024G,2024-09-08,5750000,5750000,Lunas,Transfer Bank
PAY0006265,22IF0040,2024G,2024-09-17,5750000,5750000,Lunas,Transfer Bank
PAY0006266,22IF0041,2024G,02/09/2024,5750000,5750000,Lunas,VA Bank
PAY0006267,22IF0042,2024G,2024-09-29,5750000,5750000,Lunas,E-Wallet
PAY0006268,22IF0043,2024G,2024-08-22,5750000,5750000,Lunas,Loket Kampus
PAY0006269,22IF0044,2024G,07/09/2024,5750000,5750000,Lunas,E-Wallet
PAY0006270,22IF0045,2024G,24-Aug-2024,5750000,5750000,Lunas,VA Bank
PAY0006271,22IF0046,2024G,2024-08-28,5750000,5750000,Lunas,E-Wallet
PAY0006272,22IF0047,2024G,24-Aug-2024,5750000,2600000,Cicilan,E-Wallet
PAY0006273,22IF0048,2024G,2024-09-19,5750000,5750000,Lunas,VA Bank
PAY0006274,22IF0049,2024G,2024-09-13,5750000,5750000,Lunas,Transfer Bank
PAY0006275,22IF0050,2024G,2024-09-23,5750000,2400000,Cicilan,VA Bank
PAY0006276,22IF0051,2024G,2024-08-31,5750000,5750000,Lunas,Loket Kampus
PAY0006277,22IF0052,2024G,2024-09-19,5750000,5750000,Lunas,VA Bank
PAY0006278,22IF0053,2024G,2024-09-17,5750000,5750000,Lunas,Loket Kampus
PAY0006279,22IF0054,2024G,2024-08-24,5750000,5750000,Lunas,Loket Kampus
PAY0006280,22IF0055,2024G,2024-08-26,5750000,3500000,Cicilan,Transfer Bank
PAY0006281,22IF0056,2024G,14/09/2024,5750000,5750000,Lunas,Transfer Bank
PAY0006282,22IF0057,2024G,2024-09-13,5750000,5750000,Lunas,Loket Kampus
PAY0006283,22IF0058,2024G,2024-09-26,5750000,5750000,Lunas,VA Bank
PAY0006284,22IF0059,2024G,2024-10-02,5750000,5750000,Lunas,E-Wallet
PAY0006285,22IF0060,2024G,2024-09-21,5750000,5750000,Lunas,E-Wallet
PAY0006286,22IF0061,2024G,,5750000,0,Belum Lunas,E-Wallet
PAY0006287,22IF0062,2024G,17-Sep-2024,5750000,5750000,Lunas,Transfer Bank
PAY0006288,22IF0063,2024G,2024-09-13,5750000,5750000,Lunas,Loket Kampus
PAY0006289,22IF0064,2024G,2024-08-26,5750000,5750000,Lunas,E-Wallet
PAY0006290,22IF0065,2024G,2024-10-03,5750000,2100000,Cicilan,Loket Kampus
PAY0006291,22IF0066,2024G,24/09/2024,5750000,5750000,Lunas,E-Wallet
PAY0006292,22IF0067,2024G,07-Sep-2024,5750000,5750000,Lunas,VA Bank
PAY0006293,22IF0068,2024G,2024-08-29,5750000,5750000,Lunas,E-Wallet
PAY0006294,22IF0069,2024G,2024-09-30,5750000,5750000,Lunas,E-Wallet
PAY0006295,22IF0070,2024G,2024-09-28,5750000,3600000,Cicilan,Loket Kampus
PAY0006296,22IF0071,2024G,2024-09-17,5750000,5750000,Lunas,Transfer Bank
PAY0006297,22IF0072,2024G,2024-09-02,5750000,5750000,Lunas,Loket Kampus
PAY0006298,22IF0073,2024G,24/08/2024,5750000,5750000,Lunas,E-Wallet
PAY0006299,22IF0074,2024G,2024-08-25,5750000,5750000,Lunas,Transfer Bank
PAY0006300,22IF0075,2024G,2024-09-08,5750000,5750000,Lunas,Transfer Bank
PAY0006301,22IF0076,2024G,17/09/2024,5750000,5750000,Lunas,VA Bank
PAY0006302,22IF0077,2024G,2024-08-24,5750000,5750000,Lunas,Loket Kampus
PAY0006303,22IF0078,2024G,2024-09-18,5750000,5750000,Lunas,Loket Kampus
PAY0006304,22IF0079,2024G,2024-08-31,5750000,5750000,Lunas,E-Wallet
PAY0006305,22IF0080,2024G,2024-08-30,5750000,5750000,Lunas,VA Bank
PAY0006306,22IF0081,2024G,2024-09-03,5750000,5750000,Lunas,Transfer Bank
PAY0006307,22IF0082,2024G,24-Sep-2024,5750000,5750000,Lunas,Loket Kampus
PAY0006308,22IF0083,2024G,2024-09-28,5750000,5750000,Lunas,E-Wallet
PAY0006309,22IF0084,2024G,2024-09-28,5750000,5750000,Lunas,Loket Kampus
PAY0006310,22IF0085,2024G,2024-08-21,5750000,5750000,Lunas,VA Bank
PAY0006311,22IF0086,2024G,2024-09-17,5750000,3000000,Cicilan,E-Wallet
PAY0006312,22IF0087,2024G,21-Aug-2024,5750000,5750000,Lunas,VA Bank
PAY0006313,22IF0088,2024G,,5750000,0,Belum Lunas,Loket Kampus
PAY0006314,22IF0089,2024G,,5750000,0,Belum Lunas,Loket Kampus
PAY0006315,22IF0090,2024G,28/09/2024,5750000,5750000,Lunas,E-Wallet
PAY0006316,22DS0001,2024G,2024-09-23,6000000,2400000,Cicilan,Loket Kampus
PAY0006317,22DS0002,2024G,2024-09-08,6000000,6000000,Lunas,Transfer Bank
PAY0006318,22DS0003,2024G,27/08/2024,6000000,6000000,Lunas,E-Wallet
PAY0006319,22DS0004,2024G,2024-09-13,6000000,6000000,Lunas,E-Wallet
PAY0006320,22DS0005,2024G,2024-08-25,6000000,6000000,Lunas,E-Wallet
PAY0006321,22DS0006,2024G,19-Sep-2024,6000000,6000000,Lunas,VA Bank
PAY0006322,22DS0007,2024G,2024-08-24,6000000,3800000,Cicilan,Transfer Bank
PAY0006323,22DS0008,2024G,2024-08-29,6000000,6000000,Lunas,VA Bank
PAY0006324,22DS0009,2024G,2024-09-06,6000000,6000000,Lunas,VA Bank
PAY0006325,22DS0010,2024G,2024-09-29,6000000,6000000,Lunas,Loket Kampus
PAY0006326,22DS0011,2024G,23/08/2024,6000000,6000000,Lunas,Transfer Bank
PAY0006327,22DS0012,2024G,2024-09-01,6000000,6000000,Lunas,E-Wallet
PAY0006328,22DS0013,2024G,2024-08-23,6000000,3400000,Cicilan,Transfer Bank
PAY0006329,22DS0014,2024G,28/08/2024,6000000,6000000,Lunas,E-Wallet
PAY0006330,22DS0015,2024G,15/09/2024,6000000,6000000,Lunas,Transfer Bank
PAY0006331,22DS0016,2024G,2024-08-22,6000000,6000000,Lunas,Transfer Bank
PAY0006332,22DS0017,2024G,2024-10-04,6000000,6000000,Lunas,Loket Kampus
PAY0006333,22DS0018,2024G,27/08/2024,6000000,6000000,Lunas,Transfer Bank
PAY0006334,22DS0019,2024G,11-Sep-2024,6000000,6000000,Lunas,Loket Kampus
PAY0006335,22DS0020,2024G,2024-09-10,6000000,6000000,Lunas,E-Wallet
PAY0006336,22DS0021,2024G,28/09/2024,6000000,6000000,Lunas,E-Wallet
PAY0006337,22DS0022,2024G,,6000000,0,Belum Lunas,Loket Kampus
PAY0006338,22DS0023,2024G,07/09/2024,6000000,6000000,Lunas,Transfer Bank
PAY0006339,22DS0024,2024G,10/09/2024,6000000,6000000,Lunas,VA Bank
PAY0006340,22DS0025,2024G,2024-09-29,6000000,6000000,Lunas,VA Bank
PAY0006341,22DS0026,2024G,2024-09-11,6000000,6000000,Lunas,Loket Kampus
PAY0006342,22DS0027,2024G,29/08/2024,6000000,6000000,Lunas,E-Wallet
PAY0006343,22DS0028,2024G,18-Sep-2024,6000000,6000000,Lunas,Transfer Bank
PAY0006344,22DS0029,2024G,2024-09-13,6000000,6000000,Lunas,E-Wallet
PAY0006345,22DS0030,2024G,2024-09-12,6000000,6000000,Lunas,Loket Kampus
PAY0006346,22DS0031,2024G,2024-08-22,6000000,6000000,Lunas,Transfer Bank
PAY0006347,22DS0032,2024G,2024-09-03,6000000,6000000,Lunas,VA Bank
PAY0006348,22DS0033,2024G,2024-09-07,6000000,6000000,Lunas,Loket Kampus
PAY0006349,22DS0034,2024G,2024-09-16,6000000,6000000,Lunas,E-Wallet
PAY0006350,22DS0035,2024G,2024-09-05,6000000,3000000,Cicilan,E-Wallet
PAY0006351,22DS0036,2024G,2024-09-28,6000000,6000000,Lunas,Loket Kampus
PAY0006352,22DS0037,2024G,23/09/2024,6000000,6000000,Lunas,VA Bank
PAY0006353,22DS0038,2024G,2024-09-09,6000000,6000000,Lunas,Transfer Bank
PAY0006354,22DS0039,2024G,14/09/2024,6000000,3000000,Cicilan,Transfer Bank
PAY0006355,22DS0040,2024G,2024-08-30,6000000,6000000,Lunas,Loket Kampus
PAY0006356,22DS0041,2024G,06/09/2024,6000000,6000000,Lunas,VA Bank
PAY0006357,22DS0042,2024G,2024-09-03,6000000,6000000,Lunas,Transfer Bank
PAY0006358,22DS0043,2024G,2024-09-02,6000000,6000000,Lunas,Transfer Bank
PAY0006359,22DS0044,2024G,2024-09-08,6000000,6000000,Lunas,E-Wallet
PAY0006360,22DS0045,2024G,2024-10-01,6000000,6000000,Lunas,Loket Kampus
PAY0006361,22DS0046,2024G,2024-09-07,6000000,6000000,Lunas,Transfer Bank
PAY0006362,22DS0047,2024G,2024-08-26,6000000,6000000,Lunas,Loket Kampus
PAY0006363,22DS0048,2024G,2024-10-04,6000000,6000000,Lunas,Transfer Bank
PAY0006364,22DS0049,2024G,2024-10-01,6000000,6000000,Lunas,VA Bank
PAY0006365,22DS0050,2024G,2024-09-02,6000000,2400000,Cicilan,Loket Kampus
PAY0006366,22DS0051,2024G,24/09/2024,6000000,6000000,Lunas,Loket Kampus
PAY0006367,22DS0052,2024G,29/09/2024,6000000,6000000,Lunas,E-Wallet
PAY0006368,22DS0053,2024G,13/09/2024,6000000,6000000,Lunas,Transfer Bank
PAY0006369,22DS0054,2024G,2024-08-30,6000000,6000000,Lunas,Transfer Bank
PAY0006370,22DS0055,2024G,2024-09-11,6000000,6000000,Lunas,E-Wallet
PAY0006371,22DS0056,2024G,21-Aug-2024,6000000,6000000,Lunas,Loket Kampus
PAY0006372,22DS0057,2024G,2024-09-22,6000000,6000000,Lunas,VA Bank
PAY0006373,22DS0058,2024G,2024-09-17,6000000,6000000,Lunas,Transfer Bank
PAY0006374,22DS0059,2024G,,6000000,0,Belum Lunas,Transfer Bank
PAY0006375,22DS0060,2024G,2024-09-27,6000000,6000000,Lunas,Transfer Bank
PAY0006376,22DS0061,2024G,,6000000,0,Belum Lunas,Loket Kampus
PAY0006377,22DS0062,2024G,2024-09-11,6000000,6000000,Lunas,Transfer Bank
PAY0006378,22DS0063,2024G,,6000000,0,Belum Lunas,VA Bank
PAY0006379,22DS0064,2024G,2024-09-06,6000000,6000000,Lunas,Loket Kampus
PAY0006380,22DS0065,2024G,2024-09-11,6000000,6000000,Lunas,VA Bank
PAY0006381,22DS0066,2024G,22/09/2024,6000000,4300000,Cicilan,Transfer Bank
PAY0006382,22DS0067,2024G,2024-09-29,6000000,6000000,Lunas,E-Wallet
PAY0006383,22DS0068,2024G,18-Sep-2024,6000000,6000000,Lunas,VA Bank
PAY0006384,22DS0069,2024G,17/09/2024,6000000,6000000,Lunas,E-Wallet
PAY0006385,22DS0070,2024G,20-Sep-2024,6000000,6000000,Lunas,Transfer Bank
PAY0006386,22DS0071,2024G,2024-08-20,6000000,2900000,Cicilan,VA Bank
PAY0006387,22TR0001,2024G,2024-09-13,5700000,5700000,Lunas,Loket Kampus
PAY0006388,22TR0002,2024G,23/09/2024,5700000,5700000,Lunas,Transfer Bank
PAY0006389,22TR0003,2024G,2024-09-09,5700000,5700000,Lunas,VA Bank
PAY0006390,22TR0004,2024G,2024-09-07,5700000,5700000,Lunas,E-Wallet
PAY0006391,22TR0005,2024G,2024-09-08,5700000,5700000,Lunas,VA Bank
PAY0006392,22TR0006,2024G,2024-09-11,5700000,5700000,Lunas,VA Bank
PAY0006393,22TR0007,2024G,2024-09-28,5700000,5700000,Lunas,E-Wallet
PAY0006394,22TR0008,2024G,2024-09-13,5700000,4200000,Cicilan,E-Wallet
PAY0006395,22TR0009,2024G,,5700000,0,Belum Lunas,VA Bank
PAY0006396,22TR0010,2024G,2024-09-05,5700000,5700000,Lunas,Loket Kampus
PAY0006397,22TR0011,2024G,2024-09-10,5700000,5700000,Lunas,Loket Kampus
PAY0006398,22TR0012,2024G,2024-09-18,5700000,5700000,Lunas,E-Wallet
PAY0006399,22TR0013,2024G,04/09/2024,5700000,3100000,Cicilan,Transfer Bank
PAY0006400,22TR0014,2024G,2024-08-22,5700000,5700000,Lunas,E-Wallet
PAY0006401,22TR0015,2024G,29/09/2024,5700000,5700000,Lunas,Loket Kampus
PAY0006402,22TR0016,2024G,2024-09-27,5700000,2800000,Cicilan,E-Wallet
PAY0006403,22TR0017,2024G,2024-09-14,5700000,5700000,Lunas,Loket Kampus
PAY0006404,22TR0018,2024G,2024-09-01,5700000,5700000,Lunas,Loket Kampus
PAY0006405,22TR0019,2024G,2024-09-20,5700000,5700000,Lunas,VA Bank
PAY0006406,22TR0020,2024G,2024-09-18,5700000,5700000,Lunas,VA Bank
PAY0006407,22TR0021,2024G,2024-09-04,5700000,5700000,Lunas,Transfer Bank
PAY0006408,22TR0022,2024G,2024-09-10,5700000,5700000,Lunas,VA Bank
PAY0006409,22TR0023,2024G,25/09/2024,5700000,5700000,Lunas,E-Wallet
PAY0006410,22TR0024,2024G,,5700000,0,Belum Lunas,Transfer Bank
PAY0006411,22TR0025,2024G,2024-09-02,5700000,5700000,Lunas,VA Bank
PAY0006412,22TR0026,2024G,2024-09-07,5700000,4000000,Cicilan,VA Bank
PAY0006413,22TR0027,2024G,2024-08-29,5700000,5700000,Lunas,Loket Kampus
PAY0006414,22TR0028,2024G,,5700000,0,Belum Lunas,Loket Kampus
PAY0006415,22TR0029,2024G,2024-08-24,5700000,3300000,Cicilan,E-Wallet
PAY0006416,22TR0030,2024G,2024-09-17,5700000,5700000,Lunas,E-Wallet
PAY0006417,22TR0031,2024G,27/08/2024,5700000,5700000,Lunas,E-Wallet
PAY0006418,22TR0032,2024G,2024-08-29,5700000,5700000,Lunas,Loket Kampus
PAY0006419,22TR0033,2024G,2024-09-25,5700000,5700000,Lunas,E-Wallet
PAY0006420,22TR0034,2024G,2024-08-20,5700000,5700000,Lunas,Loket Kampus
PAY0006421,22TR0035,2024G,2024-08-31,5700000,5700000,Lunas,Loket Kampus
PAY0006422,22TR0036,2024G,07/09/2024,5700000,4200000,Cicilan,Loket Kampus
PAY0006423,22TR0037,2024G,2024-08-31,5700000,2400000,Cicilan,VA Bank
PAY0006424,22TR0038,2024G,11/09/2024,5700000,5700000,Lunas,Transfer Bank
PAY0006425,22TR0039,2024G,2024-08-20,5700000,5700000,Lunas,Loket Kampus
PAY0006426,22TR0040,2024G,2024-09-24,5700000,5700000,Lunas,E-Wallet
PAY0006427,22TR0041,2024G,2024-08-29,5700000,5700000,Lunas,Loket Kampus
PAY0006428,22TR0042,2024G,,5700000,0,Belum Lunas,Transfer Bank
PAY0006429,22TR0043,2024G,2024-08-29,5700000,5700000,Lunas,Transfer Bank
PAY0006430,22TR0044,2024G,2024-08-27,5700000,5700000,Lunas,VA Bank
PAY0006431,22TR0045,2024G,18-Sep-2024,5700000,5700000,Lunas,Transfer Bank
PAY0006432,22TR0046,2024G,2024-09-12,5700000,5700000,Lunas,E-Wallet
PAY0006433,22TR0047,2024G,08-Sep-2024,5700000,5700000,Lunas,VA Bank
PAY0006434,22TR0048,2024G,2024-09-28,5700000,5700000,Lunas,VA Bank
PAY0006435,22TR0049,2024G,2024-08-29,5700000,5700000,Lunas,Transfer Bank
PAY0006436,22TR0050,2024G,,5700000,0,Belum Lunas,Loket Kampus
PAY0006437,22TR0051,2024G,2024-09-18,5700000,5700000,Lunas,E-Wallet
PAY0006438,22TR0052,2024G,2024-08-21,5700000,5700000,Lunas,Loket Kampus
PAY0006439,22TR0053,2024G,2024-09-18,5700000,5700000,Lunas,VA Bank
PAY0006440,22TR0054,2024G,2024-09-26,5700000,5700000,Lunas,Transfer Bank
PAY0006441,22TR0055,2024G,2024-09-20,5700000,5700000,Lunas,Transfer Bank
PAY0006442,22TR0056,2024G,2024-08-27,5700000,5700000,Lunas,E-Wallet
PAY0006443,22TR0057,2024G,02/09/2024,5700000,5700000,Lunas,E-Wallet
PAY0006444,22TR0058,2024G,2024-09-26,5700000,5700000,Lunas,E-Wallet
PAY0006445,22TR0059,2024G,2024-09-28,5700000,5700000,Lunas,Loket Kampus
PAY0006446,22TR0060,2024G,2024-10-02,5700000,5700000,Lunas,E-Wallet
PAY0006447,22TR0061,2024G,16/09/2024,5700000,5700000,Lunas,E-Wallet
PAY0006448,22TR0062,2024G,2024-09-21,5700000,5700000,Lunas,E-Wallet
PAY0006449,22TR0063,2024G,2024-09-29,5700000,5700000,Lunas,E-Wallet
PAY0006450,22TR0064,2024G,,5700000,0,Belum Lunas,Loket Kampus
PAY0006451,22TR0065,2024G,2024-08-26,5700000,2900000,Cicilan,VA Bank
PAY0006452,22TR0066,2024G,2024-10-01,5700000,3200000,Cicilan,E-Wallet
PAY0006453,22TR0067,2024G,2024-09-30,5700000,5700000,Lunas,E-Wallet
PAY0006454,22TR0068,2024G,2024-09-07,5700000,5700000,Lunas,Loket Kampus
PAY0006455,22BD0001,2024G,2024-09-30,5000000,5000000,Lunas,VA Bank
PAY0006456,22BD0002,2024G,,5000000,0,Belum Lunas,Transfer Bank
PAY0006457,22BD0003,2024G,2024-08-24,5000000,5000000,Lunas,E-Wallet
PAY0006458,22BD0004,2024G,,5000000,0,Belum Lunas,VA Bank
PAY0006459,22BD0005,2024G,2024-09-23,5000000,5000000,Lunas,Loket Kampus
PAY0006460,22BD0006,2024G,2024-09-08,5000000,5000000,Lunas,E-Wallet
PAY0006461,22BD0007,2024G,,5000000,0,Belum Lunas,Transfer Bank
PAY0006462,22BD0008,2024G,2024-09-23,5000000,3700000,Cicilan,Transfer Bank
PAY0006463,22BD0009,2024G,2024-09-25,5000000,5000000,Lunas,Transfer Bank
PAY0006464,22BD0010,2024G,2024-09-03,5000000,2800000,Cicilan,VA Bank
PAY0006465,22BD0011,2024G,2024-08-26,5000000,2500000,Cicilan,Loket Kampus
PAY0006466,22BD0012,2024G,03-Oct-2024,5000000,5000000,Lunas,Loket Kampus
PAY0006467,22BD0013,2024G,08/09/2024,5000000,5000000,Lunas,E-Wallet
PAY0006468,22BD0014,2024G,2024-08-21,5000000,2700000,Cicilan,VA Bank
PAY0006469,22BD0015,2024G,2024-09-13,5000000,5000000,Lunas,VA Bank
PAY0006470,22BD0016,2024G,2024-09-02,5000000,5000000,Lunas,VA Bank
PAY0006471,22BD0017,2024G,04/10/2024,5000000,5000000,Lunas,E-Wallet
PAY0006472,22BD0018,2024G,2024-09-16,5000000,5000000,Lunas,VA Bank
PAY0006473,22BD0019,2024G,20/09/2024,5000000,5000000,Lunas,VA Bank
PAY0006474,22BD0020,2024G,2024-08-30,5000000,5000000,Lunas,VA Bank
PAY0006475,22BD0021,2024G,2024-09-29,5000000,5000000,Lunas,Transfer Bank
PAY0006476,22BD0022,2024G,2024-09-26,5000000,5000000,Lunas,E-Wallet
PAY0006477,22BD0023,2024G,2024-09-03,5000000,2200000,Cicilan,Transfer Bank
PAY0006478,22BD0024,2024G,2024-09-09,5000000,5000000,Lunas,Loket Kampus
PAY0006479,22BD0025,2024G,2024-09-07,5000000,3300000,Cicilan,VA Bank
PAY0006480,22BD0026,2024G,2024-09-25,5000000,5000000,Lunas,Loket Kampus
PAY0006481,22BD0027,2024G,2024-09-17,5000000,3700000,Cicilan,VA Bank
PAY0006482,22BD0028,2024G,2024-09-01,5000000,5000000,Lunas,E-Wallet
PAY0006483,22BD0029,2024G,12/09/2024,5000000,5000000,Lunas,E-Wallet
PAY0006484,22BD0030,2024G,2024-08-31,5000000,5000000,Lunas,Loket Kampus
PAY0006485,22BD0031,2024G,2024-09-12,5000000,5000000,Lunas,Transfer Bank
PAY0006486,22BD0032,2024G,2024-09-19,5000000,3000000,Cicilan,Transfer Bank
PAY0006487,22BD0033,2024G,2024-09-22,5000000,5000000,Lunas,Loket Kampus
PAY0006488,22BD0034,2024G,2024-09-26,5000000,3600000,Cicilan,E-Wallet
PAY0006489,22BD0035,2024G,26-Aug-2024,5000000,5000000,Lunas,Loket Kampus
PAY0006490,22BD0036,2024G,08/09/2024,5000000,5000000,Lunas,E-Wallet
PAY0006491,22BD0037,2024G,2024-10-03,5000000,5000000,Lunas,VA Bank
PAY0006492,22BD0038,2024G,2024-09-15,5000000,5000000,Lunas,E-Wallet
PAY0006493,22BD0039,2024G,2024-09-12,5000000,2200000,Cicilan,E-Wallet
PAY0006494,22BD0040,2024G,2024-08-21,5000000,5000000,Lunas,Transfer Bank
PAY0006495,22BD0041,2024G,2024-08-26,5000000,5000000,Lunas,E-Wallet
PAY0006496,22BD0042,2024G,2024-09-28,5000000,5000000,Lunas,VA Bank
PAY0006497,22BD0043,2024G,2024-09-18,5000000,5000000,Lunas,Loket Kampus
PAY0006498,22BD0044,2024G,24-Sep-2024,5000000,5000000,Lunas,Transfer Bank
PAY0006499,22BD0045,2024G,2024-09-14,5000000,5000000,Lunas,Transfer Bank
PAY0006500,22BD0046,2024G,2024-09-27,5000000,5000000,Lunas,E-Wallet
PAY0006501,22BD0047,2024G,21-Aug-2024,5000000,5000000,Lunas,Transfer Bank
PAY0006502,22BD0048,2024G,02/10/2024,5000000,5000000,Lunas,Loket Kampus
PAY0006503,22BD0049,2024G,2024-09-22,5000000,5000000,Lunas,Transfer Bank
PAY0006504,22BD0050,2024G,2024-08-23,5000000,5000000,Lunas,VA Bank
PAY0006505,22BD0051,2024G,05/09/2024,5000000,5000000,Lunas,Loket Kampus
PAY0006506,22BD0052,2024G,28-Aug-2024,5000000,2700000,Cicilan,Transfer Bank
PAY0006507,22BD0053,2024G,2024-09-25,5000000,2500000,Cicilan,Transfer Bank
PAY0006508,22BD0054,2024G,2024-09-05,5000000,5000000,Lunas,E-Wallet
PAY0006509,22BD0055,2024G,2024-09-23,5000000,5000000,Lunas,Transfer Bank
PAY0006510,22BD0056,2024G,2024-08-28,5000000,5000000,Lunas,Transfer Bank
PAY0006511,22BD0057,2024G,2024-09-09,5000000,5000000,Lunas,VA Bank
PAY0006512,22BD0058,2024G,26/08/2024,5000000,5000000,Lunas,E-Wallet
PAY0006513,22BD0059,2024G,2024-09-05,5000000,5000000,Lunas,Loket Kampus
PAY0006514,22BD0060,2024G,2024-09-10,5000000,5000000,Lunas,Loket Kampus
PAY0006515,22BD0061,2024G,2024-09-29,5000000,5000000,Lunas,Loket Kampus
PAY0006516,22BD0062,2024G,2024-09-19,5000000,5000000,Lunas,Transfer Bank
PAY0006517,22BD0063,2024G,2024-09-01,5000000,5000000,Lunas,Transfer Bank
PAY0006518,22BD0064,2024G,2024-09-19,5000000,5000000,Lunas,E-Wallet
PAY0006519,22BD0065,2024G,2024-09-18,5000000,2300000,Cicilan,Transfer Bank
PAY0006520,22BD0066,2024G,2024-09-21,5000000,5000000,Lunas,VA Bank
PAY0006521,22BD0067,2024G,30/08/2024,5000000,5000000,Lunas,VA Bank
PAY0006522,22BD0068,2024G,2024-09-21,5000000,5000000,Lunas,Loket Kampus
PAY0006523,22BD0069,2024G,2024-09-26,5000000,5000000,Lunas,Loket Kampus
PAY0006524,22BD0070,2024G,2024-09-21,5000000,5000000,Lunas,Loket Kampus
PAY0006525,22BD0071,2024G,31-Aug-2024,5000000,3200000,Cicilan,Transfer Bank
PAY0006526,23TI0001,2024G,02-Sep-2024,5500000,5500000,Lunas,Transfer Bank
PAY0006527,23TI0002,2024G,2024-09-16,5500000,5500000,Lunas,Loket Kampus
PAY0006528,23TI0003,2024G,2024-10-02,5500000,5500000,Lunas,VA Bank
PAY0006529,23TI0004,2024G,2024-09-09,5500000,5500000,Lunas,Loket Kampus
PAY0006530,23TI0005,2024G,2024-08-22,5500000,5500000,Lunas,E-Wallet
PAY0006531,23TI0006,2024G,2024-09-22,5500000,5500000,Lunas,Loket Kampus
PAY0006532,23TI0007,2024G,08/09/2024,5500000,5500000,Lunas,Transfer Bank
PAY0006533,23TI0008,2024G,2024-09-03,5500000,3500000,Cicilan,Transfer Bank
PAY0006534,23TI0009,2024G,2024-09-15,5500000,5500000,Lunas,Loket Kampus
PAY0006535,23TI0010,2024G,2024-09-10,5500000,2300000,Cicilan,Transfer Bank
PAY0006536,23TI0011,2024G,21-Sep-2024,5500000,5500000,Lunas,VA Bank
PAY0006537,23TI0012,2024G,2024-09-21,5500000,5500000,Lunas,VA Bank
PAY0006538,23TI0013,2024G,2024-09-10,5500000,5500000,Lunas,VA Bank
PAY0006539,23TI0014,2024G,04/09/2024,5500000,2700000,Cicilan,Loket Kampus
PAY0006540,23TI0015,2024G,2024-09-09,5500000,3600000,Cicilan,Loket Kampus
PAY0006541,23TI0016,2024G,2024-09-29,5500000,5500000,Lunas,VA Bank
PAY0006542,23TI0017,2024G,2024-08-21,5500000,5500000,Lunas,VA Bank
PAY0006543,23TI0018,2024G,27-Sep-2024,5500000,5500000,Lunas,Loket Kampus
PAY0006544,23TI0019,2024G,30/08/2024,5500000,5500000,Lunas,Loket Kampus
PAY0006545,23TI0020,2024G,2024-08-23,5500000,5500000,Lunas,VA Bank
PAY0006546,23TI0021,2024G,2024-09-24,5500000,5500000,Lunas,Transfer Bank
PAY0006547,23TI0022,2024G,2024-09-07,5500000,5500000,Lunas,E-Wallet
PAY0006548,23TI0023,2024G,2024-09-16,5500000,5500000,Lunas,Loket Kampus
PAY0006549,23TI0024,2024G,2024-08-26,5500000,5500000,Lunas,E-Wallet
PAY0006550,23TI0025,2024G,30/08/2024,5500000,5500000,Lunas,Transfer Bank
PAY0006551,23TI0026,2024G,24/08/2024,5500000,5500000,Lunas,Loket Kampus
PAY0006552,23TI0027,2024G,2024-09-23,5500000,5500000,Lunas,Transfer Bank
PAY0006553,23TI0028,2024G,30-Aug-2024,5500000,2600000,Cicilan,E-Wallet
PAY0006554,23TI0029,2024G,09-Sep-2024,5500000,2100000,Cicilan,Transfer Bank
PAY0006555,23TI0030,2024G,2024-09-01,5500000,5500000,Lunas,VA Bank
PAY0006556,23TI0031,2024G,2024-09-23,5500000,5500000,Lunas,Loket Kampus
PAY0006557,23TI0032,2024G,2024-09-09,5500000,5500000,Lunas,E-Wallet
PAY0006558,23TI0033,2024G,2024-10-01,5500000,5500000,Lunas,VA Bank
PAY0006559,23TI0034,2024G,2024-08-25,5500000,5500000,Lunas,VA Bank
PAY0006560,23TI0035,2024G,2024-08-27,5500000,5500000,Lunas,Loket Kampus
PAY0006561,23TI0036,2024G,2024-08-27,5500000,5500000,Lunas,E-Wallet
PAY0006562,23TI0037,2024G,2024-09-04,5500000,5500000,Lunas,Loket Kampus
PAY0006563,23TI0038,2024G,,5500000,0,Belum Lunas,Transfer Bank
PAY0006564,23TI0039,2024G,2024-08-22,5500000,5500000,Lunas,E-Wallet
PAY0006565,23TI0040,2024G,2024-09-19,5500000,2600000,Cicilan,VA Bank
PAY0006566,23TI0041,2024G,24/09/2024,5500000,5500000,Lunas,Loket Kampus
PAY0006567,23TI0042,2024G,2024-09-19,5500000,5500000,Lunas,Loket Kampus
PAY0006568,23TI0043,2024G,2024-09-05,5500000,5500000,Lunas,Loket Kampus
PAY0006569,23TI0044,2024G,2024-09-18,5500000,5500000,Lunas,Loket Kampus
PAY0006570,23TI0045,2024G,,5500000,0,Belum Lunas,E-Wallet
PAY0006571,23TI0046,2024G,28/09/2024,5500000,5500000,Lunas,VA Bank
PAY0006572,23TI0047,2024G,2024-09-30,5500000,5500000,Lunas,E-Wallet
PAY0006573,23TI0048,2024G,,5500000,0,Belum Lunas,Loket Kampus
PAY0006574,23TI0049,2024G,21/09/2024,5500000,5500000,Lunas,Transfer Bank
PAY0006575,23TI0050,2024G,2024-09-18,5500000,5500000,Lunas,VA Bank
PAY0006576,23TI0051,2024G,2024-09-17,5500000,5500000,Lunas,VA Bank
PAY0006577,23TI0052,2024G,2024-08-25,5500000,2600000,Cicilan,Transfer Bank
PAY0006578,23TI0053,2024G,21/08/2024,5500000,5500000,Lunas,E-Wallet
PAY0006579,23TI0054,2024G,20/09/2024,5500000,5500000,Lunas,Transfer Bank
PAY0006580,23TI0055,2024G,2024-10-02,5500000,5500000,Lunas,E-Wallet
PAY0006581,23TI0056,2024G,14/09/2024,5500000,5500000,Lunas,Loket Kampus
PAY0006582,23TI0057,2024G,2024-10-01,5500000,5500000,Lunas,Loket Kampus
PAY0006583,23TI0058,2024G,2024-08-29,5500000,5500000,Lunas,E-Wallet
PAY0006584,23TI0059,2024G,2024-09-05,5500000,5500000,Lunas,E-Wallet
PAY0006585,23TI0060,2024G,2024-09-26,5500000,3200000,Cicilan,VA Bank
PAY0006586,23TI0061,2024G,09-Sep-2024,5500000,5500000,Lunas,E-Wallet
PAY0006587,23TI0062,2024G,2024-09-08,5500000,5500000,Lunas,Loket Kampus
PAY0006588,23TI0063,2024G,24/09/2024,5500000,5500000,Lunas,VA Bank
PAY0006589,23TI0064,2024G,27-Aug-2024,5500000,5500000,Lunas,Loket Kampus
PAY0006590,23TI0065,2024G,2024-09-26,5500000,5500000,Lunas,E-Wallet
PAY0006591,23TI0066,2024G,2024-09-16,5500000,5500000,Lunas,Loket Kampus
PAY0006592,23TI0067,2024G,2024-10-04,5500000,5500000,Lunas,VA Bank
PAY0006593,23TI0068,2024G,27/09/2024,5500000,5500000,Lunas,E-Wallet
PAY0006594,23TI0069,2024G,2024-08-20,5500000,5500000,Lunas,E-Wallet
PAY0006595,23TI0070,2024G,2024-09-20,5500000,5500000,Lunas,Loket Kampus
PAY0006596,23TI0071,2024G,2024-08-25,5500000,5500000,Lunas,Loket Kampus
PAY0006597,23TI0072,2024G,08/09/2024,5500000,5500000,Lunas,VA Bank
PAY0006598,23TI0073,2024G,2024-09-10,5500000,5500000,Lunas,Transfer Bank
PAY0006599,23TI0074,2024G,2024-09-30,5500000,5500000,Lunas,E-Wallet
PAY0006600,23TI0075,2024G,2024-09-14,5500000,3700000,Cicilan,Transfer Bank
PAY0006601,23TI0076,2024G,2024-09-05,5500000,5500000,Lunas,Transfer Bank
PAY0006602,23TI0077,2024G,2024-09-05,5500000,5500000,Lunas,VA Bank
PAY0006603,23TI0078,2024G,26-Sep-2024,5500000,5500000,Lunas,Transfer Bank
PAY0006604,23TI0079,2024G,2024-09-25,5500000,5500000,Lunas,VA Bank
PAY0006605,23TI0080,2024G,2024-09-15,5500000,5500000,Lunas,Loket Kampus
PAY0006606,23TI0081,2024G,2024-08-26,5500000,5500000,Lunas,VA Bank
PAY0006607,23TI0082,2024G,2024-10-04,5500000,3700000,Cicilan,VA Bank
PAY0006608,23TI0083,2024G,13-Sep-2024,5500000,5500000,Lunas,Loket Kampus
PAY0006609,23TI0084,2024G,2024-09-14,5500000,5500000,Lunas,E-Wallet
PAY0006610,23TI0085,2024G,29-Sep-2024,5500000,5500000,Lunas,Transfer Bank
PAY0006611,23TI0086,2024G,2024-09-28,5500000,5500000,Lunas,Transfer Bank
PAY0006612,23TI0087,2024G,2024-08-29,5500000,5500000,Lunas,Loket Kampus
PAY0006613,23TI0088,2024G,2024-09-09,5500000,5500000,Lunas,E-Wallet
PAY0006614,23TI0089,2024G,13/09/2024,5500000,5500000,Lunas,E-Wallet
PAY0006615,23TI0090,2024G,26/09/2024,5500000,5500000,Lunas,VA Bank
PAY0006616,23TI0091,2024G,2024-09-15,5500000,5500000,Lunas,E-Wallet
PAY0006617,23TI0092,2024G,2024-09-24,5500000,5500000,Lunas,VA Bank
PAY0006618,23TI0093,2024G,2024-09-06,5500000,5500000,Lunas,E-Wallet
PAY0006619,23TI0094,2024G,21-Sep-2024,5500000,4000000,Cicilan,VA Bank
PAY0006620,23TI0095,2024G,2024-09-24,5500000,5500000,Lunas,VA Bank
PAY0006621,23SI0001,2024G,2024-08-25,5250000,2800000,Cicilan,VA Bank
PAY0006622,23SI0002,2024G,,5250000,0,Belum Lunas,VA Bank
PAY0006623,23SI0003,2024G,2024-08-24,5250000,5250000,Lunas,E-Wallet
PAY0006624,23SI0004,2024G,05/09/2024,5250000,5250000,Lunas,Loket Kampus
PAY0006625,23SI0005,2024G,2024-09-10,5250000,5250000,Lunas,Loket Kampus
PAY0006626,23SI0006,2024G,15/09/2024,5250000,5250000,Lunas,E-Wallet
PAY0006627,23SI0007,2024G,2024-09-21,5250000,5250000,Lunas,E-Wallet
PAY0006628,23SI0008,2024G,2024-09-27,5250000,5250000,Lunas,Loket Kampus
PAY0006629,23SI0009,2024G,24/08/2024,5250000,5250000,Lunas,Transfer Bank
PAY0006630,23SI0010,2024G,2024-08-25,5250000,5250000,Lunas,E-Wallet
PAY0006631,23SI0011,2024G,2024-09-09,5250000,5250000,Lunas,VA Bank
PAY0006632,23SI0012,2024G,2024-09-19,5250000,5250000,Lunas,VA Bank
PAY0006633,23SI0013,2024G,18/09/2024,5250000,5250000,Lunas,E-Wallet
PAY0006634,23SI0014,2024G,2024-08-27,5250000,5250000,Lunas,VA Bank
PAY0006635,23SI0015,2024G,2024-09-10,5250000,3100000,Cicilan,VA Bank
PAY0006636,23SI0016,2024G,2024-08-21,5250000,5250000,Lunas,VA Bank
PAY0006637,23SI0017,2024G,2024-09-17,5250000,5250000,Lunas,Loket Kampus
PAY0006638,23SI0018,2024G,2024-09-12,5250000,5250000,Lunas,Transfer Bank
PAY0006639,23SI0019,2024G,18/09/2024,5250000,5250000,Lunas,Loket Kampus
PAY0006640,23SI0020,2024G,2024-09-07,5250000,5250000,Lunas,VA Bank
PAY0006641,23SI0021,2024G,08/09/2024,5250000,5250000,Lunas,Loket Kampus
PAY0006642,23SI0022,2024G,2024-09-05,5250000,5250000,Lunas,Loket Kampus
PAY0006643,23SI0023,2024G,2024-09-14,5250000,5250000,Lunas,E-Wallet
PAY0006644,23SI0024,2024G,2024-09-10,5250000,5250000,Lunas,Loket Kampus
PAY0006645,23SI0025,2024G,28-Sep-2024,5250000,2300000,Cicilan,Loket Kampus
PAY0006646,23SI0026,2024G,2024-08-20,5250000,5250000,Lunas,Transfer Bank
PAY0006647,23SI0027,2024G,2024-09-13,5250000,5250000,Lunas,VA Bank
PAY0006648,23SI0028,2024G,2024-09-27,5250000,5250000,Lunas,VA Bank
PAY0006649,23SI0029,2024G,2024-09-23,5250000,5250000,Lunas,Transfer Bank
PAY0006650,23SI0030,2024G,22-Aug-2024,5250000,5250000,Lunas,E-Wallet
PAY0006651,23SI0031,2024G,2024-08-20,5250000,5250000,Lunas,VA Bank
PAY0006652,23SI0032,2024G,2024-09-05,5250000,5250000,Lunas,E-Wallet
PAY0006653,23SI0033,2024G,27/08/2024,5250000,5250000,Lunas,E-Wallet
PAY0006654,23SI0034,2024G,2024-09-30,5250000,5250000,Lunas,Transfer Bank
PAY0006655,23SI0035,2024G,2024-08-23,5250000,5250000,Lunas,Loket Kampus
PAY0006656,23SI0036,2024G,2024-09-24,5250000,5250000,Lunas,Loket Kampus
PAY0006657,23SI0037,2024G,2024-08-26,5250000,5250000,Lunas,Loket Kampus
PAY0006658,23SI0038,2024G,10/09/2024,5250000,5250000,Lunas,Loket Kampus
PAY0006659,23SI0039,2024G,,5250000,0,Belum Lunas,VA Bank
PAY0006660,23SI0040,2024G,17/09/2024,5250000,5250000,Lunas,Loket Kampus
PAY0006661,23SI0041,2024G,05-Sep-2024,5250000,5250000,Lunas,VA Bank
PAY0006662,23SI0042,2024G,2024-09-26,5250000,5250000,Lunas,Loket Kampus
PAY0006663,23SI0043,2024G,2024-08-30,5250000,5250000,Lunas,Transfer Bank
PAY0006664,23SI0044,2024G,12/09/2024,5250000,5250000,Lunas,Transfer Bank
PAY0006665,23SI0045,2024G,2024-09-18,5250000,5250000,Lunas,VA Bank
PAY0006666,23SI0046,2024G,2024-09-24,5250000,5250000,Lunas,Transfer Bank
PAY0006667,23SI0047,2024G,2024-09-21,5250000,5250000,Lunas,E-Wallet
PAY0006668,23SI0048,2024G,29/09/2024,5250000,5250000,Lunas,VA Bank
PAY0006669,23SI0049,2024G,30-Sep-2024,5250000,5250000,Lunas,Loket Kampus
PAY0006670,23SI0050,2024G,2024-08-31,5250000,3600000,Cicilan,E-Wallet
PAY0006671,23SI0051,2024G,,5250000,0,Belum Lunas,E-Wallet
PAY0006672,23SI0052,2024G,2024-08-23,5250000,5250000,Lunas,Loket Kampus
PAY0006673,23SI0053,2024G,2024-09-17,5250000,5250000,Lunas,Loket Kampus
PAY0006674,23SI0054,2024G,2024-09-22,5250000,5250000,Lunas,Transfer Bank
PAY0006675,23SI0055,2024G,,5250000,0,Belum Lunas,E-Wallet
PAY0006676,23SI0056,2024G,2024-09-30,5250000,2900000,Cicilan,Transfer Bank
PAY0006677,23SI0057,2024G,2024-09-14,5250000,5250000,Lunas,Loket Kampus
PAY0006678,23SI0058,2024G,2024-09-08,5250000,5250000,Lunas,E-Wallet
PAY0006679,23SI0059,2024G,2024-08-25,5250000,5250000,Lunas,Loket Kampus
PAY0006680,23SI0060,2024G,2024-08-23,5250000,5250000,Lunas,Transfer Bank
PAY0006681,23SI0061,2024G,2024-08-22,5250000,5250000,Lunas,VA Bank
PAY0006682,23SI0062,2024G,2024-08-28,5250000,5250000,Lunas,E-Wallet
PAY0006683,23SI0063,2024G,2024-09-01,5250000,5250000,Lunas,E-Wallet
PAY0006684,23SI0064,2024G,28/09/2024,5250000,5250000,Lunas,E-Wallet
PAY0006685,23SI0065,2024G,27/09/2024,5250000,5250000,Lunas,VA Bank
PAY0006686,23SI0066,2024G,2024-08-28,5250000,5250000,Lunas,E-Wallet
PAY0006687,23SI0067,2024G,2024-09-30,5250000,5250000,Lunas,E-Wallet
PAY0006688,23SI0068,2024G,2024-08-27,5250000,5250000,Lunas,VA Bank
PAY0006689,23SI0069,2024G,2024-08-28,5250000,5250000,Lunas,Transfer Bank
PAY0006690,23SI0070,2024G,,5250000,0,Belum Lunas,VA Bank
PAY0006691,23SI0071,2024G,2024-09-27,5250000,5250000,Lunas,E-Wallet
PAY0006692,23SI0072,2024G,2024-08-20,5250000,5250000,Lunas,Transfer Bank
PAY0006693,23SI0073,2024G,,5250000,0,Belum Lunas,E-Wallet
PAY0006694,23SI0074,2024G,2024-09-09,5250000,5250000,Lunas,Transfer Bank
PAY0006695,23SI0075,2024G,2024-10-03,5250000,5250000,Lunas,VA Bank
PAY0006696,23SI0076,2024G,2024-09-30,5250000,3300000,Cicilan,E-Wallet
PAY0006697,23SI0077,2024G,31/08/2024,5250000,5250000,Lunas,Transfer Bank
PAY0006698,23SI0078,2024G,2024-08-31,5250000,5250000,Lunas,E-Wallet
PAY0006699,23SI0079,2024G,18-Sep-2024,5250000,5250000,Lunas,Transfer Bank
PAY0006700,23SI0080,2024G,03/10/2024,5250000,5250000,Lunas,Loket Kampus
PAY0006701,23SI0081,2024G,01/09/2024,5250000,5250000,Lunas,VA Bank
PAY0006702,23SI0082,2024G,2024-09-19,5250000,5250000,Lunas,Loket Kampus
PAY0006703,23SI0083,2024G,07/09/2024,5250000,2600000,Cicilan,VA Bank
PAY0006704,23SI0084,2024G,27/08/2024,5250000,5250000,Lunas,VA Bank
PAY0006705,23SI0085,2024G,2024-10-04,5250000,3300000,Cicilan,Loket Kampus
PAY0006706,23SI0086,2024G,2024-09-03,5250000,5250000,Lunas,Transfer Bank
PAY0006707,23SI0087,2024G,2024-10-01,5250000,5250000,Lunas,VA Bank
PAY0006708,23SI0088,2024G,2024-09-19,5250000,5250000,Lunas,Loket Kampus
PAY0006709,23SI0089,2024G,2024-09-06,5250000,5250000,Lunas,VA Bank
PAY0006710,23SI0090,2024G,27-Sep-2024,5250000,5250000,Lunas,Loket Kampus
PAY0006711,23IF0001,2024G,2024-09-10,5750000,5750000,Lunas,Transfer Bank
PAY0006712,23IF0002,2024G,2024-09-23,5750000,5750000,Lunas,E-Wallet
PAY0006713,23IF0003,2024G,,5750000,0,Belum Lunas,E-Wallet
PAY0006714,23IF0004,2024G,2024-08-27,5750000,5750000,Lunas,Loket Kampus
PAY0006715,23IF0005,2024G,2024-09-18,5750000,5750000,Lunas,Transfer Bank
PAY0006716,23IF0006,2024G,2024-08-21,5750000,5750000,Lunas,Transfer Bank
PAY0006717,23IF0007,2024G,27/09/2024,5750000,5750000,Lunas,Loket Kampus
PAY0006718,23IF0008,2024G,28-Sep-2024,5750000,5750000,Lunas,VA Bank
PAY0006719,23IF0009,2024G,2024-09-27,5750000,5750000,Lunas,VA Bank
PAY0006720,23IF0010,2024G,15-Sep-2024,5750000,5750000,Lunas,VA Bank
PAY0006721,23IF0011,2024G,2024-10-01,5750000,2500000,Cicilan,Loket Kampus
PAY0006722,23IF0012,2024G,2024-08-23,5750000,3800000,Cicilan,Transfer Bank
PAY0006723,23IF0013,2024G,11-Sep-2024,5750000,5750000,Lunas,Transfer Bank
PAY0006724,23IF0014,2024G,03-Oct-2024,5750000,5750000,Lunas,E-Wallet
PAY0006725,23IF0015,2024G,2024-09-14,5750000,5750000,Lunas,Transfer Bank
PAY0006726,23IF0016,2024G,,5750000,0,Belum Lunas,Loket Kampus
PAY0006727,23IF0017,2024G,2024-09-02,5750000,5750000,Lunas,VA Bank
PAY0006728,23IF0018,2024G,26/08/2024,5750000,5750000,Lunas,Transfer Bank
PAY0006729,23IF0019,2024G,2024-10-03,5750000,2900000,Cicilan,Loket Kampus
PAY0006730,23IF0020,2024G,2024-09-21,5750000,5750000,Lunas,Loket Kampus
PAY0006731,23IF0021,2024G,2024-09-25,5750000,5750000,Lunas,Loket Kampus
PAY0006732,23IF0022,2024G,2024-09-08,5750000,5750000,Lunas,E-Wallet
PAY0006733,23IF0023,2024G,2024-09-03,5750000,5750000,Lunas,VA Bank
PAY0006734,23IF0024,2024G,16/09/2024,5750000,5750000,Lunas,VA Bank
PAY0006735,23IF0025,2024G,09-Sep-2024,5750000,5750000,Lunas,E-Wallet
PAY0006736,23IF0026,2024G,03/09/2024,5750000,5750000,Lunas,E-Wallet
PAY0006737,23IF0027,2024G,15/09/2024,5750000,5750000,Lunas,Loket Kampus
PAY0006738,23IF0028,2024G,2024-08-27,5750000,5750000,Lunas,VA Bank
PAY0006739,23IF0029,2024G,2024-08-29,5750000,5750000,Lunas,Loket Kampus
PAY0006740,23IF0030,2024G,2024-08-20,5750000,5750000,Lunas,Loket Kampus
PAY0006741,23IF0031,2024G,28-Sep-2024,5750000,5750000,Lunas,E-Wallet
PAY0006742,23IF0032,2024G,2024-09-07,5750000,5750000,Lunas,Loket Kampus
PAY0006743,23IF0033,2024G,2024-09-09,5750000,5750000,Lunas,VA Bank
PAY0006744,23IF0034,2024G,2024-09-06,5750000,5750000,Lunas,Transfer Bank
PAY0006745,23IF0035,2024G,2024-08-29,5750000,5750000,Lunas,VA Bank
PAY0006746,23IF0036,2024G,2024-09-26,5750000,5750000,Lunas,VA Bank
PAY0006747,23IF0037,2024G,2024-09-28,5750000,3200000,Cicilan,Loket Kampus
PAY0006748,23IF0038,2024G,2024-09-01,5750000,5750000,Lunas,Loket Kampus
PAY0006749,23IF0039,2024G,2024-08-24,5750000,5750000,Lunas,E-Wallet
PAY0006750,23IF0040,2024G,2024-08-24,5750000,5750000,Lunas,Transfer Bank
PAY0006751,23IF0041,2024G,2024-09-08,5750000,5750000,Lunas,E-Wallet
PAY0006752,23IF0042,2024G,19-Sep-2024,5750000,5750000,Lunas,Loket Kampus
PAY0006753,23IF0043,2024G,2024-09-17,5750000,5750000,Lunas,VA Bank
PAY0006754,23IF0044,2024G,23/08/2024,5750000,5750000,Lunas,E-Wallet
PAY0006755,23IF0045,2024G,2024-09-23,5750000,2900000,Cicilan,Transfer Bank
PAY0006756,23IF0046,2024G,2024-09-26,5750000,5750000,Lunas,E-Wallet
PAY0006757,23IF0047,2024G,09-Sep-2024,5750000,5750000,Lunas,Loket Kampus
PAY0006758,23IF0048,2024G,2024-08-25,5750000,5750000,Lunas,Loket Kampus
PAY0006759,23IF0049,2024G,2024-09-13,5750000,5750000,Lunas,E-Wallet
PAY0006760,23IF0050,2024G,2024-08-25,5750000,5750000,Lunas,VA Bank
PAY0006761,23IF0051,2024G,2024-09-20,5750000,2200000,Cicilan,Transfer Bank
PAY0006762,23IF0052,2024G,2024-09-19,5750000,5750000,Lunas,Loket Kampus
PAY0006763,23IF0053,2024G,2024-08-23,5750000,5750000,Lunas,Transfer Bank
PAY0006764,23IF0054,2024G,2024-09-25,5750000,5750000,Lunas,E-Wallet
PAY0006765,23IF0055,2024G,2024-09-22,5750000,5750000,Lunas,VA Bank
PAY0006766,23IF0056,2024G,2024-08-30,5750000,5750000,Lunas,VA Bank
PAY0006767,23IF0057,2024G,2024-09-14,5750000,2800000,Cicilan,E-Wallet
PAY0006768,23IF0058,2024G,30/08/2024,5750000,5750000,Lunas,VA Bank
PAY0006769,23IF0059,2024G,2024-09-11,5750000,5750000,Lunas,Loket Kampus
PAY0006770,23IF0060,2024G,2024-09-10,5750000,5750000,Lunas,Transfer Bank
PAY0006771,23IF0061,2024G,2024-08-21,5750000,5750000,Lunas,E-Wallet
PAY0006772,23IF0062,2024G,2024-09-17,5750000,5750000,Lunas,VA Bank
PAY0006773,23IF0063,2024G,2024-08-20,5750000,5750000,Lunas,Transfer Bank
PAY0006774,23IF0064,2024G,02/09/2024,5750000,5750000,Lunas,E-Wallet
PAY0006775,23IF0065,2024G,2024-09-02,5750000,5750000,Lunas,Loket Kampus
PAY0006776,23IF0066,2024G,24/08/2024,5750000,5750000,Lunas,Loket Kampus
PAY0006777,23IF0067,2024G,,5750000,0,Belum Lunas,Transfer Bank
PAY0006778,23IF0068,2024G,16/09/2024,5750000,5750000,Lunas,E-Wallet
PAY0006779,23IF0069,2024G,2024-09-18,5750000,5750000,Lunas,E-Wallet
PAY0006780,23IF0070,2024G,28-Sep-2024,5750000,3600000,Cicilan,Transfer Bank
PAY0006781,23IF0071,2024G,2024-08-30,5750000,5750000,Lunas,Transfer Bank
PAY0006782,23IF0072,2024G,2024-09-05,5750000,5750000,Lunas,E-Wallet
PAY0006783,23IF0073,2024G,2024-09-28,5750000,5750000,Lunas,E-Wallet
PAY0006784,23IF0074,2024G,2024-09-12,5750000,5750000,Lunas,Transfer Bank
PAY0006785,23IF0075,2024G,2024-08-22,5750000,5750000,Lunas,Loket Kampus
PAY0006786,23IF0076,2024G,2024-09-01,5750000,5750000,Lunas,Transfer Bank
PAY0006787,23IF0077,2024G,2024-09-30,5750000,5750000,Lunas,VA Bank
PAY0006788,23IF0078,2024G,2024-09-24,5750000,5750000,Lunas,VA Bank
PAY0006789,23IF0079,2024G,28/08/2024,5750000,2300000,Cicilan,VA Bank
PAY0006790,23IF0080,2024G,,5750000,0,Belum Lunas,Transfer Bank
PAY0006791,23IF0081,2024G,2024-09-20,5750000,5750000,Lunas,Transfer Bank
PAY0006792,23IF0082,2024G,2024-09-23,5750000,5750000,Lunas,Loket Kampus
PAY0006793,23IF0083,2024G,2024-08-29,5750000,5750000,Lunas,E-Wallet
PAY0006794,23IF0084,2024G,2024-09-28,5750000,3100000,Cicilan,Loket Kampus
PAY0006795,23IF0085,2024G,2024-09-03,5750000,5750000,Lunas,Loket Kampus
PAY0006796,23IF0086,2024G,2024-09-21,5750000,2500000,Cicilan,Transfer Bank
PAY0006797,23IF0087,2024G,2024-09-20,5750000,5750000,Lunas,Loket Kampus
PAY0006798,23IF0088,2024G,2024-09-05,5750000,5750000,Lunas,Loket Kampus
PAY0006799,23IF0089,2024G,27/08/2024,5750000,5750000,Lunas,E-Wallet
PAY0006800,23IF0090,2024G,2024-08-20,5750000,5750000,Lunas,E-Wallet
PAY0006801,23IF0091,2024G,,5750000,0,Belum Lunas,Transfer Bank
PAY0006802,23IF0092,2024G,2024-08-28,5750000,5750000,Lunas,E-Wallet
PAY0006803,23IF0093,2024G,02/10/2024,5750000,5750000,Lunas,Transfer Bank
PAY0006804,23IF0094,2024G,2024-09-23,5750000,5750000,Lunas,VA Bank
PAY0006805,23IF0095,2024G,2024-09-07,5750000,5750000,Lunas,E-Wallet
PAY0006806,23DS0001,2024G,2024-09-23,6000000,2400000,Cicilan,Loket Kampus
PAY0006807,23DS0002,2024G,2024-08-22,6000000,6000000,Lunas,Transfer Bank
PAY0006808,23DS0003,2024G,2024-08-25,6000000,6000000,Lunas,Loket Kampus
PAY0006809,23DS0004,2024G,2024-09-06,6000000,6000000,Lunas,Transfer Bank
PAY0006810,23DS0005,2024G,2024-09-14,6000000,6000000,Lunas,Loket Kampus
PAY0006811,23DS0006,2024G,2024-10-02,6000000,6000000,Lunas,VA Bank
PAY0006812,23DS0007,2024G,07-Sep-2024,6000000,4300000,Cicilan,VA Bank
PAY0006813,23DS0008,2024G,30-Sep-2024,6000000,6000000,Lunas,E-Wallet
PAY0006814,23DS0009,2024G,,6000000,0,Belum Lunas,E-Wallet
PAY0006815,23DS0010,2024G,2024-08-20,6000000,6000000,Lunas,VA Bank
PAY0006816,23DS0011,2024G,2024-09-16,6000000,6000000,Lunas,Transfer Bank
PAY0006817,23DS0012,2024G,16/09/2024,6000000,6000000,Lunas,E-Wallet
PAY0006818,23DS0013,2024G,2024-09-22,6000000,6000000,Lunas,VA Bank
PAY0006819,23DS0014,2024G,2024-10-04,6000000,6000000,Lunas,Loket Kampus
PAY0006820,23DS0015,2024G,,6000000,0,Belum Lunas,VA Bank
PAY0006821,23DS0016,2024G,28-Sep-2024,6000000,6000000,Lunas,Loket Kampus
PAY0006822,23DS0017,2024G,2024-09-30,6000000,6000000,Lunas,VA Bank
PAY0006823,23DS0018,2024G,2024-09-28,6000000,6000000,Lunas,E-Wallet
PAY0006824,23DS0019,2024G,2024-09-20,6000000,6000000,Lunas,Transfer Bank
PAY0006825,23DS0020,2024G,2024-09-09,6000000,6000000,Lunas,E-Wallet
PAY0006826,23DS0021,2024G,2024-09-06,6000000,6000000,Lunas,E-Wallet
PAY0006827,23DS0022,2024G,2024-08-31,6000000,6000000,Lunas,VA Bank
PAY0006828,23DS0023,2024G,13-Sep-2024,6000000,6000000,Lunas,Loket Kampus
PAY0006829,23DS0024,2024G,15/09/2024,6000000,6000000,Lunas,VA Bank
PAY0006830,23DS0025,2024G,2024-09-24,6000000,6000000,Lunas,Transfer Bank
PAY0006831,23DS0026,2024G,2024-09-16,6000000,6000000,Lunas,VA Bank
PAY0006832,23DS0027,2024G,2024-09-29,6000000,4500000,Cicilan,Transfer Bank
PAY0006833,23DS0028,2024G,2024-09-21,6000000,6000000,Lunas,Transfer Bank
PAY0006834,23DS0029,2024G,2024-09-01,6000000,2600000,Cicilan,Loket Kampus
PAY0006835,23DS0030,2024G,2024-09-09,6000000,6000000,Lunas,VA Bank
PAY0006836,23DS0031,2024G,04-Oct-2024,6000000,6000000,Lunas,Loket Kampus
PAY0006837,23DS0032,2024G,22-Aug-2024,6000000,6000000,Lunas,VA Bank
PAY0006838,23DS0033,2024G,2024-09-19,6000000,6000000,Lunas,E-Wallet
PAY0006839,23DS0034,2024G,2024-08-22,6000000,6000000,Lunas,Transfer Bank
PAY0006840,23DS0035,2024G,2024-09-07,6000000,6000000,Lunas,Transfer Bank
PAY0006841,23DS0036,2024G,2024-09-23,6000000,6000000,Lunas,VA Bank
PAY0006842,23DS0037,2024G,2024-08-29,6000000,2600000,Cicilan,Loket Kampus
PAY0006843,23DS0038,2024G,2024-10-03,6000000,6000000,Lunas,Loket Kampus
PAY0006844,23DS0039,2024G,08-Sep-2024,6000000,6000000,Lunas,E-Wallet
PAY0006845,23DS0040,2024G,,6000000,0,Belum Lunas,Loket Kampus
PAY0006846,23DS0041,2024G,2024-09-15,6000000,6000000,Lunas,VA Bank
PAY0006847,23DS0042,2024G,03-Oct-2024,6000000,6000000,Lunas,VA Bank
PAY0006848,23DS0043,2024G,2024-09-16,6000000,6000000,Lunas,VA Bank
PAY0006849,23DS0044,2024G,2024-09-15,6000000,6000000,Lunas,E-Wallet
PAY0006850,23DS0045,2024G,2024-10-03,6000000,6000000,Lunas,VA Bank
PAY0006851,23DS0046,2024G,21/08/2024,6000000,6000000,Lunas,VA Bank
PAY0006852,23DS0047,2024G,2024-09-21,6000000,6000000,Lunas,Loket Kampus
PAY0006853,23DS0048,2024G,2024-08-30,6000000,6000000,Lunas,Transfer Bank
PAY0006854,23DS0049,2024G,06/09/2024,6000000,6000000,Lunas,VA Bank
PAY0006855,23DS0050,2024G,27/08/2024,6000000,6000000,Lunas,VA Bank
PAY0006856,23DS0051,2024G,2024-09-02,6000000,6000000,Lunas,Loket Kampus
PAY0006857,23DS0052,2024G,2024-09-14,6000000,6000000,Lunas,Transfer Bank
PAY0006858,23DS0053,2024G,2024-09-14,6000000,6000000,Lunas,Loket Kampus
PAY0006859,23DS0054,2024G,2024-10-04,6000000,6000000,Lunas,E-Wallet
PAY0006860,23DS0055,2024G,21-Sep-2024,6000000,6000000,Lunas,Loket Kampus
PAY0006861,23DS0056,2024G,2024-09-19,6000000,6000000,Lunas,Loket Kampus
PAY0006862,23DS0057,2024G,19-Sep-2024,6000000,6000000,Lunas,Transfer Bank
PAY0006863,23DS0058,2024G,2024-08-20,6000000,6000000,Lunas,E-Wallet
PAY0006864,23DS0059,2024G,2024-08-22,6000000,6000000,Lunas,VA Bank
PAY0006865,23DS0060,2024G,26-Aug-2024,6000000,6000000,Lunas,VA Bank
PAY0006866,23DS0061,2024G,2024-09-11,6000000,6000000,Lunas,VA Bank
PAY0006867,23DS0062,2024G,2024-09-18,6000000,6000000,Lunas,E-Wallet
PAY0006868,23DS0063,2024G,02/09/2024,6000000,6000000,Lunas,Transfer Bank
PAY0006869,23DS0064,2024G,2024-09-13,6000000,6000000,Lunas,E-Wallet
PAY0006870,23DS0065,2024G,2024-09-19,6000000,6000000,Lunas,VA Bank
PAY0006871,23DS0066,2024G,2024-09-09,6000000,6000000,Lunas,Loket Kampus
PAY0006872,23DS0067,2024G,17/09/2024,6000000,6000000,Lunas,E-Wallet
PAY0006873,23DS0068,2024G,29-Sep-2024,6000000,6000000,Lunas,Loket Kampus
PAY0006874,23DS0069,2024G,2024-09-17,6000000,6000000,Lunas,VA Bank
PAY0006875,23DS0070,2024G,18/09/2024,6000000,6000000,Lunas,E-Wallet
PAY0006876,23DS0071,2024G,2024-09-29,6000000,6000000,Lunas,Loket Kampus
PAY0006877,23DS0072,2024G,09/09/2024,6000000,6000000,Lunas,E-Wallet
PAY0006878,23DS0073,2024G,2024-09-06,6000000,6000000,Lunas,Loket Kampus
PAY0006879,23DS0074,2024G,,6000000,0,Belum Lunas,Transfer Bank
PAY0006880,23DS0075,2024G,,6000000,0,Belum Lunas,VA Bank
PAY0006881,23TR0001,2024G,18/09/2024,5700000,5700000,Lunas,Transfer Bank
PAY0006882,23TR0002,2024G,2024-09-30,5700000,5700000,Lunas,Transfer Bank
PAY0006883,23TR0003,2024G,,5700000,0,Belum Lunas,VA Bank
PAY0006884,23TR0004,2024G,03/09/2024,5700000,5700000,Lunas,Transfer Bank
PAY0006885,23TR0005,2024G,02/09/2024,5700000,5700000,Lunas,Transfer Bank
PAY0006886,23TR0006,2024G,2024-09-06,5700000,5700000,Lunas,VA Bank
PAY0006887,23TR0007,2024G,2024-08-31,5700000,5700000,Lunas,VA Bank
PAY0006888,23TR0008,2024G,22/09/2024,5700000,5700000,Lunas,E-Wallet
PAY0006889,23TR0009,2024G,2024-09-08,5700000,5700000,Lunas,E-Wallet
PAY0006890,23TR0010,2024G,2024-09-23,5700000,5700000,Lunas,Loket Kampus
PAY0006891,23TR0011,2024G,2024-09-10,5700000,5700000,Lunas,VA Bank
PAY0006892,23TR0012,2024G,25/09/2024,5700000,5700000,Lunas,Transfer Bank
PAY0006893,23TR0013,2024G,2024-09-28,5700000,5700000,Lunas,E-Wallet
PAY0006894,23TR0014,2024G,2024-09-18,5700000,5700000,Lunas,Loket Kampus
PAY0006895,23TR0015,2024G,2024-08-23,5700000,5700000,Lunas,E-Wallet
PAY0006896,23TR0016,2024G,2024-09-10,5700000,5700000,Lunas,Transfer Bank
PAY0006897,23TR0017,2024G,2024-09-16,5700000,5700000,Lunas,VA Bank
PAY0006898,23TR0018,2024G,09-Sep-2024,5700000,5700000,Lunas,VA Bank
PAY0006899,23TR0019,2024G,2024-08-31,5700000,5700000,Lunas,VA Bank
PAY0006900,23TR0020,2024G,2024-08-24,5700000,5700000,Lunas,E-Wallet
PAY0006901,23TR0021,2024G,2024-10-03,5700000,5700000,Lunas,Transfer Bank
PAY0006902,23TR0022,2024G,2024-08-25,5700000,5700000,Lunas,E-Wallet
PAY0006903,23TR0023,2024G,,5700000,0,Belum Lunas,VA Bank
PAY0006904,23TR0024,2024G,27/09/2024,5700000,5700000,Lunas,VA Bank
PAY0006905,23TR0025,2024G,25/08/2024,5700000,4100000,Cicilan,Loket Kampus
PAY0006906,23TR0026,2024G,04/10/2024,5700000,5700000,Lunas,Loket Kampus
PAY0006907,23TR0027,2024G,05/09/2024,5700000,5700000,Lunas,Loket Kampus
PAY0006908,23TR0028,2024G,2024-08-24,5700000,5700000,Lunas,Transfer Bank
PAY0006909,23TR0029,2024G,2024-09-08,5700000,5700000,Lunas,VA Bank
PAY0006910,23TR0030,2024G,2024-09-14,5700000,5700000,Lunas,Transfer Bank
PAY0006911,23TR0031,2024G,2024-10-02,5700000,5700000,Lunas,VA Bank
PAY0006912,23TR0032,2024G,2024-09-16,5700000,5700000,Lunas,VA Bank
PAY0006913,23TR0033,2024G,,5700000,0,Belum Lunas,E-Wallet
PAY0006914,23TR0034,2024G,2024-09-25,5700000,5700000,Lunas,Transfer Bank
PAY0006915,23TR0035,2024G,2024-09-29,5700000,5700000,Lunas,Transfer Bank
PAY0006916,23TR0036,2024G,25-Aug-2024,5700000,5700000,Lunas,Loket Kampus
PAY0006917,23TR0037,2024G,27-Sep-2024,5700000,5700000,Lunas,E-Wallet
PAY0006918,23TR0038,2024G,2024-09-04,5700000,5700000,Lunas,VA Bank
PAY0006919,23TR0039,2024G,31-Aug-2024,5700000,5700000,Lunas,Loket Kampus
PAY0006920,23TR0040,2024G,29/08/2024,5700000,5700000,Lunas,VA Bank
PAY0006921,23TR0041,2024G,2024-09-05,5700000,3700000,Cicilan,Transfer Bank
PAY0006922,23TR0042,2024G,2024-09-22,5700000,5700000,Lunas,E-Wallet
PAY0006923,23TR0043,2024G,2024-08-22,5700000,5700000,Lunas,Loket Kampus
PAY0006924,23TR0044,2024G,2024-09-12,5700000,5700000,Lunas,E-Wallet
PAY0006925,23TR0045,2024G,2024-09-19,5700000,3900000,Cicilan,VA Bank
PAY0006926,23TR0046,2024G,2024-08-21,5700000,3200000,Cicilan,E-Wallet
PAY0006927,23TR0047,2024G,23-Sep-2024,5700000,5700000,Lunas,Transfer Bank
PAY0006928,23TR0048,2024G,2024-08-27,5700000,5700000,Lunas,Transfer Bank
PAY0006929,23TR0049,2024G,2024-10-01,5700000,5700000,Lunas,VA Bank
PAY0006930,23TR0050,2024G,13-Sep-2024,5700000,5700000,Lunas,Transfer Bank
PAY0006931,23TR0051,2024G,2024-09-23,5700000,5700000,Lunas,E-Wallet
PAY0006932,23TR0052,2024G,2024-08-22,5700000,5700000,Lunas,VA Bank
PAY0006933,23TR0053,2024G,2024-08-27,5700000,5700000,Lunas,Loket Kampus
PAY0006934,23TR0054,2024G,2024-09-27,5700000,5700000,Lunas,Transfer Bank
PAY0006935,23TR0055,2024G,05/09/2024,5700000,5700000,Lunas,Loket Kampus
PAY0006936,23TR0056,2024G,2024-08-26,5700000,5700000,Lunas,E-Wallet
PAY0006937,23TR0057,2024G,2024-09-26,5700000,5700000,Lunas,Loket Kampus
PAY0006938,23TR0058,2024G,2024-08-30,5700000,5700000,Lunas,Transfer Bank
PAY0006939,23TR0059,2024G,2024-09-30,5700000,5700000,Lunas,Transfer Bank
PAY0006940,23TR0060,2024G,2024-08-26,5700000,5700000,Lunas,E-Wallet
PAY0006941,23TR0061,2024G,2024-09-25,5700000,5700000,Lunas,E-Wallet
PAY0006942,23TR0062,2024G,2024-08-30,5700000,5700000,Lunas,Transfer Bank
PAY0006943,23TR0063,2024G,2024-09-01,5700000,5700000,Lunas,Loket Kampus
PAY0006944,23TR0064,2024G,2024-10-01,5700000,5700000,Lunas,Transfer Bank
PAY0006945,23TR0065,2024G,2024-08-27,5700000,5700000,Lunas,Loket Kampus
PAY0006946,23TR0066,2024G,15-Sep-2024,5700000,5700000,Lunas,Transfer Bank
PAY0006947,23TR0067,2024G,2024-09-09,5700000,3300000,Cicilan,E-Wallet
PAY0006948,23TR0068,2024G,06/09/2024,5700000,5700000,Lunas,Loket Kampus
PAY0006949,23TR0069,2024G,2024-09-13,5700000,5700000,Lunas,E-Wallet
PAY0006950,23TR0070,2024G,26/08/2024,5700000,5700000,Lunas,VA Bank
PAY0006951,23BD0001,2024G,,5000000,0,Belum Lunas,Loket Kampus
PAY0006952,23BD0002,2024G,05/09/2024,5000000,5000000,Lunas,VA Bank
PAY0006953,23BD0003,2024G,2024-09-09,5000000,5000000,Lunas,Transfer Bank
PAY0006954,23BD0004,2024G,2024-09-23,5000000,5000000,Lunas,Loket Kampus
PAY0006955,23BD0005,2024G,27/08/2024,5000000,3400000,Cicilan,VA Bank
PAY0006956,23BD0006,2024G,2024-09-29,5000000,5000000,Lunas,VA Bank
PAY0006957,23BD0007,2024G,2024-09-13,5000000,2700000,Cicilan,VA Bank
PAY0006958,23BD0008,2024G,2024-09-09,5000000,3100000,Cicilan,E-Wallet
PAY0006959,23BD0009,2024G,,5000000,0,Belum Lunas,VA Bank
PAY0006960,23BD0010,2024G,2024-09-22,5000000,5000000,Lunas,E-Wallet
PAY0006961,23BD0011,2024G,2024-09-04,5000000,5000000,Lunas,Transfer Bank
PAY0006962,23BD0012,2024G,2024-08-21,5000000,2200000,Cicilan,E-Wallet
PAY0006963,23BD0013,2024G,2024-09-01,5000000,5000000,Lunas,Transfer Bank
PAY0006964,23BD0014,2024G,2024-09-04,5000000,5000000,Lunas,Loket Kampus
PAY0006965,23BD0015,2024G,16/09/2024,5000000,5000000,Lunas,VA Bank
PAY0006966,23BD0016,2024G,2024-09-23,5000000,5000000,Lunas,E-Wallet
PAY0006967,23BD0017,2024G,2024-09-01,5000000,5000000,Lunas,Transfer Bank
PAY0006968,23BD0018,2024G,2024-08-28,5000000,5000000,Lunas,Transfer Bank
PAY0006969,23BD0019,2024G,2024-09-12,5000000,5000000,Lunas,E-Wallet
PAY0006970,23BD0020,2024G,2024-09-01,5000000,5000000,Lunas,VA Bank
PAY0006971,23BD0021,2024G,2024-08-25,5000000,5000000,Lunas,Transfer Bank
PAY0006972,23BD0022,2024G,23/09/2024,5000000,5000000,Lunas,VA Bank
PAY0006973,23BD0023,2024G,2024-09-06,5000000,5000000,Lunas,Loket Kampus
PAY0006974,23BD0024,2024G,2024-09-27,5000000,5000000,Lunas,E-Wallet
PAY0006975,23BD0025,2024G,06/09/2024,5000000,5000000,Lunas,VA Bank
PAY0006976,23BD0026,2024G,2024-09-21,5000000,5000000,Lunas,Transfer Bank
PAY0006977,23BD0027,2024G,05/09/2024,5000000,5000000,Lunas,Loket Kampus
PAY0006978,23BD0028,2024G,2024-09-05,5000000,5000000,Lunas,Transfer Bank
PAY0006979,23BD0029,2024G,2024-08-21,5000000,5000000,Lunas,VA Bank
PAY0006980,23BD0030,2024G,2024-09-16,5000000,5000000,Lunas,Loket Kampus
PAY0006981,23BD0031,2024G,2024-09-06,5000000,2400000,Cicilan,Transfer Bank
PAY0006982,23BD0032,2024G,2024-08-22,5000000,5000000,Lunas,E-Wallet
PAY0006983,23BD0033,2024G,2024-09-15,5000000,5000000,Lunas,Loket Kampus
PAY0006984,23BD0034,2024G,27/09/2024,5000000,2700000,Cicilan,VA Bank
PAY0006985,23BD0035,2024G,2024-09-06,5000000,5000000,Lunas,Loket Kampus
PAY0006986,23BD0036,2024G,2024-09-26,5000000,5000000,Lunas,E-Wallet
PAY0006987,23BD0037,2024G,2024-08-20,5000000,5000000,Lunas,Transfer Bank
PAY0006988,23BD0038,2024G,2024-09-30,5000000,5000000,Lunas,E-Wallet
PAY0006989,23BD0039,2024G,27/09/2024,5000000,2200000,Cicilan,VA Bank
PAY0006990,23BD0040,2024G,2024-10-01,5000000,5000000,Lunas,VA Bank
PAY0006991,23BD0041,2024G,2024-08-29,5000000,1800000,Cicilan,E-Wallet
PAY0006992,23BD0042,2024G,2024-08-22,5000000,5000000,Lunas,Transfer Bank
PAY0006993,23BD0043,2024G,2024-09-16,5000000,5000000,Lunas,Loket Kampus
PAY0006994,23BD0044,2024G,2024-09-25,5000000,3200000,Cicilan,VA Bank
PAY0006995,23BD0045,2024G,2024-09-04,5000000,5000000,Lunas,E-Wallet
PAY0006996,23BD0046,2024G,01/09/2024,5000000,5000000,Lunas,Loket Kampus
PAY0006997,23BD0047,2024G,,5000000,3000000,Cicilan,Transfer Bank
PAY0006998,23BD0048,2024G,2024-09-13,5000000,5000000,Lunas,Loket Kampus
PAY0006999,23BD0049,2024G,2024-09-11,5000000,5000000,Lunas,Transfer Bank
PAY0007000,23BD0050,2024G,2024-09-06,5000000,5000000,Lunas,Loket Kampus
PAY0007001,23BD0051,2024G,2024-09-20,5000000,5000000,Lunas,Loket Kampus
PAY0007002,23BD0052,2024G,28/09/2024,5000000,5000000,Lunas,VA Bank
PAY0007003,23BD0053,2024G,,5000000,0,Belum Lunas,Loket Kampus
PAY0007004,23BD0054,2024G,2024-09-10,5000000,5000000,Lunas,E-Wallet
PAY0007005,23BD0055,2024G,2024-08-24,5000000,5000000,Lunas,VA Bank
PAY0007006,23BD0056,2024G,2024-09-21,5000000,5000000,Lunas,Loket Kampus
PAY0007007,23BD0057,2024G,2024-09-23,5000000,5000000,Lunas,Transfer Bank
PAY0007008,23BD0058,2024G,2024-09-04,5000000,5000000,Lunas,VA Bank
PAY0007009,23BD0059,2024G,2024-09-13,5000000,5000000,Lunas,VA Bank
PAY0007010,23BD0060,2024G,,5000000,0,Belum Lunas,VA Bank
PAY0007011,23BD0061,2024G,2024-08-22,5000000,5000000,Lunas,Transfer Bank
PAY0007012,23BD0062,2024G,2024-09-17,5000000,5000000,Lunas,E-Wallet
PAY0007013,23BD0063,2024G,2024-08-27,5000000,5000000,Lunas,VA Bank
PAY0007014,23BD0064,2024G,2024-08-27,5000000,5000000,Lunas,E-Wallet
PAY0007015,23BD0065,2024G,2024-09-01,5000000,5000000,Lunas,E-Wallet
PAY0007016,23BD0066,2024G,2024-09-24,5000000,5000000,Lunas,VA Bank
PAY0007017,23BD0067,2024G,24/08/2024,5000000,5000000,Lunas,Loket Kampus
PAY0007018,23BD0068,2024G,2024-08-21,5000000,5000000,Lunas,Transfer Bank
PAY0007019,23BD0069,2024G,2024-09-01,5000000,5000000,Lunas,E-Wallet
PAY0007020,23BD0070,2024G,23/08/2024,5000000,5000000,Lunas,Loket Kampus
PAY0007021,23BD0071,2024G,15-Sep-2024,5000000,5000000,Lunas,Transfer Bank
PAY0007022,23BD0072,2024G,2024-08-31,5000000,5000000,Lunas,E-Wallet
PAY0007023,23BD0073,2024G,2024-09-22,5000000,5000000,Lunas,Transfer Bank
PAY0007024,23BD0074,2024G,2024-09-24,5000000,5000000,Lunas,Transfer Bank
PAY0007025,23BD0075,2024G,07-Sep-2024,5000000,5000000,Lunas,VA Bank
PAY0007026,24TI0001,2024G,2024-08-27,5500000,5500000,Lunas,E-Wallet
PAY0007027,24TI0002,2024G,,5500000,0,Belum Lunas,Loket Kampus
PAY0007028,24TI0003,2024G,20-Aug-2024,5500000,5500000,Lunas,VA Bank
PAY0007029,24TI0004,2024G,03-Oct-2024,5500000,5500000,Lunas,E-Wallet
PAY0007030,24TI0005,2024G,2024-09-16,5500000,5500000,Lunas,VA Bank
PAY0007031,24TI0006,2024G,2024-08-24,5500000,5500000,Lunas,Loket Kampus
PAY0007032,24TI0007,2024G,2024-09-10,5500000,5500000,Lunas,E-Wallet
PAY0007033,24TI0008,2024G,2024-09-13,5500000,5500000,Lunas,Loket Kampus
PAY0007034,24TI0009,2024G,24/09/2024,5500000,5500000,Lunas,Loket Kampus
PAY0007035,24TI0010,2024G,2024-10-03,5500000,5500000,Lunas,VA Bank
PAY0007036,24TI0011,2024G,2024-09-06,5500000,5500000,Lunas,E-Wallet
PAY0007037,24TI0012,2024G,2024-09-11,5500000,5500000,Lunas,Loket Kampus
PAY0007038,24TI0013,2024G,2024-08-26,5500000,5500000,Lunas,Transfer Bank
PAY0007039,24TI0014,2024G,2024-09-19,5500000,5500000,Lunas,VA Bank
PAY0007040,24TI0015,2024G,01-Sep-2024,5500000,5500000,Lunas,Loket Kampus
PAY0007041,24TI0016,2024G,2024-09-15,5500000,3000000,Cicilan,Transfer Bank
PAY0007042,24TI0017,2024G,2024-09-07,5500000,5500000,Lunas,Loket Kampus
PAY0007043,24TI0018,2024G,2024-09-05,5500000,5500000,Lunas,Loket Kampus
PAY0007044,24TI0019,2024G,2024-09-04,5500000,5500000,Lunas,Loket Kampus
PAY0007045,24TI0020,2024G,,5500000,0,Belum Lunas,Loket Kampus
PAY0007046,24TI0021,2024G,14/09/2024,5500000,5500000,Lunas,Loket Kampus
PAY0007047,24TI0022,2024G,28-Sep-2024,5500000,5500000,Lunas,VA Bank
PAY0007048,24TI0023,2024G,2024-08-31,5500000,5500000,Lunas,Loket Kampus
PAY0007049,24TI0024,2024G,2024-10-04,5500000,2100000,Cicilan,Transfer Bank
PAY0007050,24TI0025,2024G,26-Aug-2024,5500000,5500000,Lunas,E-Wallet
PAY0007051,24TI0026,2024G,2024-09-10,5500000,5500000,Lunas,VA Bank
PAY0007052,24TI0027,2024G,2024-09-10,5500000,5500000,Lunas,Transfer Bank
PAY0007053,24TI0028,2024G,2024-09-12,5500000,5500000,Lunas,Loket Kampus
PAY0007054,24TI0029,2024G,2024-09-23,5500000,5500000,Lunas,Transfer Bank
PAY0007055,24TI0030,2024G,2024-08-30,5500000,5500000,Lunas,Loket Kampus
PAY0007056,24TI0031,2024G,24/08/2024,5500000,5500000,Lunas,Transfer Bank
PAY0007057,24TI0032,2024G,27/08/2024,5500000,5500000,Lunas,E-Wallet
PAY0007058,24TI0033,2024G,2024-09-02,5500000,5500000,Lunas,Transfer Bank
PAY0007059,24TI0034,2024G,01-Sep-2024,5500000,5500000,Lunas,E-Wallet
PAY0007060,24TI0035,2024G,2024-09-04,5500000,2600000,Cicilan,VA Bank
PAY0007061,24TI0036,2024G,10/09/2024,5500000,5500000,Lunas,Transfer Bank
PAY0007062,24TI0037,2024G,05-Sep-2024,5500000,5500000,Lunas,Loket Kampus
PAY0007063,24TI0038,2024G,2024-09-30,5500000,5500000,Lunas,Loket Kampus
PAY0007064,24TI0039,2024G,2024-09-21,5500000,5500000,Lunas,E-Wallet
PAY0007065,24TI0040,2024G,2024-08-25,5500000,5500000,Lunas,E-Wallet
PAY0007066,24TI0041,2024G,2024-08-26,5500000,5500000,Lunas,VA Bank
PAY0007067,24TI0042,2024G,2024-09-20,5500000,5500000,Lunas,E-Wallet
PAY0007068,24TI0043,2024G,2024-09-26,5500000,5500000,Lunas,E-Wallet
PAY0007069,24TI0044,2024G,2024-09-01,5500000,5500000,Lunas,Transfer Bank
PAY0007070,24TI0045,2024G,2024-09-09,5500000,5500000,Lunas,VA Bank
PAY0007071,24TI0046,2024G,19/09/2024,5500000,5500000,Lunas,Transfer Bank
PAY0007072,24TI0047,2024G,25/09/2024,5500000,5500000,Lunas,Transfer Bank
PAY0007073,24TI0048,2024G,2024-08-20,5500000,5500000,Lunas,Loket Kampus
PAY0007074,24TI0049,2024G,2024-09-29,5500000,3400000,Cicilan,VA Bank
PAY0007075,24TI0050,2024G,02-Oct-2024,5500000,5500000,Lunas,Transfer Bank
PAY0007076,24TI0051,2024G,,5500000,0,Belum Lunas,VA Bank
PAY0007077,24TI0052,2024G,2024-08-22,5500000,5500000,Lunas,Transfer Bank
PAY0007078,24TI0053,2024G,2024-09-05,5500000,5500000,Lunas,Loket Kampus
PAY0007079,24TI0054,2024G,2024-08-31,5500000,5500000,Lunas,Loket Kampus
PAY0007080,24TI0055,2024G,2024-09-29,5500000,5500000,Lunas,E-Wallet
PAY0007081,24TI0056,2024G,2024-08-25,5500000,5500000,Lunas,E-Wallet
PAY0007082,24TI0057,2024G,24/09/2024,5500000,5500000,Lunas,Loket Kampus
PAY0007083,24TI0058,2024G,19/09/2024,5500000,5500000,Lunas,VA Bank
PAY0007084,24TI0059,2024G,2024-09-15,5500000,5500000,Lunas,Loket Kampus
PAY0007085,24TI0060,2024G,2024-08-24,5500000,5500000,Lunas,VA Bank
PAY0007086,24TI0061,2024G,2024-09-10,5500000,5500000,Lunas,E-Wallet
PAY0007087,24TI0062,2024G,2024-09-26,5500000,3600000,Cicilan,Transfer Bank
PAY0007088,24TI0063,2024G,2024-09-16,5500000,5500000,Lunas,VA Bank
PAY0007089,24TI0064,2024G,2024-09-05,5500000,4100000,Cicilan,Loket Kampus
PAY0007090,24TI0065,2024G,2024-09-15,5500000,5500000,Lunas,VA Bank
PAY0007091,24TI0066,2024G,2024-09-02,5500000,5500000,Lunas,Loket Kampus
PAY0007092,24TI0067,2024G,21-Aug-2024,5500000,5500000,Lunas,VA Bank
PAY0007093,24TI0068,2024G,23-Sep-2024,5500000,5500000,Lunas,Loket Kampus
PAY0007094,24TI0069,2024G,02-Oct-2024,5500000,5500000,Lunas,VA Bank
PAY0007095,24TI0070,2024G,,5500000,0,Belum Lunas,Transfer Bank
PAY0007096,24TI0071,2024G,04/09/2024,5500000,5500000,Lunas,Loket Kampus
PAY0007097,24TI0072,2024G,24/09/2024,5500000,5500000,Lunas,Transfer Bank
PAY0007098,24TI0073,2024G,20-Aug-2024,5500000,2600000,Cicilan,Loket Kampus
PAY0007099,24TI0074,2024G,2024-09-24,5500000,5500000,Lunas,Transfer Bank
PAY0007100,24TI0075,2024G,2024-09-10,5500000,5500000,Lunas,Transfer Bank
PAY0007101,24TI0076,2024G,31-Aug-2024,5500000,5500000,Lunas,VA Bank
PAY0007102,24TI0077,2024G,24/09/2024,5500000,3500000,Cicilan,E-Wallet
PAY0007103,24TI0078,2024G,2024-09-20,5500000,5500000,Lunas,Loket Kampus
PAY0007104,24TI0079,2024G,2024-08-23,5500000,5500000,Lunas,Transfer Bank
PAY0007105,24TI0080,2024G,23-Sep-2024,5500000,5500000,Lunas,VA Bank
PAY0007106,24TI0081,2024G,2024-09-15,5500000,5500000,Lunas,E-Wallet
PAY0007107,24TI0082,2024G,2024-08-20,5500000,5500000,Lunas,Transfer Bank
PAY0007108,24TI0083,2024G,2024-08-30,5500000,5500000,Lunas,VA Bank
PAY0007109,24TI0084,2024G,,5500000,0,Belum Lunas,Loket Kampus
PAY0007110,24TI0085,2024G,2024-09-17,5500000,5500000,Lunas,Transfer Bank
PAY0007111,24TI0086,2024G,14/09/2024,5500000,5500000,Lunas,Transfer Bank
PAY0007112,24TI0087,2024G,2024-09-21,5500000,5500000,Lunas,VA Bank
PAY0007113,24TI0088,2024G,2024-08-28,5500000,5500000,Lunas,Transfer Bank
PAY0007114,24TI0089,2024G,05/09/2024,5500000,5500000,Lunas,Transfer Bank
PAY0007115,24TI0090,2024G,2024-09-30,5500000,5500000,Lunas,E-Wallet
PAY0007116,24TI0091,2024G,,5500000,0,Belum Lunas,Loket Kampus
PAY0007117,24TI0092,2024G,,5500000,0,Belum Lunas,E-Wallet
PAY0007118,24TI0093,2024G,2024-09-17,5500000,5500000,Lunas,VA Bank
PAY0007119,24TI0094,2024G,28-Sep-2024,5500000,5500000,Lunas,Transfer Bank
PAY0007120,24TI0095,2024G,2024-10-02,5500000,5500000,Lunas,VA Bank
PAY0007121,24TI0096,2024G,31/08/2024,5500000,5500000,Lunas,E-Wallet
PAY0007122,24TI0097,2024G,2024-09-16,5500000,3700000,Cicilan,Loket Kampus
PAY0007123,24TI0098,2024G,2024-09-08,5500000,5500000,Lunas,Transfer Bank
PAY0007124,24TI0099,2024G,2024-09-24,5500000,5500000,Lunas,E-Wallet
PAY0007125,24SI0001,2024G,26/08/2024,5250000,5250000,Lunas,Loket Kampus
PAY0007126,24SI0002,2024G,2024-09-01,5250000,5250000,Lunas,Transfer Bank
PAY0007127,24SI0003,2024G,2024-09-23,5250000,5250000,Lunas,Loket Kampus
PAY0007128,24SI0004,2024G,21/09/2024,5250000,5250000,Lunas,E-Wallet
PAY0007129,24SI0005,2024G,21/08/2024,5250000,5250000,Lunas,VA Bank
PAY0007130,24SI0006,2024G,2024-09-02,5250000,5250000,Lunas,E-Wallet
PAY0007131,24SI0007,2024G,2024-09-08,5250000,5250000,Lunas,VA Bank
PAY0007132,24SI0008,2024G,2024-08-22,5250000,5250000,Lunas,VA Bank
PAY0007133,24SI0009,2024G,2024-09-29,5250000,5250000,Lunas,VA Bank
PAY0007134,24SI0010,2024G,24-Sep-2024,5250000,5250000,Lunas,Transfer Bank
PAY0007135,24SI0011,2024G,2024-09-02,5250000,5250000,Lunas,Loket Kampus
PAY0007136,24SI0012,2024G,2024-08-29,5250000,2700000,Cicilan,Loket Kampus
PAY0007137,24SI0013,2024G,2024-09-27,5250000,2200000,Cicilan,Transfer Bank
PAY0007138,24SI0014,2024G,2024-09-28,5250000,5250000,Lunas,E-Wallet
PAY0007139,24SI0015,2024G,2024-09-04,5250000,5250000,Lunas,Transfer Bank
PAY0007140,24SI0016,2024G,2024-09-05,5250000,5250000,Lunas,Loket Kampus
PAY0007141,24SI0017,2024G,2024-09-26,5250000,5250000,Lunas,Loket Kampus
PAY0007142,24SI0018,2024G,2024-09-24,5250000,5250000,Lunas,E-Wallet
PAY0007143,24SI0019,2024G,2024-08-25,5250000,5250000,Lunas,E-Wallet
PAY0007144,24SI0020,2024G,2024-08-25,5250000,5250000,Lunas,Transfer Bank
PAY0007145,24SI0021,2024G,25-Aug-2024,5250000,5250000,Lunas,E-Wallet
PAY0007146,24SI0022,2024G,29/09/2024,5250000,5250000,Lunas,E-Wallet
PAY0007147,24SI0023,2024G,2024-09-24,5250000,5250000,Lunas,Transfer Bank
PAY0007148,24SI0024,2024G,2024-09-04,5250000,5250000,Lunas,Loket Kampus
PAY0007149,24SI0025,2024G,04/09/2024,5250000,5250000,Lunas,VA Bank
PAY0007150,24SI0026,2024G,2024-09-13,5250000,5250000,Lunas,Transfer Bank
PAY0007151,24SI0027,2024G,2024-10-02,5250000,5250000,Lunas,Loket Kampus
PAY0007152,24SI0028,2024G,2024-09-04,5250000,5250000,Lunas,VA Bank
PAY0007153,24SI0029,2024G,2024-09-30,5250000,5250000,Lunas,Transfer Bank
PAY0007154,24SI0030,2024G,21/08/2024,5250000,5250000,Lunas,VA Bank
PAY0007155,24SI0031,2024G,2024-09-15,5250000,5250000,Lunas,E-Wallet
PAY0007156,24SI0032,2024G,2024-10-02,5250000,5250000,Lunas,Loket Kampus
PAY0007157,24SI0033,2024G,2024-09-30,5250000,5250000,Lunas,Transfer Bank
PAY0007158,24SI0034,2024G,2024-09-12,5250000,5250000,Lunas,E-Wallet
PAY0007159,24SI0035,2024G,2024-08-21,5250000,5250000,Lunas,E-Wallet
PAY0007160,24SI0036,2024G,2024-10-04,5250000,5250000,Lunas,VA Bank
PAY0007161,24SI0037,2024G,2024-09-16,5250000,5250000,Lunas,Transfer Bank
PAY0007162,24SI0038,2024G,2024-09-14,5250000,5250000,Lunas,VA Bank
PAY0007163,24SI0039,2024G,2024-09-01,5250000,5250000,Lunas,Loket Kampus
PAY0007164,24SI0040,2024G,2024-08-31,5250000,5250000,Lunas,VA Bank
PAY0007165,24SI0041,2024G,2024-10-03,5250000,5250000,Lunas,Transfer Bank
PAY0007166,24SI0042,2024G,2024-08-20,5250000,5250000,Lunas,VA Bank
PAY0007167,24SI0043,2024G,27/09/2024,5250000,5250000,Lunas,Loket Kampus
PAY0007168,24SI0044,2024G,2024-09-16,5250000,5250000,Lunas,VA Bank
PAY0007169,24SI0045,2024G,30/08/2024,5250000,5250000,Lunas,VA Bank
PAY0007170,24SI0046,2024G,2024-08-23,5250000,5250000,Lunas,Loket Kampus
PAY0007171,24SI0047,2024G,2024-09-29,5250000,5250000,Lunas,Transfer Bank
PAY0007172,24SI0048,2024G,2024-09-03,5250000,5250000,Lunas,VA Bank
PAY0007173,24SI0049,2024G,2024-09-13,5250000,5250000,Lunas,Loket Kampus
PAY0007174,24SI0050,2024G,2024-09-19,5250000,5250000,Lunas,E-Wallet
PAY0007175,24SI0051,2024G,18/09/2024,5250000,5250000,Lunas,Loket Kampus
PAY0007176,24SI0052,2024G,29-Aug-2024,5250000,5250000,Lunas,E-Wallet
PAY0007177,24SI0053,2024G,2024-09-03,5250000,5250000,Lunas,E-Wallet
PAY0007178,24SI0054,2024G,2024-09-03,5250000,5250000,Lunas,Transfer Bank
PAY0007179,24SI0055,2024G,2024-09-07,5250000,5250000,Lunas,VA Bank
PAY0007180,24SI0056,2024G,28-Aug-2024,5250000,5250000,Lunas,Transfer Bank
PAY0007181,24SI0057,2024G,2024-09-06,5250000,5250000,Lunas,Loket Kampus
PAY0007182,24SI0058,2024G,2024-09-12,5250000,5250000,Lunas,E-Wallet
PAY0007183,24SI0059,2024G,2024-09-02,5250000,5250000,Lunas,E-Wallet
PAY0007184,24SI0060,2024G,2024-09-16,5250000,5250000,Lunas,VA Bank
PAY0007185,24SI0061,2024G,05/09/2024,5250000,5250000,Lunas,Transfer Bank
PAY0007186,24SI0062,2024G,2024-09-16,5250000,5250000,Lunas,VA Bank
PAY0007187,24SI0063,2024G,2024-09-13,5250000,5250000,Lunas,VA Bank
PAY0007188,24SI0064,2024G,2024-08-21,5250000,5250000,Lunas,VA Bank
PAY0007189,24SI0065,2024G,04/10/2024,5250000,5250000,Lunas,VA Bank
PAY0007190,24SI0066,2024G,16-Sep-2024,5250000,5250000,Lunas,Transfer Bank
PAY0007191,24SI0067,2024G,2024-09-08,5250000,3700000,Cicilan,E-Wallet
PAY0007192,24SI0068,2024G,2024-09-16,5250000,3700000,Cicilan,E-Wallet
PAY0007193,24SI0069,2024G,2024-09-23,5250000,5250000,Lunas,Loket Kampus
PAY0007194,24SI0070,2024G,2024-10-02,5250000,2000000,Cicilan,Loket Kampus
PAY0007195,24SI0071,2024G,2024-09-02,5250000,5250000,Lunas,E-Wallet
PAY0007196,24SI0072,2024G,2024-09-23,5250000,5250000,Lunas,Transfer Bank
PAY0007197,24SI0073,2024G,2024-08-27,5250000,5250000,Lunas,VA Bank
PAY0007198,24SI0074,2024G,2024-09-13,5250000,5250000,Lunas,E-Wallet
PAY0007199,24SI0075,2024G,2024-08-26,5250000,5250000,Lunas,Transfer Bank
PAY0007200,24SI0076,2024G,2024-08-25,5250000,5250000,Lunas,E-Wallet
PAY0007201,24SI0077,2024G,2024-10-01,5250000,5250000,Lunas,Loket Kampus
PAY0007202,24SI0078,2024G,2024-09-21,5250000,5250000,Lunas,E-Wallet
PAY0007203,24SI0079,2024G,31-Aug-2024,5250000,3000000,Cicilan,Transfer Bank
PAY0007204,24SI0080,2024G,2024-09-29,5250000,5250000,Lunas,Transfer Bank
PAY0007205,24SI0081,2024G,2024-09-12,5250000,5250000,Lunas,E-Wallet
PAY0007206,24SI0082,2024G,2024-08-29,5250000,3200000,Cicilan,Transfer Bank
PAY0007207,24SI0083,2024G,18-Sep-2024,5250000,5250000,Lunas,Loket Kampus
PAY0007208,24SI0084,2024G,31/08/2024,5250000,5250000,Lunas,Transfer Bank
PAY0007209,24SI0085,2024G,2024-10-04,5250000,5250000,Lunas,Transfer Bank
PAY0007210,24SI0086,2024G,2024-09-03,5250000,5250000,Lunas,Loket Kampus
PAY0007211,24SI0087,2024G,2024-09-20,5250000,5250000,Lunas,Loket Kampus
PAY0007212,24SI0088,2024G,2024-09-23,5250000,5250000,Lunas,E-Wallet
PAY0007213,24SI0089,2024G,2024-09-08,5250000,5250000,Lunas,Loket Kampus
PAY0007214,24SI0090,2024G,2024-08-23,5250000,5250000,Lunas,Loket Kampus
PAY0007215,24SI0091,2024G,03-Oct-2024,5250000,5250000,Lunas,E-Wallet
PAY0007216,24SI0092,2024G,,5250000,0,Belum Lunas,Transfer Bank
PAY0007217,24SI0093,2024G,2024-09-22,5250000,5250000,Lunas,E-Wallet
PAY0007218,24SI0094,2024G,2024-09-30,5250000,5250000,Lunas,Loket Kampus
PAY0007219,24IF0001,2024G,10/09/2024,5750000,5750000,Lunas,VA Bank
PAY0007220,24IF0002,2024G,2024-09-03,5750000,5750000,Lunas,VA Bank
PAY0007221,24IF0003,2024G,2024-08-27,5750000,5750000,Lunas,Loket Kampus
PAY0007222,24IF0004,2024G,2024-09-27,5750000,5750000,Lunas,Loket Kampus
PAY0007223,24IF0005,2024G,2024-09-18,5750000,5750000,Lunas,Transfer Bank
PAY0007224,24IF0006,2024G,25/09/2024,5750000,5750000,Lunas,Loket Kampus
PAY0007225,24IF0007,2024G,2024-10-01,5750000,5750000,Lunas,E-Wallet
PAY0007226,24IF0008,2024G,2024-08-24,5750000,3000000,Cicilan,E-Wallet
PAY0007227,24IF0009,2024G,2024-09-20,5750000,5750000,Lunas,VA Bank
PAY0007228,24IF0010,2024G,2024-10-01,5750000,5750000,Lunas,E-Wallet
PAY0007229,24IF0011,2024G,2024-08-21,5750000,5750000,Lunas,Transfer Bank
PAY0007230,24IF0012,2024G,2024-08-28,5750000,5750000,Lunas,Loket Kampus
PAY0007231,24IF0013,2024G,13/09/2024,5750000,2400000,Cicilan,VA Bank
PAY0007232,24IF0014,2024G,2024-10-03,5750000,5750000,Lunas,Loket Kampus
PAY0007233,24IF0015,2024G,28-Aug-2024,5750000,5750000,Lunas,Transfer Bank
PAY0007234,24IF0016,2024G,2024-09-04,5750000,2100000,Cicilan,Transfer Bank
PAY0007235,24IF0017,2024G,2024-10-02,5750000,5750000,Lunas,Loket Kampus
PAY0007236,24IF0018,2024G,2024-10-04,5750000,5750000,Lunas,Loket Kampus
PAY0007237,24IF0019,2024G,2024-10-03,5750000,5750000,Lunas,VA Bank
PAY0007238,24IF0020,2024G,2024-09-20,5750000,5750000,Lunas,VA Bank
PAY0007239,24IF0021,2024G,13/09/2024,5750000,5750000,Lunas,Loket Kampus
PAY0007240,24IF0022,2024G,2024-09-05,5750000,5750000,Lunas,Transfer Bank
PAY0007241,24IF0023,2024G,2024-09-07,5750000,5750000,Lunas,Loket Kampus
PAY0007242,24IF0024,2024G,2024-08-30,5750000,5750000,Lunas,Transfer Bank
PAY0007243,24IF0025,2024G,2024-09-27,5750000,5750000,Lunas,E-Wallet
PAY0007244,24IF0026,2024G,2024-09-16,5750000,5750000,Lunas,Transfer Bank
PAY0007245,24IF0027,2024G,07/09/2024,5750000,4000000,Cicilan,Transfer Bank
PAY0007246,24IF0028,2024G,2024-10-02,5750000,5750000,Lunas,VA Bank
PAY0007247,24IF0029,2024G,2024-08-23,5750000,5750000,Lunas,Transfer Bank
PAY0007248,24IF0030,2024G,2024-09-15,5750000,5750000,Lunas,Loket Kampus
PAY0007249,24IF0031,2024G,2024-09-30,5750000,5750000,Lunas,VA Bank
PAY0007250,24IF0032,2024G,2024-09-28,5750000,5750000,Lunas,Loket Kampus
PAY0007251,24IF0033,2024G,2024-09-14,5750000,5750000,Lunas,Transfer Bank
PAY0007252,24IF0034,2024G,2024-08-23,5750000,5750000,Lunas,Loket Kampus
PAY0007253,24IF0035,2024G,2024-08-22,5750000,2100000,Cicilan,Loket Kampus
PAY0007254,24IF0036,2024G,30/08/2024,5750000,5750000,Lunas,VA Bank
PAY0007255,24IF0037,2024G,2024-08-31,5750000,2200000,Cicilan,Transfer Bank
PAY0007256,24IF0038,2024G,14/09/2024,5750000,4100000,Cicilan,E-Wallet
PAY0007257,24IF0039,2024G,2024-09-03,5750000,3700000,Cicilan,VA Bank
PAY0007258,24IF0040,2024G,15-Sep-2024,5750000,5750000,Lunas,Transfer Bank
PAY0007259,24IF0041,2024G,2024-09-27,5750000,5750000,Lunas,Loket Kampus
PAY0007260,24IF0042,2024G,2024-09-10,5750000,5750000,Lunas,E-Wallet
PAY0007261,24IF0043,2024G,2024-09-03,5750000,5750000,Lunas,Loket Kampus
PAY0007262,24IF0044,2024G,27/08/2024,5750000,5750000,Lunas,VA Bank
PAY0007263,24IF0045,2024G,2024-08-21,5750000,5750000,Lunas,VA Bank
PAY0007264,24IF0046,2024G,2024-09-23,5750000,5750000,Lunas,VA Bank
PAY0007265,24IF0047,2024G,2024-09-28,5750000,5750000,Lunas,VA Bank
PAY0007266,24IF0048,2024G,2024-09-13,5750000,5750000,Lunas,VA Bank
PAY0007267,24IF0049,2024G,2024-09-12,5750000,2100000,Cicilan,VA Bank
PAY0007268,24IF0050,2024G,08/09/2024,5750000,5750000,Lunas,VA Bank
PAY0007269,24IF0051,2024G,,5750000,0,Belum Lunas,Loket Kampus
PAY0007270,24IF0052,2024G,2024-09-27,5750000,5750000,Lunas,VA Bank
PAY0007271,24IF0053,2024G,06/09/2024,5750000,3500000,Cicilan,VA Bank
PAY0007272,24IF0054,2024G,2024-09-16,5750000,5750000,Lunas,Loket Kampus
PAY0007273,24IF0055,2024G,19/09/2024,5750000,4100000,Cicilan,Loket Kampus
PAY0007274,24IF0056,2024G,2024-10-01,5750000,5750000,Lunas,E-Wallet
PAY0007275,24IF0057,2024G,2024-08-30,5750000,5750000,Lunas,E-Wallet
PAY0007276,24IF0058,2024G,2024-09-19,5750000,3700000,Cicilan,VA Bank
PAY0007277,24IF0059,2024G,26-Sep-2024,5750000,5750000,Lunas,E-Wallet
PAY0007278,24IF0060,2024G,2024-09-06,5750000,5750000,Lunas,VA Bank
PAY0007279,24IF0061,2024G,2024-09-10,5750000,5750000,Lunas,VA Bank
PAY0007280,24IF0062,2024G,30-Sep-2024,5750000,5750000,Lunas,Transfer Bank
PAY0007281,24IF0063,2024G,26/08/2024,5750000,5750000,Lunas,E-Wallet
PAY0007282,24IF0064,2024G,2024-09-16,5750000,5750000,Lunas,Transfer Bank
PAY0007283,24IF0065,2024G,2024-08-31,5750000,5750000,Lunas,Loket Kampus
PAY0007284,24IF0066,2024G,27/08/2024,5750000,5750000,Lunas,Loket Kampus
PAY0007285,24IF0067,2024G,20/09/2024,5750000,5750000,Lunas,E-Wallet
PAY0007286,24IF0068,2024G,2024-09-15,5750000,5750000,Lunas,E-Wallet
PAY0007287,24IF0069,2024G,20/09/2024,5750000,5750000,Lunas,VA Bank
PAY0007288,24IF0070,2024G,2024-09-07,5750000,5750000,Lunas,E-Wallet
PAY0007289,24IF0071,2024G,2024-09-03,5750000,5750000,Lunas,VA Bank
PAY0007290,24IF0072,2024G,,5750000,0,Belum Lunas,E-Wallet
PAY0007291,24IF0073,2024G,23/09/2024,5750000,5750000,Lunas,Transfer Bank
PAY0007292,24IF0074,2024G,2024-08-30,5750000,5750000,Lunas,E-Wallet
PAY0007293,24IF0075,2024G,25-Sep-2024,5750000,5750000,Lunas,E-Wallet
PAY0007294,24IF0076,2024G,2024-08-31,5750000,3100000,Cicilan,E-Wallet
PAY0007295,24IF0077,2024G,2024-09-24,5750000,5750000,Lunas,Loket Kampus
PAY0007296,24IF0078,2024G,2024-09-11,5750000,5750000,Lunas,Loket Kampus
PAY0007297,24IF0079,2024G,2024-09-12,5750000,5750000,Lunas,VA Bank
PAY0007298,24IF0080,2024G,23/09/2024,5750000,5750000,Lunas,Loket Kampus
PAY0007299,24IF0081,2024G,19/09/2024,5750000,5750000,Lunas,Loket Kampus
PAY0007300,24IF0082,2024G,2024-09-07,5750000,5750000,Lunas,Transfer Bank
PAY0007301,24IF0083,2024G,2024-08-20,5750000,5750000,Lunas,Loket Kampus
PAY0007302,24IF0084,2024G,2024-09-07,5750000,5750000,Lunas,VA Bank
PAY0007303,24IF0085,2024G,23-Aug-2024,5750000,4300000,Cicilan,Transfer Bank
PAY0007304,24IF0086,2024G,2024-08-30,5750000,5750000,Lunas,E-Wallet
PAY0007305,24IF0087,2024G,23/09/2024,5750000,5750000,Lunas,VA Bank
PAY0007306,24IF0088,2024G,2024-09-10,5750000,5750000,Lunas,Loket Kampus
PAY0007307,24IF0089,2024G,04/10/2024,5750000,5750000,Lunas,VA Bank
PAY0007308,24IF0090,2024G,2024-08-28,5750000,2700000,Cicilan,Transfer Bank
PAY0007309,24IF0091,2024G,2024-09-05,5750000,5750000,Lunas,VA Bank
PAY0007310,24IF0092,2024G,,5750000,0,Belum Lunas,Loket Kampus
PAY0007311,24IF0093,2024G,2024-09-25,5750000,5750000,Lunas,Loket Kampus
PAY0007312,24IF0094,2024G,27-Sep-2024,5750000,5750000,Lunas,Transfer Bank
PAY0007313,24IF0095,2024G,01-Sep-2024,5750000,2300000,Cicilan,E-Wallet
PAY0007314,24IF0096,2024G,2024-09-13,5750000,5750000,Lunas,Transfer Bank
PAY0007315,24IF0097,2024G,31/08/2024,5750000,5750000,Lunas,VA Bank
PAY0007316,24IF0098,2024G,2024-09-24,5750000,5750000,Lunas,VA Bank
PAY0007317,24IF0099,2024G,2024-09-23,5750000,5750000,Lunas,VA Bank
PAY0007318,24DS0001,2024G,2024-09-01,6000000,6000000,Lunas,VA Bank
PAY0007319,24DS0002,2024G,22/08/2024,6000000,2300000,Cicilan,Transfer Bank
PAY0007320,24DS0003,2024G,2024-09-04,6000000,6000000,Lunas,Loket Kampus
PAY0007321,24DS0004,2024G,2024-09-03,6000000,6000000,Lunas,Transfer Bank
PAY0007322,24DS0005,2024G,2024-09-16,6000000,6000000,Lunas,E-Wallet
PAY0007323,24DS0006,2024G,25-Aug-2024,6000000,6000000,Lunas,Loket Kampus
PAY0007324,24DS0007,2024G,2024-08-23,6000000,6000000,Lunas,VA Bank
PAY0007325,24DS0008,2024G,22/09/2024,6000000,6000000,Lunas,Loket Kampus
PAY0007326,24DS0009,2024G,2024-09-11,6000000,6000000,Lunas,Transfer Bank
PAY0007327,24DS0010,2024G,19/09/2024,6000000,6000000,Lunas,Loket Kampus
PAY0007328,24DS0011,2024G,2024-09-06,6000000,6000000,Lunas,E-Wallet
PAY0007329,24DS0012,2024G,2024-09-16,6000000,6000000,Lunas,Loket Kampus
PAY0007330,24DS0013,2024G,17/09/2024,6000000,6000000,Lunas,VA Bank
PAY0007331,24DS0014,2024G,2024-09-29,6000000,6000000,Lunas,E-Wallet
PAY0007332,24DS0015,2024G,2024-09-04,6000000,6000000,Lunas,Transfer Bank
PAY0007333,24DS0016,2024G,01-Oct-2024,6000000,6000000,Lunas,Transfer Bank
PAY0007334,24DS0017,2024G,2024-08-28,6000000,6000000,Lunas,VA Bank
PAY0007335,24DS0018,2024G,20/08/2024,6000000,6000000,Lunas,E-Wallet
PAY0007336,24DS0019,2024G,2024-08-28,6000000,6000000,Lunas,VA Bank
PAY0007337,24DS0020,2024G,03-Sep-2024,6000000,2400000,Cicilan,E-Wallet
PAY0007338,24DS0021,2024G,2024-09-16,6000000,6000000,Lunas,E-Wallet
PAY0007339,24DS0022,2024G,2024-08-31,6000000,6000000,Lunas,VA Bank
PAY0007340,24DS0023,2024G,2024-09-08,6000000,6000000,Lunas,VA Bank
PAY0007341,24DS0024,2024G,2024-09-24,6000000,6000000,Lunas,E-Wallet
PAY0007342,24DS0025,2024G,31/08/2024,6000000,6000000,Lunas,Transfer Bank
PAY0007343,24DS0026,2024G,2024-09-21,6000000,3500000,Cicilan,VA Bank
PAY0007344,24DS0027,2024G,2024-09-01,6000000,6000000,Lunas,Loket Kampus
PAY0007345,24DS0028,2024G,22/09/2024,6000000,6000000,Lunas,VA Bank
PAY0007346,24DS0029,2024G,2024-09-27,6000000,6000000,Lunas,Transfer Bank
PAY0007347,24DS0030,2024G,2024-08-29,6000000,6000000,Lunas,Loket Kampus
PAY0007348,24DS0031,2024G,2024-10-02,6000000,6000000,Lunas,E-Wallet
PAY0007349,24DS0032,2024G,2024-08-29,6000000,6000000,Lunas,Transfer Bank
PAY0007350,24DS0033,2024G,2024-09-03,6000000,6000000,Lunas,E-Wallet
PAY0007351,24DS0034,2024G,2024-10-03,6000000,6000000,Lunas,VA Bank
PAY0007352,24DS0035,2024G,2024-09-22,6000000,6000000,Lunas,VA Bank
PAY0007353,24DS0036,2024G,01/10/2024,6000000,6000000,Lunas,Transfer Bank
PAY0007354,24DS0037,2024G,2024-09-05,6000000,6000000,Lunas,Loket Kampus
PAY0007355,24DS0038,2024G,2024-09-02,6000000,6000000,Lunas,Transfer Bank
PAY0007356,24DS0039,2024G,2024-08-22,6000000,6000000,Lunas,VA Bank
PAY0007357,24DS0040,2024G,29/08/2024,6000000,6000000,Lunas,Loket Kampus
PAY0007358,24DS0041,2024G,,6000000,0,Belum Lunas,VA Bank
PAY0007359,24DS0042,2024G,2024-10-02,6000000,6000000,Lunas,Transfer Bank
PAY0007360,24DS0043,2024G,2024-08-22,6000000,6000000,Lunas,E-Wallet
PAY0007361,24DS0044,2024G,12-Sep-2024,6000000,3600000,Cicilan,VA Bank
PAY0007362,24DS0045,2024G,,6000000,0,Belum Lunas,Transfer Bank
PAY0007363,24DS0046,2024G,20/08/2024,6000000,6000000,Lunas,VA Bank
PAY0007364,24DS0047,2024G,2024-10-04,6000000,6000000,Lunas,VA Bank
PAY0007365,24DS0048,2024G,2024-09-11,6000000,6000000,Lunas,VA Bank
PAY0007366,24DS0049,2024G,02/10/2024,6000000,6000000,Lunas,VA Bank
PAY0007367,24DS0050,2024G,2024-09-25,6000000,6000000,Lunas,VA Bank
PAY0007368,24DS0051,2024G,2024-09-27,6000000,6000000,Lunas,VA Bank
PAY0007369,24DS0052,2024G,2024-09-23,6000000,6000000,Lunas,Loket Kampus
PAY0007370,24DS0053,2024G,15/09/2024,6000000,6000000,Lunas,Loket Kampus
PAY0007371,24DS0054,2024G,11/09/2024,6000000,6000000,Lunas,VA Bank
PAY0007372,24DS0055,2024G,2024-09-01,6000000,6000000,Lunas,VA Bank
PAY0007373,24DS0056,2024G,2024-09-19,6000000,6000000,Lunas,E-Wallet
PAY0007374,24DS0057,2024G,17/09/2024,6000000,6000000,Lunas,E-Wallet
PAY0007375,24DS0058,2024G,25-Aug-2024,6000000,6000000,Lunas,Transfer Bank
PAY0007376,24DS0059,2024G,2024-09-01,6000000,6000000,Lunas,E-Wallet
PAY0007377,24DS0060,2024G,30-Sep-2024,6000000,3800000,Cicilan,Transfer Bank
PAY0007378,24DS0061,2024G,2024-08-28,6000000,6000000,Lunas,VA Bank
PAY0007379,24DS0062,2024G,2024-09-06,6000000,6000000,Lunas,Loket Kampus
PAY0007380,24DS0063,2024G,2024-08-24,6000000,6000000,Lunas,Transfer Bank
PAY0007381,24DS0064,2024G,28/09/2024,6000000,6000000,Lunas,VA Bank
PAY0007382,24DS0065,2024G,17/09/2024,6000000,6000000,Lunas,VA Bank
PAY0007383,24DS0066,2024G,2024-09-20,6000000,6000000,Lunas,VA Bank
PAY0007384,24DS0067,2024G,2024-09-25,6000000,6000000,Lunas,Transfer Bank
PAY0007385,24DS0068,2024G,2024-09-12,6000000,6000000,Lunas,VA Bank
PAY0007386,24DS0069,2024G,,6000000,0,Belum Lunas,Transfer Bank
PAY0007387,24DS0070,2024G,01-Sep-2024,6000000,6000000,Lunas,VA Bank
PAY0007388,24DS0071,2024G,2024-09-09,6000000,6000000,Lunas,Loket Kampus
PAY0007389,24DS0072,2024G,2024-08-25,6000000,6000000,Lunas,Transfer Bank
PAY0007390,24DS0073,2024G,30/08/2024,6000000,6000000,Lunas,VA Bank
PAY0007391,24DS0074,2024G,,6000000,0,Belum Lunas,Loket Kampus
PAY0007392,24DS0075,2024G,06-Sep-2024,6000000,6000000,Lunas,Transfer Bank
PAY0007393,24DS0076,2024G,2024-09-25,6000000,6000000,Lunas,Loket Kampus
PAY0007394,24DS0077,2024G,2024-09-17,6000000,6000000,Lunas,Transfer Bank
PAY0007395,24DS0078,2024G,30/09/2024,6000000,6000000,Lunas,Loket Kampus
PAY0007396,24TR0001,2024G,2024-08-22,5700000,5700000,Lunas,Loket Kampus
PAY0007397,24TR0002,2024G,2024-09-11,5700000,5700000,Lunas,VA Bank
PAY0007398,24TR0003,2024G,,5700000,0,Belum Lunas,Transfer Bank
PAY0007399,24TR0004,2024G,2024-09-22,5700000,5700000,Lunas,VA Bank
PAY0007400,24TR0005,2024G,2024-09-30,5700000,5700000,Lunas,Transfer Bank
PAY0007401,24TR0006,2024G,2024-09-20,5700000,5700000,Lunas,Loket Kampus
PAY0007402,24TR0007,2024G,2024-09-05,5700000,5700000,Lunas,E-Wallet
PAY0007403,24TR0008,2024G,2024-09-05,5700000,5700000,Lunas,VA Bank
PAY0007404,24TR0009,2024G,23/09/2024,5700000,5700000,Lunas,VA Bank
PAY0007405,24TR0010,2024G,09-Sep-2024,5700000,5700000,Lunas,Loket Kampus
PAY0007406,24TR0011,2024G,2024-08-31,5700000,5700000,Lunas,E-Wallet
PAY0007407,24TR0012,2024G,2024-08-29,5700000,5700000,Lunas,Transfer Bank
PAY0007408,24TR0013,2024G,2024-09-28,5700000,5700000,Lunas,Transfer Bank
PAY0007409,24TR0014,2024G,12/09/2024,5700000,5700000,Lunas,VA Bank
PAY0007410,24TR0015,2024G,2024-08-30,5700000,5700000,Lunas,VA Bank
PAY0007411,24TR0016,2024G,2024-09-07,5700000,5700000,Lunas,Loket Kampus
PAY0007412,24TR0017,2024G,2024-10-01,5700000,5700000,Lunas,E-Wallet
PAY0007413,24TR0018,2024G,01/09/2024,5700000,5700000,Lunas,Loket Kampus
PAY0007414,24TR0019,2024G,2024-08-25,5700000,5700000,Lunas,E-Wallet
PAY0007415,24TR0020,2024G,2024-09-22,5700000,5700000,Lunas,Loket Kampus
PAY0007416,24TR0021,2024G,26/08/2024,5700000,5700000,Lunas,Loket Kampus
PAY0007417,24TR0022,2024G,2024-10-03,5700000,5700000,Lunas,VA Bank
PAY0007418,24TR0023,2024G,2024-09-06,5700000,5700000,Lunas,E-Wallet
PAY0007419,24TR0024,2024G,2024-08-21,5700000,5700000,Lunas,VA Bank
PAY0007420,24TR0025,2024G,2024-09-16,5700000,5700000,Lunas,Transfer Bank
PAY0007421,24TR0026,2024G,2024-08-26,5700000,5700000,Lunas,E-Wallet
PAY0007422,24TR0027,2024G,2024-09-12,5700000,5700000,Lunas,E-Wallet
PAY0007423,24TR0028,2024G,2024-09-06,5700000,4000000,Cicilan,Loket Kampus
PAY0007424,24TR0029,2024G,2024-09-04,5700000,5700000,Lunas,Transfer Bank
PAY0007425,24TR0030,2024G,2024-08-27,5700000,5700000,Lunas,Loket Kampus
PAY0007426,24TR0031,2024G,23/09/2024,5700000,4200000,Cicilan,Loket Kampus
PAY0007427,24TR0032,2024G,2024-08-21,5700000,5700000,Lunas,E-Wallet
PAY0007428,24TR0033,2024G,13/09/2024,5700000,5700000,Lunas,E-Wallet
PAY0007429,24TR0034,2024G,2024-10-04,5700000,5700000,Lunas,Loket Kampus
PAY0007430,24TR0035,2024G,30/08/2024,5700000,5700000,Lunas,E-Wallet
PAY0007431,24TR0036,2024G,2024-08-29,5700000,5700000,Lunas,VA Bank
PAY0007432,24TR0037,2024G,19-Sep-2024,5700000,5700000,Lunas,Transfer Bank
PAY0007433,24TR0038,2024G,2024-09-14,5700000,5700000,Lunas,VA Bank
PAY0007434,24TR0039,2024G,2024-09-21,5700000,5700000,Lunas,E-Wallet
PAY0007435,24TR0040,2024G,2024-09-09,5700000,5700000,Lunas,VA Bank
PAY0007436,24TR0041,2024G,2024-09-25,5700000,5700000,Lunas,Loket Kampus
PAY0007437,24TR0042,2024G,02/10/2024,5700000,5700000,Lunas,Loket Kampus
PAY0007438,24TR0043,2024G,2024-09-07,5700000,5700000,Lunas,E-Wallet
PAY0007439,24TR0044,2024G,2024-08-22,5700000,5700000,Lunas,VA Bank
PAY0007440,24TR0045,2024G,,5700000,0,Belum Lunas,E-Wallet
PAY0007441,24TR0046,2024G,29/09/2024,5700000,5700000,Lunas,Loket Kampus
PAY0007442,24TR0047,2024G,2024-10-03,5700000,5700000,Lunas,Transfer Bank
PAY0007443,24TR0048,2024G,2024-09-28,5700000,5700000,Lunas,VA Bank
PAY0007444,24TR0049,2024G,25-Aug-2024,5700000,5700000,Lunas,Loket Kampus
PAY0007445,24TR0050,2024G,2024-09-28,5700000,5700000,Lunas,E-Wallet
PAY0007446,24TR0051,2024G,02/10/2024,5700000,5700000,Lunas,Loket Kampus
PAY0007447,24TR0052,2024G,17/09/2024,5700000,5700000,Lunas,VA Bank
PAY0007448,24TR0053,2024G,2024-09-11,5700000,5700000,Lunas,Loket Kampus
PAY0007449,24TR0054,2024G,2024-09-12,5700000,5700000,Lunas,E-Wallet
PAY0007450,24TR0055,2024G,2024-08-23,5700000,5700000,Lunas,Transfer Bank
PAY0007451,24TR0056,2024G,2024-09-05,5700000,5700000,Lunas,E-Wallet
PAY0007452,24TR0057,2024G,25/08/2024,5700000,5700000,Lunas,VA Bank
PAY0007453,24TR0058,2024G,2024-08-29,5700000,5700000,Lunas,Transfer Bank
PAY0007454,24TR0059,2024G,,5700000,0,Belum Lunas,VA Bank
PAY0007455,24TR0060,2024G,24-Sep-2024,5700000,5700000,Lunas,VA Bank
PAY0007456,24TR0061,2024G,2024-09-19,5700000,5700000,Lunas,E-Wallet
PAY0007457,24TR0062,2024G,2024-09-16,5700000,5700000,Lunas,E-Wallet
PAY0007458,24TR0063,2024G,15-Sep-2024,5700000,5700000,Lunas,E-Wallet
PAY0007459,24TR0064,2024G,2024-08-31,5700000,5700000,Lunas,E-Wallet
PAY0007460,24TR0065,2024G,2024-09-15,5700000,5700000,Lunas,Transfer Bank
PAY0007461,24TR0066,2024G,2024-08-26,5700000,5700000,Lunas,Transfer Bank
PAY0007462,24TR0067,2024G,26/08/2024,5700000,2300000,Cicilan,Transfer Bank
PAY0007463,24TR0068,2024G,2024-09-19,5700000,5700000,Lunas,Transfer Bank
PAY0007464,24TR0069,2024G,2024-09-19,5700000,5700000,Lunas,Loket Kampus
PAY0007465,24TR0070,2024G,2024-08-20,5700000,5700000,Lunas,VA Bank
PAY0007466,24TR0071,2024G,2024-08-31,5700000,5700000,Lunas,Loket Kampus
PAY0007467,24TR0072,2024G,15/09/2024,5700000,5700000,Lunas,Transfer Bank
PAY0007468,24TR0073,2024G,2024-09-19,5700000,5700000,Lunas,Transfer Bank
PAY0007469,24TR0074,2024G,2024-09-25,5700000,5700000,Lunas,E-Wallet
PAY0007470,24TR0075,2024G,2024-09-19,5700000,5700000,Lunas,Transfer Bank
PAY0007471,24TR0076,2024G,2024-09-11,5700000,5700000,Lunas,Transfer Bank
PAY0007472,24TR0077,2024G,18/09/2024,5700000,5700000,Lunas,E-Wallet
PAY0007473,24BD0001,2024G,2024-09-22,5000000,5000000,Lunas,VA Bank
PAY0007474,24BD0002,2024G,06/09/2024,5000000,5000000,Lunas,Transfer Bank
PAY0007475,24BD0003,2024G,2024-08-20,5000000,5000000,Lunas,Transfer Bank
PAY0007476,24BD0004,2024G,2024-10-01,5000000,5000000,Lunas,Transfer Bank
PAY0007477,24BD0005,2024G,2024-09-01,5000000,5000000,Lunas,VA Bank
PAY0007478,24BD0006,2024G,2024-09-05,5000000,5000000,Lunas,VA Bank
PAY0007479,24BD0007,2024G,2024-09-23,5000000,5000000,Lunas,Transfer Bank
PAY0007480,24BD0008,2024G,23/08/2024,5000000,5000000,Lunas,Transfer Bank
PAY0007481,24BD0009,2024G,,5000000,0,Belum Lunas,Transfer Bank
PAY0007482,24BD0010,2024G,07-Sep-2024,5000000,5000000,Lunas,Loket Kampus
PAY0007483,24BD0011,2024G,2024-08-28,5000000,5000000,Lunas,Loket Kampus
PAY0007484,24BD0012,2024G,2024-09-18,5000000,3300000,Cicilan,Transfer Bank
PAY0007485,24BD0013,2024G,2024-09-25,5000000,5000000,Lunas,Loket Kampus
PAY0007486,24BD0014,2024G,2024-09-30,5000000,3200000,Cicilan,Loket Kampus
PAY0007487,24BD0015,2024G,2024-09-22,5000000,5000000,Lunas,VA Bank
PAY0007488,24BD0016,2024G,2024-09-02,5000000,5000000,Lunas,E-Wallet
PAY0007489,24BD0017,2024G,2024-09-20,5000000,5000000,Lunas,VA Bank
PAY0007490,24BD0018,2024G,12/09/2024,5000000,3100000,Cicilan,VA Bank
PAY0007491,24BD0019,2024G,,5000000,0,Belum Lunas,VA Bank
PAY0007492,24BD0020,2024G,2024-10-04,5000000,5000000,Lunas,VA Bank
PAY0007493,24BD0021,2024G,2024-09-28,5000000,5000000,Lunas,Loket Kampus
PAY0007494,24BD0022,2024G,2024-08-29,5000000,2700000,Cicilan,Loket Kampus
PAY0007495,24BD0023,2024G,,5000000,0,Belum Lunas,E-Wallet
PAY0007496,24BD0024,2024G,2024-09-04,5000000,2500000,Cicilan,E-Wallet
PAY0007497,24BD0025,2024G,2024-08-26,5000000,5000000,Lunas,Transfer Bank
PAY0007498,24BD0026,2024G,2024-08-24,5000000,5000000,Lunas,Transfer Bank
PAY0007499,24BD0027,2024G,2024-09-15,5000000,5000000,Lunas,E-Wallet
PAY0007500,24BD0028,2024G,2024-08-23,5000000,3200000,Cicilan,Transfer Bank
PAY0007501,24BD0029,2024G,25/08/2024,5000000,5000000,Lunas,E-Wallet
PAY0007502,24BD0030,2024G,2024-08-25,5000000,5000000,Lunas,Loket Kampus
PAY0007503,24BD0031,2024G,21/08/2024,5000000,5000000,Lunas,VA Bank
PAY0007504,24BD0032,2024G,2024-09-30,5000000,5000000,Lunas,Transfer Bank
PAY0007505,24BD0033,2024G,2024-09-12,5000000,5000000,Lunas,VA Bank
PAY0007506,24BD0034,2024G,2024-09-23,5000000,5000000,Lunas,VA Bank
PAY0007507,24BD0035,2024G,2024-09-22,5000000,5000000,Lunas,E-Wallet
PAY0007508,24BD0036,2024G,24/09/2024,5000000,5000000,Lunas,VA Bank
PAY0007509,24BD0037,2024G,2024-09-14,5000000,5000000,Lunas,E-Wallet
PAY0007510,24BD0038,2024G,2024-09-19,5000000,5000000,Lunas,VA Bank
PAY0007511,24BD0039,2024G,28/08/2024,5000000,5000000,Lunas,Transfer Bank
PAY0007512,24BD0040,2024G,2024-08-29,5000000,5000000,Lunas,Loket Kampus
PAY0007513,24BD0041,2024G,2024-09-11,5000000,5000000,Lunas,VA Bank
PAY0007514,24BD0042,2024G,2024-09-08,5000000,5000000,Lunas,Transfer Bank
PAY0007515,24BD0043,2024G,2024-09-25,5000000,5000000,Lunas,Transfer Bank
PAY0007516,24BD0044,2024G,2024-09-06,5000000,3600000,Cicilan,E-Wallet
PAY0007517,24BD0045,2024G,2024-09-17,5000000,5000000,Lunas,E-Wallet
PAY0007518,24BD0046,2024G,2024-09-08,5000000,5000000,Lunas,VA Bank
PAY0007519,24BD0047,2024G,24-Sep-2024,5000000,5000000,Lunas,Transfer Bank
PAY0007520,24BD0048,2024G,09-Sep-2024,5000000,5000000,Lunas,Loket Kampus
PAY0007521,24BD0049,2024G,2024-09-03,5000000,5000000,Lunas,Transfer Bank
PAY0007522,24BD0050,2024G,2024-09-10,5000000,5000000,Lunas,VA Bank
PAY0007523,24BD0051,2024G,2024-08-21,5000000,5000000,Lunas,Transfer Bank
PAY0007524,24BD0052,2024G,2024-09-21,5000000,5000000,Lunas,E-Wallet
PAY0007525,24BD0053,2024G,2024-09-17,5000000,5000000,Lunas,Loket Kampus
PAY0007526,24BD0054,2024G,24/09/2024,5000000,5000000,Lunas,Loket Kampus
PAY0007527,24BD0055,2024G,,5000000,0,Belum Lunas,E-Wallet
PAY0007528,24BD0056,2024G,2024-09-11,5000000,5000000,Lunas,E-Wallet
PAY0007529,24BD0057,2024G,2024-09-21,5000000,5000000,Lunas,VA Bank
PAY0007530,24BD0058,2024G,13/09/2024,5000000,5000000,Lunas,Loket Kampus
PAY0007531,24BD0059,2024G,26/09/2024,5000000,2400000,Cicilan,Loket Kampus
PAY0007532,24BD0060,2024G,2024-09-20,5000000,5000000,Lunas,Loket Kampus
PAY0007533,24BD0061,2024G,2024-09-18,5000000,5000000,Lunas,Transfer Bank
PAY0007534,24BD0062,2024G,2024-08-20,5000000,5000000,Lunas,Loket Kampus
PAY0007535,24BD0063,2024G,2024-09-05,5000000,5000000,Lunas,Loket Kampus
PAY0007536,24BD0064,2024G,20/09/2024,5000000,5000000,Lunas,E-Wallet
PAY0007537,24BD0065,2024G,2024-09-16,5000000,3000000,Cicilan,E-Wallet
PAY0007538,24BD0066,2024G,2024-09-14,5000000,5000000,Lunas,Transfer Bank
PAY0007539,24BD0067,2024G,2024-08-31,5000000,5000000,Lunas,Transfer Bank
PAY0007540,24BD0068,2024G,2024-09-29,5000000,5000000,Lunas,E-Wallet
PAY0007541,24BD0069,2024G,2024-08-22,5000000,5000000,Lunas,VA Bank
PAY0007542,24BD0070,2024G,2024-09-21,5000000,5000000,Lunas,E-Wallet
PAY0007543,24BD0071,2024G,2024-09-22,5000000,1900000,Cicilan,E-Wallet
PAY0007544,24BD0072,2024G,15/09/2024,5000000,3600000,Cicilan,Loket Kampus
PAY0007545,24BD0073,2024G,24-Aug-2024,5000000,5000000,Lunas,VA Bank
PAY0007546,24BD0074,2024G,2024-09-30,5000000,5000000,Lunas,VA Bank
PAY0007547,24BD0075,2024G,04/10/2024,5000000,5000000,Lunas,E-Wallet
PAY0007548,24BD0076,2024G,28/08/2024,5000000,5000000,Lunas,E-Wallet
PAY0007549,24BD0077,2024G,2024-09-21,5000000,5000000,Lunas,E-Wallet
PAY0007550,24BD0078,2024G,2024-10-01,5000000,5000000,Lunas,E-Wallet
PAY0007551,21TI0001,2024E,22-Feb-2025,5500000,5500000,Lunas,E-Wallet
PAY0007552,21TI0002,2024E,2025-03-19,5500000,2000000,Cicilan,Loket Kampus
PAY0007553,21TI0003,2024E,27-Feb-2025,5500000,2400000,Cicilan,Transfer Bank
PAY0007554,21TI0004,2024E,2025-03-02,5500000,5500000,Lunas,Loket Kampus
PAY0007555,21TI0005,2024E,29-Mar-2025,5500000,5500000,Lunas,Transfer Bank
PAY0007556,21TI0006,2024E,2025-03-14,5500000,5500000,Lunas,E-Wallet
PAY0007557,21TI0007,2024E,2025-03-29,5500000,5500000,Lunas,VA Bank
PAY0007558,21TI0008,2024E,,5500000,0,Belum Lunas,VA Bank
PAY0007559,21TI0009,2024E,2025-03-17,5500000,5500000,Lunas,VA Bank
PAY0007560,21TI0010,2024E,2025-02-20,5500000,5500000,Lunas,Transfer Bank
PAY0007561,21TI0011,2024E,2025-03-06,5500000,5500000,Lunas,Loket Kampus
PAY0007562,21TI0012,2024E,06-Mar-2025,5500000,5500000,Lunas,VA Bank
PAY0007563,21TI0013,2024E,2025-02-21,5500000,5500000,Lunas,VA Bank
PAY0007564,21TI0014,2024E,2025-02-16,5500000,3600000,Cicilan,E-Wallet
PAY0007565,21TI0015,2024E,29/03/2025,5500000,5500000,Lunas,E-Wallet
PAY0007566,21TI0016,2024E,,5500000,0,Belum Lunas,E-Wallet
PAY0007567,21TI0017,2024E,2025-03-02,5500000,5500000,Lunas,E-Wallet
PAY0007568,21TI0018,2024E,2025-03-13,5500000,5500000,Lunas,Transfer Bank
PAY0007569,21TI0019,2024E,2025-02-27,5500000,5500000,Lunas,VA Bank
PAY0007570,21TI0020,2024E,27/03/2025,5500000,2300000,Cicilan,Transfer Bank
PAY0007571,21TI0021,2024E,,5500000,0,Belum Lunas,E-Wallet
PAY0007572,21TI0022,2024E,2025-03-08,5500000,5500000,Lunas,Loket Kampus
PAY0007573,21TI0023,2024E,2025-02-26,5500000,5500000,Lunas,E-Wallet
PAY0007574,21TI0024,2024E,,5500000,0,Belum Lunas,E-Wallet
PAY0007575,21TI0025,2024E,2025-03-14,5500000,5500000,Lunas,E-Wallet
PAY0007576,21TI0026,2024E,2025-03-08,5500000,3200000,Cicilan,E-Wallet
PAY0007577,21TI0027,2024E,2025-03-02,5500000,5500000,Lunas,Transfer Bank
PAY0007578,21TI0028,2024E,2025-03-15,5500000,5500000,Lunas,Loket Kampus
PAY0007579,21TI0029,2024E,2025-03-04,5500000,5500000,Lunas,Loket Kampus
PAY0007580,21TI0030,2024E,17-Feb-2025,5500000,5500000,Lunas,Transfer Bank
PAY0007581,21TI0031,2024E,2025-03-20,5500000,3600000,Cicilan,Transfer Bank
PAY0007582,21TI0032,2024E,17-Mar-2025,5500000,5500000,Lunas,VA Bank
PAY0007583,21TI0033,2024E,2025-02-15,5500000,5500000,Lunas,Loket Kampus
PAY0007584,21TI0034,2024E,2025-02-20,5500000,5500000,Lunas,E-Wallet
PAY0007585,21TI0035,2024E,15/02/2025,5500000,5500000,Lunas,E-Wallet
PAY0007586,21TI0036,2024E,2025-02-18,5500000,5500000,Lunas,Transfer Bank
PAY0007587,21TI0037,2024E,30/03/2025,5500000,3100000,Cicilan,VA Bank
PAY0007588,21TI0038,2024E,13-Mar-2025,5500000,5500000,Lunas,Transfer Bank
PAY0007589,21TI0039,2024E,2025-02-27,5500000,5500000,Lunas,VA Bank
PAY0007590,21TI0040,2024E,2025-03-11,5500000,2300000,Cicilan,E-Wallet
PAY0007591,21TI0041,2024E,21/02/2025,5500000,5500000,Lunas,Transfer Bank
PAY0007592,21TI0042,2024E,27/03/2025,5500000,5500000,Lunas,VA Bank
PAY0007593,21TI0043,2024E,2025-03-13,5500000,5500000,Lunas,VA Bank
PAY0007594,21TI0044,2024E,2025-03-08,5500000,5500000,Lunas,Loket Kampus
PAY0007595,21TI0045,2024E,2025-03-16,5500000,5500000,Lunas,Loket Kampus
PAY0007596,21TI0046,2024E,2025-03-25,5500000,5500000,Lunas,E-Wallet
PAY0007597,21TI0047,2024E,2025-02-15,5500000,5500000,Lunas,E-Wallet
PAY0007598,21TI0048,2024E,2025-04-01,5500000,5500000,Lunas,Loket Kampus
PAY0007599,21TI0049,2024E,2025-03-16,5500000,5500000,Lunas,E-Wallet
PAY0007600,21TI0050,2024E,2025-02-18,5500000,5500000,Lunas,Transfer Bank
PAY0007601,21TI0051,2024E,01/03/2025,5500000,5500000,Lunas,Transfer Bank
PAY0007602,21TI0052,2024E,2025-03-28,5500000,5500000,Lunas,Transfer Bank
PAY0007603,21TI0053,2024E,2025-03-04,5500000,5500000,Lunas,VA Bank
PAY0007604,21TI0054,2024E,23/03/2025,5500000,5500000,Lunas,VA Bank
PAY0007605,21TI0055,2024E,,5500000,0,Belum Lunas,Transfer Bank
PAY0007606,21TI0056,2024E,17-Feb-2025,5500000,5500000,Lunas,VA Bank
PAY0007607,21TI0057,2024E,2025-02-15,5500000,5500000,Lunas,VA Bank
PAY0007608,21TI0058,2024E,2025-03-07,5500000,5500000,Lunas,E-Wallet
PAY0007609,21TI0059,2024E,25/03/2025,5500000,5500000,Lunas,E-Wallet
PAY0007610,21TI0060,2024E,2025-02-28,5500000,5500000,Lunas,Loket Kampus
PAY0007611,21TI0061,2024E,2025-03-03,5500000,3300000,Cicilan,VA Bank
PAY0007612,21TI0062,2024E,2025-03-20,5500000,5500000,Lunas,Transfer Bank
PAY0007613,21TI0063,2024E,25/02/2025,5500000,5500000,Lunas,Transfer Bank
PAY0007614,21TI0064,2024E,2025-03-28,5500000,3000000,Cicilan,E-Wallet
PAY0007615,21TI0065,2024E,2025-02-23,5500000,5500000,Lunas,Transfer Bank
PAY0007616,21TI0066,2024E,2025-02-24,5500000,5500000,Lunas,Transfer Bank
PAY0007617,21TI0067,2024E,16/03/2025,5500000,5500000,Lunas,VA Bank
PAY0007618,21TI0068,2024E,2025-03-17,5500000,3400000,Cicilan,E-Wallet
PAY0007619,21TI0069,2024E,2025-02-28,5500000,5500000,Lunas,Transfer Bank
PAY0007620,21TI0070,2024E,,5500000,0,Belum Lunas,Transfer Bank
PAY0007621,21TI0071,2024E,04/03/2025,5500000,3400000,Cicilan,Transfer Bank
PAY0007622,21TI0072,2024E,20/02/2025,5500000,5500000,Lunas,E-Wallet
PAY0007623,21TI0073,2024E,23/02/2025,5500000,5500000,Lunas,Loket Kampus
PAY0007624,21TI0074,2024E,2025-03-21,5500000,5500000,Lunas,VA Bank
PAY0007625,21TI0075,2024E,2025-03-06,5500000,5500000,Lunas,VA Bank
PAY0007626,21TI0076,2024E,2025-03-26,5500000,5500000,Lunas,E-Wallet
PAY0007627,21TI0077,2024E,2025-03-11,5500000,4000000,Cicilan,Transfer Bank
PAY0007628,21TI0078,2024E,14/03/2025,5500000,5500000,Lunas,VA Bank
PAY0007629,21TI0079,2024E,06/03/2025,5500000,5500000,Lunas,Transfer Bank
PAY0007630,21TI0080,2024E,2025-03-05,5500000,5500000,Lunas,Transfer Bank
PAY0007631,21TI0081,2024E,16-Mar-2025,5500000,5500000,Lunas,Transfer Bank
PAY0007632,21TI0082,2024E,2025-03-09,5500000,5500000,Lunas,Transfer Bank
PAY0007633,21TI0083,2024E,2025-03-21,5500000,3400000,Cicilan,VA Bank
PAY0007634,21TI0084,2024E,2025-03-23,5500000,5500000,Lunas,Loket Kampus
PAY0007635,21TI0085,2024E,2025-03-18,5500000,5500000,Lunas,Transfer Bank
PAY0007636,21SI0001,2024E,13/03/2025,5250000,5250000,Lunas,E-Wallet
PAY0007637,21SI0002,2024E,2025-02-17,5250000,5250000,Lunas,Transfer Bank
PAY0007638,21SI0003,2024E,2025-03-28,5250000,5250000,Lunas,Transfer Bank
PAY0007639,21SI0004,2024E,08-Mar-2025,5250000,5250000,Lunas,Transfer Bank
PAY0007640,21SI0005,2024E,,5250000,0,Belum Lunas,Loket Kampus
PAY0007641,21SI0006,2024E,2025-03-30,5250000,5250000,Lunas,Transfer Bank
PAY0007642,21SI0007,2024E,2025-03-22,5250000,3000000,Cicilan,Transfer Bank
PAY0007643,21SI0008,2024E,19/02/2025,5250000,5250000,Lunas,VA Bank
PAY0007644,21SI0009,2024E,,5250000,0,Belum Lunas,Loket Kampus
PAY0007645,21SI0010,2024E,2025-03-20,5250000,5250000,Lunas,Loket Kampus
PAY0007646,21SI0011,2024E,16-Feb-2025,5250000,5250000,Lunas,VA Bank
PAY0007647,21SI0012,2024E,2025-03-26,5250000,5250000,Lunas,Loket Kampus
PAY0007648,21SI0013,2024E,,5250000,0,Belum Lunas,Transfer Bank
PAY0007649,21SI0014,2024E,2025-02-19,5250000,3100000,Cicilan,VA Bank
PAY0007650,21SI0015,2024E,2025-03-09,5250000,3400000,Cicilan,Transfer Bank
PAY0007651,21SI0016,2024E,2025-03-01,5250000,5250000,Lunas,VA Bank
PAY0007652,21SI0017,2024E,2025-03-20,5250000,5250000,Lunas,Loket Kampus
PAY0007653,21SI0018,2024E,2025-03-18,5250000,2300000,Cicilan,E-Wallet
PAY0007654,21SI0019,2024E,2025-02-19,5250000,5250000,Lunas,E-Wallet
PAY0007655,21SI0020,2024E,10-Mar-2025,5250000,5250000,Lunas,Transfer Bank
PAY0007656,21SI0021,2024E,2025-02-15,5250000,5250000,Lunas,VA Bank
PAY0007657,21SI0022,2024E,2025-03-04,5250000,3400000,Cicilan,Transfer Bank
PAY0007658,21SI0023,2024E,2025-02-16,5250000,5250000,Lunas,E-Wallet
PAY0007659,21SI0024,2024E,2025-03-20,5250000,5250000,Lunas,VA Bank
PAY0007660,21SI0025,2024E,08-Mar-2025,5250000,3600000,Cicilan,E-Wallet
PAY0007661,21SI0026,2024E,2025-02-22,5250000,5250000,Lunas,VA Bank
PAY0007662,21SI0027,2024E,2025-03-14,5250000,5250000,Lunas,Loket Kampus
PAY0007663,21SI0028,2024E,2025-03-17,5250000,5250000,Lunas,Transfer Bank
PAY0007664,21SI0029,2024E,2025-02-20,5250000,5250000,Lunas,Transfer Bank
PAY0007665,21SI0030,2024E,,5250000,0,Belum Lunas,Transfer Bank
PAY0007666,21SI0031,2024E,2025-03-23,5250000,5250000,Lunas,E-Wallet
PAY0007667,21SI0032,2024E,24-Feb-2025,5250000,5250000,Lunas,Transfer Bank
PAY0007668,21SI0033,2024E,,5250000,0,Belum Lunas,E-Wallet
PAY0007669,21SI0034,2024E,13-Mar-2025,5250000,5250000,Lunas,VA Bank
PAY0007670,21SI0035,2024E,2025-03-28,5250000,5250000,Lunas,VA Bank
PAY0007671,21SI0036,2024E,2025-03-19,5250000,5250000,Lunas,Transfer Bank
PAY0007672,21SI0037,2024E,12/03/2025,5250000,3000000,Cicilan,Loket Kampus
PAY0007673,21SI0038,2024E,2025-03-13,5250000,5250000,Lunas,E-Wallet
PAY0007674,21SI0039,2024E,03/03/2025,5250000,5250000,Lunas,E-Wallet
PAY0007675,21SI0040,2024E,2025-03-29,5250000,5250000,Lunas,VA Bank
PAY0007676,21SI0041,2024E,2025-03-05,5250000,5250000,Lunas,Transfer Bank
PAY0007677,21SI0042,2024E,2025-03-19,5250000,5250000,Lunas,E-Wallet
PAY0007678,21SI0043,2024E,2025-02-28,5250000,5250000,Lunas,E-Wallet
PAY0007679,21SI0044,2024E,2025-03-23,5250000,5250000,Lunas,Loket Kampus
PAY0007680,21SI0045,2024E,05/03/2025,5250000,5250000,Lunas,VA Bank
PAY0007681,21SI0046,2024E,2025-03-02,5250000,5250000,Lunas,E-Wallet
PAY0007682,21SI0047,2024E,2025-03-01,5250000,5250000,Lunas,VA Bank
PAY0007683,21SI0048,2024E,2025-02-16,5250000,5250000,Lunas,Loket Kampus
PAY0007684,21SI0049,2024E,2025-03-05,5250000,2400000,Cicilan,Loket Kampus
PAY0007685,21SI0050,2024E,2025-03-05,5250000,5250000,Lunas,Loket Kampus
PAY0007686,21SI0051,2024E,2025-03-06,5250000,3200000,Cicilan,VA Bank
PAY0007687,21SI0052,2024E,2025-02-16,5250000,5250000,Lunas,VA Bank
PAY0007688,21SI0053,2024E,2025-02-22,5250000,5250000,Lunas,VA Bank
PAY0007689,21SI0054,2024E,2025-02-23,5250000,5250000,Lunas,E-Wallet
PAY0007690,21SI0055,2024E,2025-02-22,5250000,5250000,Lunas,E-Wallet
PAY0007691,21SI0056,2024E,2025-02-27,5250000,5250000,Lunas,Transfer Bank
PAY0007692,21SI0057,2024E,2025-03-19,5250000,5250000,Lunas,E-Wallet
PAY0007693,21SI0058,2024E,2025-03-24,5250000,5250000,Lunas,VA Bank
PAY0007694,21SI0059,2024E,2025-02-26,5250000,5250000,Lunas,Loket Kampus
PAY0007695,21SI0060,2024E,01/04/2025,5250000,5250000,Lunas,VA Bank
PAY0007696,21SI0061,2024E,2025-03-12,5250000,5250000,Lunas,VA Bank
PAY0007697,21SI0062,2024E,2025-04-01,5250000,5250000,Lunas,Transfer Bank
PAY0007698,21SI0063,2024E,,5250000,0,Belum Lunas,Loket Kampus
PAY0007699,21SI0064,2024E,2025-03-25,5250000,5250000,Lunas,Loket Kampus
PAY0007700,21SI0065,2024E,26/02/2025,5250000,5250000,Lunas,VA Bank
PAY0007701,21SI0066,2024E,2025-02-19,5250000,3400000,Cicilan,Transfer Bank
PAY0007702,21SI0067,2024E,2025-02-22,5250000,5250000,Lunas,E-Wallet
PAY0007703,21SI0068,2024E,18/03/2025,5250000,5250000,Lunas,Transfer Bank
PAY0007704,21SI0069,2024E,2025-03-31,5250000,5250000,Lunas,Loket Kampus
PAY0007705,21SI0070,2024E,2025-02-26,5250000,5250000,Lunas,Transfer Bank
PAY0007706,21SI0071,2024E,19-Mar-2025,5250000,3600000,Cicilan,VA Bank
PAY0007707,21SI0072,2024E,2025-03-29,5250000,5250000,Lunas,VA Bank
PAY0007708,21SI0073,2024E,2025-03-17,5250000,5250000,Lunas,Transfer Bank
PAY0007709,21SI0074,2024E,2025-03-12,5250000,5250000,Lunas,E-Wallet
PAY0007710,21SI0075,2024E,2025-03-17,5250000,5250000,Lunas,VA Bank
PAY0007711,21SI0076,2024E,2025-02-16,5250000,2100000,Cicilan,VA Bank
PAY0007712,21SI0077,2024E,2025-03-15,5250000,5250000,Lunas,Transfer Bank
PAY0007713,21SI0078,2024E,2025-02-23,5250000,5250000,Lunas,E-Wallet
PAY0007714,21SI0079,2024E,2025-02-15,5250000,2200000,Cicilan,E-Wallet
PAY0007715,21SI0080,2024E,2025-03-16,5250000,5250000,Lunas,Loket Kampus
PAY0007716,21SI0081,2024E,2025-02-20,5250000,5250000,Lunas,E-Wallet
PAY0007717,21IF0001,2024E,2025-03-04,5750000,5750000,Lunas,Loket Kampus
PAY0007718,21IF0002,2024E,31-Mar-2025,5750000,5750000,Lunas,Transfer Bank
PAY0007719,21IF0003,2024E,,5750000,0,Belum Lunas,Loket Kampus
PAY0007720,21IF0004,2024E,2025-03-21,5750000,5750000,Lunas,Transfer Bank
PAY0007721,21IF0005,2024E,2025-02-15,5750000,3600000,Cicilan,Loket Kampus
PAY0007722,21IF0006,2024E,2025-03-24,5750000,5750000,Lunas,Loket Kampus
PAY0007723,21IF0007,2024E,27/02/2025,5750000,5750000,Lunas,Loket Kampus
PAY0007724,21IF0008,2024E,2025-03-17,5750000,5750000,Lunas,E-Wallet
PAY0007725,21IF0009,2024E,16/03/2025,5750000,5750000,Lunas,VA Bank
PAY0007726,21IF0010,2024E,2025-03-15,5750000,5750000,Lunas,Transfer Bank
PAY0007727,21IF0011,2024E,26-Feb-2025,5750000,3200000,Cicilan,Transfer Bank
PAY0007728,21IF0012,2024E,2025-03-10,5750000,5750000,Lunas,Transfer Bank
PAY0007729,21IF0013,2024E,2025-04-01,5750000,5750000,Lunas,VA Bank
PAY0007730,21IF0014,2024E,,5750000,0,Belum Lunas,E-Wallet
PAY0007731,21IF0015,2024E,2025-03-10,5750000,5750000,Lunas,Loket Kampus
PAY0007732,21IF0016,2024E,2025-02-17,5750000,5750000,Lunas,Loket Kampus
PAY0007733,21IF0017,2024E,2025-03-04,5750000,5750000,Lunas,VA Bank
PAY0007734,21IF0018,2024E,2025-03-26,5750000,5750000,Lunas,VA Bank
PAY0007735,21IF0019,2024E,20-Mar-2025,5750000,5750000,Lunas,Transfer Bank
PAY0007736,21IF0020,2024E,2025-03-24,5750000,5750000,Lunas,E-Wallet
PAY0007737,21IF0021,2024E,15/02/2025,5750000,5750000,Lunas,Transfer Bank
PAY0007738,21IF0022,2024E,2025-03-27,5750000,5750000,Lunas,E-Wallet
PAY0007739,21IF0023,2024E,2025-03-11,5750000,5750000,Lunas,E-Wallet
PAY0007740,21IF0024,2024E,2025-02-17,5750000,5750000,Lunas,VA Bank
PAY0007741,21IF0025,2024E,2025-03-28,5750000,5750000,Lunas,Loket Kampus
PAY0007742,21IF0026,2024E,2025-03-12,5750000,5750000,Lunas,E-Wallet
PAY0007743,21IF0027,2024E,2025-02-24,5750000,5750000,Lunas,Loket Kampus
PAY0007744,21IF0028,2024E,2025-02-26,5750000,5750000,Lunas,VA Bank
PAY0007745,21IF0029,2024E,2025-03-15,5750000,5750000,Lunas,Transfer Bank
PAY0007746,21IF0030,2024E,2025-02-22,5750000,5750000,Lunas,E-Wallet
PAY0007747,21IF0031,2024E,2025-03-10,5750000,5750000,Lunas,Transfer Bank
PAY0007748,21IF0032,2024E,2025-03-23,5750000,5750000,Lunas,Transfer Bank
PAY0007749,21IF0033,2024E,2025-02-24,5750000,5750000,Lunas,Transfer Bank
PAY0007750,21IF0034,2024E,16/02/2025,5750000,5750000,Lunas,VA Bank
PAY0007751,21IF0035,2024E,2025-02-27,5750000,5750000,Lunas,Transfer Bank
PAY0007752,21IF0036,2024E,27/03/2025,5750000,5750000,Lunas,Loket Kampus
PAY0007753,21IF0037,2024E,06-Mar-2025,5750000,5750000,Lunas,E-Wallet
PAY0007754,21IF0038,2024E,2025-02-16,5750000,5750000,Lunas,E-Wallet
PAY0007755,21IF0039,2024E,2025-03-05,5750000,5750000,Lunas,VA Bank
PAY0007756,21IF0040,2024E,2025-03-18,5750000,5750000,Lunas,Transfer Bank
PAY0007757,21IF0041,2024E,10-Mar-2025,5750000,5750000,Lunas,VA Bank
PAY0007758,21IF0042,2024E,2025-02-15,5750000,5750000,Lunas,Transfer Bank
PAY0007759,21IF0043,2024E,24-Mar-2025,5750000,5750000,Lunas,E-Wallet
PAY0007760,21IF0044,2024E,18/02/2025,5750000,5750000,Lunas,VA Bank
PAY0007761,21IF0045,2024E,2025-03-08,5750000,3100000,Cicilan,VA Bank
PAY0007762,21IF0046,2024E,2025-02-28,5750000,5750000,Lunas,Loket Kampus
PAY0007763,21IF0047,2024E,2025-04-01,5750000,5750000,Lunas,Transfer Bank
PAY0007764,21IF0048,2024E,2025-02-25,5750000,5750000,Lunas,Transfer Bank
PAY0007765,21IF0049,2024E,2025-02-27,5750000,5750000,Lunas,E-Wallet
PAY0007766,21IF0050,2024E,2025-03-10,5750000,5750000,Lunas,E-Wallet
PAY0007767,21IF0051,2024E,2025-03-27,5750000,5750000,Lunas,Loket Kampus
PAY0007768,21IF0052,2024E,2025-03-01,5750000,5750000,Lunas,Transfer Bank
PAY0007769,21IF0053,2024E,2025-03-19,5750000,5750000,Lunas,Transfer Bank
PAY0007770,21IF0054,2024E,2025-03-31,5750000,5750000,Lunas,Loket Kampus
PAY0007771,21IF0055,2024E,2025-03-06,5750000,5750000,Lunas,Transfer Bank
PAY0007772,21IF0056,2024E,2025-03-07,5750000,5750000,Lunas,Loket Kampus
PAY0007773,21IF0057,2024E,2025-03-03,5750000,5750000,Lunas,VA Bank
PAY0007774,21IF0058,2024E,2025-03-19,5750000,5750000,Lunas,Transfer Bank
PAY0007775,21IF0059,2024E,01/03/2025,5750000,5750000,Lunas,Loket Kampus
PAY0007776,21IF0060,2024E,2025-03-27,5750000,5750000,Lunas,Transfer Bank
PAY0007777,21IF0061,2024E,2025-03-26,5750000,2900000,Cicilan,E-Wallet
PAY0007778,21IF0062,2024E,2025-02-17,5750000,5750000,Lunas,VA Bank
PAY0007779,21IF0063,2024E,2025-02-19,5750000,3500000,Cicilan,Transfer Bank
PAY0007780,21IF0064,2024E,2025-03-04,5750000,5750000,Lunas,Transfer Bank
PAY0007781,21IF0065,2024E,2025-03-22,5750000,5750000,Lunas,VA Bank
PAY0007782,21IF0066,2024E,2025-03-14,5750000,5750000,Lunas,Transfer Bank
PAY0007783,21IF0067,2024E,2025-02-22,5750000,2100000,Cicilan,Loket Kampus
PAY0007784,21IF0068,2024E,2025-03-04,5750000,5750000,Lunas,VA Bank
PAY0007785,21IF0069,2024E,19/02/2025,5750000,5750000,Lunas,Transfer Bank
PAY0007786,21IF0070,2024E,2025-03-17,5750000,5750000,Lunas,VA Bank
PAY0007787,21IF0071,2024E,30-Mar-2025,5750000,5750000,Lunas,Transfer Bank
PAY0007788,21IF0072,2024E,27/02/2025,5750000,2000000,Cicilan,E-Wallet
PAY0007789,21IF0073,2024E,,5750000,0,Belum Lunas,E-Wallet
PAY0007790,21IF0074,2024E,2025-03-08,5750000,5750000,Lunas,E-Wallet
PAY0007791,21IF0075,2024E,20/03/2025,5750000,5750000,Lunas,Transfer Bank
PAY0007792,21IF0076,2024E,23/03/2025,5750000,5750000,Lunas,VA Bank
PAY0007793,21IF0077,2024E,30/03/2025,5750000,5750000,Lunas,VA Bank
PAY0007794,21IF0078,2024E,2025-03-01,5750000,5750000,Lunas,Transfer Bank
PAY0007795,21IF0079,2024E,21/02/2025,5750000,3200000,Cicilan,Transfer Bank
PAY0007796,21IF0080,2024E,2025-03-06,5750000,5750000,Lunas,Transfer Bank
PAY0007797,21IF0081,2024E,13/03/2025,5750000,5750000,Lunas,VA Bank
PAY0007798,21IF0082,2024E,03/03/2025,5750000,5750000,Lunas,VA Bank
PAY0007799,21IF0083,2024E,2025-03-22,5750000,2600000,Cicilan,Transfer Bank
PAY0007800,21IF0084,2024E,2025-03-04,5750000,5750000,Lunas,VA Bank
PAY0007801,21IF0085,2024E,2025-03-08,5750000,5750000,Lunas,Loket Kampus
PAY0007802,21DS0001,2024E,20/02/2025,6000000,4400000,Cicilan,VA Bank
PAY0007803,21DS0002,2024E,15/02/2025,6000000,6000000,Lunas,VA Bank
PAY0007804,21DS0003,2024E,19-Mar-2025,6000000,6000000,Lunas,VA Bank
PAY0007805,21DS0004,2024E,,6000000,0,Belum Lunas,Loket Kampus
PAY0007806,21DS0005,2024E,,6000000,0,Belum Lunas,Transfer Bank
PAY0007807,21DS0006,2024E,2025-03-20,6000000,6000000,Lunas,E-Wallet
PAY0007808,21DS0007,2024E,2025-03-27,6000000,6000000,Lunas,E-Wallet
PAY0007809,21DS0008,2024E,2025-03-12,6000000,3000000,Cicilan,E-Wallet
PAY0007810,21DS0009,2024E,2025-03-26,6000000,6000000,Lunas,Loket Kampus
PAY0007811,21DS0010,2024E,,6000000,0,Belum Lunas,E-Wallet
PAY0007812,21DS0011,2024E,2025-02-28,6000000,6000000,Lunas,Loket Kampus
PAY0007813,21DS0012,2024E,2025-03-17,6000000,6000000,Lunas,VA Bank
PAY0007814,21DS0013,2024E,2025-03-25,6000000,6000000,Lunas,E-Wallet
PAY0007815,21DS0014,2024E,22/03/2025,6000000,6000000,Lunas,VA Bank
PAY0007816,21DS0015,2024E,2025-03-04,6000000,6000000,Lunas,E-Wallet
PAY0007817,21DS0016,2024E,2025-03-10,6000000,6000000,Lunas,E-Wallet
PAY0007818,21DS0017,2024E,2025-03-01,6000000,6000000,Lunas,Loket Kampus
PAY0007819,21DS0018,2024E,2025-03-13,6000000,2300000,Cicilan,VA Bank
PAY0007820,21DS0019,2024E,2025-03-02,6000000,6000000,Lunas,Transfer Bank
PAY0007821,21DS0020,2024E,2025-03-27,6000000,6000000,Lunas,Transfer Bank
PAY0007822,21DS0021,2024E,15/03/2025,6000000,2200000,Cicilan,VA Bank
PAY0007823,21DS0022,2024E,2025-03-01,6000000,6000000,Lunas,Loket Kampus
PAY0007824,21DS0023,2024E,2025-03-29,6000000,3300000,Cicilan,Transfer Bank
PAY0007825,21DS0024,2024E,2025-03-30,6000000,6000000,Lunas,Loket Kampus
PAY0007826,21DS0025,2024E,2025-03-12,6000000,6000000,Lunas,E-Wallet
PAY0007827,21DS0026,2024E,19/02/2025,6000000,6000000,Lunas,Loket Kampus
PAY0007828,21DS0027,2024E,2025-03-12,6000000,6000000,Lunas,VA Bank
PAY0007829,21DS0028,2024E,2025-03-20,6000000,6000000,Lunas,Loket Kampus
PAY0007830,21DS0029,2024E,2025-02-19,6000000,6000000,Lunas,Loket Kampus
PAY0007831,21DS0030,2024E,2025-03-30,6000000,6000000,Lunas,E-Wallet
PAY0007832,21DS0031,2024E,07-Mar-2025,6000000,6000000,Lunas,VA Bank
PAY0007833,21DS0032,2024E,2025-03-23,6000000,6000000,Lunas,E-Wallet
PAY0007834,21DS0033,2024E,2025-02-18,6000000,6000000,Lunas,VA Bank
PAY0007835,21DS0034,2024E,2025-03-04,6000000,6000000,Lunas,Transfer Bank
PAY0007836,21DS0035,2024E,2025-02-15,6000000,3700000,Cicilan,VA Bank
PAY0007837,21DS0036,2024E,2025-03-01,6000000,2900000,Cicilan,E-Wallet
PAY0007838,21DS0037,2024E,,6000000,0,Belum Lunas,Loket Kampus
PAY0007839,21DS0038,2024E,24-Feb-2025,6000000,6000000,Lunas,VA Bank
PAY0007840,21DS0039,2024E,2025-03-15,6000000,6000000,Lunas,Transfer Bank
PAY0007841,21DS0040,2024E,2025-03-25,6000000,6000000,Lunas,Transfer Bank
PAY0007842,21DS0041,2024E,13/03/2025,6000000,6000000,Lunas,VA Bank
PAY0007843,21DS0042,2024E,2025-03-10,6000000,6000000,Lunas,Transfer Bank
PAY0007844,21DS0043,2024E,2025-03-15,6000000,6000000,Lunas,Transfer Bank
PAY0007845,21DS0044,2024E,,6000000,0,Belum Lunas,Loket Kampus
PAY0007846,21DS0045,2024E,2025-02-19,6000000,6000000,Lunas,Transfer Bank
PAY0007847,21DS0046,2024E,2025-03-20,6000000,6000000,Lunas,E-Wallet
PAY0007848,21DS0047,2024E,2025-03-01,6000000,6000000,Lunas,VA Bank
PAY0007849,21DS0048,2024E,20-Mar-2025,6000000,6000000,Lunas,VA Bank
PAY0007850,21DS0049,2024E,26-Feb-2025,6000000,6000000,Lunas,Transfer Bank
PAY0007851,21DS0050,2024E,2025-03-31,6000000,2600000,Cicilan,Loket Kampus
PAY0007852,21DS0051,2024E,2025-02-25,6000000,6000000,Lunas,Loket Kampus
PAY0007853,21DS0052,2024E,2025-03-19,6000000,6000000,Lunas,E-Wallet
PAY0007854,21DS0053,2024E,2025-03-29,6000000,6000000,Lunas,E-Wallet
PAY0007855,21DS0054,2024E,2025-02-21,6000000,6000000,Lunas,E-Wallet
PAY0007856,21DS0055,2024E,05/03/2025,6000000,6000000,Lunas,Loket Kampus
PAY0007857,21DS0056,2024E,2025-02-23,6000000,6000000,Lunas,E-Wallet
PAY0007858,21DS0057,2024E,17/02/2025,6000000,3800000,Cicilan,VA Bank
PAY0007859,21DS0058,2024E,2025-02-24,6000000,6000000,Lunas,VA Bank
PAY0007860,21DS0059,2024E,,6000000,0,Belum Lunas,VA Bank
PAY0007861,21DS0060,2024E,25/03/2025,6000000,2500000,Cicilan,VA Bank
PAY0007862,21DS0061,2024E,27-Feb-2025,6000000,6000000,Lunas,E-Wallet
PAY0007863,21DS0062,2024E,2025-04-01,6000000,3500000,Cicilan,Transfer Bank
PAY0007864,21DS0063,2024E,2025-03-02,6000000,6000000,Lunas,Transfer Bank
PAY0007865,21DS0064,2024E,2025-02-23,6000000,6000000,Lunas,VA Bank
PAY0007866,21DS0065,2024E,2025-03-15,6000000,6000000,Lunas,Loket Kampus
PAY0007867,21DS0066,2024E,10/03/2025,6000000,6000000,Lunas,Transfer Bank
PAY0007868,21DS0067,2024E,2025-03-26,6000000,6000000,Lunas,E-Wallet
PAY0007869,21TR0001,2024E,2025-02-27,5700000,5700000,Lunas,E-Wallet
PAY0007870,21TR0002,2024E,2025-03-02,5700000,5700000,Lunas,Loket Kampus
PAY0007871,21TR0003,2024E,2025-03-03,5700000,5700000,Lunas,VA Bank
PAY0007872,21TR0004,2024E,2025-03-29,5700000,2400000,Cicilan,Transfer Bank
PAY0007873,21TR0005,2024E,2025-03-17,5700000,5700000,Lunas,Transfer Bank
PAY0007874,21TR0006,2024E,2025-03-08,5700000,5700000,Lunas,E-Wallet
PAY0007875,21TR0007,2024E,2025-03-04,5700000,5700000,Lunas,E-Wallet
PAY0007876,21TR0008,2024E,,5700000,0,Belum Lunas,VA Bank
PAY0007877,21TR0009,2024E,12/03/2025,5700000,5700000,Lunas,VA Bank
PAY0007878,21TR0010,2024E,07-Mar-2025,5700000,5700000,Lunas,VA Bank
PAY0007879,21TR0011,2024E,2025-02-21,5700000,5700000,Lunas,Loket Kampus
PAY0007880,21TR0012,2024E,27/02/2025,5700000,5700000,Lunas,VA Bank
PAY0007881,21TR0013,2024E,26/03/2025,5700000,5700000,Lunas,Transfer Bank
PAY0007882,21TR0014,2024E,2025-03-20,5700000,5700000,Lunas,Transfer Bank
PAY0007883,21TR0015,2024E,2025-02-27,5700000,5700000,Lunas,Loket Kampus
PAY0007884,21TR0016,2024E,24-Feb-2025,5700000,2500000,Cicilan,Transfer Bank
PAY0007885,21TR0017,2024E,,5700000,0,Belum Lunas,E-Wallet
PAY0007886,21TR0018,2024E,2025-02-16,5700000,3000000,Cicilan,VA Bank
PAY0007887,21TR0019,2024E,2025-02-22,5700000,5700000,Lunas,E-Wallet
PAY0007888,21TR0020,2024E,2025-03-24,5700000,5700000,Lunas,Transfer Bank
PAY0007889,21TR0021,2024E,23/03/2025,5700000,5700000,Lunas,Loket Kampus
PAY0007890,21TR0022,2024E,16/03/2025,5700000,5700000,Lunas,VA Bank
PAY0007891,21TR0023,2024E,08/03/2025,5700000,5700000,Lunas,Transfer Bank
PAY0007892,21TR0024,2024E,2025-03-07,5700000,5700000,Lunas,E-Wallet
PAY0007893,21TR0025,2024E,2025-03-15,5700000,5700000,Lunas,Loket Kampus
PAY0007894,21TR0026,2024E,,5700000,0,Belum Lunas,Loket Kampus
PAY0007895,21TR0027,2024E,2025-03-09,5700000,5700000,Lunas,VA Bank
PAY0007896,21TR0028,2024E,2025-03-20,5700000,5700000,Lunas,E-Wallet
PAY0007897,21TR0029,2024E,14/03/2025,5700000,5700000,Lunas,Loket Kampus
PAY0007898,21TR0030,2024E,14/03/2025,5700000,5700000,Lunas,E-Wallet
PAY0007899,21TR0031,2024E,15/03/2025,5700000,5700000,Lunas,Transfer Bank
PAY0007900,21TR0032,2024E,25-Mar-2025,5700000,5700000,Lunas,Transfer Bank
PAY0007901,21TR0033,2024E,2025-03-10,5700000,5700000,Lunas,Transfer Bank
PAY0007902,21TR0034,2024E,2025-03-19,5700000,5700000,Lunas,VA Bank
PAY0007903,21TR0035,2024E,2025-03-06,5700000,5700000,Lunas,E-Wallet
PAY0007904,21TR0036,2024E,2025-03-30,5700000,5700000,Lunas,Loket Kampus
PAY0007905,21TR0037,2024E,2025-03-09,5700000,5700000,Lunas,E-Wallet
PAY0007906,21TR0038,2024E,2025-03-04,5700000,5700000,Lunas,Transfer Bank
PAY0007907,21TR0039,2024E,2025-03-02,5700000,5700000,Lunas,Transfer Bank
PAY0007908,21TR0040,2024E,2025-02-26,5700000,5700000,Lunas,E-Wallet
PAY0007909,21TR0041,2024E,14/03/2025,5700000,5700000,Lunas,Transfer Bank
PAY0007910,21TR0042,2024E,,5700000,0,Belum Lunas,E-Wallet
PAY0007911,21TR0043,2024E,2025-03-13,5700000,5700000,Lunas,E-Wallet
PAY0007912,21TR0044,2024E,2025-03-09,5700000,5700000,Lunas,E-Wallet
PAY0007913,21TR0045,2024E,2025-02-22,5700000,5700000,Lunas,Transfer Bank
PAY0007914,21TR0046,2024E,2025-03-08,5700000,4200000,Cicilan,E-Wallet
PAY0007915,21TR0047,2024E,2025-03-07,5700000,5700000,Lunas,Transfer Bank
PAY0007916,21TR0048,2024E,18-Mar-2025,5700000,5700000,Lunas,E-Wallet
PAY0007917,21TR0049,2024E,2025-03-10,5700000,5700000,Lunas,Transfer Bank
PAY0007918,21TR0050,2024E,2025-02-25,5700000,5700000,Lunas,VA Bank
PAY0007919,21TR0051,2024E,2025-02-19,5700000,5700000,Lunas,VA Bank
PAY0007920,21TR0052,2024E,2025-03-23,5700000,5700000,Lunas,VA Bank
PAY0007921,21TR0053,2024E,2025-03-25,5700000,5700000,Lunas,E-Wallet
PAY0007922,21TR0054,2024E,,5700000,0,Belum Lunas,E-Wallet
PAY0007923,21TR0055,2024E,21/03/2025,5700000,5700000,Lunas,VA Bank
PAY0007924,21TR0056,2024E,2025-03-14,5700000,3100000,Cicilan,Transfer Bank
PAY0007925,21TR0057,2024E,2025-03-23,5700000,5700000,Lunas,Transfer Bank
PAY0007926,21TR0058,2024E,29-Mar-2025,5700000,3900000,Cicilan,E-Wallet
PAY0007927,21TR0059,2024E,17/03/2025,5700000,5700000,Lunas,Transfer Bank
PAY0007928,21TR0060,2024E,2025-03-21,5700000,5700000,Lunas,Transfer Bank
PAY0007929,21TR0061,2024E,2025-03-20,5700000,5700000,Lunas,Loket Kampus
PAY0007930,21TR0062,2024E,2025-02-16,5700000,5700000,Lunas,Transfer Bank
PAY0007931,21TR0063,2024E,2025-02-19,5700000,5700000,Lunas,VA Bank
PAY0007932,21TR0064,2024E,2025-03-01,5700000,5700000,Lunas,VA Bank
PAY0007933,21TR0065,2024E,2025-02-17,5700000,5700000,Lunas,Loket Kampus
PAY0007934,21BD0001,2024E,16-Mar-2025,5000000,5000000,Lunas,E-Wallet
PAY0007935,21BD0002,2024E,2025-02-28,5000000,3200000,Cicilan,Loket Kampus
PAY0007936,21BD0003,2024E,,5000000,0,Belum Lunas,VA Bank
PAY0007937,21BD0004,2024E,2025-03-25,5000000,5000000,Lunas,VA Bank
PAY0007938,21BD0005,2024E,17/03/2025,5000000,2300000,Cicilan,E-Wallet
PAY0007939,21BD0006,2024E,2025-03-20,5000000,5000000,Lunas,Transfer Bank
PAY0007940,21BD0007,2024E,2025-02-19,5000000,5000000,Lunas,E-Wallet
PAY0007941,21BD0008,2024E,24/03/2025,5000000,5000000,Lunas,E-Wallet
PAY0007942,21BD0009,2024E,2025-03-30,5000000,5000000,Lunas,E-Wallet
PAY0007943,21BD0010,2024E,2025-02-22,5000000,5000000,Lunas,VA Bank
PAY0007944,21BD0011,2024E,2025-02-27,5000000,5000000,Lunas,Loket Kampus
PAY0007945,21BD0012,2024E,14/03/2025,5000000,5000000,Lunas,Transfer Bank
PAY0007946,21BD0013,2024E,2025-02-17,5000000,5000000,Lunas,E-Wallet
PAY0007947,21BD0014,2024E,2025-02-17,5000000,5000000,Lunas,Loket Kampus
PAY0007948,21BD0015,2024E,2025-03-11,5000000,5000000,Lunas,E-Wallet
PAY0007949,21BD0016,2024E,03/03/2025,5000000,2600000,Cicilan,E-Wallet
PAY0007950,21BD0017,2024E,2025-03-11,5000000,5000000,Lunas,VA Bank
PAY0007951,21BD0018,2024E,2025-03-06,5000000,5000000,Lunas,VA Bank
PAY0007952,21BD0019,2024E,2025-02-16,5000000,1900000,Cicilan,Loket Kampus
PAY0007953,21BD0020,2024E,2025-03-24,5000000,5000000,Lunas,E-Wallet
PAY0007954,21BD0021,2024E,,5000000,0,Belum Lunas,E-Wallet
PAY0007955,21BD0022,2024E,,5000000,0,Belum Lunas,Transfer Bank
PAY0007956,21BD0023,2024E,2025-03-20,5000000,5000000,Lunas,Transfer Bank
PAY0007957,21BD0024,2024E,2025-02-21,5000000,5000000,Lunas,E-Wallet
PAY0007958,21BD0025,2024E,2025-03-30,5000000,5000000,Lunas,E-Wallet
PAY0007959,21BD0026,2024E,23/02/2025,5000000,5000000,Lunas,Transfer Bank
PAY0007960,21BD0027,2024E,2025-02-19,5000000,5000000,Lunas,VA Bank
PAY0007961,21BD0028,2024E,2025-02-26,5000000,5000000,Lunas,Loket Kampus
PAY0007962,21BD0029,2024E,17/02/2025,5000000,5000000,Lunas,E-Wallet
PAY0007963,21BD0030,2024E,2025-03-11,5000000,5000000,Lunas,E-Wallet
PAY0007964,21BD0031,2024E,2025-03-22,5000000,5000000,Lunas,E-Wallet
PAY0007965,21BD0032,2024E,2025-03-12,5000000,1900000,Cicilan,Transfer Bank
PAY0007966,21BD0033,2024E,,5000000,0,Belum Lunas,VA Bank
PAY0007967,21BD0034,2024E,2025-03-22,5000000,5000000,Lunas,Transfer Bank
PAY0007968,21BD0035,2024E,,5000000,0,Belum Lunas,VA Bank
PAY0007969,21BD0036,2024E,2025-02-21,5000000,5000000,Lunas,Loket Kampus
PAY0007970,21BD0037,2024E,2025-03-02,5000000,5000000,Lunas,VA Bank
PAY0007971,21BD0038,2024E,2025-03-22,5000000,5000000,Lunas,VA Bank
PAY0007972,21BD0039,2024E,10-Mar-2025,5000000,5000000,Lunas,E-Wallet
PAY0007973,21BD0040,2024E,2025-03-12,5000000,5000000,Lunas,Transfer Bank
PAY0007974,21BD0041,2024E,2025-02-26,5000000,5000000,Lunas,Loket Kampus
PAY0007975,21BD0042,2024E,30/03/2025,5000000,5000000,Lunas,Loket Kampus
PAY0007976,21BD0043,2024E,2025-02-15,5000000,5000000,Lunas,Loket Kampus
PAY0007977,21BD0044,2024E,,5000000,0,Belum Lunas,Transfer Bank
PAY0007978,21BD0045,2024E,2025-03-04,5000000,5000000,Lunas,Loket Kampus
PAY0007979,21BD0046,2024E,27-Feb-2025,5000000,5000000,Lunas,Transfer Bank
PAY0007980,21BD0047,2024E,24-Feb-2025,5000000,2100000,Cicilan,Transfer Bank
PAY0007981,21BD0048,2024E,19-Mar-2025,5000000,5000000,Lunas,Transfer Bank
PAY0007982,21BD0049,2024E,2025-04-01,5000000,5000000,Lunas,E-Wallet
PAY0007983,21BD0050,2024E,28/02/2025,5000000,5000000,Lunas,VA Bank
PAY0007984,21BD0051,2024E,07/03/2025,5000000,5000000,Lunas,Transfer Bank
PAY0007985,21BD0052,2024E,23-Mar-2025,5000000,5000000,Lunas,Transfer Bank
PAY0007986,21BD0053,2024E,2025-03-17,5000000,5000000,Lunas,Loket Kampus
PAY0007987,21BD0054,2024E,21-Mar-2025,5000000,5000000,Lunas,Transfer Bank
PAY0007988,21BD0055,2024E,2025-03-10,5000000,5000000,Lunas,E-Wallet
PAY0007989,21BD0056,2024E,2025-03-05,5000000,2200000,Cicilan,VA Bank
PAY0007990,21BD0057,2024E,2025-03-28,5000000,5000000,Lunas,VA Bank
PAY0007991,21BD0058,2024E,2025-03-15,5000000,5000000,Lunas,Transfer Bank
PAY0007992,21BD0059,2024E,2025-02-17,5000000,5000000,Lunas,Transfer Bank
PAY0007993,21BD0060,2024E,2025-03-21,5000000,3600000,Cicilan,Loket Kampus
PAY0007994,21BD0061,2024E,2025-03-03,5000000,5000000,Lunas,E-Wallet
PAY0007995,21BD0062,2024E,2025-02-19,5000000,5000000,Lunas,Transfer Bank
PAY0007996,21BD0063,2024E,2025-03-12,5000000,5000000,Lunas,VA Bank
PAY0007997,21BD0064,2024E,2025-02-24,5000000,2700000,Cicilan,Transfer Bank
PAY0007998,21BD0065,2024E,2025-02-27,5000000,5000000,Lunas,Loket Kampus
PAY0007999,21BD0066,2024E,2025-02-16,5000000,5000000,Lunas,VA Bank
PAY0008000,21BD0067,2024E,2025-03-10,5000000,2100000,Cicilan,VA Bank
PAY0008001,22TI0001,2024E,2025-03-03,5500000,5500000,Lunas,E-Wallet
PAY0008002,22TI0002,2024E,2025-02-28,5500000,5500000,Lunas,Loket Kampus
PAY0008003,22TI0003,2024E,2025-03-01,5500000,4000000,Cicilan,Loket Kampus
PAY0008004,22TI0004,2024E,2025-02-20,5500000,1900000,Cicilan,Loket Kampus
PAY0008005,22TI0005,2024E,2025-03-21,5500000,5500000,Lunas,VA Bank
PAY0008006,22TI0006,2024E,01-Mar-2025,5500000,5500000,Lunas,Transfer Bank
PAY0008007,22TI0007,2024E,2025-03-19,5500000,5500000,Lunas,Loket Kampus
PAY0008008,22TI0008,2024E,2025-03-28,5500000,5500000,Lunas,Loket Kampus
PAY0008009,22TI0009,2024E,07-Mar-2025,5500000,5500000,Lunas,E-Wallet
PAY0008010,22TI0010,2024E,2025-02-21,5500000,5500000,Lunas,E-Wallet
PAY0008011,22TI0011,2024E,2025-03-29,5500000,5500000,Lunas,Transfer Bank
PAY0008012,22TI0012,2024E,2025-03-31,5500000,5500000,Lunas,VA Bank
PAY0008013,22TI0013,2024E,2025-03-02,5500000,4100000,Cicilan,Loket Kampus
PAY0008014,22TI0014,2024E,2025-02-21,5500000,5500000,Lunas,E-Wallet
PAY0008015,22TI0015,2024E,2025-03-25,5500000,2400000,Cicilan,VA Bank
PAY0008016,22TI0016,2024E,2025-03-15,5500000,5500000,Lunas,Loket Kampus
PAY0008017,22TI0017,2024E,2025-03-07,5500000,5500000,Lunas,E-Wallet
PAY0008018,22TI0018,2024E,21/03/2025,5500000,2200000,Cicilan,Loket Kampus
PAY0008019,22TI0019,2024E,2025-03-24,5500000,5500000,Lunas,E-Wallet
PAY0008020,22TI0020,2024E,2025-03-06,5500000,2600000,Cicilan,Loket Kampus
PAY0008021,22TI0021,2024E,2025-02-15,5500000,5500000,Lunas,Loket Kampus
PAY0008022,22TI0022,2024E,2025-03-21,5500000,4000000,Cicilan,VA Bank
PAY0008023,22TI0023,2024E,2025-03-22,5500000,3800000,Cicilan,Loket Kampus
PAY0008024,22TI0024,2024E,2025-02-17,5500000,5500000,Lunas,VA Bank
PAY0008025,22TI0025,2024E,2025-03-18,5500000,5500000,Lunas,VA Bank
PAY0008026,22TI0026,2024E,2025-02-20,5500000,5500000,Lunas,E-Wallet
PAY0008027,22TI0027,2024E,05/03/2025,5500000,5500000,Lunas,VA Bank
PAY0008028,22TI0028,2024E,23/02/2025,5500000,5500000,Lunas,VA Bank
PAY0008029,22TI0029,2024E,2025-02-28,5500000,5500000,Lunas,E-Wallet
PAY0008030,22TI0030,2024E,2025-03-23,5500000,3400000,Cicilan,Transfer Bank
PAY0008031,22TI0031,2024E,19/03/2025,5500000,5500000,Lunas,Loket Kampus
PAY0008032,22TI0032,2024E,2025-03-27,5500000,5500000,Lunas,VA Bank
PAY0008033,22TI0033,2024E,2025-03-03,5500000,5500000,Lunas,VA Bank
PAY0008034,22TI0034,2024E,2025-03-17,5500000,5500000,Lunas,E-Wallet
PAY0008035,22TI0035,2024E,2025-03-05,5500000,5500000,Lunas,VA Bank
PAY0008036,22TI0036,2024E,2025-03-24,5500000,2800000,Cicilan,Transfer Bank
PAY0008037,22TI0037,2024E,2025-02-24,5500000,5500000,Lunas,Loket Kampus
PAY0008038,22TI0038,2024E,2025-03-18,5500000,5500000,Lunas,Transfer Bank
PAY0008039,22TI0039,2024E,25-Mar-2025,5500000,5500000,Lunas,Loket Kampus
PAY0008040,22TI0040,2024E,2025-03-24,5500000,5500000,Lunas,E-Wallet
PAY0008041,22TI0041,2024E,2025-03-18,5500000,5500000,Lunas,VA Bank
PAY0008042,22TI0042,2024E,2025-03-12,5500000,5500000,Lunas,E-Wallet
PAY0008043,22TI0043,2024E,2025-03-30,5500000,5500000,Lunas,Loket Kampus
PAY0008044,22TI0044,2024E,27-Feb-2025,5500000,5500000,Lunas,Transfer Bank
PAY0008045,22TI0045,2024E,2025-02-16,5500000,5500000,Lunas,VA Bank
PAY0008046,22TI0046,2024E,17-Feb-2025,5500000,5500000,Lunas,E-Wallet
PAY0008047,22TI0047,2024E,2025-03-09,5500000,2700000,Cicilan,Transfer Bank
PAY0008048,22TI0048,2024E,2025-02-15,5500000,5500000,Lunas,VA Bank
PAY0008049,22TI0049,2024E,04-Mar-2025,5500000,5500000,Lunas,Loket Kampus
PAY0008050,22TI0050,2024E,2025-02-23,5500000,5500000,Lunas,Transfer Bank
PAY0008051,22TI0051,2024E,2025-03-08,5500000,3500000,Cicilan,Transfer Bank
PAY0008052,22TI0052,2024E,2025-03-16,5500000,5500000,Lunas,VA Bank
PAY0008053,22TI0053,2024E,2025-02-22,5500000,5500000,Lunas,Loket Kampus
PAY0008054,22TI0054,2024E,2025-02-26,5500000,5500000,Lunas,E-Wallet
PAY0008055,22TI0055,2024E,2025-02-21,5500000,5500000,Lunas,Loket Kampus
PAY0008056,22TI0056,2024E,2025-03-21,5500000,5500000,Lunas,VA Bank
PAY0008057,22TI0057,2024E,2025-03-28,5500000,5500000,Lunas,E-Wallet
PAY0008058,22TI0058,2024E,2025-03-05,5500000,5500000,Lunas,VA Bank
PAY0008059,22TI0059,2024E,2025-03-07,5500000,5500000,Lunas,Loket Kampus
PAY0008060,22TI0060,2024E,2025-03-01,5500000,5500000,Lunas,Loket Kampus
PAY0008061,22TI0061,2024E,2025-03-22,5500000,5500000,Lunas,VA Bank
PAY0008062,22TI0062,2024E,2025-03-30,5500000,5500000,Lunas,E-Wallet
PAY0008063,22TI0063,2024E,2025-03-03,5500000,5500000,Lunas,VA Bank
PAY0008064,22TI0064,2024E,09/03/2025,5500000,5500000,Lunas,Transfer Bank
PAY0008065,22TI0065,2024E,08-Mar-2025,5500000,5500000,Lunas,Loket Kampus
PAY0008066,22TI0066,2024E,02-Mar-2025,5500000,5500000,Lunas,VA Bank
PAY0008067,22TI0067,2024E,2025-02-16,5500000,5500000,Lunas,VA Bank
PAY0008068,22TI0068,2024E,20-Feb-2025,5500000,3000000,Cicilan,Transfer Bank
PAY0008069,22TI0069,2024E,2025-03-31,5500000,5500000,Lunas,E-Wallet
PAY0008070,22TI0070,2024E,2025-03-12,5500000,5500000,Lunas,VA Bank
PAY0008071,22TI0071,2024E,,5500000,0,Belum Lunas,Loket Kampus
PAY0008072,22TI0072,2024E,03/03/2025,5500000,5500000,Lunas,VA Bank
PAY0008073,22TI0073,2024E,22/03/2025,5500000,5500000,Lunas,E-Wallet
PAY0008074,22TI0074,2024E,01/03/2025,5500000,5500000,Lunas,VA Bank
PAY0008075,22TI0075,2024E,2025-03-17,5500000,5500000,Lunas,VA Bank
PAY0008076,22TI0076,2024E,2025-03-18,5500000,5500000,Lunas,Loket Kampus
PAY0008077,22TI0077,2024E,2025-02-15,5500000,5500000,Lunas,VA Bank
PAY0008078,22TI0078,2024E,,5500000,0,Belum Lunas,Transfer Bank
PAY0008079,22TI0079,2024E,,5500000,0,Belum Lunas,Transfer Bank
PAY0008080,22TI0080,2024E,2025-03-05,5500000,5500000,Lunas,E-Wallet
PAY0008081,22TI0081,2024E,17/03/2025,5500000,5500000,Lunas,E-Wallet
PAY0008082,22TI0082,2024E,2025-03-22,5500000,5500000,Lunas,Loket Kampus
PAY0008083,22TI0083,2024E,2025-03-03,5500000,5500000,Lunas,VA Bank
PAY0008084,22TI0084,2024E,2025-02-16,5500000,5500000,Lunas,VA Bank
PAY0008085,22TI0085,2024E,2025-03-10,5500000,5500000,Lunas,Transfer Bank
PAY0008086,22TI0086,2024E,24/02/2025,5500000,5500000,Lunas,VA Bank
PAY0008087,22TI0087,2024E,2025-03-08,5500000,5500000,Lunas,Transfer Bank
PAY0008088,22TI0088,2024E,,5500000,0,Belum Lunas,E-Wallet
PAY0008089,22TI0089,2024E,28/02/2025,5500000,5500000,Lunas,E-Wallet
PAY0008090,22TI0090,2024E,2025-04-01,5500000,5500000,Lunas,VA Bank
PAY0008091,22SI0001,2024E,2025-02-20,5250000,5250000,Lunas,Transfer Bank
PAY0008092,22SI0002,2024E,21/02/2025,5250000,5250000,Lunas,Loket Kampus
PAY0008093,22SI0003,2024E,2025-03-12,5250000,5250000,Lunas,Loket Kampus
PAY0008094,22SI0004,2024E,2025-02-17,5250000,5250000,Lunas,Transfer Bank
PAY0008095,22SI0005,2024E,2025-03-02,5250000,5250000,Lunas,E-Wallet
PAY0008096,22SI0006,2024E,2025-03-18,5250000,5250000,Lunas,E-Wallet
PAY0008097,22SI0007,2024E,2025-03-29,5250000,5250000,Lunas,Loket Kampus
PAY0008098,22SI0008,2024E,2025-03-30,5250000,5250000,Lunas,Transfer Bank
PAY0008099,22SI0009,2024E,2025-03-21,5250000,5250000,Lunas,VA Bank
PAY0008100,22SI0010,2024E,2025-03-29,5250000,5250000,Lunas,E-Wallet
PAY0008101,22SI0011,2024E,09-Mar-2025,5250000,5250000,Lunas,Loket Kampus
PAY0008102,22SI0012,2024E,2025-03-13,5250000,1900000,Cicilan,Loket Kampus
PAY0008103,22SI0013,2024E,2025-03-12,5250000,5250000,Lunas,Transfer Bank
PAY0008104,22SI0014,2024E,2025-03-31,5250000,5250000,Lunas,Loket Kampus
PAY0008105,22SI0015,2024E,2025-03-12,5250000,5250000,Lunas,Loket Kampus
PAY0008106,22SI0016,2024E,2025-03-08,5250000,5250000,Lunas,VA Bank
PAY0008107,22SI0017,2024E,2025-03-27,5250000,5250000,Lunas,E-Wallet
PAY0008108,22SI0018,2024E,2025-03-02,5250000,2200000,Cicilan,Loket Kampus
PAY0008109,22SI0019,2024E,2025-03-07,5250000,5250000,Lunas,Loket Kampus
PAY0008110,22SI0020,2024E,2025-03-20,5250000,5250000,Lunas,E-Wallet
PAY0008111,22SI0021,2024E,02-Mar-2025,5250000,5250000,Lunas,VA Bank
PAY0008112,22SI0022,2024E,2025-03-24,5250000,5250000,Lunas,VA Bank
PAY0008113,22SI0023,2024E,2025-03-29,5250000,5250000,Lunas,VA Bank
PAY0008114,22SI0024,2024E,2025-03-24,5250000,5250000,Lunas,E-Wallet
PAY0008115,22SI0025,2024E,2025-02-15,5250000,5250000,Lunas,VA Bank
PAY0008116,22SI0026,2024E,2025-02-19,5250000,2400000,Cicilan,VA Bank
PAY0008117,22SI0027,2024E,2025-02-24,5250000,5250000,Lunas,E-Wallet
PAY0008118,22SI0028,2024E,2025-03-09,5250000,5250000,Lunas,Loket Kampus
PAY0008119,22SI0029,2024E,2025-02-26,5250000,5250000,Lunas,VA Bank
PAY0008120,22SI0030,2024E,11/03/2025,5250000,5250000,Lunas,VA Bank
PAY0008121,22SI0031,2024E,2025-02-19,5250000,5250000,Lunas,Transfer Bank
PAY0008122,22SI0032,2024E,2025-03-29,5250000,5250000,Lunas,VA Bank
PAY0008123,22SI0033,2024E,2025-03-30,5250000,5250000,Lunas,E-Wallet
PAY0008124,22SI0034,2024E,2025-03-17,5250000,5250000,Lunas,VA Bank
PAY0008125,22SI0035,2024E,2025-03-28,5250000,5250000,Lunas,E-Wallet
PAY0008126,22SI0036,2024E,2025-03-29,5250000,2900000,Cicilan,Transfer Bank
PAY0008127,22SI0037,2024E,2025-02-20,5250000,5250000,Lunas,Loket Kampus
PAY0008128,22SI0038,2024E,2025-03-29,5250000,5250000,Lunas,VA Bank
PAY0008129,22SI0039,2024E,04/03/2025,5250000,5250000,Lunas,Loket Kampus
PAY0008130,22SI0040,2024E,2025-03-01,5250000,5250000,Lunas,VA Bank
PAY0008131,22SI0041,2024E,2025-03-08,5250000,5250000,Lunas,Transfer Bank
PAY0008132,22SI0042,2024E,15/03/2025,5250000,5250000,Lunas,E-Wallet
PAY0008133,22SI0043,2024E,2025-03-22,5250000,5250000,Lunas,E-Wallet
PAY0008134,22SI0044,2024E,2025-03-30,5250000,5250000,Lunas,Transfer Bank
PAY0008135,22SI0045,2024E,10-Mar-2025,5250000,2200000,Cicilan,VA Bank
PAY0008136,22SI0046,2024E,31/03/2025,5250000,5250000,Lunas,E-Wallet
PAY0008137,22SI0047,2024E,2025-03-14,5250000,5250000,Lunas,Transfer Bank
PAY0008138,22SI0048,2024E,26/03/2025,5250000,5250000,Lunas,Loket Kampus
PAY0008139,22SI0049,2024E,18-Mar-2025,5250000,2900000,Cicilan,Transfer Bank
PAY0008140,22SI0050,2024E,2025-03-15,5250000,5250000,Lunas,Loket Kampus
PAY0008141,22SI0051,2024E,2025-03-20,5250000,5250000,Lunas,VA Bank
PAY0008142,22SI0052,2024E,2025-03-08,5250000,2800000,Cicilan,Transfer Bank
PAY0008143,22SI0053,2024E,2025-02-27,5250000,5250000,Lunas,E-Wallet
PAY0008144,22SI0054,2024E,2025-02-22,5250000,5250000,Lunas,Transfer Bank
PAY0008145,22SI0055,2024E,2025-03-28,5250000,5250000,Lunas,Transfer Bank
PAY0008146,22SI0056,2024E,2025-03-11,5250000,5250000,Lunas,VA Bank
PAY0008147,22SI0057,2024E,2025-02-20,5250000,5250000,Lunas,VA Bank
PAY0008148,22SI0058,2024E,2025-03-13,5250000,5250000,Lunas,Transfer Bank
PAY0008149,22SI0059,2024E,2025-02-20,5250000,5250000,Lunas,E-Wallet
PAY0008150,22SI0060,2024E,03/03/2025,5250000,5250000,Lunas,Transfer Bank
PAY0008151,22SI0061,2024E,2025-03-09,5250000,5250000,Lunas,Loket Kampus
PAY0008152,22SI0062,2024E,2025-03-02,5250000,5250000,Lunas,VA Bank
PAY0008153,22SI0063,2024E,2025-04-01,5250000,5250000,Lunas,Loket Kampus
PAY0008154,22SI0064,2024E,2025-03-28,5250000,5250000,Lunas,Transfer Bank
PAY0008155,22SI0065,2024E,,5250000,0,Belum Lunas,VA Bank
PAY0008156,22SI0066,2024E,2025-03-02,5250000,5250000,Lunas,VA Bank
PAY0008157,22SI0067,2024E,24-Mar-2025,5250000,5250000,Lunas,Transfer Bank
PAY0008158,22SI0068,2024E,2025-03-04,5250000,5250000,Lunas,VA Bank
PAY0008159,22SI0069,2024E,2025-03-09,5250000,5250000,Lunas,VA Bank
PAY0008160,22SI0070,2024E,2025-02-17,5250000,3500000,Cicilan,VA Bank
PAY0008161,22SI0071,2024E,30/03/2025,5250000,5250000,Lunas,E-Wallet
PAY0008162,22SI0072,2024E,2025-03-13,5250000,5250000,Lunas,E-Wallet
PAY0008163,22SI0073,2024E,2025-03-13,5250000,5250000,Lunas,VA Bank
PAY0008164,22SI0074,2024E,27-Mar-2025,5250000,5250000,Lunas,Transfer Bank
PAY0008165,22SI0075,2024E,2025-03-21,5250000,5250000,Lunas,VA Bank
PAY0008166,22SI0076,2024E,2025-03-15,5250000,5250000,Lunas,Loket Kampus
PAY0008167,22SI0077,2024E,2025-02-23,5250000,5250000,Lunas,E-Wallet
PAY0008168,22SI0078,2024E,2025-03-26,5250000,5250000,Lunas,VA Bank
PAY0008169,22SI0079,2024E,2025-02-19,5250000,5250000,Lunas,VA Bank
PAY0008170,22SI0080,2024E,2025-03-18,5250000,5250000,Lunas,Transfer Bank
PAY0008171,22SI0081,2024E,2025-02-28,5250000,5250000,Lunas,Transfer Bank
PAY0008172,22SI0082,2024E,2025-03-26,5250000,5250000,Lunas,Transfer Bank
PAY0008173,22SI0083,2024E,07/03/2025,5250000,5250000,Lunas,E-Wallet
PAY0008174,22SI0084,2024E,2025-03-27,5250000,5250000,Lunas,VA Bank
PAY0008175,22SI0085,2024E,2025-03-16,5250000,3300000,Cicilan,Transfer Bank
PAY0008176,22IF0001,2024E,2025-03-15,5750000,5750000,Lunas,E-Wallet
PAY0008177,22IF0002,2024E,2025-04-01,5750000,5750000,Lunas,E-Wallet
PAY0008178,22IF0003,2024E,29/03/2025,5750000,5750000,Lunas,Transfer Bank
PAY0008179,22IF0004,2024E,2025-03-23,5750000,5750000,Lunas,Loket Kampus
PAY0008180,22IF0005,2024E,12/03/2025,5750000,5750000,Lunas,E-Wallet
PAY0008181,22IF0006,2024E,01/03/2025,5750000,5750000,Lunas,Loket Kampus
PAY0008182,22IF0007,2024E,23-Mar-2025,5750000,3500000,Cicilan,VA Bank
PAY0008183,22IF0008,2024E,2025-03-11,5750000,5750000,Lunas,Loket Kampus
PAY0008184,22IF0009,2024E,,5750000,0,Belum Lunas,VA Bank
PAY0008185,22IF0010,2024E,2025-03-03,5750000,5750000,Lunas,Transfer Bank
PAY0008186,22IF0011,2024E,20-Feb-2025,5750000,5750000,Lunas,VA Bank
PAY0008187,22IF0012,2024E,19/03/2025,5750000,5750000,Lunas,Transfer Bank
PAY0008188,22IF0013,2024E,2025-03-17,5750000,5750000,Lunas,VA Bank
PAY0008189,22IF0014,2024E,2025-03-04,5750000,5750000,Lunas,VA Bank
PAY0008190,22IF0015,2024E,2025-03-10,5750000,5750000,Lunas,Transfer Bank
PAY0008191,22IF0016,2024E,23/03/2025,5750000,5750000,Lunas,VA Bank
PAY0008192,22IF0017,2024E,2025-04-01,5750000,5750000,Lunas,E-Wallet
PAY0008193,22IF0018,2024E,2025-03-02,5750000,4100000,Cicilan,Transfer Bank
PAY0008194,22IF0019,2024E,2025-03-06,5750000,5750000,Lunas,Transfer Bank
PAY0008195,22IF0020,2024E,07/03/2025,5750000,5750000,Lunas,E-Wallet
PAY0008196,22IF0021,2024E,2025-02-15,5750000,2600000,Cicilan,Loket Kampus
PAY0008197,22IF0022,2024E,2025-03-20,5750000,5750000,Lunas,E-Wallet
PAY0008198,22IF0023,2024E,2025-02-18,5750000,5750000,Lunas,VA Bank
PAY0008199,22IF0024,2024E,,5750000,0,Belum Lunas,E-Wallet
PAY0008200,22IF0025,2024E,2025-03-17,5750000,5750000,Lunas,Loket Kampus
PAY0008201,22IF0026,2024E,2025-03-29,5750000,5750000,Lunas,E-Wallet
PAY0008202,22IF0027,2024E,2025-03-12,5750000,5750000,Lunas,E-Wallet
PAY0008203,22IF0028,2024E,2025-03-24,5750000,5750000,Lunas,Loket Kampus
PAY0008204,22IF0029,2024E,2025-02-20,5750000,5750000,Lunas,Transfer Bank
PAY0008205,22IF0030,2024E,2025-02-25,5750000,5750000,Lunas,Loket Kampus
PAY0008206,22IF0031,2024E,2025-02-26,5750000,5750000,Lunas,VA Bank
PAY0008207,22IF0032,2024E,2025-02-17,5750000,5750000,Lunas,VA Bank
PAY0008208,22IF0033,2024E,27/03/2025,5750000,5750000,Lunas,Loket Kampus
PAY0008209,22IF0034,2024E,2025-02-19,5750000,5750000,Lunas,Loket Kampus
PAY0008210,22IF0035,2024E,2025-02-17,5750000,5750000,Lunas,VA Bank
PAY0008211,22IF0036,2024E,2025-02-22,5750000,2500000,Cicilan,VA Bank
PAY0008212,22IF0037,2024E,2025-02-16,5750000,5750000,Lunas,Transfer Bank
PAY0008213,22IF0038,2024E,2025-03-23,5750000,3100000,Cicilan,Loket Kampus
PAY0008214,22IF0039,2024E,2025-03-27,5750000,5750000,Lunas,E-Wallet
PAY0008215,22IF0040,2024E,28/02/2025,5750000,5750000,Lunas,Loket Kampus
PAY0008216,22IF0041,2024E,,5750000,0,Belum Lunas,E-Wallet
PAY0008217,22IF0042,2024E,2025-03-27,5750000,5750000,Lunas,Loket Kampus
PAY0008218,22IF0043,2024E,16/03/2025,5750000,5750000,Lunas,Loket Kampus
PAY0008219,22IF0044,2024E,21/02/2025,5750000,5750000,Lunas,Loket Kampus
PAY0008220,22IF0045,2024E,2025-02-18,5750000,5750000,Lunas,E-Wallet
PAY0008221,22IF0046,2024E,2025-03-26,5750000,5750000,Lunas,E-Wallet
PAY0008222,22IF0047,2024E,03-Mar-2025,5750000,3900000,Cicilan,E-Wallet
PAY0008223,22IF0048,2024E,,5750000,0,Belum Lunas,Transfer Bank
PAY0008224,22IF0049,2024E,2025-03-05,5750000,5750000,Lunas,Loket Kampus
PAY0008225,22IF0050,2024E,2025-02-17,5750000,5750000,Lunas,Loket Kampus
PAY0008226,22IF0051,2024E,15/02/2025,5750000,5750000,Lunas,VA Bank
PAY0008227,22IF0052,2024E,2025-03-10,5750000,5750000,Lunas,Transfer Bank
PAY0008228,22IF0053,2024E,2025-02-24,5750000,5750000,Lunas,Loket Kampus
PAY0008229,22IF0054,2024E,09/03/2025,5750000,-5750000,Lunas,Transfer Bank
PAY0008230,22IF0055,2024E,2025-03-04,5750000,5750000,Lunas,E-Wallet
PAY0008231,22IF0056,2024E,2025-02-19,5750000,5750000,Lunas,Transfer Bank
PAY0008232,22IF0057,2024E,2025-02-22,5750000,5750000,Lunas,Transfer Bank
PAY0008233,22IF0058,2024E,2025-03-02,5750000,5750000,Lunas,VA Bank
PAY0008234,22IF0059,2024E,06/03/2025,5750000,5750000,Lunas,Transfer Bank
PAY0008235,22IF0060,2024E,2025-03-29,5750000,5750000,Lunas,Loket Kampus
PAY0008236,22IF0061,2024E,2025-03-19,5750000,5750000,Lunas,VA Bank
PAY0008237,22IF0062,2024E,24-Mar-2025,5750000,3800000,Cicilan,Loket Kampus
PAY0008238,22IF0063,2024E,,5750000,0,Belum Lunas,Transfer Bank
PAY0008239,22IF0064,2024E,2025-03-30,5750000,5750000,Lunas,E-Wallet
PAY0008240,22IF0065,2024E,2025-03-20,5750000,5750000,Lunas,E-Wallet
PAY0008241,22IF0066,2024E,02-Mar-2025,5750000,5750000,Lunas,Transfer Bank
PAY0008242,22IF0067,2024E,2025-02-27,5750000,5750000,Lunas,E-Wallet
PAY0008243,22IF0068,2024E,2025-02-24,5750000,5750000,Lunas,VA Bank
PAY0008244,22IF0069,2024E,2025-02-24,5750000,5750000,Lunas,E-Wallet
PAY0008245,22IF0070,2024E,2025-03-29,5750000,5750000,Lunas,Loket Kampus
PAY0008246,22IF0071,2024E,2025-03-07,5750000,5750000,Lunas,VA Bank
PAY0008247,22IF0072,2024E,2025-03-30,5750000,5750000,Lunas,E-Wallet
PAY0008248,22IF0073,2024E,2025-03-20,5750000,3300000,Cicilan,VA Bank
PAY0008249,22IF0074,2024E,2025-02-23,5750000,2800000,Cicilan,E-Wallet
PAY0008250,22IF0075,2024E,2025-02-28,5750000,5750000,Lunas,Transfer Bank
PAY0008251,22IF0076,2024E,2025-03-22,5750000,5750000,Lunas,VA Bank
PAY0008252,22IF0077,2024E,2025-03-25,5750000,3600000,Cicilan,Transfer Bank
PAY0008253,22IF0078,2024E,2025-03-25,5750000,5750000,Lunas,Transfer Bank
PAY0008254,22IF0079,2024E,2025-03-19,5750000,5750000,Lunas,Transfer Bank
PAY0008255,22IF0080,2024E,2025-02-27,5750000,5750000,Lunas,E-Wallet
PAY0008256,22IF0081,2024E,19/03/2025,5750000,5750000,Lunas,E-Wallet
PAY0008257,22IF0082,2024E,2025-02-17,5750000,5750000,Lunas,Loket Kampus
PAY0008258,22IF0083,2024E,2025-02-22,5750000,5750000,Lunas,E-Wallet
PAY0008259,22IF0084,2024E,2025-03-19,5750000,5750000,Lunas,Transfer Bank
PAY0008260,22IF0085,2024E,2025-03-20,5750000,5750000,Lunas,E-Wallet
PAY0008261,22IF0086,2024E,30-Mar-2025,5750000,3500000,Cicilan,E-Wallet
PAY0008262,22IF0087,2024E,2025-04-01,5750000,5750000,Lunas,Transfer Bank
PAY0008263,22IF0088,2024E,27/03/2025,5750000,5750000,Lunas,Loket Kampus
PAY0008264,22IF0089,2024E,2025-03-29,5750000,5750000,Lunas,Transfer Bank
PAY0008265,22IF0090,2024E,26-Mar-2025,5750000,5750000,Lunas,VA Bank
PAY0008266,22DS0001,2024E,20/03/2025,6000000,6000000,Lunas,Transfer Bank
PAY0008267,22DS0002,2024E,16-Mar-2025,6000000,6000000,Lunas,E-Wallet
PAY0008268,22DS0003,2024E,15/03/2025,6000000,3800000,Cicilan,Loket Kampus
PAY0008269,22DS0004,2024E,2025-03-09,6000000,6000000,Lunas,VA Bank
PAY0008270,22DS0005,2024E,19/03/2025,6000000,6000000,Lunas,Transfer Bank
PAY0008271,22DS0006,2024E,2025-02-18,6000000,6000000,Lunas,Loket Kampus
PAY0008272,22DS0007,2024E,,6000000,0,Belum Lunas,E-Wallet
PAY0008273,22DS0008,2024E,2025-03-05,6000000,6000000,Lunas,Loket Kampus
PAY0008274,22DS0009,2024E,2025-02-16,6000000,6000000,Lunas,Transfer Bank
PAY0008275,22DS0010,2024E,03/03/2025,6000000,6000000,Lunas,Transfer Bank
PAY0008276,22DS0011,2024E,2025-03-16,6000000,6000000,Lunas,E-Wallet
PAY0008277,22DS0012,2024E,2025-03-16,6000000,6000000,Lunas,Transfer Bank
PAY0008278,22DS0013,2024E,2025-03-12,6000000,6000000,Lunas,Transfer Bank
PAY0008279,22DS0014,2024E,2025-03-24,6000000,6000000,Lunas,VA Bank
PAY0008280,22DS0015,2024E,2025-03-16,6000000,6000000,Lunas,Transfer Bank
PAY0008281,22DS0016,2024E,2025-03-02,6000000,6000000,Lunas,E-Wallet
PAY0008282,22DS0017,2024E,2025-03-21,6000000,6000000,Lunas,Loket Kampus
PAY0008283,22DS0018,2024E,2025-02-21,6000000,6000000,Lunas,Transfer Bank
PAY0008284,22DS0019,2024E,14/03/2025,6000000,6000000,Lunas,Loket Kampus
PAY0008285,22DS0020,2024E,2025-03-23,6000000,6000000,Lunas,VA Bank
PAY0008286,22DS0021,2024E,2025-02-25,6000000,6000000,Lunas,Loket Kampus
PAY0008287,22DS0022,2024E,13/03/2025,6000000,6000000,Lunas,Transfer Bank
PAY0008288,22DS0023,2024E,2025-03-01,6000000,6000000,Lunas,VA Bank
PAY0008289,22DS0024,2024E,2025-03-08,6000000,2600000,Cicilan,VA Bank
PAY0008290,22DS0025,2024E,2025-02-23,6000000,6000000,Lunas,E-Wallet
PAY0008291,22DS0026,2024E,2025-02-21,6000000,6000000,Lunas,Loket Kampus
PAY0008292,22DS0027,2024E,2025-03-04,6000000,6000000,Lunas,Loket Kampus
PAY0008293,22DS0028,2024E,2025-03-26,6000000,6000000,Lunas,E-Wallet
PAY0008294,22DS0029,2024E,2025-02-17,6000000,6000000,Lunas,Loket Kampus
PAY0008295,22DS0030,2024E,2025-02-21,6000000,6000000,Lunas,Transfer Bank
PAY0008296,22DS0031,2024E,,6000000,0,Belum Lunas,Loket Kampus
PAY0008297,22DS0032,2024E,2025-03-24,6000000,6000000,Lunas,Transfer Bank
PAY0008298,22DS0033,2024E,28-Mar-2025,6000000,6000000,Lunas,Loket Kampus
PAY0008299,22DS0034,2024E,2025-03-27,6000000,6000000,Lunas,VA Bank
PAY0008300,22DS0035,2024E,2025-03-19,6000000,6000000,Lunas,Transfer Bank
PAY0008301,22DS0036,2024E,2025-02-16,6000000,6000000,Lunas,Loket Kampus
PAY0008302,22DS0037,2024E,2025-03-10,6000000,6000000,Lunas,Loket Kampus
PAY0008303,22DS0038,2024E,,6000000,0,Belum Lunas,VA Bank
PAY0008304,22DS0039,2024E,17/03/2025,6000000,6000000,Lunas,E-Wallet
PAY0008305,22DS0040,2024E,08-Mar-2025,6000000,6000000,Lunas,E-Wallet
PAY0008306,22DS0041,2024E,2025-03-26,6000000,6000000,Lunas,E-Wallet
PAY0008307,22DS0042,2024E,2025-02-26,6000000,3500000,Cicilan,VA Bank
PAY0008308,22DS0043,2024E,2025-03-14,6000000,6000000,Lunas,Loket Kampus
PAY0008309,22DS0044,2024E,2025-03-29,6000000,6000000,Lunas,VA Bank
PAY0008310,22DS0045,2024E,28-Mar-2025,6000000,6000000,Lunas,VA Bank
PAY0008311,22DS0046,2024E,2025-02-22,6000000,4400000,Cicilan,Loket Kampus
PAY0008312,22DS0047,2024E,2025-02-19,6000000,3000000,Cicilan,Loket Kampus
PAY0008313,22DS0048,2024E,2025-02-20,6000000,6000000,Lunas,Transfer Bank
PAY0008314,22DS0049,2024E,2025-02-24,6000000,6000000,Lunas,E-Wallet
PAY0008315,22DS0050,2024E,2025-03-30,6000000,6000000,Lunas,VA Bank
PAY0008316,22DS0051,2024E,2025-02-24,6000000,6000000,Lunas,E-Wallet
PAY0008317,22DS0052,2024E,2025-03-02,6000000,3200000,Cicilan,E-Wallet
PAY0008318,22DS0053,2024E,01/04/2025,6000000,6000000,Lunas,E-Wallet
PAY0008319,22DS0054,2024E,03/03/2025,6000000,2800000,Cicilan,E-Wallet
PAY0008320,22DS0055,2024E,18-Feb-2025,6000000,6000000,Lunas,E-Wallet
PAY0008321,22DS0056,2024E,2025-03-13,6000000,6000000,Lunas,VA Bank
PAY0008322,22DS0057,2024E,2025-03-20,6000000,6000000,Lunas,Transfer Bank
PAY0008323,22DS0058,2024E,07-Mar-2025,6000000,4200000,Cicilan,VA Bank
PAY0008324,22DS0059,2024E,2025-03-21,6000000,6000000,Lunas,VA Bank
PAY0008325,22DS0060,2024E,2025-03-01,6000000,4400000,Cicilan,E-Wallet
PAY0008326,22DS0061,2024E,28/02/2025,6000000,4100000,Cicilan,VA Bank
PAY0008327,22DS0062,2024E,16-Mar-2025,6000000,6000000,Lunas,E-Wallet
PAY0008328,22DS0063,2024E,2025-03-13,6000000,6000000,Lunas,E-Wallet
PAY0008329,22DS0064,2024E,15-Mar-2025,6000000,2300000,Cicilan,E-Wallet
PAY0008330,22DS0065,2024E,,6000000,0,Belum Lunas,VA Bank
PAY0008331,22DS0066,2024E,2025-03-01,6000000,6000000,Lunas,VA Bank
PAY0008332,22DS0067,2024E,2025-03-10,6000000,6000000,Lunas,E-Wallet
PAY0008333,22DS0068,2024E,2025-03-23,6000000,6000000,Lunas,E-Wallet
PAY0008334,22DS0069,2024E,2025-02-24,6000000,6000000,Lunas,E-Wallet
PAY0008335,22DS0070,2024E,2025-03-08,6000000,6000000,Lunas,E-Wallet
PAY0008336,22DS0071,2024E,2025-03-07,6000000,6000000,Lunas,Loket Kampus
PAY0008337,22TR0001,2024E,2025-03-12,5700000,3300000,Cicilan,Transfer Bank
PAY0008338,22TR0002,2024E,2025-03-30,5700000,5700000,Lunas,Transfer Bank
PAY0008339,22TR0003,2024E,2025-03-20,5700000,5700000,Lunas,Loket Kampus
PAY0008340,22TR0004,2024E,2025-02-28,5700000,5700000,Lunas,Loket Kampus
PAY0008341,22TR0005,2024E,23/03/2025,5700000,5700000,Lunas,VA Bank
PAY0008342,22TR0006,2024E,22-Mar-2025,5700000,2800000,Cicilan,Transfer Bank
PAY0008343,22TR0007,2024E,2025-03-17,5700000,5700000,Lunas,E-Wallet
PAY0008344,22TR0008,2024E,2025-03-10,5700000,5700000,Lunas,Transfer Bank
PAY0008345,22TR0009,2024E,2025-03-01,5700000,5700000,Lunas,Transfer Bank
PAY0008346,22TR0010,2024E,27/02/2025,5700000,5700000,Lunas,E-Wallet
PAY0008347,22TR0011,2024E,2025-03-24,5700000,5700000,Lunas,Transfer Bank
PAY0008348,22TR0012,2024E,20-Feb-2025,5700000,5700000,Lunas,Loket Kampus
PAY0008349,22TR0013,2024E,16/02/2025,5700000,5700000,Lunas,VA Bank
PAY0008350,22TR0014,2024E,2025-03-03,5700000,5700000,Lunas,Loket Kampus
PAY0008351,22TR0015,2024E,19/02/2025,5700000,5700000,Lunas,E-Wallet
PAY0008352,22TR0016,2024E,2025-03-05,5700000,5700000,Lunas,VA Bank
PAY0008353,22TR0017,2024E,2025-03-29,5700000,5700000,Lunas,VA Bank
PAY0008354,22TR0018,2024E,16/03/2025,5700000,5700000,Lunas,Transfer Bank
PAY0008355,22TR0019,2024E,2025-03-25,5700000,5700000,Lunas,VA Bank
PAY0008356,22TR0020,2024E,15/02/2025,5700000,5700000,Lunas,VA Bank
PAY0008357,22TR0021,2024E,2025-03-31,5700000,5700000,Lunas,E-Wallet
PAY0008358,22TR0022,2024E,15-Feb-2025,5700000,5700000,Lunas,Loket Kampus
PAY0008359,22TR0023,2024E,22/02/2025,5700000,5700000,Lunas,Loket Kampus
PAY0008360,22TR0024,2024E,2025-03-11,5700000,5700000,Lunas,Transfer Bank
PAY0008361,22TR0025,2024E,2025-03-26,5700000,3000000,Cicilan,E-Wallet
PAY0008362,22TR0026,2024E,31/03/2025,5700000,5700000,Lunas,VA Bank
PAY0008363,22TR0027,2024E,22-Mar-2025,5700000,5700000,Lunas,E-Wallet
PAY0008364,22TR0028,2024E,2025-02-18,5700000,5700000,Lunas,E-Wallet
PAY0008365,22TR0029,2024E,21/02/2025,5700000,5700000,Lunas,E-Wallet
PAY0008366,22TR0030,2024E,2025-02-16,5700000,2300000,Cicilan,VA Bank
PAY0008367,22TR0031,2024E,2025-03-19,5700000,5700000,Lunas,VA Bank
PAY0008368,22TR0032,2024E,2025-02-18,5700000,5700000,Lunas,E-Wallet
PAY0008369,22TR0033,2024E,2025-03-07,5700000,5700000,Lunas,VA Bank
PAY0008370,22TR0034,2024E,2025-03-26,5700000,5700000,Lunas,Transfer Bank
PAY0008371,22TR0035,2024E,2025-03-11,5700000,3100000,Cicilan,Loket Kampus
PAY0008372,22TR0036,2024E,2025-02-19,5700000,2800000,Cicilan,Loket Kampus
PAY0008373,22TR0037,2024E,2025-03-13,5700000,5700000,Lunas,Transfer Bank
PAY0008374,22TR0038,2024E,2025-02-25,5700000,5700000,Lunas,VA Bank
PAY0008375,22TR0039,2024E,2025-03-30,5700000,5700000,Lunas,Transfer Bank
PAY0008376,22TR0040,2024E,2025-03-22,5700000,5700000,Lunas,VA Bank
PAY0008377,22TR0041,2024E,2025-02-17,5700000,5700000,Lunas,Loket Kampus
PAY0008378,22TR0042,2024E,2025-02-28,5700000,5700000,Lunas,VA Bank
PAY0008379,22TR0043,2024E,2025-03-30,5700000,5700000,Lunas,Transfer Bank
PAY0008380,22TR0044,2024E,29-Mar-2025,5700000,5700000,Lunas,Transfer Bank
PAY0008381,22TR0045,2024E,2025-03-01,5700000,5700000,Lunas,VA Bank
PAY0008382,22TR0046,2024E,2025-03-07,5700000,5700000,Lunas,Loket Kampus
PAY0008383,22TR0047,2024E,2025-03-22,5700000,5700000,Lunas,Transfer Bank
PAY0008384,22TR0048,2024E,2025-03-08,5700000,5700000,Lunas,Transfer Bank
PAY0008385,22TR0049,2024E,2025-03-29,5700000,5700000,Lunas,Transfer Bank
PAY0008386,22TR0050,2024E,2025-03-18,5700000,5700000,Lunas,VA Bank
PAY0008387,22TR0051,2024E,2025-03-03,5700000,5700000,Lunas,Transfer Bank
PAY0008388,22TR0052,2024E,2025-02-24,5700000,5700000,Lunas,Loket Kampus
PAY0008389,22TR0053,2024E,2025-02-23,5700000,5700000,Lunas,Loket Kampus
PAY0008390,22TR0054,2024E,2025-03-03,5700000,5700000,Lunas,E-Wallet
PAY0008391,22TR0055,2024E,25/03/2025,5700000,5700000,Lunas,E-Wallet
PAY0008392,22TR0056,2024E,10/03/2025,5700000,5700000,Lunas,VA Bank
PAY0008393,22TR0057,2024E,2025-03-07,5700000,5700000,Lunas,Loket Kampus
PAY0008394,22TR0058,2024E,2025-03-04,5700000,5700000,Lunas,E-Wallet
PAY0008395,22TR0059,2024E,2025-03-23,5700000,5700000,Lunas,E-Wallet
PAY0008396,22TR0060,2024E,2025-03-19,5700000,5700000,Lunas,Loket Kampus
PAY0008397,22TR0061,2024E,,5700000,0,Belum Lunas,Transfer Bank
PAY0008398,22TR0062,2024E,11/03/2025,5700000,3500000,Cicilan,Loket Kampus
PAY0008399,22TR0063,2024E,2025-03-31,5700000,5700000,Lunas,Loket Kampus
PAY0008400,22TR0064,2024E,2025-03-03,5700000,5700000,Lunas,Loket Kampus
PAY0008401,22TR0065,2024E,2025-02-17,5700000,4200000,Cicilan,E-Wallet
PAY0008402,22TR0066,2024E,2025-03-19,5700000,5700000,Lunas,Transfer Bank
PAY0008403,22TR0067,2024E,2025-03-06,5700000,5700000,Lunas,Transfer Bank
PAY0008404,22TR0068,2024E,2025-03-26,5700000,5700000,Lunas,Loket Kampus
PAY0008405,22BD0001,2024E,04-Mar-2025,5000000,5000000,Lunas,E-Wallet
PAY0008406,22BD0002,2024E,2025-03-23,5000000,3700000,Cicilan,VA Bank
PAY0008407,22BD0003,2024E,2025-03-22,5000000,5000000,Lunas,Loket Kampus
PAY0008408,22BD0004,2024E,2025-03-12,5000000,5000000,Lunas,E-Wallet
PAY0008409,22BD0005,2024E,2025-02-26,5000000,5000000,Lunas,Loket Kampus
PAY0008410,22BD0006,2024E,2025-02-20,5000000,1900000,Cicilan,Loket Kampus
PAY0008411,22BD0007,2024E,29-Mar-2025,5000000,5000000,Lunas,E-Wallet
PAY0008412,22BD0008,2024E,2025-02-26,5000000,5000000,Lunas,E-Wallet
PAY0008413,22BD0009,2024E,29/03/2025,5000000,5000000,Lunas,Transfer Bank
PAY0008414,22BD0010,2024E,2025-03-28,5000000,5000000,Lunas,VA Bank
PAY0008415,22BD0011,2024E,,5000000,0,Belum Lunas,VA Bank
PAY0008416,22BD0012,2024E,2025-02-19,5000000,2800000,Cicilan,E-Wallet
PAY0008417,22BD0013,2024E,2025-03-16,5000000,5000000,Lunas,Transfer Bank
PAY0008418,22BD0014,2024E,2025-03-03,5000000,5000000,Lunas,E-Wallet
PAY0008419,22BD0015,2024E,2025-03-05,5000000,5000000,Lunas,Loket Kampus
PAY0008420,22BD0016,2024E,14/03/2025,5000000,5000000,Lunas,Loket Kampus
PAY0008421,22BD0017,2024E,2025-03-08,5000000,5000000,Lunas,VA Bank
PAY0008422,22BD0018,2024E,13-Mar-2025,5000000,5000000,Lunas,Transfer Bank
PAY0008423,22BD0019,2024E,01/03/2025,5000000,5000000,Lunas,Loket Kampus
PAY0008424,22BD0020,2024E,2025-03-05,5000000,5000000,Lunas,Transfer Bank
PAY0008425,22BD0021,2024E,2025-03-19,5000000,5000000,Lunas,Loket Kampus
PAY0008426,22BD0022,2024E,01-Apr-2025,5000000,5000000,Lunas,VA Bank
PAY0008427,22BD0023,2024E,2025-02-18,5000000,5000000,Lunas,Loket Kampus
PAY0008428,22BD0024,2024E,2025-02-19,5000000,5000000,Lunas,E-Wallet
PAY0008429,22BD0025,2024E,2025-02-24,5000000,3100000,Cicilan,Loket Kampus
PAY0008430,22BD0026,2024E,2025-02-28,5000000,5000000,Lunas,E-Wallet
PAY0008431,22BD0027,2024E,2025-03-11,5000000,5000000,Lunas,E-Wallet
PAY0008432,22BD0028,2024E,,5000000,0,Belum Lunas,E-Wallet
PAY0008433,22BD0029,2024E,,5000000,0,Belum Lunas,VA Bank
PAY0008434,22BD0030,2024E,2025-02-21,5000000,5000000,Lunas,VA Bank
PAY0008435,22BD0031,2024E,2025-03-21,5000000,5000000,Lunas,Loket Kampus
PAY0008436,22BD0032,2024E,2025-03-03,5000000,5000000,Lunas,VA Bank
PAY0008437,22BD0033,2024E,2025-03-14,5000000,3600000,Cicilan,VA Bank
PAY0008438,22BD0034,2024E,2025-03-25,5000000,5000000,Lunas,Loket Kampus
PAY0008439,22BD0035,2024E,2025-03-05,5000000,5000000,Lunas,E-Wallet
PAY0008440,22BD0036,2024E,2025-03-09,5000000,5000000,Lunas,Loket Kampus
PAY0008441,22BD0037,2024E,24-Mar-2025,5000000,5000000,Lunas,VA Bank
PAY0008442,22BD0038,2024E,2025-03-27,5000000,3000000,Cicilan,VA Bank
PAY0008443,22BD0039,2024E,2025-03-29,5000000,5000000,Lunas,Loket Kampus
PAY0008444,22BD0040,2024E,25/02/2025,5000000,5000000,Lunas,E-Wallet
PAY0008445,22BD0041,2024E,24/02/2025,5000000,5000000,Lunas,E-Wallet
PAY0008446,22BD0042,2024E,2025-03-12,5000000,5000000,Lunas,VA Bank
PAY0008447,22BD0043,2024E,2025-03-06,5000000,5000000,Lunas,Transfer Bank
PAY0008448,22BD0044,2024E,2025-02-22,5000000,5000000,Lunas,Loket Kampus
PAY0008449,22BD0045,2024E,2025-03-15,5000000,5000000,Lunas,E-Wallet
PAY0008450,22BD0046,2024E,24-Feb-2025,5000000,5000000,Lunas,E-Wallet
PAY0008451,22BD0047,2024E,2025-03-26,5000000,5000000,Lunas,E-Wallet
PAY0008452,22BD0048,2024E,2025-03-07,5000000,5000000,Lunas,E-Wallet
PAY0008453,22BD0049,2024E,2025-03-17,5000000,5000000,Lunas,Transfer Bank
PAY0008454,22BD0050,2024E,2025-03-20,5000000,5000000,Lunas,Loket Kampus
PAY0008455,22BD0051,2024E,22-Mar-2025,5000000,5000000,Lunas,Transfer Bank
PAY0008456,22BD0052,2024E,,5000000,0,Belum Lunas,Transfer Bank
PAY0008457,22BD0053,2024E,2025-03-12,5000000,3000000,Cicilan,Transfer Bank
PAY0008458,22BD0054,2024E,26/03/2025,5000000,5000000,Lunas,E-Wallet
PAY0008459,22BD0055,2024E,,5000000,0,Belum Lunas,Loket Kampus
PAY0008460,22BD0056,2024E,01-Apr-2025,5000000,5000000,Lunas,Loket Kampus
PAY0008461,22BD0057,2024E,2025-03-06,5000000,5000000,Lunas,VA Bank
PAY0008462,22BD0058,2024E,2025-02-15,5000000,5000000,Lunas,Transfer Bank
PAY0008463,22BD0059,2024E,2025-02-18,5000000,5000000,Lunas,E-Wallet
PAY0008464,22BD0060,2024E,2025-02-18,5000000,5000000,Lunas,VA Bank
PAY0008465,22BD0061,2024E,2025-03-07,5000000,5000000,Lunas,VA Bank
PAY0008466,22BD0062,2024E,2025-03-19,5000000,5000000,Lunas,Transfer Bank
PAY0008467,22BD0063,2024E,2025-03-08,5000000,5000000,Lunas,Loket Kampus
PAY0008468,22BD0064,2024E,17/03/2025,5000000,5000000,Lunas,E-Wallet
PAY0008469,22BD0065,2024E,2025-02-16,5000000,5000000,Lunas,E-Wallet
PAY0008470,22BD0066,2024E,2025-03-01,5000000,5000000,Lunas,VA Bank
PAY0008471,22BD0067,2024E,2025-03-31,5000000,5000000,Lunas,E-Wallet
PAY0008472,22BD0068,2024E,2025-03-28,5000000,5000000,Lunas,Transfer Bank
PAY0008473,22BD0069,2024E,2025-02-20,5000000,5000000,Lunas,E-Wallet
PAY0008474,22BD0070,2024E,2025-03-13,5000000,5000000,Lunas,E-Wallet
PAY0008475,22BD0071,2024E,27/02/2025,5000000,5000000,Lunas,Transfer Bank
PAY0008476,23TI0001,2024E,2025-03-22,5500000,5500000,Lunas,E-Wallet
PAY0008477,23TI0002,2024E,24-Feb-2025,5500000,5500000,Lunas,VA Bank
PAY0008478,23TI0003,2024E,2025-02-22,5500000,3300000,Cicilan,Transfer Bank
PAY0008479,23TI0004,2024E,17/03/2025,5500000,5500000,Lunas,VA Bank
PAY0008480,23TI0005,2024E,2025-02-24,5500000,5500000,Lunas,E-Wallet
PAY0008481,23TI0006,2024E,2025-03-05,5500000,5500000,Lunas,VA Bank
PAY0008482,23TI0007,2024E,17-Feb-2025,5500000,5500000,Lunas,VA Bank
PAY0008483,23TI0008,2024E,2025-02-16,5500000,5500000,Lunas,VA Bank
PAY0008484,23TI0009,2024E,,5500000,0,Belum Lunas,E-Wallet
PAY0008485,23TI0010,2024E,21/03/2025,5500000,3500000,Cicilan,VA Bank
PAY0008486,23TI0011,2024E,2025-02-18,5500000,5500000,Lunas,Transfer Bank
PAY0008487,23TI0012,2024E,2025-03-20,5500000,5500000,Lunas,Transfer Bank
PAY0008488,23TI0013,2024E,2025-02-20,5500000,5500000,Lunas,Loket Kampus
PAY0008489,23TI0014,2024E,2025-03-30,5500000,5500000,Lunas,E-Wallet
PAY0008490,23TI0015,2024E,01/04/2025,5500000,2100000,Cicilan,E-Wallet
PAY0008491,23TI0016,2024E,2025-04-01,5500000,5500000,Lunas,Transfer Bank
PAY0008492,23TI0017,2024E,2025-03-07,5500000,5500000,Lunas,E-Wallet
PAY0008493,23TI0018,2024E,2025-03-03,5500000,5500000,Lunas,Transfer Bank
PAY0008494,23TI0019,2024E,2025-03-24,5500000,5500000,Lunas,Transfer Bank
PAY0008495,23TI0020,2024E,15/02/2025,5500000,2400000,Cicilan,Transfer Bank
PAY0008496,23TI0021,2024E,,5500000,0,Belum Lunas,E-Wallet
PAY0008497,23TI0022,2024E,2025-03-04,5500000,5500000,Lunas,Loket Kampus
PAY0008498,23TI0023,2024E,,5500000,0,Belum Lunas,VA Bank
PAY0008499,23TI0024,2024E,2025-03-25,5500000,5500000,Lunas,VA Bank
PAY0008500,23TI0025,2024E,2025-03-09,5500000,2500000,Cicilan,E-Wallet
PAY0008501,23TI0026,2024E,01/04/2025,5500000,5500000,Lunas,Transfer Bank
PAY0008502,23TI0027,2024E,2025-03-03,5500000,5500000,Lunas,VA Bank
PAY0008503,23TI0028,2024E,2025-02-28,5500000,5500000,Lunas,E-Wallet
PAY0008504,23TI0029,2024E,2025-03-27,5500000,5500000,Lunas,VA Bank
PAY0008505,23TI0030,2024E,2025-03-04,5500000,5500000,Lunas,E-Wallet
PAY0008506,23TI0031,2024E,2025-03-29,5500000,2400000,Cicilan,E-Wallet
PAY0008507,23TI0032,2024E,2025-03-28,5500000,5500000,Lunas,Transfer Bank
PAY0008508,23TI0033,2024E,2025-03-26,5500000,5500000,Lunas,E-Wallet
PAY0008509,23TI0034,2024E,2025-03-10,5500000,5500000,Lunas,Loket Kampus
PAY0008510,23TI0035,2024E,2025-02-24,5500000,5500000,Lunas,VA Bank
PAY0008511,23TI0036,2024E,2025-03-05,5500000,5500000,Lunas,Transfer Bank
PAY0008512,23TI0037,2024E,2025-03-28,5500000,5500000,Lunas,Transfer Bank
PAY0008513,23TI0038,2024E,08/03/2025,5500000,5500000,Lunas,Loket Kampus
PAY0008514,23TI0039,2024E,2025-03-16,5500000,5500000,Lunas,Loket Kampus
PAY0008515,23TI0040,2024E,,5500000,0,Belum Lunas,Loket Kampus
PAY0008516,23TI0041,2024E,2025-03-02,5500000,5500000,Lunas,Loket Kampus
PAY0008517,23TI0042,2024E,2025-02-28,5500000,5500000,Lunas,Transfer Bank
PAY0008518,23TI0043,2024E,2025-02-18,5500000,5500000,Lunas,VA Bank
PAY0008519,23TI0044,2024E,2025-04-01,5500000,2300000,Cicilan,VA Bank
PAY0008520,23TI0045,2024E,2025-03-23,5500000,3000000,Cicilan,Transfer Bank
PAY0008521,23TI0046,2024E,2025-03-20,5500000,5500000,Lunas,E-Wallet
PAY0008522,23TI0047,2024E,2025-04-01,5500000,3300000,Cicilan,VA Bank
PAY0008523,23TI0048,2024E,2025-03-28,5500000,5500000,Lunas,Loket Kampus
PAY0008524,23TI0049,2024E,2025-03-22,5500000,5500000,Lunas,Transfer Bank
PAY0008525,23TI0050,2024E,2025-03-26,5500000,5500000,Lunas,Loket Kampus
PAY0008526,23TI0051,2024E,2025-02-24,5500000,5500000,Lunas,E-Wallet
PAY0008527,23TI0052,2024E,16-Mar-2025,5500000,5500000,Lunas,VA Bank
PAY0008528,23TI0053,2024E,23-Feb-2025,5500000,5500000,Lunas,Loket Kampus
PAY0008529,23TI0054,2024E,2025-03-18,5500000,5500000,Lunas,Loket Kampus
PAY0008530,23TI0055,2024E,2025-03-19,5500000,2700000,Cicilan,E-Wallet
PAY0008531,23TI0056,2024E,2025-02-24,5500000,4000000,Cicilan,VA Bank
PAY0008532,23TI0057,2024E,2025-03-04,5500000,5500000,Lunas,Loket Kampus
PAY0008533,23TI0058,2024E,2025-03-27,5500000,5500000,Lunas,VA Bank
PAY0008534,23TI0059,2024E,26-Feb-2025,5500000,5500000,Lunas,E-Wallet
PAY0008535,23TI0060,2024E,2025-03-15,5500000,2500000,Cicilan,Transfer Bank
PAY0008536,23TI0061,2024E,2025-03-19,5500000,5500000,Lunas,Loket Kampus
PAY0008537,23TI0062,2024E,2025-03-16,5500000,4000000,Cicilan,Transfer Bank
PAY0008538,23TI0063,2024E,2025-02-22,5500000,5500000,Lunas,E-Wallet
PAY0008539,23TI0064,2024E,2025-03-19,5500000,5500000,Lunas,VA Bank
PAY0008540,23TI0065,2024E,25/02/2025,5500000,5500000,Lunas,Transfer Bank
PAY0008541,23TI0066,2024E,2025-03-19,5500000,5500000,Lunas,VA Bank
PAY0008542,23TI0067,2024E,2025-03-31,5500000,5500000,Lunas,E-Wallet
PAY0008543,23TI0068,2024E,2025-03-15,5500000,5500000,Lunas,VA Bank
PAY0008544,23TI0069,2024E,2025-03-18,5500000,5500000,Lunas,Transfer Bank
PAY0008545,23TI0070,2024E,2025-03-09,5500000,5500000,Lunas,VA Bank
PAY0008546,23TI0071,2024E,2025-02-25,5500000,5500000,Lunas,Loket Kampus
PAY0008547,23TI0072,2024E,20/03/2025,5500000,5500000,Lunas,Transfer Bank
PAY0008548,23TI0073,2024E,2025-03-22,5500000,5500000,Lunas,E-Wallet
PAY0008549,23TI0074,2024E,2025-02-23,5500000,5500000,Lunas,Loket Kampus
PAY0008550,23TI0075,2024E,,5500000,0,Belum Lunas,Transfer Bank
PAY0008551,23TI0076,2024E,2025-03-13,5500000,5500000,Lunas,Transfer Bank
PAY0008552,23TI0077,2024E,2025-03-22,5500000,5500000,Lunas,Transfer Bank
PAY0008553,23TI0078,2024E,2025-03-01,5500000,5500000,Lunas,Transfer Bank
PAY0008554,23TI0079,2024E,24-Mar-2025,5500000,5500000,Lunas,Transfer Bank
PAY0008555,23TI0080,2024E,2025-02-20,5500000,5500000,Lunas,Transfer Bank
PAY0008556,23TI0081,2024E,2025-02-18,5500000,5500000,Lunas,VA Bank
PAY0008557,23TI0082,2024E,28/03/2025,5500000,5500000,Lunas,Transfer Bank
PAY0008558,23TI0083,2024E,13-Mar-2025,5500000,5500000,Lunas,VA Bank
PAY0008559,23TI0084,2024E,10/03/2025,5500000,4100000,Cicilan,Transfer Bank
PAY0008560,23TI0085,2024E,2025-03-13,5500000,5500000,Lunas,E-Wallet
PAY0008561,23TI0086,2024E,2025-03-15,5500000,5500000,Lunas,VA Bank
PAY0008562,23TI0087,2024E,06/03/2025,5500000,5500000,Lunas,Loket Kampus
PAY0008563,23TI0088,2024E,2025-03-20,5500000,5500000,Lunas,Loket Kampus
PAY0008564,23TI0089,2024E,,5500000,0,Belum Lunas,Loket Kampus
PAY0008565,23TI0090,2024E,2025-03-28,5500000,5500000,Lunas,VA Bank
PAY0008566,23TI0091,2024E,2025-03-20,5500000,5500000,Lunas,Transfer Bank
PAY0008567,23TI0092,2024E,2025-03-14,5500000,5500000,Lunas,E-Wallet
PAY0008568,23TI0093,2024E,2025-02-15,5500000,5500000,Lunas,Loket Kampus
PAY0008569,23TI0094,2024E,2025-03-12,5500000,5500000,Lunas,Loket Kampus
PAY0008570,23TI0095,2024E,21/03/2025,5500000,5500000,Lunas,Transfer Bank
PAY0008571,23SI0001,2024E,18-Mar-2025,5250000,5250000,Lunas,VA Bank
PAY0008572,23SI0002,2024E,12/03/2025,5250000,5250000,Lunas,VA Bank
PAY0008573,23SI0003,2024E,2025-03-31,5250000,5250000,Lunas,Loket Kampus
PAY0008574,23SI0004,2024E,2025-02-18,5250000,5250000,Lunas,VA Bank
PAY0008575,23SI0005,2024E,2025-03-20,5250000,5250000,Lunas,E-Wallet
PAY0008576,23SI0006,2024E,21/03/2025,5250000,5250000,Lunas,E-Wallet
PAY0008577,23SI0007,2024E,2025-03-19,5250000,5250000,Lunas,VA Bank
PAY0008578,23SI0008,2024E,2025-03-16,5250000,2100000,Cicilan,Transfer Bank
PAY0008579,23SI0009,2024E,2025-03-27,5250000,5250000,Lunas,Loket Kampus
PAY0008580,23SI0010,2024E,2025-03-22,5250000,5250000,Lunas,Loket Kampus
PAY0008581,23SI0011,2024E,2025-03-21,5250000,5250000,Lunas,E-Wallet
PAY0008582,23SI0012,2024E,2025-02-15,5250000,5250000,Lunas,E-Wallet
PAY0008583,23SI0013,2024E,2025-03-21,5250000,5250000,Lunas,Transfer Bank
PAY0008584,23SI0014,2024E,24/03/2025,5250000,5250000,Lunas,VA Bank
PAY0008585,23SI0015,2024E,2025-02-27,5250000,5250000,Lunas,VA Bank
PAY0008586,23SI0016,2024E,2025-03-31,5250000,5250000,Lunas,VA Bank
PAY0008587,23SI0017,2024E,2025-03-07,5250000,5250000,Lunas,Loket Kampus
PAY0008588,23SI0018,2024E,2025-02-15,5250000,5250000,Lunas,E-Wallet
PAY0008589,23SI0019,2024E,23-Feb-2025,5250000,5250000,Lunas,E-Wallet
PAY0008590,23SI0020,2024E,2025-03-11,5250000,5250000,Lunas,Transfer Bank
PAY0008591,23SI0021,2024E,,5250000,0,Belum Lunas,E-Wallet
PAY0008592,23SI0022,2024E,13-Mar-2025,5250000,5250000,Lunas,Transfer Bank
PAY0008593,23SI0023,2024E,2025-04-01,5250000,5250000,Lunas,VA Bank
PAY0008594,23SI0024,2024E,01-Mar-2025,5250000,5250000,Lunas,VA Bank
PAY0008595,23SI0025,2024E,14-Mar-2025,5250000,5250000,Lunas,E-Wallet
PAY0008596,23SI0026,2024E,2025-03-19,5250000,5250000,Lunas,E-Wallet
PAY0008597,23SI0027,2024E,2025-02-15,5250000,5250000,Lunas,E-Wallet
PAY0008598,23SI0028,2024E,17/02/2025,5250000,5250000,Lunas,Transfer Bank
PAY0008599,23SI0029,2024E,2025-03-17,5250000,5250000,Lunas,Transfer Bank
PAY0008600,23SI0030,2024E,2025-03-12,5250000,5250000,Lunas,VA Bank
PAY0008601,23SI0031,2024E,2025-03-25,5250000,5250000,Lunas,E-Wallet
PAY0008602,23SI0032,2024E,2025-02-22,5250000,5250000,Lunas,E-Wallet
PAY0008603,23SI0033,2024E,2025-03-15,5250000,5250000,Lunas,Loket Kampus
PAY0008604,23SI0034,2024E,2025-02-16,5250000,5250000,Lunas,VA Bank
PAY0008605,23SI0035,2024E,2025-03-30,5250000,5250000,Lunas,Transfer Bank
PAY0008606,23SI0036,2024E,20/02/2025,5250000,5250000,Lunas,Transfer Bank
PAY0008607,23SI0037,2024E,19/02/2025,5250000,5250000,Lunas,Loket Kampus
PAY0008608,23SI0038,2024E,12/03/2025,5250000,5250000,Lunas,Transfer Bank
PAY0008609,23SI0039,2024E,2025-03-16,5250000,5250000,Lunas,Loket Kampus
PAY0008610,23SI0040,2024E,2025-02-27,5250000,5250000,Lunas,VA Bank
PAY0008611,23SI0041,2024E,2025-03-22,5250000,5250000,Lunas,E-Wallet
PAY0008612,23SI0042,2024E,2025-03-08,5250000,5250000,Lunas,Loket Kampus
PAY0008613,23SI0043,2024E,2025-03-10,5250000,2700000,Cicilan,VA Bank
PAY0008614,23SI0044,2024E,2025-03-06,5250000,5250000,Lunas,E-Wallet
PAY0008615,23SI0045,2024E,31/03/2025,5250000,5250000,Lunas,Loket Kampus
PAY0008616,23SI0046,2024E,2025-04-01,5250000,5250000,Lunas,E-Wallet
PAY0008617,23SI0047,2024E,2025-03-02,5250000,5250000,Lunas,VA Bank
PAY0008618,23SI0048,2024E,,5250000,0,Belum Lunas,Transfer Bank
PAY0008619,23SI0049,2024E,2025-03-15,5250000,5250000,Lunas,E-Wallet
PAY0008620,23SI0050,2024E,2025-03-30,5250000,5250000,Lunas,Loket Kampus
PAY0008621,23SI0051,2024E,21/02/2025,5250000,5250000,Lunas,Loket Kampus
PAY0008622,23SI0052,2024E,2025-02-17,5250000,5250000,Lunas,E-Wallet
PAY0008623,23SI0053,2024E,2025-02-21,5250000,5250000,Lunas,Loket Kampus
PAY0008624,23SI0054,2024E,19/02/2025,5250000,5250000,Lunas,Loket Kampus
PAY0008625,23SI0055,2024E,2025-03-02,5250000,5250000,Lunas,Loket Kampus
PAY0008626,23SI0056,2024E,2025-03-12,5250000,5250000,Lunas,Loket Kampus
PAY0008627,23SI0057,2024E,2025-03-08,5250000,5250000,Lunas,VA Bank
PAY0008628,23SI0058,2024E,2025-03-06,5250000,5250000,Lunas,Loket Kampus
PAY0008629,23SI0059,2024E,2025-03-10,5250000,5250000,Lunas,VA Bank
PAY0008630,23SI0060,2024E,2025-02-20,5250000,5250000,Lunas,E-Wallet
PAY0008631,23SI0061,2024E,2025-03-19,5250000,5250000,Lunas,E-Wallet
PAY0008632,23SI0062,2024E,2025-02-19,5250000,5250000,Lunas,E-Wallet
PAY0008633,23SI0063,2024E,2025-03-12,5250000,5250000,Lunas,Loket Kampus
PAY0008634,23SI0064,2024E,2025-03-25,5250000,5250000,Lunas,Transfer Bank
PAY0008635,23SI0065,2024E,2025-03-17,5250000,2600000,Cicilan,Transfer Bank
PAY0008636,23SI0066,2024E,2025-03-26,5250000,5250000,Lunas,Transfer Bank
PAY0008637,23SI0067,2024E,19/02/2025,5250000,5250000,Lunas,Loket Kampus
PAY0008638,23SI0068,2024E,2025-02-15,5250000,5250000,Lunas,VA Bank
PAY0008639,23SI0069,2024E,2025-03-01,5250000,2100000,Cicilan,Transfer Bank
PAY0008640,23SI0070,2024E,2025-02-27,5250000,5250000,Lunas,Transfer Bank
PAY0008641,23SI0071,2024E,2025-03-07,5250000,5250000,Lunas,E-Wallet
PAY0008642,23SI0072,2024E,29-Mar-2025,5250000,5250000,Lunas,E-Wallet
PAY0008643,23SI0073,2024E,2025-03-14,5250000,3500000,Cicilan,VA Bank
PAY0008644,23SI0074,2024E,,5250000,0,Belum Lunas,Loket Kampus
PAY0008645,23SI0075,2024E,2025-03-05,5250000,5250000,Lunas,Transfer Bank
PAY0008646,23SI0076,2024E,2025-03-28,5250000,5250000,Lunas,VA Bank
PAY0008647,23SI0077,2024E,2025-03-22,5250000,5250000,Lunas,E-Wallet
PAY0008648,23SI0078,2024E,2025-02-28,5250000,5250000,Lunas,Transfer Bank
PAY0008649,23SI0079,2024E,2025-03-19,5250000,2500000,Cicilan,Loket Kampus
PAY0008650,23SI0080,2024E,2025-03-18,5250000,5250000,Lunas,VA Bank
PAY0008651,23SI0081,2024E,13-Mar-2025,5250000,5250000,Lunas,Transfer Bank
PAY0008652,23SI0082,2024E,2025-03-05,5250000,5250000,Lunas,Transfer Bank
PAY0008653,23SI0083,2024E,2025-03-03,5250000,5250000,Lunas,Transfer Bank
PAY0008654,23SI0084,2024E,29-Mar-2025,5250000,5250000,Lunas,E-Wallet
PAY0008655,23SI0085,2024E,2025-03-11,5250000,3800000,Cicilan,Transfer Bank
PAY0008656,23SI0086,2024E,2025-03-27,5250000,5250000,Lunas,E-Wallet
PAY0008657,23SI0087,2024E,2025-03-26,5250000,3000000,Cicilan,VA Bank
PAY0008658,23SI0088,2024E,28/02/2025,5250000,5250000,Lunas,Loket Kampus
PAY0008659,23SI0089,2024E,16/02/2025,5250000,5250000,Lunas,E-Wallet
PAY0008660,23SI0090,2024E,2025-03-18,5250000,5250000,Lunas,VA Bank
PAY0008661,23IF0001,2024E,21/03/2025,5750000,5750000,Lunas,VA Bank
PAY0008662,23IF0002,2024E,2025-03-12,5750000,5750000,Lunas,Loket Kampus
PAY0008663,23IF0003,2024E,12-Mar-2025,5750000,5750000,Lunas,VA Bank
PAY0008664,23IF0004,2024E,31/03/2025,5750000,5750000,Lunas,VA Bank
PAY0008665,23IF0005,2024E,2025-03-19,5750000,5750000,Lunas,Loket Kampus
PAY0008666,23IF0006,2024E,2025-02-26,5750000,5750000,Lunas,E-Wallet
PAY0008667,23IF0007,2024E,2025-02-18,5750000,5750000,Lunas,E-Wallet
PAY0008668,23IF0008,2024E,08/03/2025,5750000,5750000,Lunas,Transfer Bank
PAY0008669,23IF0009,2024E,2025-02-24,5750000,5750000,Lunas,VA Bank
PAY0008670,23IF0010,2024E,2025-03-06,5750000,5750000,Lunas,Transfer Bank
PAY0008671,23IF0011,2024E,2025-02-15,5750000,5750000,Lunas,Loket Kampus
PAY0008672,23IF0012,2024E,,5750000,0,Belum Lunas,Loket Kampus
PAY0008673,23IF0013,2024E,15/03/2025,5750000,5750000,Lunas,E-Wallet
PAY0008674,23IF0014,2024E,2025-03-06,5750000,5750000,Lunas,Transfer Bank
PAY0008675,23IF0015,2024E,2025-03-05,5750000,5750000,Lunas,VA Bank
PAY0008676,23IF0016,2024E,2025-03-26,5750000,2000000,Cicilan,Transfer Bank
PAY0008677,23IF0017,2024E,24/02/2025,5750000,5750000,Lunas,VA Bank
PAY0008678,23IF0018,2024E,2025-03-03,5750000,5750000,Lunas,VA Bank
PAY0008679,23IF0019,2024E,06-Mar-2025,5750000,5750000,Lunas,VA Bank
PAY0008680,23IF0020,2024E,2025-03-10,5750000,5750000,Lunas,E-Wallet
PAY0008681,23IF0021,2024E,2025-02-27,5750000,2700000,Cicilan,Transfer Bank
PAY0008682,23IF0022,2024E,06-Mar-2025,5750000,4100000,Cicilan,Loket Kampus
PAY0008683,23IF0023,2024E,2025-03-19,5750000,5750000,Lunas,Loket Kampus
PAY0008684,23IF0024,2024E,2025-02-20,5750000,5750000,Lunas,VA Bank
PAY0008685,23IF0025,2024E,2025-03-02,5750000,5750000,Lunas,Loket Kampus
PAY0008686,23IF0026,2024E,2025-03-20,5750000,5750000,Lunas,VA Bank
PAY0008687,23IF0027,2024E,2025-03-24,5750000,5750000,Lunas,E-Wallet
PAY0008688,23IF0028,2024E,2025-03-22,5750000,5750000,Lunas,E-Wallet
PAY0008689,23IF0029,2024E,2025-03-19,5750000,5750000,Lunas,Transfer Bank
PAY0008690,23IF0030,2024E,2025-03-11,5750000,5750000,Lunas,Loket Kampus
PAY0008691,23IF0031,2024E,,5750000,0,Belum Lunas,Transfer Bank
PAY0008692,23IF0032,2024E,2025-03-09,5750000,3300000,Cicilan,E-Wallet
PAY0008693,23IF0033,2024E,2025-03-01,5750000,5750000,Lunas,Transfer Bank
PAY0008694,23IF0034,2024E,2025-03-21,5750000,5750000,Lunas,E-Wallet
PAY0008695,23IF0035,2024E,23-Mar-2025,5750000,5750000,Lunas,E-Wallet
PAY0008696,23IF0036,2024E,2025-03-22,5750000,5750000,Lunas,VA Bank
PAY0008697,23IF0037,2024E,2025-02-19,5750000,5750000,Lunas,E-Wallet
PAY0008698,23IF0038,2024E,2025-03-03,5750000,5750000,Lunas,E-Wallet
PAY0008699,23IF0039,2024E,04-Mar-2025,5750000,5750000,Lunas,Transfer Bank
PAY0008700,23IF0040,2024E,2025-03-03,5750000,5750000,Lunas,VA Bank
PAY0008701,23IF0041,2024E,2025-03-06,5750000,5750000,Lunas,VA Bank
PAY0008702,23IF0042,2024E,11-Mar-2025,5750000,5750000,Lunas,VA Bank
PAY0008703,23IF0043,2024E,10/03/2025,5750000,5750000,Lunas,E-Wallet
PAY0008704,23IF0044,2024E,2025-02-17,5750000,5750000,Lunas,Loket Kampus
PAY0008705,23IF0045,2024E,2025-03-22,5750000,5750000,Lunas,VA Bank
PAY0008706,23IF0046,2024E,2025-03-21,5750000,5750000,Lunas,Loket Kampus
PAY0008707,23IF0047,2024E,30/03/2025,5750000,5750000,Lunas,Transfer Bank
PAY0008708,23IF0048,2024E,2025-03-01,5750000,2600000,Cicilan,Transfer Bank
PAY0008709,23IF0049,2024E,2025-03-21,5750000,5750000,Lunas,Transfer Bank
PAY0008710,23IF0050,2024E,2025-03-10,5750000,5750000,Lunas,VA Bank
PAY0008711,23IF0051,2024E,2025-03-05,5750000,5750000,Lunas,Transfer Bank
PAY0008712,23IF0052,2024E,2025-03-03,5750000,5750000,Lunas,VA Bank
PAY0008713,23IF0053,2024E,16-Feb-2025,5750000,5750000,Lunas,Loket Kampus
PAY0008714,23IF0054,2024E,2025-03-12,5750000,5750000,Lunas,E-Wallet
PAY0008715,23IF0055,2024E,2025-03-12,5750000,2900000,Cicilan,VA Bank
PAY0008716,23IF0056,2024E,2025-03-01,5750000,3300000,Cicilan,Loket Kampus
PAY0008717,23IF0057,2024E,2025-02-15,5750000,5750000,Lunas,VA Bank
PAY0008718,23IF0058,2024E,2025-03-01,5750000,5750000,Lunas,E-Wallet
PAY0008719,23IF0059,2024E,23/02/2025,5750000,5750000,Lunas,E-Wallet
PAY0008720,23IF0060,2024E,30/03/2025,5750000,5750000,Lunas,Loket Kampus
PAY0008721,23IF0061,2024E,10-Mar-2025,5750000,5750000,Lunas,E-Wallet
PAY0008722,23IF0062,2024E,2025-03-23,5750000,5750000,Lunas,E-Wallet
PAY0008723,23IF0063,2024E,15/02/2025,5750000,5750000,Lunas,Transfer Bank
PAY0008724,23IF0064,2024E,2025-03-15,5750000,5750000,Lunas,E-Wallet
PAY0008725,23IF0065,2024E,2025-03-09,5750000,5750000,Lunas,Transfer Bank
PAY0008726,23IF0066,2024E,24/02/2025,5750000,5750000,Lunas,E-Wallet
PAY0008727,23IF0067,2024E,20/03/2025,5750000,5750000,Lunas,Transfer Bank
PAY0008728,23IF0068,2024E,2025-03-19,5750000,5750000,Lunas,Loket Kampus
PAY0008729,23IF0069,2024E,2025-03-20,5750000,5750000,Lunas,E-Wallet
PAY0008730,23IF0070,2024E,17-Feb-2025,5750000,5750000,Lunas,Transfer Bank
PAY0008731,23IF0071,2024E,,5750000,0,Belum Lunas,Transfer Bank
PAY0008732,23IF0072,2024E,02-Mar-2025,5750000,5750000,Lunas,Loket Kampus
PAY0008733,23IF0073,2024E,31-Mar-2025,5750000,5750000,Lunas,Loket Kampus
PAY0008734,23IF0074,2024E,28/02/2025,5750000,5750000,Lunas,Transfer Bank
PAY0008735,23IF0075,2024E,2025-03-31,5750000,5750000,Lunas,Transfer Bank
PAY0008736,23IF0076,2024E,2025-03-26,5750000,5750000,Lunas,VA Bank
PAY0008737,23IF0077,2024E,2025-03-09,5750000,5750000,Lunas,VA Bank
PAY0008738,23IF0078,2024E,2025-03-05,5750000,5750000,Lunas,Transfer Bank
PAY0008739,23IF0079,2024E,2025-03-18,5750000,5750000,Lunas,E-Wallet
PAY0008740,23IF0080,2024E,2025-02-18,5750000,5750000,Lunas,VA Bank
PAY0008741,23IF0081,2024E,,5750000,0,Belum Lunas,E-Wallet
PAY0008742,23IF0082,2024E,,5750000,0,Belum Lunas,VA Bank
PAY0008743,23IF0083,2024E,2025-03-21,5750000,5750000,Lunas,Transfer Bank
PAY0008744,23IF0084,2024E,25-Mar-2025,5750000,5750000,Lunas,Loket Kampus
PAY0008745,23IF0085,2024E,2025-02-23,5750000,3900000,Cicilan,VA Bank
PAY0008746,23IF0086,2024E,16/03/2025,5750000,5750000,Lunas,Loket Kampus
PAY0008747,23IF0087,2024E,01-Mar-2025,5750000,5750000,Lunas,E-Wallet
PAY0008748,23IF0088,2024E,16/02/2025,5750000,5750000,Lunas,Transfer Bank
PAY0008749,23IF0089,2024E,2025-03-07,5750000,5750000,Lunas,Transfer Bank
PAY0008750,23IF0090,2024E,2025-03-10,5750000,5750000,Lunas,VA Bank
PAY0008751,23IF0091,2024E,2025-02-26,5750000,5750000,Lunas,VA Bank
PAY0008752,23IF0092,2024E,2025-02-25,5750000,5750000,Lunas,Loket Kampus
PAY0008753,23IF0093,2024E,,5750000,0,Belum Lunas,VA Bank
PAY0008754,23IF0094,2024E,20-Mar-2025,5750000,5750000,Lunas,Loket Kampus
PAY0008755,23IF0095,2024E,2025-03-13,5750000,5750000,Lunas,E-Wallet
PAY0008756,23DS0001,2024E,21/03/2025,6000000,6000000,Lunas,Loket Kampus
PAY0008757,23DS0002,2024E,12-Mar-2025,6000000,6000000,Lunas,VA Bank
PAY0008758,23DS0003,2024E,2025-02-25,6000000,6000000,Lunas,VA Bank
PAY0008759,23DS0004,2024E,24/03/2025,6000000,6000000,Lunas,E-Wallet
PAY0008760,23DS0005,2024E,28/02/2025,6000000,6000000,Lunas,Loket Kampus
PAY0008761,23DS0006,2024E,2025-03-20,6000000,6000000,Lunas,VA Bank
PAY0008762,23DS0007,2024E,16-Feb-2025,6000000,6000000,Lunas,Loket Kampus
PAY0008763,23DS0008,2024E,2025-02-21,6000000,6000000,Lunas,Loket Kampus
PAY0008764,23DS0009,2024E,2025-03-20,6000000,6000000,Lunas,VA Bank
PAY0008765,23DS0010,2024E,2025-03-18,6000000,3800000,Cicilan,E-Wallet
PAY0008766,23DS0011,2024E,18-Mar-2025,6000000,6000000,Lunas,VA Bank
PAY0008767,23DS0012,2024E,2025-03-08,6000000,6000000,Lunas,Loket Kampus
PAY0008768,23DS0013,2024E,02-Mar-2025,6000000,6000000,Lunas,Loket Kampus
PAY0008769,23DS0014,2024E,2025-03-15,6000000,6000000,Lunas,VA Bank
PAY0008770,23DS0015,2024E,2025-02-25,6000000,6000000,Lunas,Loket Kampus
PAY0008771,23DS0016,2024E,2025-03-27,6000000,6000000,Lunas,Transfer Bank
PAY0008772,23DS0017,2024E,2025-03-07,6000000,6000000,Lunas,Transfer Bank
PAY0008773,23DS0018,2024E,2025-03-23,6000000,2200000,Cicilan,Loket Kampus
PAY0008774,23DS0019,2024E,2025-02-25,6000000,2700000,Cicilan,Transfer Bank
PAY0008775,23DS0020,2024E,28-Feb-2025,6000000,6000000,Lunas,Loket Kampus
PAY0008776,23DS0021,2024E,17-Mar-2025,6000000,6000000,Lunas,Loket Kampus
PAY0008777,23DS0022,2024E,26/02/2025,6000000,6000000,Lunas,Transfer Bank
PAY0008778,23DS0023,2024E,2025-02-19,6000000,6000000,Lunas,Transfer Bank
PAY0008779,23DS0024,2024E,2025-02-28,6000000,6000000,Lunas,Loket Kampus
PAY0008780,23DS0025,2024E,2025-03-15,6000000,6000000,Lunas,Transfer Bank
PAY0008781,23DS0026,2024E,2025-03-28,6000000,6000000,Lunas,Transfer Bank
PAY0008782,23DS0027,2024E,2025-03-30,6000000,6000000,Lunas,VA Bank
PAY0008783,23DS0028,2024E,15/02/2025,6000000,6000000,Lunas,VA Bank
PAY0008784,23DS0029,2024E,2025-03-07,6000000,6000000,Lunas,VA Bank
PAY0008785,23DS0030,2024E,23-Mar-2025,6000000,6000000,Lunas,Loket Kampus
PAY0008786,23DS0031,2024E,09/03/2025,6000000,3900000,Cicilan,E-Wallet
PAY0008787,23DS0032,2024E,2025-03-26,6000000,6000000,Lunas,E-Wallet
PAY0008788,23DS0033,2024E,2025-03-06,6000000,6000000,Lunas,E-Wallet
PAY0008789,23DS0034,2024E,16-Mar-2025,6000000,6000000,Lunas,VA Bank
PAY0008790,23DS0035,2024E,2025-03-31,6000000,6000000,Lunas,E-Wallet
PAY0008791,23DS0036,2024E,2025-03-26,6000000,6000000,Lunas,E-Wallet
PAY0008792,23DS0037,2024E,2025-03-20,6000000,6000000,Lunas,Loket Kampus
PAY0008793,23DS0038,2024E,2025-03-26,6000000,6000000,Lunas,E-Wallet
PAY0008794,23DS0039,2024E,2025-03-22,6000000,6000000,Lunas,E-Wallet
PAY0008795,23DS0040,2024E,2025-03-13,6000000,6000000,Lunas,VA Bank
PAY0008796,23DS0041,2024E,08/03/2025,6000000,6000000,Lunas,Transfer Bank
PAY0008797,23DS0042,2024E,2025-02-15,6000000,6000000,Lunas,Transfer Bank
PAY0008798,23DS0043,2024E,2025-02-28,6000000,6000000,Lunas,Transfer Bank
PAY0008799,23DS0044,2024E,2025-03-22,6000000,6000000,Lunas,Transfer Bank
PAY0008800,23DS0045,2024E,,6000000,0,Belum Lunas,E-Wallet
PAY0008801,23DS0046,2024E,2025-02-21,6000000,3200000,Cicilan,E-Wallet
PAY0008802,23DS0047,2024E,2025-02-18,6000000,6000000,Lunas,Loket Kampus
PAY0008803,23DS0048,2024E,2025-03-22,6000000,6000000,Lunas,E-Wallet
PAY0008804,23DS0049,2024E,2025-03-31,6000000,6000000,Lunas,E-Wallet
PAY0008805,23DS0050,2024E,21-Feb-2025,6000000,6000000,Lunas,Transfer Bank
PAY0008806,23DS0051,2024E,2025-02-23,6000000,6000000,Lunas,VA Bank
PAY0008807,23DS0052,2024E,2025-03-08,6000000,6000000,Lunas,E-Wallet
PAY0008808,23DS0053,2024E,2025-02-15,6000000,6000000,Lunas,Transfer Bank
PAY0008809,23DS0054,2024E,12/03/2025,6000000,6000000,Lunas,E-Wallet
PAY0008810,23DS0055,2024E,2025-03-29,6000000,6000000,Lunas,VA Bank
PAY0008811,23DS0056,2024E,2025-03-07,6000000,6000000,Lunas,E-Wallet
PAY0008812,23DS0057,2024E,20/02/2025,6000000,6000000,Lunas,Transfer Bank
PAY0008813,23DS0058,2024E,2025-03-04,6000000,6000000,Lunas,Loket Kampus
PAY0008814,23DS0059,2024E,31/03/2025,6000000,6000000,Lunas,E-Wallet
PAY0008815,23DS0060,2024E,29-Mar-2025,6000000,6000000,Lunas,VA Bank
PAY0008816,23DS0061,2024E,31-Mar-2025,6000000,6000000,Lunas,Loket Kampus
PAY0008817,23DS0062,2024E,2025-03-26,6000000,6000000,Lunas,E-Wallet
PAY0008818,23DS0063,2024E,2025-03-16,6000000,6000000,Lunas,Transfer Bank
PAY0008819,23DS0064,2024E,2025-03-06,6000000,6000000,Lunas,Transfer Bank
PAY0008820,23DS0065,2024E,01/04/2025,6000000,6000000,Lunas,Loket Kampus
PAY0008821,23DS0066,2024E,28-Feb-2025,6000000,6000000,Lunas,Transfer Bank
PAY0008822,23DS0067,2024E,2025-03-26,6000000,6000000,Lunas,VA Bank
PAY0008823,23DS0068,2024E,2025-03-25,6000000,6000000,Lunas,Transfer Bank
PAY0008824,23DS0069,2024E,2025-03-20,6000000,6000000,Lunas,Transfer Bank
PAY0008825,23DS0070,2024E,2025-03-06,6000000,6000000,Lunas,Loket Kampus
PAY0008826,23DS0071,2024E,2025-03-09,6000000,3900000,Cicilan,Loket Kampus
PAY0008827,23DS0072,2024E,19/03/2025,6000000,6000000,Lunas,Transfer Bank
PAY0008828,23DS0073,2024E,2025-02-20,6000000,6000000,Lunas,Transfer Bank
PAY0008829,23DS0074,2024E,2025-02-18,6000000,6000000,Lunas,Transfer Bank
PAY0008830,23DS0075,2024E,21/03/2025,6000000,6000000,Lunas,VA Bank
PAY0008831,23TR0001,2024E,2025-03-27,5700000,5700000,Lunas,E-Wallet
PAY0008832,23TR0002,2024E,2025-02-20,5700000,5700000,Lunas,Loket Kampus
PAY0008833,23TR0003,2024E,2025-03-30,5700000,5700000,Lunas,Transfer Bank
PAY0008834,23TR0004,2024E,2025-03-01,5700000,5700000,Lunas,VA Bank
PAY0008835,23TR0005,2024E,2025-02-18,5700000,5700000,Lunas,Transfer Bank
PAY0008836,23TR0006,2024E,2025-03-14,5700000,3900000,Cicilan,VA Bank
PAY0008837,23TR0007,2024E,2025-03-31,5700000,5700000,Lunas,VA Bank
PAY0008838,23TR0008,2024E,2025-03-12,5700000,5700000,Lunas,Transfer Bank
PAY0008839,23TR0009,2024E,2025-03-11,5700000,5700000,Lunas,Transfer Bank
PAY0008840,23TR0010,2024E,2025-03-14,5700000,5700000,Lunas,Loket Kampus
PAY0008841,23TR0011,2024E,29/03/2025,5700000,5700000,Lunas,E-Wallet
PAY0008842,23TR0012,2024E,2025-02-15,5700000,5700000,Lunas,Transfer Bank
PAY0008843,23TR0013,2024E,2025-03-03,5700000,5700000,Lunas,VA Bank
PAY0008844,23TR0014,2024E,2025-03-30,5700000,5700000,Lunas,Loket Kampus
PAY0008845,23TR0015,2024E,28-Mar-2025,5700000,5700000,Lunas,VA Bank
PAY0008846,23TR0016,2024E,2025-03-10,5700000,2400000,Cicilan,Transfer Bank
PAY0008847,23TR0017,2024E,2025-03-31,5700000,5700000,Lunas,VA Bank
PAY0008848,23TR0018,2024E,12-Mar-2025,5700000,5700000,Lunas,Loket Kampus
PAY0008849,23TR0019,2024E,2025-02-15,5700000,5700000,Lunas,Loket Kampus
PAY0008850,23TR0020,2024E,21/03/2025,5700000,5700000,Lunas,VA Bank
PAY0008851,23TR0021,2024E,2025-03-02,5700000,5700000,Lunas,VA Bank
PAY0008852,23TR0022,2024E,2025-03-02,5700000,5700000,Lunas,Transfer Bank
PAY0008853,23TR0023,2024E,2025-02-19,5700000,5700000,Lunas,E-Wallet
PAY0008854,23TR0024,2024E,2025-03-22,5700000,5700000,Lunas,Loket Kampus
PAY0008855,23TR0025,2024E,20/03/2025,5700000,5700000,Lunas,Transfer Bank
PAY0008856,23TR0026,2024E,2025-02-15,5700000,5700000,Lunas,VA Bank
PAY0008857,23TR0027,2024E,2025-03-05,5700000,5700000,Lunas,Loket Kampus
PAY0008858,23TR0028,2024E,2025-03-29,5700000,5700000,Lunas,Loket Kampus
PAY0008859,23TR0029,2024E,,5700000,5700000,Lunas,VA Bank
PAY0008860,23TR0030,2024E,2025-03-06,5700000,5700000,Lunas,Transfer Bank
PAY0008861,23TR0031,2024E,2025-03-05,5700000,5700000,Lunas,VA Bank
PAY0008862,23TR0032,2024E,07/03/2025,5700000,5700000,Lunas,E-Wallet
PAY0008863,23TR0033,2024E,2025-03-18,5700000,5700000,Lunas,E-Wallet
PAY0008864,23TR0034,2024E,2025-02-27,5700000,5700000,Lunas,VA Bank
PAY0008865,23TR0035,2024E,2025-03-01,5700000,5700000,Lunas,VA Bank
PAY0008866,23TR0036,2024E,2025-03-06,5700000,5700000,Lunas,Transfer Bank
PAY0008867,23TR0037,2024E,2025-03-22,5700000,5700000,Lunas,E-Wallet
PAY0008868,23TR0038,2024E,2025-03-31,5700000,5700000,Lunas,VA Bank
PAY0008869,23TR0039,2024E,2025-03-06,5700000,5700000,Lunas,E-Wallet
PAY0008870,23TR0040,2024E,2025-03-19,5700000,3900000,Cicilan,Transfer Bank
PAY0008871,23TR0041,2024E,27/02/2025,5700000,5700000,Lunas,Transfer Bank
PAY0008872,23TR0042,2024E,2025-03-17,5700000,5700000,Lunas,VA Bank
PAY0008873,23TR0043,2024E,2025-02-26,5700000,5700000,Lunas,Transfer Bank
PAY0008874,23TR0044,2024E,2025-03-18,5700000,5700000,Lunas,Loket Kampus
PAY0008875,23TR0045,2024E,25/02/2025,5700000,5700000,Lunas,Loket Kampus
PAY0008876,23TR0046,2024E,31/03/2025,5700000,5700000,Lunas,Loket Kampus
PAY0008877,23TR0047,2024E,2025-02-18,5700000,5700000,Lunas,Transfer Bank
PAY0008878,23TR0048,2024E,,5700000,0,Belum Lunas,E-Wallet
PAY0008879,23TR0049,2024E,2025-03-29,5700000,5700000,Lunas,E-Wallet
PAY0008880,23TR0050,2024E,2025-03-30,5700000,5700000,Lunas,E-Wallet
PAY0008881,23TR0051,2024E,07-Mar-2025,5700000,5700000,Lunas,Transfer Bank
PAY0008882,23TR0052,2024E,2025-04-01,5700000,5700000,Lunas,E-Wallet
PAY0008883,23TR0053,2024E,2025-02-25,5700000,5700000,Lunas,Loket Kampus
PAY0008884,23TR0054,2024E,24-Mar-2025,5700000,5700000,Lunas,E-Wallet
PAY0008885,23TR0055,2024E,2025-03-20,5700000,2700000,Cicilan,Transfer Bank
PAY0008886,23TR0056,2024E,2025-03-23,5700000,5700000,Lunas,VA Bank
PAY0008887,23TR0057,2024E,2025-02-26,5700000,5700000,Lunas,E-Wallet
PAY0008888,23TR0058,2024E,31/03/2025,5700000,5700000,Lunas,Loket Kampus
PAY0008889,23TR0059,2024E,2025-03-16,5700000,5700000,Lunas,Loket Kampus
PAY0008890,23TR0060,2024E,2025-03-17,5700000,5700000,Lunas,Transfer Bank
PAY0008891,23TR0061,2024E,2025-02-24,5700000,5700000,Lunas,E-Wallet
PAY0008892,23TR0062,2024E,12-Mar-2025,5700000,5700000,Lunas,E-Wallet
PAY0008893,23TR0063,2024E,22/03/2025,5700000,5700000,Lunas,VA Bank
PAY0008894,23TR0064,2024E,2025-03-06,5700000,5700000,Lunas,E-Wallet
PAY0008895,23TR0065,2024E,2025-03-18,5700000,5700000,Lunas,Transfer Bank
PAY0008896,23TR0066,2024E,2025-02-27,5700000,5700000,Lunas,E-Wallet
PAY0008897,23TR0067,2024E,2025-03-21,5700000,5700000,Lunas,VA Bank
PAY0008898,23TR0068,2024E,2025-02-25,5700000,5700000,Lunas,VA Bank
PAY0008899,23TR0069,2024E,07-Mar-2025,5700000,5700000,Lunas,Loket Kampus
PAY0008900,23TR0070,2024E,05/03/2025,5700000,5700000,Lunas,E-Wallet
PAY0008901,23BD0001,2024E,28/03/2025,5000000,5000000,Lunas,Loket Kampus
PAY0008902,23BD0002,2024E,2025-03-15,5000000,5000000,Lunas,Transfer Bank
PAY0008903,23BD0003,2024E,2025-02-15,5000000,5000000,Lunas,Transfer Bank
PAY0008904,23BD0004,2024E,2025-03-25,5000000,5000000,Lunas,E-Wallet
PAY0008905,23BD0005,2024E,2025-02-20,5000000,5000000,Lunas,E-Wallet
PAY0008906,23BD0006,2024E,2025-03-31,5000000,5000000,Lunas,E-Wallet
PAY0008907,23BD0007,2024E,2025-03-13,5000000,5000000,Lunas,Loket Kampus
PAY0008908,23BD0008,2024E,2025-03-16,5000000,5000000,Lunas,VA Bank
PAY0008909,23BD0009,2024E,2025-03-28,5000000,5000000,Lunas,VA Bank
PAY0008910,23BD0010,2024E,2025-03-15,5000000,5000000,Lunas,Transfer Bank
PAY0008911,23BD0011,2024E,2025-03-06,5000000,5000000,Lunas,Loket Kampus
PAY0008912,23BD0012,2024E,2025-03-05,5000000,5000000,Lunas,Loket Kampus
PAY0008913,23BD0013,2024E,08-Mar-2025,5000000,5000000,Lunas,E-Wallet
PAY0008914,23BD0014,2024E,09-Mar-2025,5000000,5000000,Lunas,E-Wallet
PAY0008915,23BD0015,2024E,2025-02-27,5000000,5000000,Lunas,VA Bank
PAY0008916,23BD0016,2024E,2025-02-17,5000000,5000000,Lunas,Loket Kampus
PAY0008917,23BD0017,2024E,2025-02-27,5000000,3100000,Cicilan,E-Wallet
PAY0008918,23BD0018,2024E,,5000000,0,Belum Lunas,Transfer Bank
PAY0008919,23BD0019,2024E,2025-03-24,5000000,5000000,Lunas,Loket Kampus
PAY0008920,23BD0020,2024E,2025-03-23,5000000,5000000,Lunas,VA Bank
PAY0008921,23BD0021,2024E,01/03/2025,5000000,5000000,Lunas,Transfer Bank
PAY0008922,23BD0022,2024E,2025-03-28,5000000,5000000,Lunas,E-Wallet
PAY0008923,23BD0023,2024E,16-Mar-2025,5000000,5000000,Lunas,Loket Kampus
PAY0008924,23BD0024,2024E,2025-03-22,5000000,5000000,Lunas,Transfer Bank
PAY0008925,23BD0025,2024E,19-Mar-2025,5000000,5000000,Lunas,Transfer Bank
PAY0008926,23BD0026,2024E,2025-02-15,5000000,5000000,Lunas,Loket Kampus
PAY0008927,23BD0027,2024E,15-Mar-2025,5000000,5000000,Lunas,Loket Kampus
PAY0008928,23BD0028,2024E,2025-02-15,5000000,5000000,Lunas,E-Wallet
PAY0008929,23BD0029,2024E,,5000000,0,Belum Lunas,E-Wallet
PAY0008930,23BD0030,2024E,26-Feb-2025,5000000,5000000,Lunas,VA Bank
PAY0008931,23BD0031,2024E,2025-03-07,5000000,3700000,Cicilan,Transfer Bank
PAY0008932,23BD0032,2024E,2025-02-23,5000000,5000000,Lunas,Transfer Bank
PAY0008933,23BD0033,2024E,2025-03-10,5000000,5000000,Lunas,Transfer Bank
PAY0008934,23BD0034,2024E,2025-03-30,5000000,2100000,Cicilan,E-Wallet
PAY0008935,23BD0035,2024E,2025-03-19,5000000,5000000,Lunas,E-Wallet
PAY0008936,23BD0036,2024E,10-Mar-2025,5000000,5000000,Lunas,E-Wallet
PAY0008937,23BD0037,2024E,,5000000,0,Belum Lunas,Transfer Bank
PAY0008938,23BD0038,2024E,2025-03-04,5000000,5000000,Lunas,E-Wallet
PAY0008939,23BD0039,2024E,16-Feb-2025,5000000,5000000,Lunas,Transfer Bank
PAY0008940,23BD0040,2024E,2025-02-21,5000000,5000000,Lunas,E-Wallet
PAY0008941,23BD0041,2024E,2025-03-08,5000000,5000000,Lunas,Loket Kampus
PAY0008942,23BD0042,2024E,2025-03-08,5000000,5000000,Lunas,Transfer Bank
PAY0008943,23BD0043,2024E,2025-03-28,5000000,3100000,Cicilan,VA Bank
PAY0008944,23BD0044,2024E,2025-04-01,5000000,5000000,Lunas,E-Wallet
PAY0008945,23BD0045,2024E,2025-02-24,5000000,5000000,Lunas,Transfer Bank
PAY0008946,23BD0046,2024E,2025-03-21,5000000,5000000,Lunas,Transfer Bank
PAY0008947,23BD0047,2024E,2025-03-27,5000000,5000000,Lunas,E-Wallet
PAY0008948,23BD0048,2024E,2025-03-17,5000000,5000000,Lunas,E-Wallet
PAY0008949,23BD0049,2024E,2025-02-28,5000000,5000000,Lunas,E-Wallet
PAY0008950,23BD0050,2024E,21/02/2025,5000000,5000000,Lunas,Loket Kampus
PAY0008951,23BD0051,2024E,2025-03-11,5000000,5000000,Lunas,E-Wallet
PAY0008952,23BD0052,2024E,2025-03-12,5000000,5000000,Lunas,VA Bank
PAY0008953,23BD0053,2024E,25/02/2025,5000000,5000000,Lunas,VA Bank
PAY0008954,23BD0054,2024E,2025-03-24,5000000,2300000,Cicilan,VA Bank
PAY0008955,23BD0055,2024E,2025-03-19,5000000,5000000,Lunas,Loket Kampus
PAY0008956,23BD0056,2024E,2025-03-17,5000000,5000000,Lunas,E-Wallet
PAY0008957,23BD0057,2024E,2025-02-28,5000000,5000000,Lunas,Transfer Bank
PAY0008958,23BD0058,2024E,2025-02-16,5000000,5000000,Lunas,Transfer Bank
PAY0008959,23BD0059,2024E,18-Mar-2025,5000000,1900000,Cicilan,VA Bank
PAY0008960,23BD0060,2024E,2025-03-16,5000000,5000000,Lunas,VA Bank
PAY0008961,23BD0061,2024E,2025-02-19,5000000,5000000,Lunas,Transfer Bank
PAY0008962,23BD0062,2024E,27-Mar-2025,5000000,5000000,Lunas,VA Bank
PAY0008963,23BD0063,2024E,02-Mar-2025,5000000,5000000,Lunas,VA Bank
PAY0008964,23BD0064,2024E,2025-02-28,5000000,5000000,Lunas,Transfer Bank
PAY0008965,23BD0065,2024E,2025-03-16,5000000,5000000,Lunas,VA Bank
PAY0008966,23BD0066,2024E,23/02/2025,5000000,5000000,Lunas,Loket Kampus
PAY0008967,23BD0067,2024E,27/02/2025,5000000,5000000,Lunas,E-Wallet
PAY0008968,23BD0068,2024E,2025-03-30,5000000,5000000,Lunas,Loket Kampus
PAY0008969,23BD0069,2024E,04/03/2025,5000000,5000000,Lunas,E-Wallet
PAY0008970,23BD0070,2024E,2025-03-02,5000000,5000000,Lunas,Loket Kampus
PAY0008971,23BD0071,2024E,2025-03-08,5000000,5000000,Lunas,E-Wallet
PAY0008972,23BD0072,2024E,2025-03-04,5000000,5000000,Lunas,Loket Kampus
PAY0008973,23BD0073,2024E,10-Mar-2025,5000000,5000000,Lunas,E-Wallet
PAY0008974,23BD0074,2024E,01-Apr-2025,5000000,5000000,Lunas,E-Wallet
PAY0008975,23BD0075,2024E,2025-02-15,5000000,5000000,Lunas,E-Wallet
PAY0008976,24TI0001,2024E,2025-03-07,5500000,5500000,Lunas,E-Wallet
PAY0008977,24TI0002,2024E,2025-02-20,5500000,5500000,Lunas,Loket Kampus
PAY0008978,24TI0003,2024E,2025-04-01,5500000,5500000,Lunas,Transfer Bank
PAY0008979,24TI0004,2024E,,5500000,0,Belum Lunas,Loket Kampus
PAY0008980,24TI0005,2024E,2025-03-11,5500000,5500000,Lunas,VA Bank
PAY0008981,24TI0006,2024E,2025-02-16,5500000,5500000,Lunas,VA Bank
PAY0008982,24TI0007,2024E,2025-02-21,5500000,5500000,Lunas,E-Wallet
PAY0008983,24TI0008,2024E,2025-02-17,5500000,5500000,Lunas,E-Wallet
PAY0008984,24TI0009,2024E,2025-03-13,5500000,5500000,Lunas,E-Wallet
PAY0008985,24TI0010,2024E,2025-02-23,5500000,5500000,Lunas,E-Wallet
PAY0008986,24TI0011,2024E,2025-02-24,5500000,5500000,Lunas,VA Bank
PAY0008987,24TI0012,2024E,2025-03-05,5500000,5500000,Lunas,E-Wallet
PAY0008988,24TI0013,2024E,2025-02-20,5500000,2100000,Cicilan,VA Bank
PAY0008989,24TI0014,2024E,21/03/2025,5500000,5500000,Lunas,VA Bank
PAY0008990,24TI0015,2024E,2025-03-30,5500000,5500000,Lunas,VA Bank
PAY0008991,24TI0016,2024E,2025-02-27,5500000,5500000,Lunas,VA Bank
PAY0008992,24TI0017,2024E,2025-03-24,5500000,5500000,Lunas,Loket Kampus
PAY0008993,24TI0018,2024E,18/02/2025,5500000,5500000,Lunas,E-Wallet
PAY0008994,24TI0019,2024E,2025-03-04,5500000,5500000,Lunas,Loket Kampus
PAY0008995,24TI0020,2024E,21/03/2025,5500000,5500000,Lunas,Loket Kampus
PAY0008996,24TI0021,2024E,28/03/2025,5500000,5500000,Lunas,Transfer Bank
PAY0008997,24TI0022,2024E,2025-02-18,5500000,5500000,Lunas,E-Wallet
PAY0008998,24TI0023,2024E,03/03/2025,5500000,5500000,Lunas,Transfer Bank
PAY0008999,24TI0024,2024E,15-Feb-2025,5500000,5500000,Lunas,VA Bank
PAY0009000,24TI0025,2024E,2025-03-21,5500000,5500000,Lunas,Loket Kampus
PAY0009001,24TI0026,2024E,2025-03-20,5500000,5500000,Lunas,Transfer Bank
PAY0009002,24TI0027,2024E,2025-03-28,5500000,5500000,Lunas,Transfer Bank
PAY0009003,24TI0028,2024E,2025-02-27,5500000,5500000,Lunas,Transfer Bank
PAY0009004,24TI0029,2024E,11/03/2025,5500000,5500000,Lunas,Loket Kampus
PAY0009005,24TI0030,2024E,2025-03-01,5500000,5500000,Lunas,VA Bank
PAY0009006,24TI0031,2024E,2025-02-19,5500000,5500000,Lunas,Transfer Bank
PAY0009007,24TI0032,2024E,2025-03-02,5500000,5500000,Lunas,Loket Kampus
PAY0009008,24TI0033,2024E,2025-03-14,5500000,2700000,Cicilan,Transfer Bank
PAY0009009,24TI0034,2024E,2025-04-01,5500000,3200000,Cicilan,Transfer Bank
PAY0009010,24TI0035,2024E,18-Mar-2025,5500000,5500000,Lunas,Transfer Bank
PAY0009011,24TI0036,2024E,,5500000,0,Belum Lunas,Loket Kampus
PAY0009012,24TI0037,2024E,23-Mar-2025,5500000,5500000,Lunas,VA Bank
PAY0009013,24TI0038,2024E,2025-02-15,5500000,5500000,Lunas,Loket Kampus
PAY0009014,24TI0039,2024E,2025-02-18,5500000,5500000,Lunas,Transfer Bank
PAY0009015,24TI0040,2024E,2025-03-17,5500000,2100000,Cicilan,Transfer Bank
PAY0009016,24TI0041,2024E,2025-03-08,5500000,2800000,Cicilan,VA Bank
PAY0009017,24TI0042,2024E,2025-03-10,5500000,5500000,Lunas,Transfer Bank
PAY0009018,24TI0043,2024E,2025-03-06,5500000,5500000,Lunas,E-Wallet
PAY0009019,24TI0044,2024E,,5500000,0,Belum Lunas,E-Wallet
PAY0009020,24TI0045,2024E,2025-03-13,5500000,3700000,Cicilan,Loket Kampus
PAY0009021,24TI0046,2024E,2025-03-02,5500000,5500000,Lunas,Loket Kampus
PAY0009022,24TI0047,2024E,20/03/2025,5500000,5500000,Lunas,VA Bank
PAY0009023,24TI0048,2024E,2025-02-28,5500000,3000000,Cicilan,E-Wallet
PAY0009024,24TI0049,2024E,2025-02-24,5500000,5500000,Lunas,Transfer Bank
PAY0009025,24TI0050,2024E,27-Mar-2025,5500000,5500000,Lunas,Loket Kampus
PAY0009026,24TI0051,2024E,2025-03-29,5500000,5500000,Lunas,VA Bank
PAY0009027,24TI0052,2024E,2025-03-28,5500000,2300000,Cicilan,Transfer Bank
PAY0009028,24TI0053,2024E,14-Mar-2025,5500000,5500000,Lunas,E-Wallet
PAY0009029,24TI0054,2024E,2025-03-22,5500000,5500000,Lunas,VA Bank
PAY0009030,24TI0055,2024E,2025-03-30,5500000,5500000,Lunas,VA Bank
PAY0009031,24TI0056,2024E,2025-03-07,5500000,5500000,Lunas,Transfer Bank
PAY0009032,24TI0057,2024E,28/02/2025,5500000,5500000,Lunas,VA Bank
PAY0009033,24TI0058,2024E,29/03/2025,5500000,5500000,Lunas,Transfer Bank
PAY0009034,24TI0059,2024E,2025-03-16,5500000,5500000,Lunas,Transfer Bank
PAY0009035,24TI0060,2024E,08/03/2025,5500000,5500000,Lunas,VA Bank
PAY0009036,24TI0061,2024E,2025-02-24,5500000,5500000,Lunas,Transfer Bank
PAY0009037,24TI0062,2024E,2025-03-15,5500000,5500000,Lunas,VA Bank
PAY0009038,24TI0063,2024E,2025-03-29,5500000,5500000,Lunas,Transfer Bank
PAY0009039,24TI0064,2024E,2025-02-25,5500000,5500000,Lunas,Transfer Bank
PAY0009040,24TI0065,2024E,2025-03-19,5500000,5500000,Lunas,Transfer Bank
PAY0009041,24TI0066,2024E,2025-03-13,5500000,5500000,Lunas,E-Wallet
PAY0009042,24TI0067,2024E,01-Apr-2025,5500000,5500000,Lunas,Transfer Bank
PAY0009043,24TI0068,2024E,04-Mar-2025,5500000,5500000,Lunas,E-Wallet
PAY0009044,24TI0069,2024E,06-Mar-2025,5500000,5500000,Lunas,E-Wallet
PAY0009045,24TI0070,2024E,23-Feb-2025,5500000,5500000,Lunas,VA Bank
PAY0009046,24TI0071,2024E,2025-03-12,5500000,5500000,Lunas,VA Bank
PAY0009047,24TI0072,2024E,2025-03-01,5500000,5500000,Lunas,Transfer Bank
PAY0009048,24TI0073,2024E,2025-03-28,5500000,5500000,Lunas,VA Bank
PAY0009049,24TI0074,2024E,2025-03-08,5500000,5500000,Lunas,VA Bank
PAY0009050,24TI0075,2024E,2025-03-31,5500000,2100000,Cicilan,Loket Kampus
PAY0009051,24TI0076,2024E,2025-03-31,5500000,3800000,Cicilan,Loket Kampus
PAY0009052,24TI0077,2024E,2025-03-27,5500000,5500000,Lunas,Loket Kampus
PAY0009053,24TI0078,2024E,2025-02-23,5500000,5500000,Lunas,Loket Kampus
PAY0009054,24TI0079,2024E,05/03/2025,5500000,5500000,Lunas,VA Bank
PAY0009055,24TI0080,2024E,2025-03-01,5500000,5500000,Lunas,Loket Kampus
PAY0009056,24TI0081,2024E,27/02/2025,5500000,3700000,Cicilan,Loket Kampus
PAY0009057,24TI0082,2024E,2025-02-16,5500000,5500000,Lunas,Loket Kampus
PAY0009058,24TI0083,2024E,2025-03-13,5500000,5500000,Lunas,E-Wallet
PAY0009059,24TI0084,2024E,2025-03-12,5500000,5500000,Lunas,VA Bank
PAY0009060,24TI0085,2024E,21/03/2025,5500000,5500000,Lunas,VA Bank
PAY0009061,24TI0086,2024E,2025-03-07,5500000,5500000,Lunas,E-Wallet
PAY0009062,24TI0087,2024E,2025-03-28,5500000,5500000,Lunas,Transfer Bank
PAY0009063,24TI0088,2024E,2025-03-19,5500000,5500000,Lunas,Transfer Bank
PAY0009064,24TI0089,2024E,2025-03-25,5500000,5500000,Lunas,VA Bank
PAY0009065,24TI0090,2024E,2025-02-22,5500000,3300000,Cicilan,Transfer Bank
PAY0009066,24TI0091,2024E,14-Mar-2025,5500000,5500000,Lunas,Transfer Bank
PAY0009067,24TI0092,2024E,2025-03-01,5500000,2700000,Cicilan,VA Bank
PAY0009068,24TI0093,2024E,2025-03-03,5500000,5500000,Lunas,Transfer Bank
PAY0009069,24TI0094,2024E,02-Mar-2025,5500000,5500000,Lunas,Transfer Bank
PAY0009070,24TI0095,2024E,2025-03-14,5500000,5500000,Lunas,Loket Kampus
PAY0009071,24TI0096,2024E,24-Feb-2025,5500000,5500000,Lunas,E-Wallet
PAY0009072,24TI0097,2024E,2025-03-19,5500000,5500000,Lunas,VA Bank
PAY0009073,24TI0098,2024E,2025-03-29,5500000,5500000,Lunas,Transfer Bank
PAY0009074,24TI0099,2024E,2025-03-15,5500000,5500000,Lunas,Transfer Bank
PAY0009075,24SI0001,2024E,2025-03-11,5250000,5250000,Lunas,Transfer Bank
PAY0009076,24SI0002,2024E,21/03/2025,5250000,5250000,Lunas,VA Bank
PAY0009077,24SI0003,2024E,2025-02-17,5250000,5250000,Lunas,Loket Kampus
PAY0009078,24SI0004,2024E,2025-03-03,5250000,5250000,Lunas,Loket Kampus
PAY0009079,24SI0005,2024E,2025-03-20,5250000,5250000,Lunas,E-Wallet
PAY0009080,24SI0006,2024E,2025-03-30,5250000,5250000,Lunas,E-Wallet
PAY0009081,24SI0007,2024E,2025-02-16,5250000,5250000,Lunas,E-Wallet
PAY0009082,24SI0008,2024E,2025-03-13,5250000,3300000,Cicilan,E-Wallet
PAY0009083,24SI0009,2024E,16-Feb-2025,5250000,5250000,Lunas,Transfer Bank
PAY0009084,24SI0010,2024E,2025-03-16,5250000,5250000,Lunas,Transfer Bank
PAY0009085,24SI0011,2024E,2025-02-26,5250000,5250000,Lunas,E-Wallet
PAY0009086,24SI0012,2024E,2025-03-21,5250000,5250000,Lunas,E-Wallet
PAY0009087,24SI0013,2024E,2025-03-24,5250000,5250000,Lunas,E-Wallet
PAY0009088,24SI0014,2024E,2025-02-26,5250000,5250000,Lunas,Loket Kampus
PAY0009089,24SI0015,2024E,16-Feb-2025,5250000,5250000,Lunas,Transfer Bank
PAY0009090,24SI0016,2024E,2025-02-25,5250000,5250000,Lunas,Transfer Bank
PAY0009091,24SI0017,2024E,21-Feb-2025,5250000,5250000,Lunas,VA Bank
PAY0009092,24SI0018,2024E,2025-02-17,5250000,5250000,Lunas,Loket Kampus
PAY0009093,24SI0019,2024E,17/03/2025,5250000,5250000,Lunas,E-Wallet
PAY0009094,24SI0020,2024E,2025-02-18,5250000,5250000,Lunas,VA Bank
PAY0009095,24SI0021,2024E,2025-03-20,5250000,5250000,Lunas,Transfer Bank
PAY0009096,24SI0022,2024E,,5250000,0,Belum Lunas,Loket Kampus
PAY0009097,24SI0023,2024E,2025-03-02,5250000,5250000,Lunas,VA Bank
PAY0009098,24SI0024,2024E,23/03/2025,5250000,2800000,Cicilan,E-Wallet
PAY0009099,24SI0025,2024E,2025-02-18,5250000,5250000,Lunas,Transfer Bank
PAY0009100,24SI0026,2024E,10-Mar-2025,5250000,5250000,Lunas,Transfer Bank
PAY0009101,24SI0027,2024E,2025-04-01,5250000,5250000,Lunas,VA Bank
PAY0009102,24SI0028,2024E,2025-03-03,5250000,5250000,Lunas,Loket Kampus
PAY0009103,24SI0029,2024E,2025-03-04,5250000,5250000,Lunas,Loket Kampus
PAY0009104,24SI0030,2024E,2025-02-22,5250000,5250000,Lunas,Transfer Bank
PAY0009105,24SI0031,2024E,2025-02-23,5250000,5250000,Lunas,VA Bank
PAY0009106,24SI0032,2024E,2025-03-12,5250000,5250000,Lunas,Transfer Bank
PAY0009107,24SI0033,2024E,2025-03-11,5250000,5250000,Lunas,Loket Kampus
PAY0009108,24SI0034,2024E,2025-03-05,5250000,5250000,Lunas,E-Wallet
PAY0009109,24SI0035,2024E,2025-02-15,5250000,5250000,Lunas,VA Bank
PAY0009110,24SI0036,2024E,19/02/2025,5250000,5250000,Lunas,VA Bank
PAY0009111,24SI0037,2024E,15/02/2025,5250000,5250000,Lunas,VA Bank
PAY0009112,24SI0038,2024E,2025-02-22,5250000,5250000,Lunas,Loket Kampus
PAY0009113,24SI0039,2024E,2025-02-28,5250000,5250000,Lunas,Loket Kampus
PAY0009114,24SI0040,2024E,03-Mar-2025,5250000,5250000,Lunas,Loket Kampus
PAY0009115,24SI0041,2024E,08/03/2025,5250000,5250000,Lunas,E-Wallet
PAY0009116,24SI0042,2024E,2025-03-12,5250000,5250000,Lunas,Transfer Bank
PAY0009117,24SI0043,2024E,17/03/2025,5250000,5250000,Lunas,Transfer Bank
PAY0009118,24SI0044,2024E,19/03/2025,5250000,5250000,Lunas,Loket Kampus
PAY0009119,24SI0045,2024E,2025-03-25,5250000,5250000,Lunas,VA Bank
PAY0009120,24SI0046,2024E,2025-03-29,5250000,5250000,Lunas,Transfer Bank
PAY0009121,24SI0047,2024E,23/03/2025,5250000,5250000,Lunas,VA Bank
PAY0009122,24SI0048,2024E,2025-03-23,5250000,5250000,Lunas,Transfer Bank
PAY0009123,24SI0049,2024E,2025-02-20,5250000,2300000,Cicilan,E-Wallet
PAY0009124,24SI0050,2024E,2025-03-24,5250000,5250000,Lunas,Transfer Bank
PAY0009125,24SI0051,2024E,2025-02-25,5250000,5250000,Lunas,VA Bank
PAY0009126,24SI0052,2024E,,5250000,0,Belum Lunas,VA Bank
PAY0009127,24SI0053,2024E,2025-03-22,5250000,5250000,Lunas,E-Wallet
PAY0009128,24SI0054,2024E,2025-03-10,5250000,5250000,Lunas,E-Wallet
PAY0009129,24SI0055,2024E,2025-03-19,5250000,3500000,Cicilan,E-Wallet
PAY0009130,24SI0056,2024E,12/03/2025,5250000,5250000,Lunas,Transfer Bank
PAY0009131,24SI0057,2024E,,5250000,0,Belum Lunas,VA Bank
PAY0009132,24SI0058,2024E,27/02/2025,5250000,5250000,Lunas,E-Wallet
PAY0009133,24SI0059,2024E,2025-02-17,5250000,5250000,Lunas,VA Bank
PAY0009134,24SI0060,2024E,2025-03-27,5250000,5250000,Lunas,Transfer Bank
PAY0009135,24SI0061,2024E,2025-03-02,5250000,5250000,Lunas,Loket Kampus
PAY0009136,24SI0062,2024E,2025-03-07,5250000,5250000,Lunas,E-Wallet
PAY0009137,24SI0063,2024E,19/02/2025,5250000,1900000,Cicilan,Transfer Bank
PAY0009138,24SI0064,2024E,2025-02-27,5250000,5250000,Lunas,Loket Kampus
PAY0009139,24SI0065,2024E,2025-03-02,5250000,5250000,Lunas,E-Wallet
PAY0009140,24SI0066,2024E,09/03/2025,5250000,5250000,Lunas,E-Wallet
PAY0009141,24SI0067,2024E,2025-03-21,5250000,5250000,Lunas,Loket Kampus
PAY0009142,24SI0068,2024E,2025-02-21,5250000,2200000,Cicilan,VA Bank
PAY0009143,24SI0069,2024E,,5250000,0,Belum Lunas,Transfer Bank
PAY0009144,24SI0070,2024E,2025-03-05,5250000,5250000,Lunas,E-Wallet
PAY0009145,24SI0071,2024E,2025-03-26,5250000,3600000,Cicilan,E-Wallet
PAY0009146,24SI0072,2024E,2025-03-20,5250000,5250000,Lunas,Loket Kampus
PAY0009147,24SI0073,2024E,02-Mar-2025,5250000,5250000,Lunas,VA Bank
PAY0009148,24SI0074,2024E,2025-03-31,5250000,5250000,Lunas,Transfer Bank
PAY0009149,24SI0075,2024E,21-Mar-2025,5250000,5250000,Lunas,Loket Kampus
PAY0009150,24SI0076,2024E,2025-03-10,5250000,5250000,Lunas,Loket Kampus
PAY0009151,24SI0077,2024E,2025-03-14,5250000,5250000,Lunas,Transfer Bank
PAY0009152,24SI0078,2024E,2025-03-29,5250000,3400000,Cicilan,Loket Kampus
PAY0009153,24SI0079,2024E,03/03/2025,5250000,5250000,Lunas,E-Wallet
PAY0009154,24SI0080,2024E,2025-03-10,5250000,5250000,Lunas,Loket Kampus
PAY0009155,24SI0081,2024E,29/03/2025,5250000,5250000,Lunas,Transfer Bank
PAY0009156,24SI0082,2024E,2025-02-19,5250000,5250000,Lunas,E-Wallet
PAY0009157,24SI0083,2024E,2025-02-18,5250000,5250000,Lunas,Loket Kampus
PAY0009158,24SI0084,2024E,15-Mar-2025,5250000,5250000,Lunas,E-Wallet
PAY0009159,24SI0085,2024E,21/02/2025,5250000,5250000,Lunas,E-Wallet
PAY0009160,24SI0086,2024E,2025-02-28,5250000,5250000,Lunas,Transfer Bank
PAY0009161,24SI0087,2024E,2025-03-28,5250000,5250000,Lunas,VA Bank
PAY0009162,24SI0088,2024E,06/03/2025,5250000,5250000,Lunas,VA Bank
PAY0009163,24SI0089,2024E,2025-03-25,5250000,5250000,Lunas,Loket Kampus
PAY0009164,24SI0090,2024E,27-Feb-2025,5250000,5250000,Lunas,Loket Kampus
PAY0009165,24SI0091,2024E,2025-03-26,5250000,3200000,Cicilan,Transfer Bank
PAY0009166,24SI0092,2024E,2025-02-19,5250000,5250000,Lunas,Transfer Bank
PAY0009167,24SI0093,2024E,2025-03-08,5250000,5250000,Lunas,Loket Kampus
PAY0009168,24SI0094,2024E,2025-02-15,5250000,5250000,Lunas,Transfer Bank
PAY0009169,24IF0001,2024E,2025-03-07,5750000,5750000,Lunas,Transfer Bank
PAY0009170,24IF0002,2024E,01/03/2025,5750000,5750000,Lunas,VA Bank
PAY0009171,24IF0003,2024E,,5750000,0,Belum Lunas,Loket Kampus
PAY0009172,24IF0004,2024E,2025-03-24,5750000,5750000,Lunas,E-Wallet
PAY0009173,24IF0005,2024E,2025-02-17,5750000,2200000,Cicilan,Transfer Bank
PAY0009174,24IF0006,2024E,2025-03-06,5750000,5750000,Lunas,Transfer Bank
PAY0009175,24IF0007,2024E,2025-03-06,5750000,5750000,Lunas,E-Wallet
PAY0009176,24IF0008,2024E,2025-02-18,5750000,5750000,Lunas,Transfer Bank
PAY0009177,24IF0009,2024E,2025-03-02,5750000,3700000,Cicilan,VA Bank
PAY0009178,24IF0010,2024E,17/03/2025,5750000,5750000,Lunas,VA Bank
PAY0009179,24IF0011,2024E,2025-03-09,5750000,3500000,Cicilan,Loket Kampus
PAY0009180,24IF0012,2024E,2025-04-01,5750000,3200000,Cicilan,Loket Kampus
PAY0009181,24IF0013,2024E,2025-04-01,5750000,5750000,Lunas,E-Wallet
PAY0009182,24IF0014,2024E,2025-03-18,5750000,5750000,Lunas,E-Wallet
PAY0009183,24IF0015,2024E,18-Mar-2025,5750000,5750000,Lunas,Loket Kampus
PAY0009184,24IF0016,2024E,2025-03-08,5750000,5750000,Lunas,VA Bank
PAY0009185,24IF0017,2024E,25/03/2025,5750000,5750000,Lunas,VA Bank
PAY0009186,24IF0018,2024E,16/03/2025,5750000,5750000,Lunas,Transfer Bank
PAY0009187,24IF0019,2024E,2025-03-27,5750000,5750000,Lunas,Transfer Bank
PAY0009188,24IF0020,2024E,2025-03-01,5750000,5750000,Lunas,Transfer Bank
PAY0009189,24IF0021,2024E,2025-02-19,5750000,5750000,Lunas,VA Bank
PAY0009190,24IF0022,2024E,2025-03-26,5750000,5750000,Lunas,E-Wallet
PAY0009191,24IF0023,2024E,06/03/2025,5750000,5750000,Lunas,Loket Kampus
PAY0009192,24IF0024,2024E,2025-03-15,5750000,5750000,Lunas,E-Wallet
PAY0009193,24IF0025,2024E,09/03/2025,5750000,3400000,Cicilan,Loket Kampus
PAY0009194,24IF0026,2024E,25-Feb-2025,5750000,5750000,Lunas,Transfer Bank
PAY0009195,24IF0027,2024E,2025-03-11,5750000,5750000,Lunas,Loket Kampus
PAY0009196,24IF0028,2024E,28-Feb-2025,5750000,5750000,Lunas,E-Wallet
PAY0009197,24IF0029,2024E,2025-03-02,5750000,5750000,Lunas,E-Wallet
PAY0009198,24IF0030,2024E,01/04/2025,5750000,5750000,Lunas,Loket Kampus
PAY0009199,24IF0031,2024E,2025-02-23,5750000,5750000,Lunas,Loket Kampus
PAY0009200,24IF0032,2024E,2025-03-22,5750000,5750000,Lunas,VA Bank
PAY0009201,24IF0033,2024E,2025-03-22,5750000,5750000,Lunas,Loket Kampus
PAY0009202,24IF0034,2024E,2025-03-05,5750000,5750000,Lunas,Transfer Bank
PAY0009203,24IF0035,2024E,2025-04-01,5750000,5750000,Lunas,Transfer Bank
PAY0009204,24IF0036,2024E,2025-02-17,5750000,5750000,Lunas,VA Bank
PAY0009205,24IF0037,2024E,,5750000,0,Belum Lunas,E-Wallet
PAY0009206,24IF0038,2024E,,5750000,0,Belum Lunas,E-Wallet
PAY0009207,24IF0039,2024E,13/03/2025,5750000,2100000,Cicilan,VA Bank
PAY0009208,24IF0040,2024E,2025-02-20,5750000,5750000,Lunas,E-Wallet
PAY0009209,24IF0041,2024E,09/03/2025,5750000,4100000,Cicilan,Loket Kampus
PAY0009210,24IF0042,2024E,,5750000,0,Belum Lunas,VA Bank
PAY0009211,24IF0043,2024E,2025-02-24,5750000,5750000,Lunas,Loket Kampus
PAY0009212,24IF0044,2024E,2025-03-08,5750000,5750000,Lunas,Transfer Bank
PAY0009213,24IF0045,2024E,2025-03-26,5750000,5750000,Lunas,E-Wallet
PAY0009214,24IF0046,2024E,2025-03-18,5750000,2500000,Cicilan,Loket Kampus
PAY0009215,24IF0047,2024E,2025-02-25,5750000,5750000,Lunas,Loket Kampus
PAY0009216,24IF0048,2024E,27-Feb-2025,5750000,5750000,Lunas,E-Wallet
PAY0009217,24IF0049,2024E,17-Mar-2025,5750000,5750000,Lunas,E-Wallet
PAY0009218,24IF0050,2024E,28/02/2025,5750000,5750000,Lunas,Loket Kampus
PAY0009219,24IF0051,2024E,2025-03-09,5750000,5750000,Lunas,VA Bank
PAY0009220,24IF0052,2024E,2025-03-25,5750000,5750000,Lunas,Loket Kampus
PAY0009221,24IF0053,2024E,2025-03-26,5750000,5750000,Lunas,Loket Kampus
PAY0009222,24IF0054,2024E,2025-02-26,5750000,5750000,Lunas,Loket Kampus
PAY0009223,24IF0055,2024E,2025-02-21,5750000,5750000,Lunas,Transfer Bank
PAY0009224,24IF0056,2024E,2025-03-20,5750000,3500000,Cicilan,Transfer Bank
PAY0009225,24IF0057,2024E,30/03/2025,5750000,4000000,Cicilan,E-Wallet
PAY0009226,24IF0058,2024E,10/03/2025,5750000,3600000,Cicilan,E-Wallet
PAY0009227,24IF0059,2024E,2025-03-29,5750000,5750000,Lunas,VA Bank
PAY0009228,24IF0060,2024E,2025-02-21,5750000,5750000,Lunas,Loket Kampus
PAY0009229,24IF0061,2024E,2025-03-25,5750000,5750000,Lunas,VA Bank
PAY0009230,24IF0062,2024E,2025-03-28,5750000,5750000,Lunas,E-Wallet
PAY0009231,24IF0063,2024E,2025-03-31,5750000,5750000,Lunas,E-Wallet
PAY0009232,24IF0064,2024E,2025-03-12,5750000,5750000,Lunas,Loket Kampus
PAY0009233,24IF0065,2024E,2025-02-15,5750000,5750000,Lunas,VA Bank
PAY0009234,24IF0066,2024E,12/03/2025,5750000,5750000,Lunas,VA Bank
PAY0009235,24IF0067,2024E,2025-03-04,5750000,5750000,Lunas,Loket Kampus
PAY0009236,24IF0068,2024E,2025-03-01,5750000,5750000,Lunas,Transfer Bank
PAY0009237,24IF0069,2024E,2025-02-24,5750000,5750000,Lunas,Transfer Bank
PAY0009238,24IF0070,2024E,2025-03-25,5750000,5750000,Lunas,E-Wallet
PAY0009239,24IF0071,2024E,06/03/2025,5750000,5750000,Lunas,Transfer Bank
PAY0009240,24IF0072,2024E,2025-02-23,5750000,5750000,Lunas,E-Wallet
PAY0009241,24IF0073,2024E,2025-04-01,5750000,5750000,Lunas,Loket Kampus
PAY0009242,24IF0074,2024E,2025-02-17,5750000,5750000,Lunas,Loket Kampus
PAY0009243,24IF0075,2024E,2025-03-17,5750000,2900000,Cicilan,Loket Kampus
PAY0009244,24IF0076,2024E,16/03/2025,5750000,5750000,Lunas,Transfer Bank
PAY0009245,24IF0077,2024E,02-Mar-2025,5750000,5750000,Lunas,E-Wallet
PAY0009246,24IF0078,2024E,11-Mar-2025,5750000,5750000,Lunas,E-Wallet
PAY0009247,24IF0079,2024E,2025-02-18,5750000,5750000,Lunas,E-Wallet
PAY0009248,24IF0080,2024E,2025-03-04,5750000,5750000,Lunas,Loket Kampus
PAY0009249,24IF0081,2024E,2025-03-28,5750000,5750000,Lunas,Loket Kampus
PAY0009250,24IF0082,2024E,2025-03-28,5750000,2400000,Cicilan,Transfer Bank
PAY0009251,24IF0083,2024E,,5750000,0,Belum Lunas,E-Wallet
PAY0009252,24IF0084,2024E,2025-03-30,5750000,5750000,Lunas,VA Bank
PAY0009253,24IF0085,2024E,2025-03-05,5750000,5750000,Lunas,Transfer Bank
PAY0009254,24IF0086,2024E,24-Mar-2025,5750000,5750000,Lunas,E-Wallet
PAY0009255,24IF0087,2024E,20-Feb-2025,5750000,5750000,Lunas,E-Wallet
PAY0009256,24IF0088,2024E,2025-02-16,5750000,5750000,Lunas,VA Bank
PAY0009257,24IF0089,2024E,2025-02-28,5750000,5750000,Lunas,Transfer Bank
PAY0009258,24IF0090,2024E,2025-03-12,5750000,5750000,Lunas,Loket Kampus
PAY0009259,24IF0091,2024E,11/03/2025,5750000,3100000,Cicilan,Transfer Bank
PAY0009260,24IF0092,2024E,2025-02-28,5750000,5750000,Lunas,VA Bank
PAY0009261,24IF0093,2024E,2025-02-15,5750000,5750000,Lunas,Transfer Bank
PAY0009262,24IF0094,2024E,2025-02-22,5750000,5750000,Lunas,E-Wallet
PAY0009263,24IF0095,2024E,2025-02-20,5750000,5750000,Lunas,VA Bank
PAY0009264,24IF0096,2024E,2025-02-26,5750000,5750000,Lunas,Loket Kampus
PAY0009265,24IF0097,2024E,2025-03-05,5750000,5750000,Lunas,VA Bank
PAY0009266,24IF0098,2024E,,5750000,0,Belum Lunas,Transfer Bank
PAY0009267,24IF0099,2024E,04/03/2025,5750000,5750000,Lunas,Transfer Bank
PAY0009268,24DS0001,2024E,2025-03-23,6000000,6000000,Lunas,VA Bank
PAY0009269,24DS0002,2024E,2025-03-23,6000000,6000000,Lunas,Loket Kampus
PAY0009270,24DS0003,2024E,23/02/2025,6000000,6000000,Lunas,E-Wallet
PAY0009271,24DS0004,2024E,2025-03-04,6000000,6000000,Lunas,Loket Kampus
PAY0009272,24DS0005,2024E,28/03/2025,6000000,2900000,Cicilan,Transfer Bank
PAY0009273,24DS0006,2024E,2025-02-27,6000000,6000000,Lunas,Transfer Bank
PAY0009274,24DS0007,2024E,2025-03-24,6000000,6000000,Lunas,Loket Kampus
PAY0009275,24DS0008,2024E,2025-03-24,6000000,6000000,Lunas,Loket Kampus
PAY0009276,24DS0009,2024E,2025-02-15,6000000,6000000,Lunas,VA Bank
PAY0009277,24DS0010,2024E,2025-04-01,6000000,6000000,Lunas,VA Bank
PAY0009278,24DS0011,2024E,30-Mar-2025,6000000,6000000,Lunas,Loket Kampus
PAY0009279,24DS0012,2024E,2025-04-01,6000000,6000000,Lunas,Transfer Bank
PAY0009280,24DS0013,2024E,2025-03-17,6000000,6000000,Lunas,VA Bank
PAY0009281,24DS0014,2024E,2025-03-02,6000000,2900000,Cicilan,E-Wallet
PAY0009282,24DS0015,2024E,2025-03-26,6000000,3600000,Cicilan,Transfer Bank
PAY0009283,24DS0016,2024E,2025-03-28,6000000,6000000,Lunas,Loket Kampus
PAY0009284,24DS0017,2024E,,6000000,0,Belum Lunas,E-Wallet
PAY0009285,24DS0018,2024E,2025-02-15,6000000,6000000,Lunas,VA Bank
PAY0009286,24DS0019,2024E,2025-02-22,6000000,6000000,Lunas,Transfer Bank
PAY0009287,24DS0020,2024E,2025-02-17,6000000,4200000,Cicilan,VA Bank
PAY0009288,24DS0021,2024E,2025-02-25,6000000,6000000,Lunas,Transfer Bank
PAY0009289,24DS0022,2024E,,6000000,0,Belum Lunas,E-Wallet
PAY0009290,24DS0023,2024E,2025-03-11,6000000,6000000,Lunas,Loket Kampus
PAY0009291,24DS0024,2024E,2025-03-14,6000000,6000000,Lunas,Transfer Bank
PAY0009292,24DS0025,2024E,2025-02-17,6000000,6000000,Lunas,Loket Kampus
PAY0009293,24DS0026,2024E,2025-02-16,6000000,6000000,Lunas,Transfer Bank
PAY0009294,24DS0027,2024E,2025-03-26,6000000,6000000,Lunas,Transfer Bank
PAY0009295,24DS0028,2024E,2025-02-18,6000000,6000000,Lunas,VA Bank
PAY0009296,24DS0029,2024E,2025-03-22,6000000,6000000,Lunas,Loket Kampus
PAY0009297,24DS0030,2024E,2025-03-25,6000000,6000000,Lunas,E-Wallet
PAY0009298,24DS0031,2024E,2025-03-15,6000000,6000000,Lunas,VA Bank
PAY0009299,24DS0032,2024E,17/03/2025,6000000,6000000,Lunas,VA Bank
PAY0009300,24DS0033,2024E,2025-03-14,6000000,6000000,Lunas,E-Wallet
PAY0009301,24DS0034,2024E,2025-02-17,6000000,6000000,Lunas,Loket Kampus
PAY0009302,24DS0035,2024E,2025-02-26,6000000,6000000,Lunas,Loket Kampus
PAY0009303,24DS0036,2024E,2025-03-16,6000000,6000000,Lunas,Loket Kampus
PAY0009304,24DS0037,2024E,14-Mar-2025,6000000,6000000,Lunas,Transfer Bank
PAY0009305,24DS0038,2024E,27/02/2025,6000000,2400000,Cicilan,E-Wallet
PAY0009306,24DS0039,2024E,2025-03-15,6000000,4100000,Cicilan,E-Wallet
PAY0009307,24DS0040,2024E,2025-03-11,6000000,6000000,Lunas,Transfer Bank
PAY0009308,24DS0041,2024E,2025-03-14,6000000,6000000,Lunas,Transfer Bank
PAY0009309,24DS0042,2024E,2025-02-20,6000000,6000000,Lunas,Transfer Bank
PAY0009310,24DS0043,2024E,2025-03-27,6000000,6000000,Lunas,E-Wallet
PAY0009311,24DS0044,2024E,24/02/2025,6000000,6000000,Lunas,Transfer Bank
PAY0009312,24DS0045,2024E,2025-02-19,6000000,3800000,Cicilan,E-Wallet
PAY0009313,24DS0046,2024E,27/02/2025,6000000,6000000,Lunas,Transfer Bank
PAY0009314,24DS0047,2024E,23/03/2025,6000000,6000000,Lunas,E-Wallet
PAY0009315,24DS0048,2024E,2025-03-17,6000000,6000000,Lunas,Transfer Bank
PAY0009316,24DS0049,2024E,2025-03-11,6000000,6000000,Lunas,VA Bank
PAY0009317,24DS0050,2024E,2025-03-16,6000000,6000000,Lunas,Transfer Bank
PAY0009318,24DS0051,2024E,2025-03-29,6000000,6000000,Lunas,E-Wallet
PAY0009319,24DS0052,2024E,2025-03-09,6000000,6000000,Lunas,E-Wallet
PAY0009320,24DS0053,2024E,05/03/2025,6000000,6000000,Lunas,Loket Kampus
PAY0009321,24DS0054,2024E,2025-04-01,6000000,6000000,Lunas,VA Bank
PAY0009322,24DS0055,2024E,,6000000,0,Belum Lunas,E-Wallet
PAY0009323,24DS0056,2024E,2025-03-11,6000000,6000000,Lunas,Transfer Bank
PAY0009324,24DS0057,2024E,2025-03-19,6000000,6000000,Lunas,Transfer Bank
PAY0009325,24DS0058,2024E,2025-03-11,6000000,6000000,Lunas,Transfer Bank
PAY0009326,24DS0059,2024E,,6000000,0,Belum Lunas,E-Wallet
PAY0009327,24DS0060,2024E,26/02/2025,6000000,6000000,Lunas,VA Bank
PAY0009328,24DS0061,2024E,2025-03-13,6000000,6000000,Lunas,Transfer Bank
PAY0009329,24DS0062,2024E,2025-03-22,6000000,6000000,Lunas,Transfer Bank
PAY0009330,24DS0063,2024E,01/03/2025,6000000,6000000,Lunas,E-Wallet
PAY0009331,24DS0064,2024E,2025-03-03,6000000,6000000,Lunas,Loket Kampus
PAY0009332,24DS0065,2024E,23-Mar-2025,6000000,6000000,Lunas,Loket Kampus
PAY0009333,24DS0066,2024E,24/03/2025,6000000,6000000,Lunas,VA Bank
PAY0009334,24DS0067,2024E,2025-03-18,6000000,6000000,Lunas,Transfer Bank
PAY0009335,24DS0068,2024E,2025-03-16,6000000,6000000,Lunas,Loket Kampus
PAY0009336,24DS0069,2024E,2025-03-04,6000000,6000000,Lunas,E-Wallet
PAY0009337,24DS0070,2024E,15-Feb-2025,6000000,6000000,Lunas,VA Bank
PAY0009338,24DS0071,2024E,2025-03-31,6000000,6000000,Lunas,Loket Kampus
PAY0009339,24DS0072,2024E,13/03/2025,6000000,6000000,Lunas,VA Bank
PAY0009340,24DS0073,2024E,2025-03-18,6000000,2800000,Cicilan,E-Wallet
PAY0009341,24DS0074,2024E,2025-03-23,6000000,6000000,Lunas,E-Wallet
PAY0009342,24DS0075,2024E,2025-03-12,6000000,6000000,Lunas,E-Wallet
PAY0009343,24DS0076,2024E,05/03/2025,6000000,4400000,Cicilan,Loket Kampus
PAY0009344,24DS0077,2024E,2025-02-22,6000000,6000000,Lunas,VA Bank
PAY0009345,24DS0078,2024E,28/03/2025,6000000,6000000,Lunas,VA Bank
PAY0009346,24TR0001,2024E,18/03/2025,5700000,5700000,Lunas,E-Wallet
PAY0009347,24TR0002,2024E,2025-03-15,5700000,5700000,Lunas,Loket Kampus
PAY0009348,24TR0003,2024E,2025-03-09,5700000,5700000,Lunas,VA Bank
PAY0009349,24TR0004,2024E,2025-03-15,5700000,5700000,Lunas,Loket Kampus
PAY0009350,24TR0005,2024E,2025-03-08,5700000,5700000,Lunas,Loket Kampus
PAY0009351,24TR0006,2024E,,5700000,0,Belum Lunas,VA Bank
PAY0009352,24TR0007,2024E,2025-03-30,5700000,5700000,Lunas,VA Bank
PAY0009353,24TR0008,2024E,2025-02-23,5700000,3400000,Cicilan,VA Bank
PAY0009354,24TR0009,2024E,2025-03-17,5700000,2600000,Cicilan,VA Bank
PAY0009355,24TR0010,2024E,2025-03-27,5700000,5700000,Lunas,Loket Kampus
PAY0009356,24TR0011,2024E,2025-02-24,5700000,5700000,Lunas,E-Wallet
PAY0009357,24TR0012,2024E,2025-03-31,5700000,5700000,Lunas,Loket Kampus
PAY0009358,24TR0013,2024E,2025-02-28,5700000,3900000,Cicilan,Transfer Bank
PAY0009359,24TR0014,2024E,2025-03-27,5700000,5700000,Lunas,Loket Kampus
PAY0009360,24TR0015,2024E,2025-04-01,5700000,5700000,Lunas,Loket Kampus
PAY0009361,24TR0016,2024E,17-Mar-2025,5700000,5700000,Lunas,Loket Kampus
PAY0009362,24TR0017,2024E,2025-02-24,5700000,5700000,Lunas,Transfer Bank
PAY0009363,24TR0018,2024E,04/03/2025,5700000,5700000,Lunas,Transfer Bank
PAY0009364,24TR0019,2024E,2025-03-07,5700000,5700000,Lunas,Transfer Bank
PAY0009365,24TR0020,2024E,2025-03-10,5700000,5700000,Lunas,Loket Kampus
PAY0009366,24TR0021,2024E,2025-03-08,5700000,5700000,Lunas,E-Wallet
PAY0009367,24TR0022,2024E,2025-03-10,5700000,3600000,Cicilan,E-Wallet
PAY0009368,24TR0023,2024E,2025-03-14,5700000,5700000,Lunas,VA Bank
PAY0009369,24TR0024,2024E,2025-03-06,5700000,5700000,Lunas,E-Wallet
PAY0009370,24TR0025,2024E,2025-03-30,5700000,5700000,Lunas,E-Wallet
PAY0009371,24TR0026,2024E,21-Mar-2025,5700000,5700000,Lunas,Transfer Bank
PAY0009372,24TR0027,2024E,2025-03-22,5700000,5700000,Lunas,Transfer Bank
PAY0009373,24TR0028,2024E,2025-03-09,5700000,5700000,Lunas,Loket Kampus
PAY0009374,24TR0029,2024E,2025-03-16,5700000,2200000,Cicilan,E-Wallet
PAY0009375,24TR0030,2024E,11/03/2025,5700000,5700000,Lunas,Transfer Bank
PAY0009376,24TR0031,2024E,2025-03-14,5700000,5700000,Lunas,Transfer Bank
PAY0009377,24TR0032,2024E,26/03/2025,5700000,5700000,Lunas,Transfer Bank
PAY0009378,24TR0033,2024E,2025-03-13,5700000,5700000,Lunas,VA Bank
PAY0009379,24TR0034,2024E,30-Mar-2025,5700000,5700000,Lunas,Transfer Bank
PAY0009380,24TR0035,2024E,2025-03-10,5700000,5700000,Lunas,E-Wallet
PAY0009381,24TR0036,2024E,2025-03-21,5700000,5700000,Lunas,VA Bank
PAY0009382,24TR0037,2024E,2025-03-31,5700000,5700000,Lunas,Transfer Bank
PAY0009383,24TR0038,2024E,2025-02-15,5700000,5700000,Lunas,Loket Kampus
PAY0009384,24TR0039,2024E,2025-02-19,5700000,5700000,Lunas,E-Wallet
PAY0009385,24TR0040,2024E,2025-03-06,5700000,5700000,Lunas,VA Bank
PAY0009386,24TR0041,2024E,2025-03-04,5700000,5700000,Lunas,VA Bank
PAY0009387,24TR0042,2024E,,5700000,0,Belum Lunas,Loket Kampus
PAY0009388,24TR0043,2024E,2025-03-02,5700000,5700000,Lunas,E-Wallet
PAY0009389,24TR0044,2024E,21/02/2025,5700000,5700000,Lunas,E-Wallet
PAY0009390,24TR0045,2024E,2025-03-28,5700000,5700000,Lunas,E-Wallet
PAY0009391,24TR0046,2024E,2025-02-16,5700000,5700000,Lunas,Transfer Bank
PAY0009392,24TR0047,2024E,26-Mar-2025,5700000,5700000,Lunas,VA Bank
PAY0009393,24TR0048,2024E,2025-03-22,5700000,5700000,Lunas,Transfer Bank
PAY0009394,24TR0049,2024E,2025-02-22,5700000,5700000,Lunas,E-Wallet
PAY0009395,24TR0050,2024E,2025-02-21,5700000,5700000,Lunas,Transfer Bank
PAY0009396,24TR0051,2024E,26-Feb-2025,5700000,5700000,Lunas,Loket Kampus
PAY0009397,24TR0052,2024E,2025-03-16,5700000,5700000,Lunas,E-Wallet
PAY0009398,24TR0053,2024E,17-Mar-2025,5700000,5700000,Lunas,Transfer Bank
PAY0009399,24TR0054,2024E,2025-02-19,5700000,5700000,Lunas,Loket Kampus
PAY0009400,24TR0055,2024E,2025-03-09,5700000,5700000,Lunas,E-Wallet
PAY0009401,24TR0056,2024E,2025-02-21,5700000,5700000,Lunas,E-Wallet
PAY0009402,24TR0057,2024E,2025-03-02,5700000,5700000,Lunas,E-Wallet
PAY0009403,24TR0058,2024E,2025-02-23,5700000,5700000,Lunas,Loket Kampus
PAY0009404,24TR0059,2024E,29/03/2025,5700000,5700000,Lunas,E-Wallet
PAY0009405,24TR0060,2024E,2025-03-30,5700000,5700000,Lunas,VA Bank
PAY0009406,24TR0061,2024E,2025-02-24,5700000,2400000,Cicilan,Transfer Bank
PAY0009407,24TR0062,2024E,10-Mar-2025,5700000,5700000,Lunas,Transfer Bank
PAY0009408,24TR0063,2024E,08/03/2025,5700000,5700000,Lunas,Transfer Bank
PAY0009409,24TR0064,2024E,18-Feb-2025,5700000,5700000,Lunas,Transfer Bank
PAY0009410,24TR0065,2024E,2025-02-17,5700000,5700000,Lunas,Transfer Bank
PAY0009411,24TR0066,2024E,27/03/2025,5700000,5700000,Lunas,Transfer Bank
PAY0009412,24TR0067,2024E,14/03/2025,5700000,5700000,Lunas,Loket Kampus
PAY0009413,24TR0068,2024E,2025-02-25,5700000,5700000,Lunas,VA Bank
PAY0009414,24TR0069,2024E,2025-02-26,5700000,5700000,Lunas,Loket Kampus
PAY0009415,24TR0070,2024E,2025-03-16,5700000,5700000,Lunas,Loket Kampus
PAY0009416,24TR0071,2024E,22/03/2025,5700000,2900000,Cicilan,E-Wallet
PAY0009417,24TR0072,2024E,,5700000,0,Belum Lunas,E-Wallet
PAY0009418,24TR0073,2024E,2025-02-27,5700000,5700000,Lunas,Loket Kampus
PAY0009419,24TR0074,2024E,2025-02-24,5700000,5700000,Lunas,Loket Kampus
PAY0009420,24TR0075,2024E,26-Feb-2025,5700000,5700000,Lunas,E-Wallet
PAY0009421,24TR0076,2024E,2025-03-04,5700000,2100000,Cicilan,Loket Kampus
PAY0009422,24TR0077,2024E,22/03/2025,5700000,4200000,Cicilan,Transfer Bank
PAY0009423,24BD0001,2024E,27/02/2025,5000000,5000000,Lunas,VA Bank
PAY0009424,24BD0002,2024E,2025-02-25,5000000,5000000,Lunas,Transfer Bank
PAY0009425,24BD0003,2024E,2025-03-24,5000000,5000000,Lunas,Loket Kampus
PAY0009426,24BD0004,2024E,28/02/2025,5000000,3600000,Cicilan,VA Bank
PAY0009427,24BD0005,2024E,2025-03-08,5000000,5000000,Lunas,E-Wallet
PAY0009428,24BD0006,2024E,2025-02-24,5000000,5000000,Lunas,Transfer Bank
PAY0009429,24BD0007,2024E,2025-02-19,5000000,5000000,Lunas,VA Bank
PAY0009430,24BD0008,2024E,28-Feb-2025,5000000,5000000,Lunas,Transfer Bank
PAY0009431,24BD0009,2024E,23-Feb-2025,5000000,5000000,Lunas,Loket Kampus
PAY0009432,24BD0010,2024E,2025-03-16,5000000,2800000,Cicilan,Transfer Bank
PAY0009433,24BD0011,2024E,2025-03-15,5000000,5000000,Lunas,Transfer Bank
PAY0009434,24BD0012,2024E,2025-03-05,5000000,5000000,Lunas,Transfer Bank
PAY0009435,24BD0013,2024E,2025-03-21,5000000,5000000,Lunas,Transfer Bank
PAY0009436,24BD0014,2024E,23/02/2025,5000000,5000000,Lunas,E-Wallet
PAY0009437,24BD0015,2024E,2025-03-20,5000000,5000000,Lunas,E-Wallet
PAY0009438,24BD0016,2024E,2025-03-28,5000000,2400000,Cicilan,Loket Kampus
PAY0009439,24BD0017,2024E,28/03/2025,5000000,5000000,Lunas,E-Wallet
PAY0009440,24BD0018,2024E,2025-02-26,5000000,5000000,Lunas,Loket Kampus
PAY0009441,24BD0019,2024E,2025-03-26,5000000,5000000,Lunas,Transfer Bank
PAY0009442,24BD0020,2024E,2025-03-04,5000000,5000000,Lunas,E-Wallet
PAY0009443,24BD0021,2024E,27/02/2025,5000000,5000000,Lunas,Transfer Bank
PAY0009444,24BD0022,2024E,21-Mar-2025,5000000,5000000,Lunas,Transfer Bank
PAY0009445,24BD0023,2024E,2025-03-10,5000000,5000000,Lunas,Transfer Bank
PAY0009446,24BD0024,2024E,16-Mar-2025,5000000,5000000,Lunas,Transfer Bank
PAY0009447,24BD0025,2024E,01/04/2025,5000000,5000000,Lunas,Transfer Bank
PAY0009448,24BD0026,2024E,2025-03-10,5000000,5000000,Lunas,Transfer Bank
PAY0009449,24BD0027,2024E,2025-02-25,5000000,5000000,Lunas,VA Bank
PAY0009450,24BD0028,2024E,2025-03-06,5000000,5000000,Lunas,E-Wallet
PAY0009451,24BD0029,2024E,2025-03-11,5000000,5000000,Lunas,Loket Kampus
PAY0009452,24BD0030,2024E,12/03/2025,5000000,3100000,Cicilan,VA Bank
PAY0009453,24BD0031,2024E,2025-03-03,5000000,2200000,Cicilan,Transfer Bank
PAY0009454,24BD0032,2024E,2025-03-28,5000000,2900000,Cicilan,Transfer Bank
PAY0009455,24BD0033,2024E,2025-03-16,5000000,2900000,Cicilan,VA Bank
PAY0009456,24BD0034,2024E,,5000000,0,Belum Lunas,Loket Kampus
PAY0009457,24BD0035,2024E,2025-03-14,5000000,5000000,Lunas,E-Wallet
PAY0009458,24BD0036,2024E,,5000000,0,Belum Lunas,Transfer Bank
PAY0009459,24BD0037,2024E,2025-03-16,5000000,5000000,Lunas,VA Bank
PAY0009460,24BD0038,2024E,2025-03-15,5000000,5000000,Lunas,Loket Kampus
PAY0009461,24BD0039,2024E,16/03/2025,5000000,5000000,Lunas,VA Bank
PAY0009462,24BD0040,2024E,2025-02-27,5000000,5000000,Lunas,VA Bank
PAY0009463,24BD0041,2024E,07/03/2025,5000000,5000000,Lunas,E-Wallet
PAY0009464,24BD0042,2024E,01/04/2025,5000000,5000000,Lunas,VA Bank
PAY0009465,24BD0043,2024E,2025-03-15,5000000,5000000,Lunas,E-Wallet
PAY0009466,24BD0044,2024E,2025-02-20,5000000,5000000,Lunas,E-Wallet
PAY0009467,24BD0045,2024E,15/03/2025,5000000,5000000,Lunas,Loket Kampus
PAY0009468,24BD0046,2024E,27-Mar-2025,5000000,2400000,Cicilan,Loket Kampus
PAY0009469,24BD0047,2024E,2025-03-27,5000000,5000000,Lunas,VA Bank
PAY0009470,24BD0048,2024E,08/03/2025,5000000,5000000,Lunas,VA Bank
PAY0009471,24BD0049,2024E,2025-03-01,5000000,5000000,Lunas,Loket Kampus
PAY0009472,24BD0050,2024E,07-Mar-2025,5000000,5000000,Lunas,E-Wallet
PAY0009473,24BD0051,2024E,,5000000,0,Belum Lunas,Transfer Bank
PAY0009474,24BD0052,2024E,26-Mar-2025,5000000,5000000,Lunas,Loket Kampus
PAY0009475,24BD0053,2024E,2025-03-13,5000000,5000000,Lunas,Transfer Bank
PAY0009476,24BD0054,2024E,20/03/2025,5000000,5000000,Lunas,Transfer Bank
PAY0009477,24BD0055,2024E,2025-03-10,5000000,5000000,Lunas,VA Bank
PAY0009478,24BD0056,2024E,2025-03-10,5000000,3100000,Cicilan,E-Wallet
PAY0009479,24BD0057,2024E,21/02/2025,5000000,5000000,Lunas,Transfer Bank
PAY0009480,24BD0058,2024E,2025-03-16,5000000,5000000,Lunas,Loket Kampus
PAY0009481,24BD0059,2024E,2025-03-23,5000000,3100000,Cicilan,Loket Kampus
PAY0009482,24BD0060,2024E,17/03/2025,5000000,5000000,Lunas,VA Bank
PAY0009483,24BD0061,2024E,30-Mar-2025,5000000,5000000,Lunas,Transfer Bank
PAY0009484,24BD0062,2024E,2025-02-15,5000000,5000000,Lunas,E-Wallet
PAY0009485,24BD0063,2024E,2025-02-21,5000000,5000000,Lunas,Transfer Bank
PAY0009486,24BD0064,2024E,2025-03-05,5000000,2900000,Cicilan,Transfer Bank
PAY0009487,24BD0065,2024E,2025-03-15,5000000,5000000,Lunas,Loket Kampus
PAY0009488,24BD0066,2024E,2025-02-21,5000000,5000000,Lunas,Transfer Bank
PAY0009489,24BD0067,2024E,20/03/2025,5000000,5000000,Lunas,E-Wallet
PAY0009490,24BD0068,2024E,2025-03-22,5000000,5000000,Lunas,E-Wallet
PAY0009491,24BD0069,2024E,2025-03-09,5000000,5000000,Lunas,Transfer Bank
PAY0009492,24BD0070,2024E,2025-03-08,5000000,5000000,Lunas,VA Bank
PAY0009493,24BD0071,2024E,2025-02-22,5000000,5000000,Lunas,E-Wallet
PAY0009494,24BD0072,2024E,16/03/2025,5000000,5000000,Lunas,E-Wallet
PAY0009495,24BD0073,2024E,2025-03-17,5000000,5000000,Lunas,Transfer Bank
PAY0009496,24BD0074,2024E,2025-02-23,5000000,5000000,Lunas,VA Bank
PAY0009497,24BD0075,2024E,2025-04-01,5000000,5000000,Lunas,Transfer Bank
PAY0009498,24BD0076,2024E,2025-02-27,5000000,5000000,Lunas,E-Wallet
PAY0009499,24BD0077,2024E,10/03/2025,5000000,5000000,Lunas,Transfer Bank
PAY0009500,24BD0078,2024E,2025-03-08,5000000,2400000,Cicilan,VA Bank
