fact_key,student_key,course_key,semester_id,nilai_angka,jumlah_sks
1,1238.0,2012,2023E,73.9,2
2,1354.0,2148,2021G,100.0,2
3,2898.0,2180,2024G,93.3,2
4,1922.0,2011,2024E,94.7,2
5,1001.0,2027,2022G,90.8,3
6,2727.0,2115,2024G,88.7,3
7,1150.0,2061,2022E,58.3,3
8,2622.0,2082,2024G,79.0,3
9,1844.0,2009,2024G,69.2,2
10,2052.0,2001,2023G,74.6,2
11,1938.0,2008,2024E,76.7,2
12,1668.0,2084,2022G,83.7,2
13,1763.0,2128,2023E,77.9,2
14,2801.0,2148,2024G,78.3,2
15,1874.0,2012,2024E,85.6,2
16,1597.0,2003,2022E,76.8,2
17,1525.0,2019,2022G,86.7,3
18,2410.0,2190,2024E,80.6,3
19,2209.0,2124,2024G,76.2,2
20,1598.0,2055,2022E,93.7,3
21,1335.0,2016,2024E,71.1,2
22,1355.0,2175,2024E,85.0,3
23,1705.0,2090,2023G,73.2,3
24,2106.0,2005,2024G,67.5,2
25,2403.0,2191,2024E,73.5,3
26,2395.0,2190,2024E,75.0,3
27,1598.0,2053,2022E,82.9,3
28,2209.0,2117,2023E,86.3,3
29,2839.0,2001,2024G,80.7,2
30,1938.0,2030,2024E,65.0,3
31,2382.0,2001,2023G,59.9,2
32,1551.0,2012,2024E,62.9,2
33,1022.0,2026,2022G,69.1,3
34,1015.0,2036,2023G,81.8,2
35,1467.0,2032,2023E,71.4,2
36,2088.0,2058,2024G,68.0,3
37,1676.0,2091,2023G,82.2,3
38,1020.0,2002,2021G,79.0,2
39,1020.0,2037,2023E,81.8,3
40,1208.0,2101,2023E,68.0,3
41,2368.0,2181,2023E,77.2,3
42,2374.0,2179,2023G,72.7,3
43,2117.0,2086,2023E,76.7,3
44,2175.0,2008,2024E,78.8,2
45,2008.0,2019,2023G,98.3,3
46,1235.0,2099,2023G,78.2,3
47,2132.0,2090,2024G,80.8,3
48,2155.0,2084,2023G,83.4,2
49,2781.0,2113,2024G,85.9,3
50,2900.0,2179,2024G,74.4,3
51,1938.0,2023,2023E,69.2,3
52,2047.0,2049,2023G,86.8,3
53,2342.0,2003,2023E,75.6,2
54,1381.0,2152,2021E,84.1,2
55,2616.0,2003,2024E,70.1,2
56,2730.0,2116,2024G,75.9,2
57,2027.0,2049,2023G,84.6,3
58,1292.0,2127,2022E,93.3,3
59,2595.0,2054,2024E,73.3,3
60,1227.0,2110,2024E,69.4,3
61,1584.0,2071,2024E,72.7,3
62,2322.0,2159,2024E,79.6,3
63,1208.0,2009,2023G,85.0,2
64,2652.0,2087,2024E,89.1,3
65,1370.0,2013,2024G,73.3,2
66,1117.0,2009,2023G,68.9,2
67,1059.0,2018,2021G,62.0,3
68,2637.0,2001,2024G,74.9,2
69,2274.0,2126,2024E,62.9,3
70,2210.0,2119,2023E,86.5,3
71,1122.0,2062,2022E,60.2,3
72,1642.0,2092,2023G,80.1,2
73,1238.0,2094,2022E,78.7,3
74,1095.0,2066,2023G,62.3,3
75,1632.0,2100,2024G,70.6,2
76,1673.0,2010,2024G,92.1,2
77,2398.0,2008,2024E,65.6,2
78,2012.0,2005,2024G,73.3,2
79,1691.0,2099,2024G,77.6,3
80,1367.0,2008,2022E,83.0,2
81,2622.0,2085,2024E,89.3,3
82,1052.0,2015,2024E,84.4,6
83,1149.0,2070,2023E,81.4,3
84,1097.0,2050,2021G,78.5,3
85,1848.0,2008,2023E,53.5,2
86,1699.0,2012,2024E,79.5,2
87,1461.0,2005,2023G,70.6,2
88,1456.0,2003,2022E,83.5,2
89,1879.0,2194,2024G,69.1,3
90,1022.0,2030,2022E,85.8,3
91,1551.0,2066,2024G,72.5,3
92,2464.0,2018,2024G,87.6,3
93,1592.0,2054,2022E,71.1,3
94,1023.0,2021,2021E,76.6,3
95,1085.0,2042,2024G,79.9,3
96,1156.0,2053,2021E,61.7,3
97,2400.0,2182,2023E,77.7,3
98,1247.0,2008,2022E,86.8,2
99,2125.0,2003,2023E,76.3,2
100,1020.0,2016,2024E,91.0,2
101,1564.0,2009,2024G,96.9,2
102,1679.0,2007,2023E,100.0,2
103,1835.0,2012,2024E,67.3,2
104,2071.0,2056,2023E,65.7,2
105,2023.0,2052,2023G,77.5,2
106,1395.0,2001,2021G,63.1,2
107,1541.0,2072,2024E,73.1,2
108,1247.0,2003,2021E,78.5,2
109,1292.0,2131,2023G,86.9,3
110,1719.0,2122,2023G,89.5,3
111,1009.0,2011,2023E,64.6,2
112,2133.0,2088,2023E,94.6,2
113,2038.0,2057,2024G,78.2,3
114,1786.0,2002,2022G,78.3,2
115,1019.0,2042,2024G,89.1,3
116,1426.0,2198,2023E,83.9,3
117,1181.0,2013,2024G,86.3,2
118,1355.0,2013,2024G,75.3,2
119,2474.0,2019,2024G,85.4,3
120,1423.0,2178,2021G,89.5,3
121,2703.0,2081,2024G,95.0,3
122,1395.0,2182,2021E,57.0,3
123,1593.0,2066,2024G,47.8,3
124,2565.0,2049,2024G,79.3,3
125,2482.0,2002,2024G,99.7,2
126,1598.0,2005,2023G,87.8,2
127,1247.0,2104,2023E,79.2,2
128,1245.0,2005,2022G,83.0,2
129,1945.0,2001,2023G,91.4,2
130,1001.0,2023,2021E,74.8,3
131,1561.0,2053,2022E,96.3,3
132,1001.0,2014,2024G,100.0,2
133,2927.0,2177,2024G,100.0,3
134,2191.0,2092,2024G,76.6,2
135,1014.0,2009,2023G,83.2,2
136,1466.0,2017,2022G,94.3,3
137,2403.0,2003,2023E,71.1,2
138,2189.0,2001,2023G,95.6,2
139,2104.0,2054,2023E,80.8,3
140,2267.0,2007,2024E,74.1,2
141,2932.0,2003,2024E,72.8,2
142,1295.0,2142,2024E,78.3,3
143,1357.0,2164,2023G,83.0,2
144,2632.0,2088,2024E,70.3,2
145,1238.0,2097,2023G,71.3,3
146,1210.0,2104,2023E,67.3,2
147,2324.0,2159,2024E,71.4,3
148,1778.0,2009,2024G,63.9,2
149,1835.0,2163,2024G,61.7,3
150,1015.0,2043,2024G,79.4,3
151,1525.0,2001,2022G,81.3,2
152,1025.0,2044,2024G,73.9,2
153,2838.0,2004,2024E,64.8,2
154,1456.0,2037,2024E,87.7,3
155,1402.0,2010,2023G,90.7,2
156,1232.0,2103,2023E,83.7,3
157,1879.0,2182,2022E,59.8,3
158,1149.0,2005,2022G,82.2,2
159,1872.0,2006,2023G,84.9,2
160,1329.0,2016,2024E,77.4,2
161,1561.0,2003,2022E,84.6,2
162,2735.0,2114,2024G,94.5,3
163,1307.0,2117,2021E,80.5,3
164,2652.0,2004,2024E,72.0,2
165,1780.0,2009,2024G,79.6,2
166,1001.0,2028,2022G,96.0,2
167,2015.0,2002,2023G,84.1,2
168,1395.0,2016,2024E,74.2,2
169,1069.0,2027,2022G,89.4,3
170,1478.0,2010,2024G,71.8,2
171,1177.0,2003,2021E,89.5,2
172,2126.0,2093,2024E,79.6,3
173,2735.0,2002,2024G,87.9,2
174,1357.0,2167,2023E,75.7,3
175,2781.0,2116,2024G,59.7,2
176,1095.0,2077,2024E,50.3,3
177,1978.0,2008,2024E,62.2,2
178,2239.0,2122,2024G,73.0,3
179,2423.0,2184,2023E,64.7,2
180,2149.0,2089,2024G,82.4,3
181,2213.0,2114,2023G,73.2,3
182,1623.0,2008,2023E,77.7,2
183,1020.0,2021,2021E,81.1,3
184,1274.0,2114,2021G,83.4,3
185,1718.0,2128,2023E,61.6,2
186,1097.0,2074,2024G,75.5,3
187,1570.0,2049,2022G,61.5,3
188,1395.0,2201,2024G,55.7,3
189,1467.0,2029,2023E,73.3,3
190,1665.0,2099,2024G,63.6,3
191,2182.0,2088,2023E,74.1,2
192,1811.0,2154,2023G,62.6,3
193,2322.0,2006,2024G,78.0,2
194,2579.0,2001,2024G,71.8,2
195,1709.0,2083,2022G,70.5,3
196,1555.0,2067,2024G,83.7,3
197,1959.0,2029,2024E,74.8,3
198,2250.0,2002,2023G,82.5,2
199,2325.0,2007,2024E,84.8,2
200,1922.0,2006,2023G,84.1,2
201,1922.0,2196,2024G,77.1,2
202,1779.0,2131,2024G,77.2,3
203,1328.0,2155,2022G,58.2,3
204,1286.0,2002,2021G,73.8,2
205,2078.0,2056,2023E,66.1,2
206,1069.0,2006,2022G,84.8,2
207,1014.0,2017,2021G,82.4,3
208,1695.0,2094,2023E,84.9,3
209,2335.0,2153,2024G,66.5,3
210,1131.0,2077,2024E,82.5,3
211,1661.0,2008,2023E,83.0,2
212,1045.0,2048,2024E,82.9,2
213,1528.0,2034,2024G,72.4,3
214,1540.0,2026,2023G,97.9,3
215,1486.0,2035,2024G,68.5,3
216,1708.0,2093,2023E,68.9,3
217,1937.0,2028,2024G,79.4,2
218,1341.0,2171,2024G,69.8,3
219,1978.0,2005,2024G,76.1,2
220,1250.0,2005,2022G,73.6,2
221,2748.0,2002,2024G,76.6,2
222,1380.0,2002,2021G,84.2,2
223,1227.0,2084,2021G,72.8,2
224,1426.0,2012,2023E,79.9,2
225,1235.0,2005,2022G,72.9,2
226,2335.0,2158,2024E,68.0,3
227,1150.0,2073,2024G,67.9,3
228,1177.0,2108,2024G,73.5,2
229,1307.0,2118,2021E,78.7,3
230,2413.0,2004,2023E,87.6,2
231,1695.0,2091,2023G,79.3,3
232,1540.0,2029,2023E,84.4,3
233,1039.0,2037,2023E,72.3,3
234,1560.0,2066,2024G,65.8,3
235,1835.0,2166,2024E,63.0,3
236,1781.0,2126,2023E,63.1,3
237,2243.0,2119,2023E,85.6,3
238,1676.0,2104,2024E,67.5,2
239,1208.0,2001,2021G,81.4,2
240,1795.0,2147,2022G,72.1,3
241,1637.0,2007,2023E,75.2,2
242,2548.0,2051,2024G,86.2,3
243,1317.0,2128,2022E,75.4,2
244,1359.0,2176,2024E,87.5,2
245,2099.0,2060,2024G,58.6,2
246,2768.0,2003,2024E,86.9,2
247,2471.0,2024,2024E,77.3,2
248,1290.0,2121,2022G,77.0,3
249,1204.0,2099,2023G,82.0,3
250,2208.0,2002,2023G,82.6,2
251,1122.0,2057,2022G,79.2,3
252,1360.0,2011,2023E,82.0,2
253,2906.0,2001,2024G,60.0,2
254,1763.0,2120,2022E,74.8,2
255,1064.0,2035,2023G,80.7,3
256,2421.0,2005,2024G,83.7,2
257,1388.0,2198,2023E,87.9,3
258,1467.0,2019,2022G,74.0,3
259,1703.0,2006,2023G,73.4,2
260,1656.0,2095,2023E,77.1,3
261,1292.0,2133,2023E,79.1,3
262,1564.0,2052,2022G,86.8,2
263,1676.0,2002,2022G,77.6,2
264,1252.0,2140,2024G,72.7,2
265,1175.0,2004,2021E,87.9,2
266,1778.0,2131,2024G,68.2,3
267,1631.0,2006,2023G,69.0,2
268,1176.0,2010,2023G,94.0,2
269,2508.0,2003,2024E,80.9,2
270,2370.0,2187,2024G,69.8,3
271,2395.0,2006,2024G,73.6,2
272,1884.0,2180,2022G,81.8,2
273,1525.0,2004,2022E,74.5,2
274,1675.0,2010,2024G,85.7,2
275,1370.0,2153,2022G,73.2,3
276,1879.0,2012,2024E,59.7,2
277,1175.0,2110,2024E,94.0,3
278,1411.0,2193,2023G,76.4,3
279,1045.0,2002,2021G,94.6,2
280,1486.0,2038,2024E,75.6,3
281,1797.0,2009,2024G,84.8,2
282,2239.0,2118,2023E,80.0,3
283,1637.0,2100,2024G,53.9,2
284,1095.0,2052,2021G,71.6,2
285,1059.0,2015,2024E,67.1,6
286,2328.0,2156,2024G,69.3,2
287,2471.0,2002,2024G,92.7,2
288,2099.0,2056,2023E,72.6,2
289,2577.0,2002,2024G,70.4,2
290,1589.0,2010,2024G,67.8,2
291,2320.0,2156,2024G,69.3,2
292,1441.0,2181,2021E,83.3,3
293,2155.0,2096,2024E,70.1,2
294,2081.0,2062,2024E,75.2,3
295,1945.0,2002,2023G,95.0,2
296,2943.0,2003,2024E,97.8,2
297,2813.0,2004,2024E,71.3,2
298,1509.0,2005,2023G,73.2,2
299,1265.0,2114,2021G,73.1,3
300,1587.0,2003,2022E,84.5,2
301,1691.0,2100,2024G,86.4,2
302,2730.0,2114,2024G,72.3,3
303,2535.0,2050,2024G,70.0,3
304,1695.0,2002,2022G,79.7,2
305,2548.0,2001,2024G,80.1,2
306,1286.0,2144,2024E,83.8,2
307,1335.0,2168,2023E,71.6,2
308,1828.0,2011,2024E,77.6,2
309,1786.0,2009,2024G,84.2,2
310,2189.0,2083,2023G,88.4,3
311,2677.0,2081,2024G,90.2,3
312,1359.0,2160,2022E,89.0,2
313,1441.0,2201,2024G,82.5,3
314,2191.0,2005,2024G,83.8,2
315,1034.0,2043,2024G,69.7,3
316,2825.0,2150,2024E,83.9,3
317,1247.0,2108,2024G,78.6,2
318,2882.0,2003,2024E,68.5,2
319,1238.0,2095,2022E,57.3,3
320,1270.0,2004,2021E,83.3,2
321,2208.0,2124,2024G,80.5,2
322,1181.0,2087,2021E,81.0,3
323,2882.0,2001,2024G,78.1,2
324,1592.0,2004,2022E,77.8,2
325,1917.0,2189,2023E,76.3,3
326,1834.0,2008,2023E,74.3,2
327,1045.0,2019,2021G,89.0,3
328,1380.0,2171,2024G,71.0,3
329,2623.0,2004,2024E,89.9,2
330,2426.0,2018,2024G,71.5,3
331,1013.0,2016,2024E,87.0,2
332,1772.0,2117,2022E,82.2,3
333,2191.0,2088,2023E,63.4,2
334,2368.0,2001,2023G,87.6,2
335,1603.0,2069,2024E,80.7,3
336,1366.0,2150,2021E,76.2,3
337,1270.0,2114,2021G,71.5,3
338,1131.0,2014,2024G,88.7,2
339,1131.0,2072,2023E,78.7,2
340,1094.0,2079,2024E,65.8,3
341,2191.0,2081,2023G,82.0,3
342,1274.0,2004,2021E,90.4,2
343,1350.0,2148,2021G,73.0,2
344,2059.0,2053,2023E,71.0,3
345,2328.0,2006,2024G,79.1,2
346,1746.0,2129,2024G,60.5,3
347,1557.0,2052,2022G,76.0,2
348,2015.0,2030,2024E,82.0,3
349,1328.0,2005,2022G,69.8,2
350,2402.0,2003,2023E,65.0,2
351,2542.0,2053,2024E,82.6,3
352,1588.0,2010,2024G,58.8,2
353,1177.0,2010,2023G,79.2,2
354,1473.0,2004,2022E,87.7,2
355,1844.0,2161,2024G,70.2,3
356,1039.0,2047,2024E,73.8,3
357,1778.0,2008,2023E,65.0,2
358,2389.0,2191,2024E,79.6,3
359,1284.0,2140,2024G,66.2,2
360,1349.0,2007,2022E,80.7,2
361,2295.0,2146,2023G,84.2,3
362,1795.0,2012,2024E,85.0,2
363,1466.0,2031,2023E,79.0,3
364,1069.0,2002,2021G,82.2,2
365,1584.0,2051,2022G,75.1,3
366,1589.0,2063,2023E,75.7,3
367,2576.0,2001,2024G,76.0,2
368,1397.0,2014,2024G,84.0,2
369,1388.0,2008,2022E,82.6,2
370,1790.0,2164,2024G,67.9,2
371,1049.0,2035,2023G,88.1,3
372,1526.0,2031,2023E,88.9,3
373,1227.0,2093,2022E,89.3,3
374,1959.0,2031,2024E,73.0,3
375,1568.0,2003,2022E,69.4,2
376,1780.0,2126,2023E,81.2,3
377,1164.0,2054,2021E,79.2,3
378,1780.0,2129,2024G,73.5,3
379,2504.0,2020,2024G,91.0,2
380,2297.0,2001,2023G,73.6,2
381,2733.0,2115,2024G,76.2,3
382,1341.0,2174,2024E,74.1,3
383,2728.0,2115,2024G,75.0,3
384,1117.0,2068,2023G,51.8,2
385,2297.0,2002,2023G,77.0,2
386,2155.0,2088,2023E,80.4,2
387,1027.0,2010,2023G,83.1,2
388,2224.0,2007,2024E,88.2,2
389,1009.0,2041,2024G,68.5,3
390,1540.0,2003,2022E,100.0,2
391,1699.0,2103,2024E,62.5,3
392,2530.0,2051,2024G,78.9,3
393,1598.0,2003,2022E,90.3,2
394,1719.0,2132,2024G,66.7,2
395,2295.0,2145,2023G,73.6,3
396,2196.0,2086,2023E,69.8,3
397,2088.0,2007,2024E,58.2,2
398,1097.0,2061,2022E,88.2,3
399,1307.0,2015,2024E,77.3,6
400,2098.0,2008,2024E,67.9,2
401,2311.0,2003,2023E,71.7,2
402,2657.0,2082,2024G,73.2,3
403,1023.0,2048,2024E,68.2,2
404,2182.0,2081,2023G,68.0,3
405,1828.0,2156,2023G,62.7,2
406,2434.0,2019,2024G,86.9,3
407,2413.0,2184,2023E,82.0,2
408,1797.0,2157,2023E,74.5,3
409,2822.0,2148,2024G,82.1,2
410,1584.0,2062,2023E,69.7,3
411,1665.0,2097,2024G,89.8,3
412,1772.0,2116,2022G,68.1,2
413,1364.0,2176,2024E,84.1,2
414,2324.0,2152,2023E,73.7,2
415,1160.0,2011,2023E,78.0,2
416,1687.0,2084,2022G,72.5,2
417,2015.0,2006,2024G,100.0,2
418,1380.0,2153,2022G,81.1,3
419,1265.0,2125,2022E,75.1,3
420,1816.0,2001,2022G,89.1,2
421,1897.0,2186,2023G,84.5,3
422,2346.0,2007,2024E,81.6,2
423,1380.0,2164,2023G,87.4,2
424,2106.0,2060,2024G,65.5,2
425,1774.0,2127,2023E,66.6,3
426,2551.0,2050,2024G,75.5,3
427,2261.0,2121,2024G,74.8,3
428,1374.0,2170,2024G,72.0,3
429,1400.0,2195,2023G,80.5,3
430,2292.0,2008,2024E,78.1,2
431,2213.0,2008,2024E,86.2,2
432,1355.0,2167,2023E,78.1,3
433,1235.0,2081,2021G,55.7,3
434,1059.0,2001,2021G,82.1,2
435,1395.0,2208,2024E,61.5,2
436,2913.0,2181,2024E,84.3,3
437,1884.0,2185,2023G,76.4,3
438,1001.0,2047,2024E,74.1,3
439,1160.0,2057,2022G,83.5,3
440,1059.0,2048,2024E,69.3,2
441,2104.0,2002,2023G,75.9,2
442,2015.0,2019,2023G,94.0,3
443,1695.0,2088,2022E,78.8,2
444,2059.0,2049,2023G,74.5,3
445,1293.0,2005,2022G,92.3,2
446,1874.0,2010,2024G,86.2,2
447,1486.0,2021,2022E,62.4,3
448,2402.0,2007,2024E,77.8,2
449,1481.0,2010,2024G,97.8,2
450,1699.0,2003,2022E,76.1,2
451,1022.0,2018,2021G,80.9,3
452,1507.0,2008,2023E,99.8,2
453,1603.0,2052,2022G,96.1,2
454,1901.0,2188,2023G,83.9,2
455,2210.0,2127,2024E,91.2,3
456,1284.0,2118,2021E,74.9,3
457,1015.0,2021,2021E,79.6,3
458,2342.0,2150,2023E,64.0,3
459,1370.0,2176,2024E,71.3,2
460,1642.0,2090,2023G,78.8,3
461,2611.0,2055,2024E,73.2,3
462,1978.0,2007,2024E,66.5,2
463,1632.0,2009,2024G,77.9,2
464,1232.0,2015,2024E,84.4,6
465,1763.0,2003,2022E,82.2,2
466,1138.0,2072,2023E,74.2,2
467,1286.0,2129,2023G,58.1,3
468,1013.0,2034,2023G,80.3,3
469,1525.0,2031,2023E,85.7,3
470,1526.0,2003,2022E,87.5,2
471,2292.0,2148,2023G,62.7,2
472,2839.0,2147,2024G,65.7,3
473,1027.0,2030,2022E,85.2,3
474,1673.0,2082,2022G,81.0,3
475,1557.0,2065,2024G,74.2,3
476,1349.0,2147,2021G,78.9,3
477,2826.0,2145,2024G,77.7,3
478,1491.0,2024,2022E,54.4,2
479,2244.0,2003,2023E,69.1,2
480,2488.0,2020,2024G,74.3,2
481,1039.0,2023,2021E,67.2,3
482,1250.0,2006,2022G,72.9,2
483,1816.0,2151,2022E,96.2,3
484,2421.0,2185,2024G,76.0,3
485,2056.0,2062,2024E,54.0,3
486,1367.0,2172,2024G,80.1,2
487,1355.0,2004,2021E,82.6,2
488,1807.0,2005,2023G,74.0,2
489,2434.0,2017,2024G,84.6,3
490,2239.0,2115,2023G,82.9,3
491,1805.0,2145,2022G,80.4,3
492,1718.0,2008,2023E,69.7,2
493,2706.0,2002,2024G,80.1,2
494,2132.0,2005,2024G,87.2,2
495,2214.0,2118,2023E,73.1,3
496,1045.0,2011,2023E,85.6,2
497,1380.0,2168,2023E,77.3,2
498,1064.0,2023,2021E,80.2,3
499,1069.0,2015,2024E,78.6,6
500,2059.0,2005,2024G,72.1,2
501,1023.0,2038,2023E,64.1,3
502,1821.0,2164,2024G,78.1,2
503,1560.0,2051,2022G,76.4,3
504,1284.0,2131,2023G,71.9,3
505,2043.0,2052,2023G,66.1,2
506,1041.0,2019,2021G,68.0,3
507,2833.0,2003,2024E,83.4,2
508,1834.0,2009,2024G,72.5,2
509,1461.0,2031,2023E,82.4,3
510,1087.0,2001,2021G,91.9,2
511,2578.0,2051,2024G,73.2,3
512,2244.0,2002,2023G,78.5,2
513,2210.0,2124,2024G,76.6,2
514,1564.0,2053,2022E,74.0,3
515,1009.0,2033,2023G,73.1,3
516,1293.0,2119,2021E,79.6,3
517,1491.0,2035,2024G,62.6,3
518,2279.0,2128,2024E,78.3,2
519,1746.0,2136,2024E,69.1,2
520,1295.0,2010,2023G,90.1,2
521,2214.0,2116,2023G,68.9,2
522,1762.0,2114,2022G,90.6,3
523,1821.0,2165,2024E,80.3,3
524,1366.0,2016,2024E,75.9,2
525,2117.0,2007,2024E,90.3,2
526,2179.0,2096,2024E,81.2,2
527,1360.0,2159,2022E,68.1,3
528,1708.0,2098,2024G,90.5,3
529,1695.0,2006,2023G,77.6,2
530,2052.0,2003,2023E,79.4,2
531,1823.0,2012,2024E,67.7,2
532,2239.0,2117,2023E,82.5,3
533,1563.0,2052,2022G,72.4,2
534,1019.0,2030,2022E,84.1,3
535,1718.0,2121,2023G,74.4,3
536,2761.0,2118,2024E,68.3,3
537,1699.0,2082,2022G,81.0,3
538,2838.0,2150,2024E,73.5,3
539,1335.0,2169,2024G,62.4,3
540,2179.0,2095,2024E,76.8,3
541,1001.0,2041,2024G,82.9,3
542,1675.0,2083,2022G,69.8,3
543,1210.0,2011,2023E,74.2,2
544,2346.0,2148,2023G,83.3,2
545,1174.0,2095,2022E,96.0,3
546,2117.0,2081,2023G,91.2,3
547,1713.0,2082,2022G,81.2,3
548,1335.0,2173,2024E,65.7,3
549,2508.0,2017,2024G,76.0,3
550,1762.0,2113,2022G,90.4,3
551,1551.0,2011,2024E,69.8,2
552,2382.0,2185,2024G,68.6,3
553,1364.0,2145,2021G,92.8,3
554,1588.0,2008,2023E,74.4,2
555,1052.0,2016,2024E,99.5,2
556,2572.0,2054,2024E,83.5,3
557,2844.0,2147,2024G,85.9,3
558,1235.0,2006,2022G,85.8,2
559,2749.0,2003,2024E,61.4,2
560,1366.0,2155,2022G,84.7,3
561,1122.0,2065,2023G,70.7,3
562,1015.0,2024,2021E,80.3,2
563,2346.0,2159,2024E,78.9,3
564,2070.0,2059,2024G,81.2,3
565,1329.0,2011,2023E,87.2,2
566,1087.0,2076,2024G,66.9,2
567,1350.0,2160,2022E,85.5,2
568,2099.0,2062,2024E,68.0,3
569,2367.0,2191,2024E,88.3,3
570,1835.0,2161,2024G,57.2,3
571,1631.0,2086,2022E,72.9,3
572,1718.0,2136,2024E,70.3,2
573,1570.0,2003,2022E,81.8,2
574,2117.0,2091,2024G,83.4,3
575,1746.0,2133,2024E,65.6,3
576,1041.0,2041,2024G,70.1,3
577,1049.0,2023,2021E,69.0,3
578,1978.0,2006,2024G,71.6,2
579,2324.0,2156,2024G,66.9,2
580,1526.0,2040,2024E,81.1,2
581,1160.0,2076,2024G,56.6,2
582,1661.0,2100,2024G,69.9,2
583,1175.0,2097,2023G,79.3,3
584,1252.0,2124,2022G,83.0,2
585,2801.0,2004,2024E,89.8,2
586,2130.0,2001,2023G,64.1,2
587,1507.0,2030,2023E,84.8,3
588,1568.0,2011,2024E,60.5,2
589,2175.0,2090,2024G,80.0,3
590,1823.0,2158,2023E,63.1,3
591,1292.0,2119,2021E,89.3,3
592,1786.0,2006,2023G,75.5,2
593,2866.0,2147,2024G,74.2,3
594,1848.0,2166,2024E,67.7,3
595,1560.0,2060,2023G,80.7,2
596,1388.0,2201,2024G,87.7,3
597,1848.0,2150,2022E,66.4,3
598,1772.0,2121,2023G,75.2,3
599,1097.0,2076,2024G,70.9,2
600,1341.0,2150,2021E,74.0,3
601,1560.0,2063,2023E,75.3,3
602,1224.0,2001,2021G,92.3,2
603,1354.0,2169,2024G,87.3,3
604,1349.0,2168,2023E,72.3,2
605,2694.0,2086,2024E,90.1,3
606,1227.0,2098,2023G,80.9,3
607,1095.0,2067,2023G,72.7,3
608,1587.0,2011,2024E,62.2,2
609,1247.0,2110,2024E,75.7,3
610,2125.0,2081,2023G,78.1,3
611,1019.0,2046,2024E,90.2,3
612,1835.0,2165,2024E,58.7,3
613,1685.0,2089,2023G,80.3,3
614,1364.0,2149,2021E,86.6,3
615,1942.0,2029,2024E,62.6,3
616,2339.0,2158,2024E,74.5,3
617,1388.0,2181,2021E,92.3,3
618,1844.0,2004,2022E,77.6,2
619,1366.0,2147,2021G,75.5,3
620,2421.0,2182,2023E,76.1,3
621,2314.0,2005,2024G,84.9,2
622,1355.0,2156,2022G,79.8,2
623,1423.0,2184,2021E,95.3,2
624,1394.0,2185,2022G,70.4,3
625,1097.0,2062,2022E,71.5,3
626,1374.0,2147,2021G,83.1,3
627,2398.0,2187,2024G,70.7,3
628,1227.0,2102,2023E,68.7,3
629,2290.0,2008,2024E,81.0,2
630,2191.0,2002,2023G,91.4,2
631,1799.0,2012,2024E,77.6,2
632,1668.0,2083,2022G,74.8,3
633,2340.0,2001,2023G,91.1,2
634,2382.0,2192,2024E,77.4,2
635,1328.0,2156,2022G,65.1,2
636,1584.0,2008,2023E,74.8,2
637,1805.0,2155,2023G,92.6,3
638,1227.0,2086,2021E,87.1,3
639,1295.0,2144,2024E,69.8,2
640,2632.0,2082,2024G,89.2,3
641,1656.0,2084,2022G,73.1,2
642,1019.0,2002,2021G,97.1,2
643,1707.0,2088,2022E,87.4,2
644,2318.0,2158,2024E,76.9,3
645,1350.0,2011,2023E,78.5,2
646,2734.0,2002,2024G,80.5,2
647,1354.0,2172,2024G,73.3,2
648,1025.0,2006,2022G,85.4,2
649,2110.0,2008,2024E,86.4,2
650,1937.0,2008,2024E,76.7,2
651,2148.0,2093,2024E,66.9,3
652,1661.0,2094,2023E,74.5,3
653,2126.0,2092,2024G,74.2,2
654,1901.0,2177,2022G,82.9,3
655,1402.0,2011,2023E,89.5,2
656,2474.0,2023,2024E,80.6,3
657,2906.0,2004,2024E,60.9,2
658,1210.0,2097,2023G,74.7,3
659,2702.0,2001,2024G,78.4,2
660,1486.0,2040,2024E,72.4,2
661,1746.0,2012,2024E,77.3,2
662,1061.0,2002,2021G,89.4,2
663,1369.0,2169,2024G,68.8,3
664,1665.0,2086,2022E,59.6,3
665,2654.0,2083,2024G,81.1,3
666,1015.0,2030,2022E,91.4,3
667,1803.0,2009,2024G,72.1,2
668,1349.0,2161,2023G,69.6,3
669,2548.0,2049,2024G,86.0,3
670,1705.0,2083,2022G,70.0,3
671,1087.0,2014,2024G,87.4,2
672,1665.0,2002,2022G,87.5,2
673,2250.0,2115,2023G,77.2,3
674,1049.0,2027,2022G,72.7,3
675,1462.0,2005,2023G,73.6,2
676,2110.0,2062,2024E,84.9,3
677,2700.0,2082,2024G,74.5,3
678,1043.0,2042,2024G,73.3,3
679,1884.0,2186,2023G,67.9,3
680,1341.0,2166,2023E,78.9,3
681,1467.0,2039,2024E,72.6,3
682,2579.0,2052,2024G,73.1,2
683,1781.0,2012,2024E,79.2,2
684,2781.0,2120,2024E,72.8,2
685,1064.0,2001,2021G,89.0,2
686,1088.0,2052,2021G,79.8,2
687,1835.0,2162,2024G,55.1,3
688,1509.0,2025,2023G,73.9,3
689,1174.0,2016,2024E,100.0,2
690,2126.0,2082,2023G,68.3,3
691,1156.0,2006,2022G,73.2,2
692,1568.0,2002,2022G,74.3,2
693,1526.0,2037,2024E,85.2,3
694,2050.0,2004,2023E,88.4,2
695,2622.0,2083,2024G,71.4,3
696,1917.0,2181,2022E,77.0,3
697,1991.0,2023,2023E,74.9,3
698,1369.0,2150,2021E,80.9,3
699,1290.0,2013,2024G,92.7,2
700,1830.0,2012,2024E,75.0,2
701,1293.0,2014,2024G,74.4,2
702,1466.0,2030,2023E,73.0,3
703,2497.0,2001,2024G,77.4,2
704,2314.0,2150,2023E,70.2,3
705,1023.0,2037,2023E,68.5,3
706,1557.0,2011,2024E,96.3,2
707,1403.0,2011,2023E,84.3,2
708,1093.0,2062,2022E,80.4,3
709,2816.0,2150,2024E,77.1,3
710,2310.0,2148,2023G,81.3,2
711,1074.0,2011,2023E,75.2,2
712,1270.0,2001,2021G,69.1,2
713,1486.0,2019,2022G,81.5,3
714,2117.0,2096,2024E,91.2,2
715,1284.0,2125,2022E,66.8,3
716,1942.0,2028,2024G,71.6,2
717,1271.0,2142,2024E,62.9,3
718,1019.0,2027,2022G,93.0,3
719,2697.0,2004,2024E,75.1,2
720,1232.0,2082,2021G,69.3,3
721,1140.0,2057,2022G,78.6,3
722,1074.0,2025,2022G,65.9,3
723,1088.0,2005,2022G,80.1,2
724,2126.0,2087,2023E,82.2,3
725,2932.0,2001,2024G,64.4,2
726,1014.0,2002,2021G,86.0,2
727,2400.0,2002,2023G,79.8,2
728,1707.0,2003,2022E,90.2,2
729,2070.0,2007,2024E,75.2,2
730,2196.0,2085,2023E,76.3,3
731,1586.0,2052,2022G,84.6,2
732,1610.0,2061,2023E,79.2,3
733,1369.0,2158,2022E,61.0,3
734,1138.0,2065,2023G,88.9,3
735,1014.0,2036,2023G,92.8,2
736,1800.0,2011,2024E,73.6,2
737,1978.0,2032,2024E,75.3,2
738,1588.0,2061,2023E,73.4,3
739,1584.0,2006,2023G,65.5,2
740,1940.0,2024,2023E,69.6,2
741,1335.0,2145,2021G,77.8,3
742,1367.0,2165,2023E,74.2,3
743,1094.0,2015,2024E,47.6,6
744,1349.0,2008,2022E,83.2,2
745,1224.0,2102,2023E,67.7,3
746,1227.0,2082,2021G,72.3,3
747,2400.0,2008,2024E,88.8,2
748,1025.0,2043,2024G,70.3,3
749,1045.0,2032,2022E,90.2,2
750,2214.0,2125,2024E,78.0,3
751,2400.0,2183,2023E,86.6,3
752,2329.0,2154,2024G,88.9,3
753,1481.0,2040,2024E,69.5,2
754,2276.0,2002,2023G,68.3,2
755,2070.0,2050,2023G,80.6,3
756,1274.0,2132,2023G,87.7,2
757,2835.0,2002,2024G,74.4,2
758,1097.0,2006,2022G,78.9,2
759,1886.0,2197,2024E,73.6,3
760,1009.0,2036,2023G,71.0,2
761,1665.0,2087,2022E,75.7,3
762,1588.0,2062,2023E,63.4,3
763,1059.0,2028,2022G,61.2,2
764,2179.0,2002,2023G,86.0,2
765,1328.0,2174,2024E,51.3,3
766,2672.0,2002,2024G,69.7,2
767,1897.0,2190,2023E,71.7,3
768,1728.0,2118,2022E,74.2,3
769,1402.0,2001,2021G,89.3,2
770,1764.0,2011,2024E,76.1,2
771,1009.0,2008,2022E,65.9,2
772,2851.0,2004,2024E,79.2,2
773,2148.0,2004,2023E,64.5,2
774,1341.0,2147,2021G,77.8,3
775,1844.0,2005,2023G,77.0,2
776,1811.0,2006,2023G,85.7,2
777,1631.0,2091,2023G,68.7,3
778,1897.0,2001,2022G,78.3,2
779,1592.0,2009,2024G,74.4,2
780,1917.0,2007,2023E,78.0,2
781,1544.0,2009,2024G,74.2,2
782,1403.0,2008,2022E,84.2,2
783,2070.0,2056,2023E,69.0,2
784,1252.0,2002,2021G,75.3,2
785,1588.0,2067,2024G,71.7,3
786,1673.0,2002,2022G,94.6,2
787,2266.0,2114,2023G,81.2,3
788,2329.0,2002,2023G,71.1,2
789,1355.0,2152,2021E,91.9,2
790,2760.0,2003,2024E,70.2,2
791,2043.0,2001,2023G,75.4,2
792,2389.0,2181,2023E,81.9,3
793,2816.0,2145,2024G,67.3,3
794,1009.0,2024,2021E,78.5,2
795,1370.0,2009,2023G,79.4,2
796,2398.0,2189,2024E,77.5,3
797,1486.0,2004,2022E,76.5,2
798,1593.0,2063,2023E,74.2,3
799,1235.0,2110,2024E,69.5,3
800,1780.0,2124,2023G,70.2,2
801,1693.0,2084,2022G,91.9,2
802,1695.0,2012,2024E,78.5,2
803,1890.0,2184,2022E,80.7,2
804,1235.0,2084,2021G,78.6,2
805,2537.0,2002,2024G,74.6,2
806,1052.0,2040,2023E,75.0,2
807,1685.0,2103,2024E,63.2,3
808,1293.0,2129,2023G,74.0,3
809,1507.0,2002,2022G,83.4,2
810,2212.0,2004,2023E,83.2,2
811,1975.0,2017,2023G,90.0,3
812,2835.0,2150,2024E,75.3,3
813,1369.0,2164,2023G,84.9,2
814,1252.0,2143,2024E,58.3,3
815,1014.0,2032,2022E,80.2,2
816,1783.0,2131,2024G,84.0,3
817,2813.0,2001,2024G,81.1,2
818,2553.0,2002,2024G,72.7,2
819,1695.0,2084,2022G,92.5,2
820,1357.0,2149,2021E,73.3,3
821,2248.0,2008,2024E,86.5,2
822,2056.0,2053,2023E,82.8,3
823,1872.0,2188,2023G,68.8,2
824,1238.0,2006,2022G,75.1,2
825,1095.0,2055,2021E,57.4,3
826,1245.0,2110,2024E,90.4,3
827,1803.0,2167,2024E,72.2,3
828,2248.0,2004,2023E,83.2,2
829,2179.0,2083,2023G,77.6,3
830,1872.0,2196,2024G,80.6,2
831,2409.0,2006,2024G,68.1,2
832,1156.0,2011,2023E,77.7,2
833,1023.0,2005,2022G,88.3,2
834,2624.0,2083,2024G,72.2,3
835,1140.0,2050,2021G,100.0,3
836,1328.0,2154,2022G,56.2,3
837,1945.0,2003,2023E,86.4,2
838,2832.0,2002,2024G,84.8,2
839,1307.0,2006,2022G,83.8,2
840,1335.0,2002,2021G,71.0,2
841,2843.0,2149,2024E,82.3,3
842,1095.0,2069,2023E,63.3,3
843,1675.0,2100,2024G,80.0,2
844,1069.0,2003,2021E,71.0,2
845,1462.0,2032,2023E,52.5,2
846,1802.0,2159,2023E,81.8,3
847,2623.0,2088,2024E,96.6,2
848,1693.0,2087,2022E,94.0,3
849,2276.0,2113,2023G,81.4,3
850,1020.0,2006,2022G,86.2,2
851,1799.0,2003,2022E,75.6,2
852,1095.0,2065,2023G,75.3,3
853,2382.0,2183,2023E,82.4,3
854,1271.0,2131,2023G,74.9,3
855,1790.0,2157,2023E,66.0,3
856,1052.0,2039,2023E,84.1,3
857,1293.0,2135,2023E,70.1,3
858,1528.0,2037,2024E,63.6,3
859,2410.0,2191,2024E,82.0,3
860,1616.0,2004,2022E,100.0,2
861,2324.0,2155,2024G,61.7,3
862,1374.0,2163,2023G,89.3,3
863,1922.0,2010,2024G,72.3,2
864,1031.0,2015,2024E,77.2,6
865,1160.0,2073,2024G,68.2,3
866,2310.0,2007,2024E,93.8,2
867,1828.0,2154,2023G,71.1,3
868,2311.0,2145,2023G,84.0,3
869,1816.0,2166,2024E,100.0,3
870,1349.0,2175,2024E,73.4,3
871,1800.0,2155,2023G,66.3,3
872,1821.0,2162,2024G,81.8,3
873,1588.0,2051,2022G,75.6,3
874,1699.0,2091,2023G,74.9,3
875,1034.0,2042,2024G,86.8,3
876,1328.0,2164,2023G,61.1,2
877,1403.0,2009,2023G,68.0,2
878,1802.0,2006,2023G,90.6,2
879,1959.0,2028,2024G,59.0,2
880,2295.0,2001,2023G,80.8,2
881,2346.0,2152,2023E,70.7,2
882,1094.0,2016,2024E,65.6,2
883,2562.0,2055,2024E,55.8,3
884,1693.0,2006,2023G,83.0,2
885,1317.0,2113,2021G,61.0,3
886,1023.0,2026,2022G,65.1,3
887,1844.0,2001,2022G,72.8,2
888,1088.0,2006,2022G,89.0,2
889,2665.0,2086,2024E,81.9,3
890,1367.0,2176,2024E,73.2,2
891,2524.0,2020,2024G,86.1,2
892,2213.0,2126,2024E,70.1,3
893,1039.0,2043,2024G,75.1,3
894,1940.0,2007,2024E,65.0,2
895,2421.0,2186,2024G,85.7,3
896,1588.0,2004,2022E,63.1,2
897,1699.0,2090,2023G,87.0,3
898,2267.0,2001,2023G,74.8,2
899,2214.0,2004,2023E,58.0,2
900,1540.0,2038,2024E,87.3,3
901,2070.0,2062,2024E,88.0,3
902,1349.0,2149,2021E,67.3,3
903,1252.0,2016,2024E,87.4,2
904,2043.0,2061,2024E,82.7,3
905,1783.0,2134,2024E,79.1,3
906,1802.0,2153,2023G,80.5,3
907,1525.0,2026,2023G,81.5,3
908,2139.0,2085,2023E,75.4,3
909,1286.0,2126,2022E,75.7,3
910,2427.0,2022,2024E,73.4,3
911,1402.0,2014,2024G,79.2,2
912,1466.0,2020,2022G,89.0,2
913,1746.0,2117,2022E,73.9,3
914,1009.0,2030,2022E,73.3,3
915,1094.0,2012,2023E,65.5,2
916,1360.0,2007,2022E,78.1,2
917,2572.0,2050,2024G,77.7,3
918,2320.0,2001,2023G,59.7,2
919,2616.0,2052,2024G,71.8,2
920,2070.0,2004,2023E,82.6,2
921,1317.0,2121,2022G,70.5,3
922,1848.0,2155,2023G,67.1,3
923,1097.0,2013,2024G,70.1,2
924,1828.0,2009,2024G,82.7,2
925,2413.0,2180,2023G,91.2,2
926,1995.0,2020,2023G,76.3,2
927,1292.0,2120,2021E,78.6,2
928,1049.0,2020,2021G,70.7,2
929,2196.0,2008,2024E,69.1,2
930,1584.0,2058,2023G,71.4,3
931,2091.0,2002,2023G,74.6,2
932,1094.0,2049,2021G,74.0,3
933,2140.0,2082,2023G,85.3,3
934,2423.0,2180,2023G,67.7,2
935,2266.0,2002,2023G,91.6,2
936,1395.0,2011,2023E,66.2,2
937,2261.0,2128,2024E,63.5,2
938,1588.0,2059,2023G,69.9,3
939,1122.0,2011,2023E,75.7,2
940,2346.0,2149,2023E,75.6,3
941,1097.0,2051,2021G,70.6,3
942,1551.0,2057,2023G,78.4,3
943,2781.0,2118,2024E,68.9,3
944,1830.0,2001,2022G,77.9,2
945,2421.0,2003,2023E,79.4,2
946,1774.0,2133,2024E,79.3,3
947,2325.0,2151,2023E,74.3,3
948,1945.0,2026,2024G,77.6,3
949,1049.0,2015,2024E,74.2,6
950,1328.0,2171,2024G,67.6,3
951,1009.0,2034,2023G,70.0,3
952,2426.0,2017,2024G,81.5,3
953,1097.0,2075,2024G,67.4,3
954,2855.0,2149,2024E,74.3,3
955,1013.0,2004,2021E,100.0,2
956,1588.0,2050,2022G,73.2,3
957,1335.0,2157,2022E,75.2,3
958,2598.0,2053,2024E,66.6,3
959,1528.0,2003,2022E,72.2,2
960,2070.0,2057,2024G,84.0,3
961,1395.0,2187,2022G,68.7,3
962,1603.0,2057,2023G,93.0,3
963,1307.0,2128,2022E,84.0,2
964,2037.0,2052,2023G,68.7,2
965,1872.0,2011,2024E,87.3,2
966,2027.0,2053,2023E,90.9,3
967,1691.0,2098,2024G,73.2,3
968,1252.0,2117,2021E,72.1,3
969,1555.0,2061,2023E,85.3,3
970,1069.0,2047,2024E,82.5,3
971,1274.0,2116,2021G,73.9,2
972,1095.0,2008,2022E,75.6,2
973,1835.0,2157,2023E,67.0,3
974,1043.0,2003,2021E,80.6,2
975,1709.0,2103,2024E,71.3,3
976,1019.0,2035,2023G,83.2,3
977,1329.0,2155,2022G,78.9,3
978,1394.0,2010,2023G,79.9,2
979,1149.0,2069,2023E,97.8,3
980,1204.0,2089,2022G,74.8,3
981,2139.0,2001,2023G,73.0,2
982,1592.0,2052,2022G,77.2,2
983,2368.0,2179,2023G,83.1,3
984,2041.0,2001,2023G,87.7,2
985,2387.0,2187,2024G,77.5,3
986,1699.0,2101,2024E,88.2,3
987,2104.0,2006,2024G,85.9,2
988,1679.0,2004,2022E,94.1,2
989,2078.0,2006,2024G,66.7,2
990,2213.0,2118,2023E,83.9,3
991,2409.0,2184,2023E,75.6,2
992,1064.0,2044,2024G,56.4,2
993,1677.0,2084,2022G,89.7,2
994,1763.0,2118,2022E,72.6,3
995,1402.0,2008,2022E,93.2,2
996,1938.0,2020,2023G,74.2,2
997,1150.0,2012,2023E,85.5,2
998,1693.0,2094,2023E,85.1,3
999,2052.0,2008,2024E,79.1,2
1000,1589.0,2053,2022E,72.4,3
1001,1045.0,2022,2021E,100.0,3
1002,1138.0,2002,2021G,73.3,2
1003,1227.0,2081,2021G,75.5,3
1004,1204.0,2009,2023G,68.9,2
1005,1034.0,2022,2021E,90.7,3
1006,1632.0,2088,2022E,82.7,2
1007,1014.0,2039,2023E,88.2,3
1008,2224.0,2002,2023G,81.8,2
1009,1367.0,2011,2023E,80.9,2
1010,1874.0,2003,2022E,92.9,2
1011,2292.0,2160,2024E,66.1,2
1012,1474.0,2033,2024G,69.9,3
1013,2697.0,2082,2024G,58.8,3
1014,1975.0,2027,2024G,87.8,3
1015,1041.0,2037,2023E,82.3,3
1016,2804.0,2151,2024E,79.3,3
1017,2821.0,2002,2024G,78.4,2
1018,2328.0,2001,2023G,64.8,2
1019,1366.0,2164,2023G,83.4,2
1020,1687.0,2097,2024G,63.1,3
1021,1140.0,2075,2024G,65.9,3
1022,1031.0,2009,2023G,86.1,2
1023,1286.0,2132,2023G,69.7,2
1024,1423.0,2199,2023E,91.7,3
1025,1570.0,2052,2022G,74.0,2
1026,1400.0,2007,2022E,71.8,2
1027,1975.0,2019,2023G,88.8,3
1028,1874.0,2186,2023G,83.0,3
1029,2279.0,2120,2023E,100.0,2
1030,1525.0,2011,2024E,99.9,2
1031,2681.0,2003,2024E,74.5,2
1032,1719.0,2114,2022G,70.0,3
1033,1369.0,2014,2024G,68.6,2
1034,1763.0,2113,2022G,74.6,3
1035,2487.0,2003,2024E,87.4,2
1036,2083.0,2003,2023E,85.8,2
1037,1780.0,2135,2024E,67.5,3
1038,1039.0,2020,2021G,66.6,2
1039,1039.0,2015,2024E,68.1,6
1040,2320.0,2151,2023E,70.2,3
1041,1177.0,2087,2021E,99.3,3
1042,1589.0,2070,2024E,64.3,3
1043,1576.0,2061,2023E,74.5,3
1044,2083.0,2051,2023G,72.0,3
1045,2407.0,2004,2023E,63.6,2
1046,2008.0,2024,2023E,79.8,2
1047,2940.0,2181,2024E,67.9,3
1048,1461.0,2028,2023G,82.0,2
1049,1043.0,2007,2022E,76.6,2
1050,1568.0,2070,2024E,58.2,3
1051,1803.0,2166,2024E,77.6,3
1052,2250.0,2122,2024G,78.2,3
1053,1890.0,2196,2024G,67.8,2
1054,1238.0,2081,2021G,62.3,3
1055,1491.0,2005,2023G,61.6,2
1056,1204.0,2094,2022E,80.1,3
1057,1349.0,2162,2023G,70.8,3
1058,1762.0,2001,2022G,80.4,2
1059,1025.0,2015,2024E,94.5,6
1060,1610.0,2059,2023G,72.0,3
1061,1176.0,2081,2021G,84.6,3
1062,1587.0,2001,2022G,78.0,2
1063,1777.0,2120,2022E,73.1,2
1064,1164.0,2064,2022E,76.9,2
1065,1064.0,2024,2021E,77.4,2
1066,1423.0,2012,2023E,87.4,2
1067,1786.0,2115,2022G,85.7,3
1068,1250.0,2111,2024E,68.9,3
1069,2110.0,2054,2023E,74.8,3
1070,2214.0,2128,2024E,62.5,2
1071,1359.0,2175,2024E,79.0,3
1072,1181.0,2084,2021G,80.3,2
1073,2266.0,2006,2024G,83.1,2
1074,1674.0,2098,2024G,83.7,3
1075,1064.0,2006,2022G,75.1,2
1076,1674.0,2100,2024G,82.0,2
1077,2335.0,2152,2023E,80.5,2
1078,1355.0,2148,2021G,75.8,2
1079,1265.0,2015,2024E,93.6,6
1080,1945.0,2029,2024E,73.4,3
1081,1140.0,2010,2023G,74.7,2
1082,1665.0,2101,2024E,71.6,3
1083,2297.0,2154,2024G,73.8,3
1084,1551.0,2069,2024E,62.8,3
1085,1436.0,2011,2023E,85.0,2
1086,1262.0,2123,2022G,72.5,3
1087,2106.0,2053,2023E,79.1,3
1088,1764.0,2129,2024G,60.9,3
1089,2208.0,2127,2024E,80.8,3
1090,2352.0,2182,2023E,69.1,3
1091,1381.0,2004,2021E,92.6,2
1092,1176.0,2096,2022E,81.7,2
1093,1803.0,2158,2023E,70.3,3
1094,2267.0,2128,2024E,86.7,2
1095,1675.0,2099,2024G,76.0,3
1096,1598.0,2058,2023G,96.1,3
1097,1800.0,2152,2022E,84.1,2
1098,1350.0,2156,2022G,86.4,2
1099,2191.0,2094,2024E,77.1,3
1100,2329.0,2153,2024G,83.5,3
1101,1374.0,2167,2023E,71.2,3
1102,1284.0,2144,2024E,75.5,2
1103,2387.0,2185,2024G,69.5,3
1104,2110.0,2007,2024E,98.6,2
1105,1238.0,2105,2024G,52.8,3
1106,1360.0,2003,2021E,69.1,2
1107,1728.0,2004,2022E,87.2,2
1108,2209.0,2003,2023E,94.8,2
1109,2821.0,2150,2024E,73.7,3
1110,1295.0,2129,2023G,84.5,3
1111,1593.0,2002,2022G,72.7,2
1112,1094.0,2064,2022E,67.6,2
1113,1673.0,2090,2023G,80.7,3
1114,2340.0,2157,2024E,90.5,3
1115,1394.0,2016,2024E,98.8,2
1116,1978.0,2030,2024E,62.4,3
1117,1709.0,2001,2022G,70.9,2
1118,1093.0,2060,2022G,79.9,2
1119,1329.0,2006,2022G,80.0,2
1120,1411.0,2187,2022G,75.5,3
1121,2579.0,2055,2024E,78.7,3
1122,1544.0,2071,2024E,69.7,3
1123,1227.0,2010,2023G,75.3,2
1124,1632.0,2084,2022G,71.0,2
1125,1790.0,2149,2022E,77.6,3
1126,1235.0,2101,2023E,80.5,3
1127,2616.0,2051,2024G,60.2,3
1128,2501.0,2018,2024G,71.6,3
1129,2382.0,2184,2023E,73.7,2
1130,2139.0,2007,2024E,80.3,2
1131,1703.0,2085,2022E,77.5,3
1132,1208.0,2016,2024E,94.0,2
1133,2608.0,2049,2024G,74.3,3
1134,1324.0,2003,2021E,79.4,2
1135,1364.0,2008,2022E,85.4,2
1136,2140.0,2087,2023E,80.3,3
1137,1235.0,2090,2022G,78.7,3
1138,2407.0,2180,2023G,71.8,2
1139,1131.0,2057,2022G,91.8,3
1140,1274.0,2123,2022G,81.5,3
1141,1292.0,2014,2024G,100.0,2
1142,1043.0,2032,2022E,81.7,2
1143,1395.0,2195,2023G,68.7,3
1144,1085.0,2022,2021E,82.8,3
1145,1603.0,2009,2024G,87.7,2
1146,2565.0,2003,2024E,71.7,2
1147,1805.0,2002,2022G,81.5,2
1148,1623.0,2001,2022G,76.5,2
1149,2200.0,2094,2024E,68.6,3
1150,1245.0,2084,2021G,74.0,2
1151,2037.0,2001,2023G,81.4,2
1152,1426.0,2004,2021E,90.4,2
1153,1426.0,2192,2022E,80.5,2
1154,1381.0,2011,2023E,88.0,2
1155,2027.0,2063,2024E,91.6,3
1156,1122.0,2063,2022E,77.4,3
1157,1023.0,2001,2021G,78.3,2
1158,2352.0,2005,2024G,84.0,2
1159,1995.0,2031,2024E,71.7,3
1160,1938.0,2001,2023G,76.8,2
1161,1586.0,2054,2022E,84.6,3
1162,1355.0,2151,2021E,71.6,3
1163,1466.0,2009,2024G,97.7,2
1164,1177.0,2082,2021G,82.3,3
1165,1616.0,2007,2023E,82.3,2
1166,1265.0,2009,2023G,83.0,2
1167,1370.0,2010,2023G,78.8,2
1168,2580.0,2054,2024E,78.9,3
1169,2446.0,2021,2024E,70.0,3
1170,1015.0,2003,2021E,80.4,2
1171,2083.0,2056,2023E,67.9,2
1172,1015.0,2012,2023E,73.7,2
1173,2611.0,2051,2024G,83.4,3
1174,1668.0,2100,2024G,73.3,2
1175,1835.0,2010,2024G,65.1,2
1176,1245.0,2087,2021E,89.5,3
1177,1679.0,2081,2022G,85.2,3
1178,2107.0,2060,2024G,77.7,2
1179,2027.0,2004,2023E,88.6,2
1180,2809.0,2004,2024E,96.5,2
1181,1074.0,2027,2022G,73.7,3
1182,2423.0,2183,2023E,72.9,3
1183,2008.0,2017,2023G,81.8,3
1184,1592.0,2007,2023E,81.5,2
1185,1354.0,2173,2024E,89.9,3
1186,1709.0,2100,2024G,71.1,2
1187,1088.0,2078,2024E,65.3,3
1188,1631.0,2008,2023E,76.9,2
1189,1094.0,2055,2021E,65.6,3
1190,1478.0,2012,2024E,75.0,2
1191,1138.0,2006,2022G,91.3,2
1192,1355.0,2163,2023G,83.9,3
1193,1709.0,2012,2024E,66.4,2
1194,1821.0,2002,2022G,82.3,2
1195,1122.0,2005,2022G,81.1,2
1196,2027.0,2006,2024G,81.3,2
1197,2740.0,2004,2024E,86.6,2
1198,1156.0,2079,2024E,73.5,3
1199,1673.0,2104,2024E,85.1,2
1200,1811.0,2155,2023G,82.0,3
1201,2476.0,2024,2024E,72.6,2
1202,1541.0,2058,2023G,71.5,3
1203,2860.0,2149,2024E,74.1,3
1204,1466.0,2036,2024G,95.0,2
1205,1564.0,2060,2023G,83.4,2
1206,1149.0,2058,2022G,77.1,3
1207,1014.0,2030,2022E,78.8,3
1208,2370.0,2185,2024G,74.7,3
1209,1991.0,2017,2023G,78.1,3
1210,1656.0,2006,2023G,82.9,2
1211,1367.0,2170,2024G,69.4,3
1212,1816.0,2012,2024E,96.9,2
1213,2611.0,2049,2024G,75.6,3
1214,1176.0,2109,2024E,79.2,3
1215,2324.0,2158,2024E,82.1,3
1216,2088.0,2063,2024E,66.8,3
1217,2107.0,2057,2024G,71.2,3
1218,1423.0,2015,2024E,88.1,6
1219,2410.0,2186,2024G,70.8,3
1220,1509.0,2008,2023E,78.6,2
1221,1329.0,2151,2021E,74.9,3
1222,1886.0,2183,2022E,78.7,3
1223,2175.0,2086,2023E,66.8,3
1224,1509.0,2032,2023E,83.5,2
1225,1019.0,2023,2021E,91.1,3
1226,2838.0,2145,2024G,61.7,3
1227,2155.0,2006,2024G,80.4,2
1228,2066.0,2001,2023G,84.4,2
1229,2322.0,2003,2023E,87.1,2
1230,1059.0,2014,2024G,73.7,2
1231,2222.0,2115,2023G,71.6,3
1232,1677.0,2008,2023E,77.9,2
1233,1388.0,2187,2022G,97.3,3
1234,1380.0,2005,2022G,83.5,2
1235,2322.0,2156,2024G,69.7,2
1236,2703.0,2082,2024G,87.5,3
1237,2483.0,2022,2024E,69.0,3
1238,1961.0,2005,2024G,82.0,2
1239,2083.0,2052,2023G,68.2,2
1240,1317.0,2138,2024G,62.0,3
1241,2083.0,2001,2023G,76.2,2
1242,2749.0,2116,2024G,60.0,2
1243,2410.0,2182,2023E,78.0,3
1244,1181.0,2112,2024E,79.7,2
1245,1456.0,2001,2022G,94.1,2
1246,1247.0,2095,2022E,77.9,3
1247,2489.0,2004,2024E,78.9,2
1248,1509.0,2029,2023E,76.1,3
1249,1087.0,2011,2023E,84.8,2
1250,1872.0,2005,2023G,76.2,2
1251,2175.0,2002,2023G,74.0,2
1252,1085.0,2044,2024G,70.1,2
1253,2244.0,2119,2023E,85.3,3
1254,1938.0,2028,2024G,79.3,2
1255,1369.0,2156,2022G,55.3,2
1256,1937.0,2005,2024G,90.6,2
1257,1890.0,2199,2024E,70.9,3
1258,2624.0,2081,2024G,66.1,3
1259,1708.0,2004,2022E,84.6,2
1260,1540.0,2028,2023G,93.0,2
1261,1700.0,2096,2023E,78.7,2
1262,1717.0,2127,2023E,75.9,3
1263,2348.0,2146,2023G,70.6,3
1264,2322.0,2008,2024E,93.2,2
1265,2290.0,2152,2023E,82.5,2
1266,2310.0,2145,2023G,68.8,3
1267,1637.0,2088,2022E,65.3,2
1268,2324.0,2160,2024E,75.1,2
1269,2125.0,2082,2023G,70.7,3
1270,1564.0,2055,2022E,80.2,3
1271,1250.0,2110,2024E,66.1,3
1272,1576.0,2068,2024G,75.1,2
1273,1293.0,2013,2024G,65.8,2
1274,2178.0,2093,2024E,96.8,3
1275,2348.0,2005,2024G,91.3,2
1276,1631.0,2001,2022G,71.3,2
1277,1772.0,2113,2022G,90.0,3
1278,1341.0,2006,2022G,88.7,2
1279,2826.0,2150,2024E,80.7,3
1280,1164.0,2070,2023E,70.4,3
1281,1897.0,2010,2024G,63.5,2
1282,2052.0,2054,2023E,82.2,3
1283,2244.0,2123,2024G,83.6,3
1284,2139.0,2006,2024G,79.4,2
1285,1588.0,2053,2022E,57.9,3
1286,1713.0,2083,2022G,62.9,3
1287,2175.0,2082,2023G,74.7,3
1288,1478.0,2037,2024E,82.1,3
1289,1940.0,2003,2023E,73.2,2
1290,2623.0,2083,2024G,89.9,3
1291,1466.0,2012,2024E,81.5,2
1292,2130.0,2008,2024E,77.1,2
1293,1043.0,2010,2023G,71.8,2
1294,1027.0,2031,2022E,72.9,3
1295,1149.0,2051,2021G,74.4,3
1296,2133.0,2093,2024E,87.6,3
1297,1764.0,2006,2023G,73.4,2
1298,1041.0,2006,2022G,78.3,2
1299,1901.0,2178,2022G,83.9,3
1300,2267.0,2123,2024G,82.0,3
1301,2706.0,2001,2024G,79.4,2
1302,1293.0,2123,2022G,78.8,3
1303,1177.0,2100,2023G,95.0,2
1304,1265.0,2144,2024E,65.7,2
1305,1588.0,2068,2024G,72.3,2
1306,2477.0,2022,2024E,81.3,3
1307,2248.0,2001,2023G,100.0,2
1308,1027.0,2033,2023G,66.1,3
1309,1397.0,2207,2024E,73.6,3
1310,1685.0,2008,2023E,72.9,2
1311,2073.0,2006,2024G,77.7,2
1312,1959.0,2027,2024G,82.0,3
1313,1886.0,2006,2023G,72.5,2
1314,2109.0,2054,2023E,64.5,3
1315,1811.0,2151,2022E,66.8,3
1316,1525.0,2034,2024G,81.9,3
1317,1224.0,2013,2024G,71.5,2
1318,1693.0,2010,2024G,93.7,2
1319,1245.0,2108,2024G,66.9,2
1320,1247.0,2089,2022G,84.6,3
1321,1250.0,2004,2021E,72.2,2
1322,1975.0,2004,2023E,93.1,2
1323,2244.0,2117,2023E,78.8,3
1324,2209.0,2116,2023G,80.1,2
1325,2191.0,2084,2023G,74.1,2
1326,1094.0,2059,2022G,74.6,3
1327,2109.0,2051,2023G,70.7,3
1328,1274.0,2122,2022G,89.9,3
1329,1526.0,2027,2023G,74.1,3
1330,1676.0,2001,2022G,87.0,2
1331,1703.0,2095,2023E,73.5,3
1332,2015.0,2004,2023E,96.8,2
1333,2858.0,2152,2024E,72.8,2
1334,1978.0,2001,2023G,68.9,2
1335,1814.0,2011,2024E,74.5,2
1336,1557.0,2006,2023G,88.5,2
1337,2781.0,2115,2024G,69.7,3
1338,1395.0,2207,2024E,60.6,3
1339,1149.0,2073,2024G,76.8,3
1340,2231.0,2118,2023E,62.3,3
1341,1025.0,2022,2021E,77.9,3
1342,2139.0,2095,2024E,66.5,3
1343,2140.0,2089,2024G,81.7,3
1344,2196.0,2092,2024G,83.8,2
1345,2130.0,2005,2024G,77.6,2
1346,2310.0,2146,2023G,83.2,3
1347,1227.0,2002,2021G,86.8,2
1348,1474.0,2021,2022E,78.7,3
1349,1719.0,2128,2023E,84.4,2
1350,1041.0,2048,2024E,86.7,2
1351,2208.0,2122,2024G,80.2,3
1352,2043.0,2064,2024E,61.1,2
1353,2467.0,2003,2024E,99.7,2
1354,1232.0,2112,2024E,74.3,2
1355,1884.0,2191,2023E,82.2,3
1356,2088.0,2055,2023E,76.8,3
1357,2367.0,2006,2024G,83.0,2
1358,2266.0,2120,2023E,80.3,2
1359,1687.0,2098,2024G,64.8,3
1360,2107.0,2062,2024E,89.7,3
1361,2212.0,2005,2024G,77.5,2
1362,2239.0,2123,2024G,70.0,3
1363,1673.0,2009,2024G,82.7,2
1364,2139.0,2082,2023G,82.6,3
1365,2346.0,2006,2024G,86.7,2
1366,2107.0,2053,2023E,88.6,3
1367,1208.0,2110,2024E,78.8,3
1368,2337.0,2001,2023G,71.9,2
1369,1149.0,2004,2021E,83.4,2
1370,2047.0,2008,2024E,87.9,2
1371,2130.0,2007,2024E,62.0,2
1372,2690.0,2003,2024E,65.7,2
1373,1181.0,2091,2022G,81.8,3
1374,1799.0,2009,2024G,78.2,2
1375,1043.0,2026,2022G,68.0,3
1376,1781.0,2011,2024E,77.4,2
1377,1633.0,2091,2023G,71.6,3
1378,2943.0,2182,2024E,77.5,3
1379,1942.0,2018,2023G,77.1,3
1380,2175.0,2091,2024G,76.6,3
1381,1335.0,2014,2024G,77.3,2
1382,1544.0,2003,2022E,94.4,2
1383,1778.0,2012,2024E,79.5,2
1384,1335.0,2009,2023G,91.3,2
1385,1307.0,2011,2023E,85.9,2
1386,2066.0,2059,2024G,89.4,3
1387,1014.0,2031,2022E,83.9,3
1388,1632.0,2095,2023E,68.8,3
1389,1589.0,2009,2024G,62.9,2
1390,1074.0,2031,2022E,73.7,3
1391,1366.0,2002,2021G,84.3,2
1392,1598.0,2056,2022E,93.0,2
1393,1227.0,2097,2023G,75.2,3
1394,2299.0,2156,2024G,72.6,2
1395,2328.0,2008,2024E,57.5,2
1396,2426.0,2021,2024E,74.6,3
1397,1388.0,2194,2023G,99.0,3
1398,2059.0,2062,2024E,64.3,3
1399,1064.0,2011,2023E,83.3,2
1400,2189.0,2003,2023E,85.4,2
1401,1402.0,2205,2024E,84.3,3
1402,2274.0,2007,2024E,84.7,2
1403,2078.0,2049,2023G,71.7,3
1404,2402.0,2001,2023G,87.1,2
1405,2427.0,2019,2024G,81.3,3
1406,1210.0,2014,2024G,81.2,2
1407,1149.0,2063,2022E,77.1,3
1408,2467.0,2017,2024G,74.0,3
1409,1095.0,2014,2024G,71.9,2
1410,2855.0,2148,2024G,71.0,2
1411,1705.0,2095,2023E,69.7,3
1412,1436.0,2184,2021E,81.2,2
1413,2110.0,2061,2024E,74.4,3
1414,1085.0,2043,2024G,77.4,3
1415,2816.0,2002,2024G,76.0,2
1416,1790.0,2162,2024G,75.5,3
1417,1411.0,2200,2023E,75.4,2
1418,1039.0,2012,2023E,65.8,2
1419,2530.0,2049,2024G,62.9,3
1420,2210.0,2125,2024E,89.1,3
1421,1227.0,2003,2021E,90.5,2
1422,1676.0,2005,2023G,76.8,2
1423,1588.0,2055,2022E,65.0,3
1424,1131.0,2008,2022E,79.7,2
1425,1059.0,2002,2021G,85.1,2
1426,1803.0,2010,2024G,62.7,2
1427,1616.0,2002,2022G,78.0,2
1428,1466.0,2011,2024E,98.0,2
1429,1805.0,2158,2023E,63.2,3
1430,1150.0,2060,2022G,75.3,2
1431,1705.0,2102,2024E,68.1,3
1432,1690.0,2004,2022E,92.7,2
1433,1707.0,2091,2023G,80.8,3
1434,1699.0,2086,2022E,70.1,3
1435,1563.0,2049,2022G,69.6,3
1436,1997.0,2032,2024E,67.6,2
1437,1043.0,2043,2024G,64.7,3
1438,2213.0,2002,2023G,77.3,2
1439,1204.0,2088,2021E,63.9,2
1440,1466.0,2008,2023E,90.0,2
1441,1210.0,2002,2021G,59.8,2
1442,1778.0,2001,2022G,70.4,2
1443,1085.0,2008,2022E,84.4,2
1444,2577.0,2001,2024G,75.8,2
1445,1402.0,2193,2023G,91.1,3
1446,2768.0,2117,2024E,81.1,3
1447,1176.0,2006,2022G,89.3,2
1448,2421.0,2188,2024G,69.4,2
1449,2311.0,2157,2024E,72.4,3
1450,2407.0,2002,2023G,54.0,2
1451,1069.0,2022,2021E,80.2,3
1452,2078.0,2060,2024G,71.2,2
1453,1700.0,2082,2022G,89.4,3
1454,2175.0,2094,2024E,70.1,3
1455,1015.0,2029,2022E,78.2,3
1456,1718.0,2122,2023G,66.9,3
1457,1041.0,2047,2024E,73.3,3
1458,1227.0,2095,2022E,73.5,3
1459,1150.0,2016,2024E,76.2,2
1460,1210.0,2103,2023E,61.5,3
1461,1835.0,2005,2023G,73.6,2
1462,2328.0,2007,2024E,69.8,2
1463,1317.0,2015,2024E,69.7,6
1464,1009.0,2017,2021G,75.5,3
1465,1616.0,2052,2022G,75.7,2
1466,1491.0,2026,2023G,44.5,3
1467,1507.0,2024,2022E,71.5,2
1468,2208.0,2123,2024G,83.9,3
1469,1978.0,2023,2023E,86.8,3
1470,2402.0,2183,2023E,85.7,3
1471,1674.0,2101,2024E,82.9,3
1472,1544.0,2069,2024E,78.1,3
1473,1013.0,2020,2021G,80.3,2
1474,1774.0,2006,2023G,71.7,2
1475,1088.0,2055,2021E,79.8,3
1476,2320.0,2148,2023G,67.8,2
1477,1474.0,2005,2023G,91.6,2
1478,1160.0,2051,2021G,77.3,3
1479,2292.0,2159,2024E,59.2,3
1480,1674.0,2104,2024E,94.8,2
1481,2916.0,2001,2024G,73.7,2
1482,1557.0,2072,2024E,73.5,2
1483,2132.0,2002,2023G,67.2,2
1484,1224.0,2085,2021E,77.1,3
1485,2471.0,2018,2024G,71.7,3
1486,2913.0,2179,2024G,76.2,3
1487,1656.0,2001,2022G,94.3,2
1488,2524.0,2024,2024E,98.3,2
1489,1474.0,2008,2023E,79.6,2
1490,2749.0,2002,2024G,69.9,2
1491,1402.0,2007,2022E,97.0,2
1492,1901.0,2195,2024G,68.3,3
1493,2148.0,2005,2024G,75.7,2
1494,1270.0,2139,2024G,77.5,3
1495,1360.0,2147,2021G,83.9,3
1496,2088.0,2060,2024G,78.4,2
1497,1805.0,2009,2024G,62.6,2
1498,1295.0,2001,2021G,84.4,2
1499,1423.0,2188,2022G,88.7,2
1500,1675.0,2082,2022G,79.9,3
1501,1466.0,2029,2023E,75.1,3
1502,1402.0,2192,2022E,95.6,2
1503,1204.0,2013,2024G,76.2,2
1504,1041.0,2038,2023E,77.5,3
1505,2537.0,2050,2024G,75.1,3
1506,2855.0,2152,2024E,65.6,2
1507,2081.0,2060,2024G,80.5,2
1508,1156.0,2014,2024G,71.3,2
1509,1271.0,2115,2021G,57.6,3
1510,1388.0,2202,2024G,85.2,3
1511,2537.0,2053,2024E,68.5,3
1512,1834.0,2163,2024G,88.7,3
1513,1149.0,2016,2024E,88.2,2
1514,2050.0,2051,2023G,89.9,3
1515,1013.0,2027,2022G,79.7,3
1516,1491.0,2003,2022E,59.6,2
1517,1461.0,2002,2022G,74.4,2
1518,2735.0,2116,2024G,87.8,2
1519,1423.0,2013,2024G,92.5,2
1520,1349.0,2146,2021G,69.3,3
1521,2897.0,2183,2024E,71.2,3
1522,1901.0,2012,2024E,75.1,2
1523,1821.0,2146,2022G,78.5,3
1524,1061.0,2012,2023E,98.8,2
1525,2279.0,2125,2024E,84.4,3
1526,2276.0,2114,2023G,75.7,3
1527,1341.0,2008,2022E,75.7,2
1528,2632.0,2004,2024E,86.6,2
1529,2923.0,2003,2024E,69.0,2
1530,1324.0,2168,2023E,75.5,2
1531,1247.0,2081,2021G,82.2,3
1532,1588.0,2012,2024E,79.2,2
1533,2077.0,2005,2024G,100.0,2
1534,2038.0,2054,2023E,85.7,3
1535,1633.0,2085,2022E,74.0,3
1536,1293.0,2125,2022E,77.8,3
1537,1020.0,2040,2023E,74.3,2
1538,2703.0,2084,2024G,88.2,2
1539,1015.0,2031,2022E,79.0,3
1540,1329.0,2173,2024E,76.9,3
1541,1380.0,2157,2022E,81.3,3
1542,1695.0,2099,2024G,78.4,3
1543,1031.0,2040,2023E,72.0,2
1544,1586.0,2063,2023E,68.9,3
1545,2267.0,2003,2023E,83.7,2
1546,2843.0,2151,2024E,70.6,3
1547,1041.0,2015,2024E,81.7,6
1548,1705.0,2005,2023G,73.3,2
1549,1997.0,2002,2023G,62.9,2
1550,1713.0,2002,2022G,72.1,2
1551,1975.0,2018,2023G,76.6,3
1552,2672.0,2003,2024E,72.9,2
1553,1795.0,2011,2024E,83.5,2
1554,2693.0,2088,2024E,64.0,2
1555,1461.0,2037,2024E,78.0,3
1556,2328.0,2005,2024G,73.9,2
1557,2295.0,2152,2023E,76.1,2
1558,1478.0,2023,2022E,73.6,3
1559,2389.0,2188,2024G,70.2,2
1560,2292.0,2154,2024G,76.0,3
1561,1204.0,2005,2022G,75.2,2
1562,2410.0,2179,2023G,77.1,3
1563,2243.0,2116,2023G,85.6,2
1564,2209.0,2113,2023G,86.8,3
1565,1922.0,2012,2024E,68.3,2
1566,2400.0,2186,2024G,94.3,3
1567,2043.0,2051,2023G,76.3,3
1568,1350.0,2157,2022E,81.7,3
1569,1676.0,2009,2024G,80.4,2
1570,1922.0,2008,2023E,80.4,2
1571,1718.0,2132,2024G,65.2,2
1572,1828.0,2145,2022G,74.5,3
1573,1043.0,2047,2024E,76.8,3
1574,2279.0,2002,2023G,93.6,2
1575,1317.0,2120,2021E,75.2,2
1576,1009.0,2004,2021E,73.3,2
1577,1441.0,2200,2023E,69.9,2
1578,1341.0,2002,2021G,70.1,2
1579,1526.0,2025,2023G,76.5,3
1580,1699.0,2099,2024G,74.0,3
1581,1597.0,2071,2024E,83.7,3
1582,1778.0,2117,2022E,77.3,3
1583,2398.0,2180,2023G,75.0,2
1584,1069.0,2038,2023E,68.8,3
1585,1293.0,2007,2022E,75.8,2
1586,1699.0,2085,2022E,75.0,3
1587,1703.0,2001,2022G,69.4,2
1588,1138.0,2009,2023G,80.7,2
1589,1901.0,2184,2022E,80.7,2
1590,1763.0,2126,2023E,79.9,3
1591,2133.0,2090,2024G,97.4,3
1592,2109.0,2062,2024E,82.0,3
1593,1156.0,2068,2023G,59.6,2
1594,1665.0,2093,2023E,61.4,3
1595,1031.0,2027,2022G,89.6,3
1596,1023.0,2011,2023E,79.1,2
1597,2467.0,2022,2024E,91.4,3
1598,1462.0,2003,2022E,68.4,2
1599,1252.0,2119,2021E,70.2,3
1600,1177.0,2006,2022G,87.2,2
1601,2208.0,2003,2023E,79.0,2
1602,1394.0,2196,2023G,68.4,2
1603,1848.0,2163,2024G,73.5,3
1604,1821.0,2011,2024E,88.2,2
1605,1570.0,2002,2022G,81.2,2
1606,2734.0,2120,2024E,74.8,2
1607,1719.0,2113,2022G,80.8,3
1608,1586.0,2002,2022G,70.6,2
1609,1633.0,2011,2024E,81.6,2
1610,1473.0,2001,2022G,92.1,2
1611,2457.0,2002,2024G,85.9,2
1612,2248.0,2118,2023E,74.0,3
1613,2070.0,2064,2024E,66.5,2
1614,1746.0,2005,2023G,75.1,2
1615,1728.0,2131,2024G,88.1,3
1616,2279.0,2008,2024E,83.1,2
1617,2037.0,2007,2024E,100.0,2
1618,1679.0,2010,2024G,88.9,2
1619,1064.0,2027,2022G,90.4,3
1620,2065.0,2049,2023G,83.1,3
1621,1563.0,2056,2022E,86.5,2
1622,2117.0,2004,2023E,76.5,2
1623,1805.0,2005,2023G,78.6,2
1624,1456.0,2036,2024G,100.0,2
1625,1049.0,2018,2021G,81.4,3
1626,2389.0,2190,2024E,76.1,3
1627,2248.0,2002,2023G,78.7,2
1628,2213.0,2113,2023G,83.5,3
1629,2083.0,2053,2023E,85.3,3
1630,2389.0,2178,2023G,68.3,3
1631,1991.0,2029,2024E,81.2,3
1632,1293.0,2114,2021G,68.4,3
1633,2490.0,2022,2024E,94.8,3
1634,1821.0,2147,2022G,70.1,3
1635,1890.0,2002,2022G,91.5,2
1636,1049.0,2034,2023G,73.6,3
1637,1481.0,2039,2024E,82.1,3
1638,1922.0,2180,2022G,77.6,2
1639,2292.0,2156,2024G,61.3,2
1640,1174.0,2002,2021G,98.9,2
1641,1423.0,2205,2024E,73.5,3
1642,2311.0,2004,2023E,80.9,2
1643,1823.0,2165,2024E,53.7,3
1644,2579.0,2051,2024G,70.5,3
1645,1394.0,2014,2024G,79.6,2
1646,1074.0,2047,2024E,68.9,3
1647,1252.0,2136,2023E,78.1,2
1648,1177.0,2105,2024G,80.0,3
1649,1687.0,2104,2024E,70.8,2
1650,2611.0,2004,2024E,73.8,2
1651,2103.0,2059,2024G,70.2,3
1652,1366.0,2170,2024G,74.4,3
1653,1364.0,2015,2024E,65.6,6
1654,2083.0,2007,2024E,86.2,2
1655,2927.0,2001,2024G,80.4,2
1656,1473.0,2012,2024E,95.6,2
1657,1719.0,2125,2023E,86.6,3
1658,1247.0,2002,2021G,78.0,2
1659,1052.0,2035,2023G,84.1,3
1660,1262.0,2131,2023G,68.3,3
1661,1174.0,2110,2024E,88.1,3
1662,1564.0,2049,2022G,80.1,3
1663,2858.0,2145,2024G,87.9,3
1664,1942.0,2031,2024E,57.8,3
1665,1335.0,2011,2023E,71.4,2
1666,2339.0,2157,2024E,66.0,3
1667,1043.0,2035,2023G,85.6,3
1668,1252.0,2004,2021E,68.1,2
1669,1388.0,2203,2024G,84.9,3
1670,1774.0,2005,2023G,86.7,2
1671,1049.0,2032,2022E,62.8,2
1672,1397.0,2197,2023E,77.3,3
1673,2178.0,2094,2024E,81.3,3
1674,2509.0,2017,2024G,75.9,3
1675,1374.0,2015,2024E,77.7,6
1676,1589.0,2054,2022E,69.2,3
1677,2348.0,2007,2024E,89.8,2
1678,1034.0,2013,2024G,80.7,2
1679,1695.0,2086,2022E,81.1,3
1680,1411.0,2207,2024E,67.1,3
1681,1436.0,2008,2022E,81.2,2
1682,2760.0,2004,2024E,83.9,2
1683,1884.0,2007,2023E,88.7,2
1684,2098.0,2001,2023G,56.3,2
1685,1897.0,2002,2022G,85.3,2
1686,2483.0,2021,2024E,80.8,3
1687,1890.0,2178,2022G,75.8,3
1688,1020.0,2034,2023G,86.0,3
1689,1807.0,2155,2023G,77.3,3
1690,1528.0,2010,2024G,76.3,2
1691,1341.0,2167,2023E,62.5,3
1692,2395.0,2003,2023E,71.6,2
1693,1014.0,2027,2022G,91.9,3
1694,1097.0,2070,2023E,64.3,3
1695,2070.0,2002,2023G,85.3,2
1696,2598.0,2002,2024G,60.1,2
1697,1271.0,2126,2022E,60.5,3
1698,1247.0,2087,2021E,73.2,3
1699,1665.0,2081,2022G,74.3,3
1700,2340.0,2007,2024E,78.8,2
1701,2490.0,2023,2024E,89.9,3
1702,1395.0,2196,2023G,76.8,2
1703,1293.0,2113,2021G,70.4,3
1704,1140.0,2068,2023G,73.1,2
1705,1975.0,2031,2024E,73.4,3
1706,2015.0,2025,2024G,92.0,3
1707,1586.0,2051,2022G,79.3,3
1708,1679.0,2099,2024G,68.7,3
1709,1879.0,2010,2024G,57.4,2
1710,1797.0,2008,2023E,91.2,2
1711,1400.0,2190,2022E,73.3,3
1712,2292.0,2004,2023E,72.6,2
1713,1478.0,2030,2023E,67.5,3
1714,1374.0,2009,2023G,79.5,2
1715,1367.0,2007,2022E,72.6,2
1716,1069.0,2023,2021E,81.1,3
1717,1204.0,2100,2023G,72.3,2
1718,1317.0,2122,2022G,71.0,3
1719,2423.0,2008,2024E,77.6,2
1720,1540.0,2030,2023E,90.4,3
1721,2091.0,2053,2023E,72.6,3
1722,1679.0,2086,2022E,90.4,3
1723,1022.0,2025,2022G,79.6,3
1724,1357.0,2168,2023E,77.7,2
1725,1568.0,2012,2024E,69.4,2
1726,2654.0,2082,2024G,93.3,3
1727,1834.0,2155,2023G,74.8,3
1728,1341.0,2165,2023E,64.1,3
1729,1922.0,2182,2022E,57.2,3
1730,2056.0,2052,2023G,80.8,2
1731,1884.0,2003,2022E,81.8,2
1732,1093.0,2011,2023E,94.3,2
1733,2239.0,2124,2024G,84.5,2
1734,2279.0,2122,2024G,84.3,3
1735,1709.0,2095,2023E,61.5,3
1736,1208.0,2099,2023G,73.6,3
1737,1774.0,2125,2023E,80.5,3
1738,2004.0,2004,2023E,65.1,2
1739,1584.0,2054,2022E,71.1,3
1740,2702.0,2087,2024E,75.6,3
1741,1088.0,2051,2021G,88.4,3
1742,1022.0,2036,2023G,70.7,2
1743,1238.0,2093,2022E,67.4,3
1744,1811.0,2005,2023G,69.0,2
1745,1245.0,2013,2024G,79.1,2
1746,1324.0,2170,2024G,72.7,3
1747,1354.0,2004,2021E,65.3,2
1748,2083.0,2002,2023G,83.3,2
1749,2650.0,2081,2024G,78.3,3
1750,1019.0,2021,2021E,81.6,3
1751,1290.0,2126,2022E,83.0,3
1752,1940.0,2031,2024E,76.1,3
1753,1150.0,2075,2024G,58.4,3
1754,1597.0,2060,2023G,67.5,2
1755,2728.0,2113,2024G,75.0,3
1756,1284.0,2127,2022E,80.1,3
1757,1366.0,2012,2023E,71.2,2
1758,1335.0,2153,2022G,70.6,3
1759,2589.0,2002,2024G,64.0,2
1760,1041.0,2011,2023E,88.8,2
1761,1961.0,2032,2024E,84.8,2
1762,2004.0,2026,2024G,72.4,3
1763,1876.0,2008,2023E,74.1,2
1764,1317.0,2136,2023E,71.7,2
1765,2580.0,2052,2024G,72.0,2
1766,2071.0,2007,2024E,67.1,2
1767,2012.0,2002,2023G,66.2,2
1768,1059.0,2035,2023G,79.6,3
1769,1633.0,2096,2023E,67.7,2
1770,2829.0,2146,2024G,85.0,3
1771,2103.0,2055,2023E,68.6,3
1772,2110.0,2058,2024G,91.6,3
1773,1560.0,2058,2023G,68.2,3
1774,1354.0,2005,2022G,82.2,2
1775,1052.0,2041,2024G,88.1,3
1776,1803.0,2006,2023G,89.5,2
1777,1525.0,2035,2024G,70.5,3
1778,1402.0,2200,2023E,87.9,2
1779,1781.0,2009,2024G,78.3,2
1780,1403.0,2197,2023E,74.7,3
1781,2427.0,2021,2024E,75.2,3
1782,1262.0,2007,2022E,93.2,2
1783,2243.0,2008,2024E,87.7,2
1784,1991.0,2003,2023E,88.8,2
1785,2059.0,2056,2023E,62.3,2
1786,1874.0,2196,2024G,80.8,2
1787,2130.0,2094,2024E,56.4,3
1788,1265.0,2126,2022E,69.6,3
1789,2382.0,2180,2023G,86.4,2
1790,1117.0,2003,2021E,65.4,2
1791,2231.0,2121,2024G,90.7,3
1792,1284.0,2126,2022E,72.6,3
1793,2295.0,2156,2024G,77.3,2
1794,1355.0,2176,2024E,81.0,2
1795,1777.0,2005,2023G,78.0,2
1796,2821.0,2147,2024G,64.5,3
1797,2140.0,2096,2024E,75.4,2
1798,2248.0,2121,2024G,65.3,3
1799,1586.0,2009,2024G,77.1,2
1800,1355.0,2150,2021E,78.3,3
1801,2071.0,2004,2023E,68.0,2
1802,2423.0,2192,2024E,68.3,2
1803,1762.0,2008,2023E,82.1,2
1804,1341.0,2168,2023E,70.3,2
1805,2370.0,2190,2024E,78.5,3
1806,1783.0,2010,2024G,92.5,2
1807,1013.0,2036,2023G,76.5,2
1808,1341.0,2148,2021G,77.7,2
1809,2637.0,2081,2024G,77.8,3
1810,1991.0,2031,2024E,72.6,3
1811,1762.0,2004,2022E,94.0,2
1812,2130.0,2085,2023E,58.3,3
1813,1403.0,2195,2023G,81.6,3
1814,1014.0,2012,2023E,95.5,2
1815,1816.0,2157,2023E,83.4,3
1816,1210.0,2089,2022G,60.5,3
1817,1043.0,2033,2023G,85.2,3
1818,1560.0,2008,2023E,83.2,2
1819,2132.0,2008,2024E,74.3,2
1820,1699.0,2093,2023E,83.6,3
1821,2553.0,2055,2024E,62.7,3
1822,2517.0,2021,2024E,71.0,3
1823,1693.0,2103,2024E,93.4,3
1824,2560.0,2050,2024G,76.2,3
1825,1728.0,2130,2024G,77.4,3
1826,2844.0,2152,2024E,86.3,2
1827,2504.0,2018,2024G,81.1,3
1828,1917.0,2001,2022G,72.8,2
1829,1997.0,2018,2023G,62.2,3
1830,1380.0,2003,2021E,76.5,2
1831,2497.0,2018,2024G,81.3,3
1832,2295.0,2003,2023E,97.0,2
1833,1661.0,2002,2022G,81.0,2
1834,1790.0,2155,2023G,70.5,3
1835,1085.0,2048,2024E,75.1,2
1836,2888.0,2180,2024G,69.0,2
1837,1695.0,2093,2023E,89.0,3
1838,2099.0,2050,2023G,57.6,3
1839,1034.0,2031,2022E,78.7,3
1840,2348.0,2003,2023E,85.4,2
1841,1805.0,2012,2024E,75.7,2
1842,2682.0,2004,2024E,72.9,2
1843,1286.0,2006,2022G,71.5,2
1844,1557.0,2012,2024E,92.2,2
1845,1357.0,2160,2022E,76.8,2
1846,2581.0,2049,2024G,79.7,3
1847,2088.0,2064,2024E,72.8,2
1848,1138.0,2061,2022E,81.7,3
1849,2421.0,2181,2023E,79.1,3
1850,2398.0,2185,2024G,61.0,3
1851,2130.0,2092,2024G,70.7,2
1852,1022.0,2040,2023E,76.3,2
1853,1324.0,2173,2024E,68.7,3
1854,2281.0,2146,2023G,78.6,3
1855,1247.0,2009,2023G,79.9,2
1856,2826.0,2004,2024E,75.6,2
1857,1027.0,2020,2021G,61.5,2
1858,1245.0,2090,2022G,86.9,3
1859,1764.0,2012,2024E,78.7,2
1860,2139.0,2084,2023G,81.6,2
1861,2008.0,2003,2023E,94.8,2
1862,2387.0,2007,2024E,71.3,2
1863,1632.0,2005,2023G,78.1,2
1864,2429.0,2023,2024E,86.6,3
1865,2654.0,2081,2024G,84.5,3
1866,2231.0,2125,2024E,76.3,3
1867,1637.0,2083,2022G,73.0,3
1868,2677.0,2003,2024E,77.9,2
1869,2191.0,2086,2023E,74.4,3
1870,1210.0,2010,2023G,70.1,2
1871,1481.0,2003,2022E,82.1,2
1872,1013.0,2006,2022G,82.6,2
1873,1027.0,2048,2024E,65.5,2
1874,2728.0,2116,2024G,83.6,2
1875,1292.0,2123,2022G,81.2,3
1876,1001.0,2009,2023G,91.4,2
1877,1088.0,2016,2024E,70.2,2
1878,1335.0,2158,2022E,74.6,3
1879,1224.0,2112,2024E,75.4,2
1880,1540.0,2019,2022G,89.3,3
1881,1593.0,2052,2022G,72.0,2
1882,1886.0,2010,2024G,88.5,2
1883,1019.0,2024,2021E,84.7,2
1884,1540.0,2020,2022G,83.0,2
1885,1074.0,2010,2023G,69.9,2
1886,1181.0,2099,2023G,82.3,3
1887,1271.0,2114,2021G,70.9,3
1888,2602.0,2051,2024G,65.2,3
1889,1354.0,2010,2023G,69.7,2
1890,1380.0,2173,2024E,91.2,3
1891,1014.0,2037,2023E,88.1,3
1892,1728.0,2003,2022E,75.2,2
1893,2389.0,2001,2023G,78.0,2
1894,1271.0,2010,2023G,75.9,2
1895,2117.0,2085,2023E,74.9,3
1896,1177.0,2014,2024G,87.5,2
1897,1064.0,2046,2024E,75.2,3
1898,2706.0,2087,2024E,75.0,3
1899,1009.0,2022,2021E,63.6,3
1900,1265.0,2013,2024G,83.5,2
1901,1674.0,2082,2022G,80.3,3
1902,1700.0,2092,2023G,74.6,2
1903,2043.0,2003,2023E,75.4,2
1904,1699.0,2096,2023E,71.1,2
1905,2337.0,2006,2024G,72.4,2
1906,1570.0,2053,2022E,72.9,3
1907,1286.0,2124,2022G,74.4,2
1908,2490.0,2004,2024E,91.1,2
1909,2266.0,2113,2023G,80.5,3
1910,1633.0,2084,2022G,69.6,2
1911,2231.0,2116,2023G,84.8,2
1912,1095.0,2010,2023G,77.0,2
1913,2175.0,2085,2023E,72.6,3
1914,2179.0,2084,2023G,87.6,2
1915,1779.0,2124,2023G,77.8,2
1916,1922.0,2003,2022E,81.2,2
1917,1713.0,2099,2024G,75.7,3
1918,1150.0,2058,2022G,67.0,3
1919,1661.0,2007,2023E,73.9,2
1920,1717.0,2122,2023G,71.2,3
1921,2693.0,2085,2024E,64.4,3
1922,1844.0,2150,2022E,67.4,3
1923,1677.0,2101,2024E,71.3,3
1924,1328.0,2165,2023E,66.4,3
1925,1094.0,2004,2021E,66.5,2
1926,1381.0,2166,2023E,82.9,3
1927,1674.0,2004,2022E,92.9,2
1928,2059.0,2060,2024G,63.4,2
1929,1642.0,2100,2024G,93.4,2
1930,2608.0,2002,2024G,71.7,2
1931,2816.0,2003,2024E,88.2,2
1932,1917.0,2006,2023G,80.3,2
1933,1360.0,2148,2021G,74.9,2
1934,1623.0,2012,2024E,92.1,2
1935,1802.0,2158,2023E,71.6,3
1936,1235.0,2089,2022G,54.3,3
1937,1632.0,2102,2024E,67.0,3
1938,2329.0,2158,2024E,73.8,3
1939,1329.0,2158,2022E,87.0,3
1940,1623.0,2071,2024E,70.6,3
1941,1632.0,2094,2023E,67.6,3
1942,1823.0,2005,2023G,68.0,2
1943,1631.0,2085,2022E,83.6,3
1944,1674.0,2099,2024G,76.4,3
1945,2389.0,2187,2024G,77.0,3
1946,2809.0,2001,2024G,77.7,2
1947,1708.0,2088,2022E,89.2,2
1948,1674.0,2010,2024G,94.6,2
1949,2092.0,2056,2023E,87.6,2
1950,1886.0,2195,2024G,84.2,3
1951,1354.0,2149,2021E,83.6,3
1952,2728.0,2119,2024E,73.3,3
1953,1816.0,2154,2023G,81.7,3
1954,1093.0,2066,2023G,78.1,3
1955,1774.0,2124,2023G,94.3,2
1956,2370.0,2008,2024E,72.2,2
1957,1274.0,2001,2021G,96.3,2
1958,1587.0,2008,2023E,80.1,2
1959,1335.0,2163,2023G,75.0,3
1960,2295.0,2158,2024E,80.4,3
1961,2212.0,2001,2023G,84.1,2
1962,2682.0,2081,2024G,70.5,3
1963,1349.0,2158,2022E,66.2,3
1964,2852.0,2148,2024G,71.9,2
1965,1467.0,2025,2023G,95.3,3
1966,1525.0,2002,2022G,72.8,2
1967,2728.0,2003,2024E,82.6,2
1968,1642.0,2094,2023E,80.9,3
1969,1997.0,2003,2023E,76.3,2
1970,1085.0,2036,2023G,71.6,2
1971,1703.0,2088,2022E,62.6,2
1972,1610.0,2007,2023E,79.2,2
1973,1777.0,2113,2022G,80.7,3
1974,1584.0,2063,2023E,61.4,3
1975,2830.0,2149,2024E,74.4,3
1976,2274.0,2117,2023E,77.1,3
1977,1293.0,2012,2023E,77.2,2
1978,1703.0,2010,2024G,74.8,2
1979,1586.0,2067,2024G,72.4,3
1980,1247.0,2090,2022G,77.4,3
1981,2210.0,2128,2024E,76.7,2
1982,2091.0,2060,2024G,61.5,2
1983,1772.0,2001,2022G,67.6,2
1984,1160.0,2075,2024G,54.2,3
1985,1355.0,2174,2024E,72.8,3
1986,1350.0,2013,2024G,92.1,2
1987,1560.0,2052,2022G,85.1,2
1988,1763.0,2117,2022E,69.3,3
1989,2565.0,2001,2024G,76.2,2
1990,1360.0,2014,2024G,81.8,2
1991,2616.0,2004,2024E,59.4,2
1992,1074.0,2046,2024E,63.1,3
1993,1774.0,2128,2023E,75.6,2
1994,1138.0,2013,2024G,95.2,2
1995,2098.0,2060,2024G,67.6,2
1996,1764.0,2001,2022G,84.1,2
1997,1879.0,2001,2022G,71.2,2
1998,1589.0,2008,2023E,72.6,2
1999,1045.0,2016,2024E,73.2,2
2000,1462.0,2007,2023E,81.8,2
2001,1884.0,2184,2022E,71.1,2
2002,1746.0,2011,2024E,64.8,2
2003,2524.0,2004,2024E,92.7,2
2004,1802.0,2168,2024E,69.9,2
2005,1059.0,2011,2023E,85.1,2
2006,1633.0,2093,2023E,83.7,3
2007,2066.0,2060,2024G,89.6,2
2008,2858.0,2004,2024E,91.7,2
2009,1395.0,2191,2022E,59.0,3
2010,2409.0,2189,2024E,79.9,3
2011,2403.0,2190,2024E,77.1,3
2012,1370.0,2156,2022G,50.0,2
2013,1156.0,2071,2023E,81.4,3
2014,1795.0,2161,2024G,79.7,3
2015,1677.0,2011,2024E,64.5,2
2016,1095.0,2009,2023G,80.0,2
2017,1677.0,2097,2024G,75.9,3
2018,1786.0,2133,2024E,80.4,3
2019,2337.0,2159,2024E,73.0,3
2020,1271.0,2125,2022E,75.4,3
2021,2602.0,2056,2024E,64.9,2
2022,1270.0,2127,2022E,78.5,3
2023,1374.0,2166,2023E,66.1,3
2024,1034.0,2018,2021G,81.2,3
2025,1700.0,2081,2022G,82.8,3
2026,1014.0,2020,2021G,92.2,2
2027,1164.0,2010,2023G,91.3,2
2028,1473.0,2029,2023E,73.3,3
2029,2182.0,2092,2024G,78.2,2
2030,1807.0,2006,2023G,81.4,2
2031,1252.0,2115,2021G,61.2,3
2032,2109.0,2059,2024G,81.9,3
2033,1588.0,2011,2024E,79.8,2
2034,1250.0,2001,2021G,72.3,2
2035,1177.0,2084,2021G,83.4,2
2036,1589.0,2006,2023G,77.5,2
2037,1561.0,2071,2024E,65.3,3
2038,2700.0,2083,2024G,73.8,3
2039,1592.0,2012,2024E,75.4,2
2040,2179.0,2001,2023G,92.8,2
2041,2730.0,2115,2024G,69.2,3
2042,1014.0,2010,2023G,90.7,2
2043,2562.0,2054,2024E,66.6,3
2044,1436.0,2005,2022G,91.6,2
2045,2110.0,2002,2023G,89.2,2
2046,1284.0,2011,2023E,74.9,2
2047,2740.0,2119,2024E,78.1,3
2048,1176.0,2089,2022G,88.0,3
2049,1462.0,2025,2023G,65.9,3
2050,1632.0,2082,2022G,78.6,3
2051,2697.0,2086,2024E,70.8,3
2052,1633.0,2089,2023G,65.3,3
2053,2335.0,2155,2024G,72.2,3
2054,1364.0,2171,2024G,71.1,3
2055,1781.0,2002,2022G,75.8,2
2056,2423.0,2188,2024G,67.2,2
2057,2733.0,2117,2024E,78.3,3
2058,1085.0,2033,2023G,88.2,3
2059,1587.0,2054,2022E,61.7,3
2060,1441.0,2007,2022E,85.5,2
2061,2403.0,2187,2024G,90.9,3
2062,1369.0,2152,2021E,71.5,2
2063,1685.0,2004,2022E,74.9,2
2064,1705.0,2012,2024E,74.6,2
2065,1709.0,2081,2022G,87.7,3
2066,1584.0,2011,2024E,76.8,2
2067,1025.0,2024,2021E,87.0,2
2068,2224.0,2114,2023G,78.8,3
2069,2092.0,2049,2023G,88.3,3
2070,1586.0,2008,2023E,77.7,2
2071,1043.0,2031,2022E,74.6,3
2072,1466.0,2034,2024G,80.7,3
2073,2611.0,2002,2024G,69.9,2
2074,1746.0,2004,2022E,74.4,2
2075,1632.0,2002,2022G,75.4,2
2076,1586.0,2062,2023E,81.8,3
2077,1354.0,2003,2021E,80.2,2
2078,1592.0,2002,2022G,67.2,2
2079,1069.0,2013,2024G,93.0,2
2080,2250.0,2128,2024E,65.6,2
2081,1027.0,2012,2023E,80.1,2
2082,1174.0,2104,2023E,85.1,2
2083,1064.0,2020,2021G,81.7,2
2084,2281.0,2149,2023E,66.2,3
2085,1656.0,2086,2022E,75.9,3
2086,2476.0,2021,2024E,76.6,3
2087,2495.0,2017,2024G,91.7,3
2088,2530.0,2052,2024G,64.1,2
2089,2038.0,2001,2023G,81.8,2
2090,1799.0,2167,2024E,73.0,3
2091,1262.0,2120,2021E,87.0,2
2092,2677.0,2086,2024E,72.8,3
2093,1149.0,2055,2021E,71.6,3
2094,1395.0,2194,2023G,65.7,3
2095,2352.0,2185,2024G,91.2,3
2096,2694.0,2085,2024E,83.2,3
2097,1874.0,2198,2024E,79.4,3
2098,1436.0,2186,2022G,77.8,3
2099,1069.0,2042,2024G,75.1,3
2100,1592.0,2060,2023G,81.1,2
2101,1335.0,2003,2021E,76.2,2
2102,1700.0,2008,2023E,89.7,2
2103,1019.0,2015,2024E,95.7,6
2104,1149.0,2001,2021G,94.1,2
2105,2943.0,2181,2024E,79.6,3
2106,2109.0,2050,2023G,60.8,3
2107,1685.0,2085,2022E,65.4,3
2108,1088.0,2074,2024G,86.5,3
2109,2382.0,2178,2023G,84.2,3
2110,1034.0,2032,2022E,82.3,2
2111,2572.0,2055,2024E,82.9,3
2112,1250.0,2099,2023G,69.2,3
2113,2714.0,2004,2024E,76.4,2
2114,2768.0,2119,2024E,90.8,3
2115,2482.0,2024,2024E,88.9,2
2116,1665.0,2005,2023G,68.3,2
2117,1436.0,2013,2024G,81.9,2
2118,1341.0,2161,2023G,72.2,3
2119,2130.0,2086,2023E,62.3,3
2120,1687.0,2095,2023E,74.2,3
2121,1557.0,2002,2022G,78.1,2
2122,1176.0,2086,2021E,78.3,3
2123,1395.0,2185,2022G,78.9,3
2124,1045.0,2039,2023E,83.9,3
2125,1224.0,2093,2022E,80.5,3
2126,1290.0,2125,2022E,92.0,3
2127,1780.0,2132,2024G,66.6,2
2128,2700.0,2003,2024E,85.5,2
2129,1097.0,2064,2022E,78.0,2
2130,2530.0,2003,2024E,89.3,2
2131,1380.0,2154,2022G,77.4,3
2132,1354.0,2175,2024E,85.5,3
2133,2489.0,2018,2024G,66.6,3
2134,1284.0,2129,2023G,77.1,3
2135,1597.0,2007,2023E,79.4,2
2136,1821.0,2167,2024E,62.2,3
2137,1821.0,2153,2023G,79.5,3
2138,2004.0,2005,2024G,81.7,2
2139,2403.0,2179,2023G,81.8,3
2140,2133.0,2083,2023G,83.9,3
2141,1400.0,2191,2022E,77.6,3
2142,2052.0,2056,2023E,77.2,2
2143,2517.0,2020,2024G,75.4,2
2144,1052.0,2027,2022G,73.5,3
2145,2047.0,2058,2024G,82.5,3
2146,1093.0,2068,2023G,73.9,2
2147,1064.0,2016,2024E,80.4,2
2148,1359.0,2162,2023G,60.1,3
2149,2690.0,2084,2024G,77.4,2
2150,1355.0,2165,2023E,88.2,3
2151,2299.0,2159,2024E,69.8,3
2152,1232.0,2007,2022E,70.5,2
2153,1593.0,2051,2022G,62.4,3
2154,1324.0,2004,2021E,83.6,2
2155,1699.0,2100,2024G,70.6,2
2156,1009.0,2002,2021G,83.2,2
2157,2243.0,2005,2024G,93.3,2
2158,2140.0,2095,2024E,84.8,3
2159,1295.0,2013,2024G,88.0,2
2160,1095.0,2003,2021E,70.2,2
2161,1763.0,2006,2023G,82.6,2
2162,2826.0,2001,2024G,83.9,2
2163,1265.0,2007,2022E,80.9,2
2164,1329.0,2148,2021G,80.7,2
2165,2483.0,2004,2024E,87.3,2
2166,1027.0,2013,2024G,80.4,2
2167,1828.0,2006,2023G,66.3,2
2168,1374.0,2008,2022E,85.5,2
2169,2092.0,2064,2024E,84.0,2
2170,1247.0,2100,2023G,69.8,2
2171,2749.0,2114,2024G,74.1,3
2172,1329.0,2005,2022G,80.7,2
2173,2149.0,2094,2024E,63.3,3
2174,2340.0,2146,2023G,84.6,3
2175,1020.0,2046,2024E,83.0,3
2176,2083.0,2057,2024G,66.1,3
2177,1131.0,2066,2023G,86.1,3
2178,1426.0,2193,2023G,75.5,3
2179,1563.0,2008,2023E,78.8,2
2180,1901.0,2001,2022G,77.3,2
2181,1637.0,2099,2024G,71.3,3
2182,2427.0,2017,2024G,80.2,3
2183,2690.0,2082,2024G,83.9,3
2184,2866.0,2146,2024G,81.2,3
2185,2368.0,2182,2023E,75.4,3
2186,2367.0,2003,2023E,95.2,2
2187,1380.0,2006,2022G,81.1,2
2188,1402.0,2184,2021E,74.4,2
2189,1095.0,2016,2024E,73.3,2
2190,2501.0,2001,2024G,79.7,2
2191,2335.0,2145,2023G,71.4,3
2192,2318.0,2160,2024E,68.3,2
2193,1087.0,2063,2022E,77.9,3
2194,2367.0,2001,2023G,93.1,2
2195,1181.0,2003,2021E,87.5,2
2196,1777.0,2130,2024G,79.4,3
2197,1074.0,2042,2024G,48.8,3
2198,2897.0,2002,2024G,68.7,2
2199,1049.0,2026,2022G,62.6,3
2200,1034.0,2035,2023G,88.1,3
2201,2099.0,2006,2024G,64.3,2
2202,1031.0,2044,2024G,67.8,2
2203,1879.0,2187,2023G,70.7,3
2204,1616.0,2062,2023E,75.6,3
2205,1790.0,2159,2023E,67.2,3
2206,1064.0,2039,2023E,71.3,3
2207,1718.0,2011,2024E,86.6,2
2208,2213.0,2006,2024G,80.5,2
2209,1700.0,2083,2022G,74.9,3
2210,2250.0,2116,2023G,58.7,2
2211,1551.0,2007,2023E,75.7,2
2212,1779.0,2134,2024E,79.6,3
2213,1668.0,2007,2023E,79.5,2
2214,1540.0,2004,2022E,100.0,2
2215,2178.0,2002,2023G,90.9,2
2216,2065.0,2060,2024G,73.7,2
2217,1802.0,2151,2022E,90.2,3
2218,2723.0,2119,2024E,85.9,3
2219,1821.0,2009,2024G,84.2,2
2220,2023.0,2060,2024G,89.4,2
2221,2043.0,2002,2023G,72.1,2
2222,2125.0,2002,2023G,79.6,2
2223,1031.0,2034,2023G,79.4,3
2224,1637.0,2092,2023G,65.7,2
2225,1027.0,2011,2023E,74.7,2
2226,1584.0,2002,2022G,81.6,2
2227,1718.0,2113,2022G,66.6,3
2228,1592.0,2006,2023G,79.9,2
2229,2081.0,2005,2024G,85.7,2
2230,1014.0,2019,2021G,84.0,3
2231,1823.0,2161,2024G,81.9,3
2232,1131.0,2012,2023E,88.7,2
2233,2403.0,2004,2023E,57.3,2
2234,1020.0,2035,2023G,86.5,3
2235,1668.0,2091,2023G,82.8,3
2236,1746.0,2121,2023G,63.6,3
2237,2403.0,2007,2024E,72.6,2
2238,2210.0,2121,2024G,98.4,3
2239,2474.0,2001,2024G,82.7,2
2240,1357.0,2172,2024G,73.7,2
2241,1603.0,2055,2022E,75.3,3
2242,2130.0,2095,2024E,58.2,3
2243,2833.0,2151,2024E,84.7,3
2244,1474.0,2038,2024E,56.5,3
2245,1526.0,2009,2024G,83.9,2
2246,2652.0,2088,2024E,59.0,2
2247,1610.0,2004,2022E,76.5,2
2248,1064.0,2025,2022G,71.6,3
2249,1637.0,2003,2022E,70.1,2
2250,1890.0,2187,2023G,75.6,3
2251,1388.0,2180,2021G,96.4,2
2252,1762.0,2118,2022E,92.5,3
2253,1886.0,2199,2024E,84.3,3
2254,2212.0,2127,2024E,71.6,3
2255,1271.0,2003,2021E,71.9,2
2256,1631.0,2092,2023G,73.8,2
2257,1349.0,2172,2024G,63.0,2
2258,1357.0,2003,2021E,89.2,2
2259,2095.0,2004,2023E,81.5,2
2260,1034.0,2038,2023E,80.7,3
2261,1402.0,2203,2024G,82.4,3
2262,2342.0,2145,2023G,75.1,3
2263,1177.0,2009,2023G,95.6,2
2264,1208.0,2104,2023E,77.7,2
2265,1597.0,2066,2024G,82.2,3
2266,1717.0,2119,2022E,78.2,3
2267,2382.0,2188,2024G,69.4,2
2268,1778.0,2125,2023E,72.4,3
2269,2703.0,2088,2024E,79.1,2
2270,1176.0,2093,2022E,83.2,3
2271,1265.0,2115,2021G,80.7,3
2272,1456.0,2040,2024E,83.0,2
2273,1364.0,2007,2022E,84.7,2
2274,1691.0,2008,2023E,71.3,2
2275,1823.0,2152,2022E,67.8,2
2276,1610.0,2012,2024E,90.8,2
2277,2562.0,2050,2024G,65.2,3
2278,2098.0,2050,2023G,64.6,3
2279,1779.0,2129,2024G,84.8,3
2280,2542.0,2049,2024G,87.6,3
2281,1631.0,2101,2024E,75.9,3
2282,1830.0,2166,2024E,68.0,3
2283,1027.0,2043,2024G,68.8,3
2284,1049.0,2039,2023E,73.7,3
2285,1367.0,2148,2021G,85.3,2
2286,2370.0,2179,2023G,80.5,3
2287,1807.0,2151,2022E,67.6,3
2288,2427.0,2018,2024G,75.8,3
2289,2457.0,2017,2024G,75.8,3
2290,2231.0,2005,2024G,82.7,2
2291,2581.0,2056,2024E,89.9,2
2292,1293.0,2115,2021G,79.8,3
2293,2431.0,2023,2024E,98.4,3
2294,1364.0,2162,2023G,64.0,3
2295,1783.0,2008,2023E,81.1,2
2296,1174.0,2093,2022E,89.5,3
2297,2608.0,2054,2024E,80.8,3
2298,1284.0,2138,2024G,68.7,3
2299,2297.0,2145,2023G,66.3,3
2300,1061.0,2044,2024G,70.2,2
2301,2191.0,2089,2024G,66.0,3
2302,2654.0,2003,2024E,87.1,2
2303,1227.0,2090,2022G,84.5,3
2304,1307.0,2003,2021E,76.3,2
2305,1364.0,2170,2024G,78.3,3
2306,1397.0,2199,2023E,71.4,3
2307,2680.0,2086,2024E,96.6,3
2308,1441.0,2197,2023E,71.4,3
2309,1823.0,2002,2022G,71.6,2
2310,1563.0,2067,2024G,60.4,3
2311,1762.0,2131,2024G,86.8,3
2312,1555.0,2072,2024E,67.3,2
2313,2261.0,2006,2024G,79.7,2
2314,1675.0,2087,2022E,75.6,3
2315,1814.0,2152,2022E,71.4,2
2316,2939.0,2178,2024G,78.7,3
2317,1262.0,2128,2022E,84.2,2
2318,1557.0,2054,2022E,79.7,3
2319,2367.0,2178,2023G,91.6,3
2320,1381.0,2012,2023E,76.2,2
2321,2179.0,2004,2023E,91.0,2
2322,1560.0,2069,2024E,79.9,3
2323,1286.0,2015,2024E,72.8,6
2324,2731.0,2119,2024E,75.7,3
2325,1175.0,2112,2024E,86.4,2
2326,1797.0,2163,2024G,95.5,3
2327,1687.0,2081,2022G,80.4,3
2328,2266.0,2116,2023G,91.9,2
2329,1783.0,2116,2022G,80.6,2
2330,1835.0,2164,2024G,70.5,2
2331,2906.0,2003,2024E,72.8,2
2332,1014.0,2048,2024E,94.9,2
2333,1563.0,2051,2022G,68.8,3
2334,1381.0,2157,2022E,84.0,3
2335,2578.0,2053,2024E,68.4,3
2336,1366.0,2162,2023G,77.0,3
2337,1367.0,2152,2021E,79.8,2
2338,1541.0,2049,2022G,72.2,3
2339,1238.0,2107,2024G,74.1,3
2340,2314.0,2004,2023E,76.7,2
2341,1262.0,2130,2023G,73.8,3
2342,2694.0,2084,2024G,81.3,2
2343,1395.0,2178,2021G,62.6,3
2344,1897.0,2193,2024G,67.2,3
2345,1763.0,2001,2022G,94.4,2
2346,1093.0,2064,2022E,74.8,2
2347,1713.0,2008,2023E,82.9,2
2348,1265.0,2136,2023E,86.3,2
2349,2339.0,2152,2023E,63.5,2
2350,1814.0,2167,2024E,64.4,3
2351,1307.0,2138,2024G,81.6,3
2352,2318.0,2006,2024G,73.1,2
2353,2403.0,2006,2024G,81.5,2
2354,1227.0,2015,2024E,81.7,6
2355,1052.0,2029,2022E,83.4,3
2356,1088.0,2059,2022G,86.8,3
2357,1059.0,2030,2022E,66.9,3
2358,2148.0,2095,2024E,75.0,3
2359,1811.0,2003,2022E,76.2,2
2360,2095.0,2057,2024G,82.9,3
2361,1360.0,2008,2022E,81.4,2
2362,1001.0,2005,2022G,86.5,2
2363,2403.0,2183,2023E,81.2,3
2364,2703.0,2003,2024E,89.4,2
2365,1570.0,2060,2023G,62.5,2
2366,2098.0,2055,2023E,48.3,3
2367,1122.0,2001,2021G,79.5,2
2368,2374.0,2006,2024G,78.5,2
2369,1478.0,2021,2022E,75.4,3
2370,1462.0,2021,2022E,66.2,3
2371,1637.0,2085,2022E,60.7,3
2372,1656.0,2011,2024E,92.0,2
2373,1350.0,2149,2021E,73.9,3
2374,2178.0,2096,2024E,79.9,2
2375,1772.0,2003,2022E,89.8,2
2376,2467.0,2018,2024G,97.2,3
2377,1587.0,2064,2023E,66.4,2
2378,2243.0,2125,2024E,79.9,3
2379,1588.0,2069,2024E,63.9,3
2380,2702.0,2086,2024E,78.6,3
2381,1491.0,2017,2022G,66.8,3
2382,1061.0,2035,2023G,65.5,3
2383,1830.0,2148,2022G,70.4,2
2384,2429.0,2002,2024G,81.8,2
2385,2109.0,2004,2023E,68.9,2
2386,1001.0,2019,2021G,81.5,3
2387,1897.0,2008,2023E,79.1,2
2388,1526.0,2032,2023E,90.1,2
2389,2266.0,2121,2024G,94.0,3
2390,2261.0,2127,2024E,75.0,3
2391,1023.0,2007,2022E,87.5,2
2392,1131.0,2052,2021G,87.8,2
2393,1551.0,2008,2023E,70.4,2
2394,2672.0,2087,2024E,65.8,3
2395,1642.0,2088,2022E,78.0,2
2396,1551.0,2060,2023G,62.8,2
2397,2812.0,2148,2024G,71.9,2
2398,1800.0,2157,2023E,69.3,3
2399,1986.0,2029,2024E,73.5,3
2400,1252.0,2128,2022E,72.0,2
2401,1560.0,2002,2022G,87.2,2
2402,1131.0,2075,2024G,81.9,3
2403,1156.0,2004,2021E,87.5,2
2404,1563.0,2002,2022G,76.2,2
2405,2406.0,2192,2024E,80.5,2
2406,1728.0,2113,2022G,74.0,3
2407,2348.0,2150,2023E,81.0,3
2408,1695.0,2083,2022G,86.4,3
2409,1181.0,2095,2022E,74.8,3
2410,1270.0,2129,2023G,60.6,3
2411,1022.0,2009,2023G,79.9,2
2412,1059.0,2023,2021E,70.8,3
2413,1423.0,2007,2022E,84.1,2
2414,1426.0,2201,2024G,77.8,3
2415,2027.0,2008,2024E,91.4,2
2416,1803.0,2168,2024E,67.2,2
2417,1150.0,2056,2021E,70.8,2
2418,1156.0,2070,2023E,70.9,3
2419,1557.0,2059,2023G,91.1,3
2420,1786.0,2124,2023G,81.4,2
2421,1350.0,2176,2024E,78.1,2
2422,1623.0,2051,2022G,62.1,3
2423,1232.0,2086,2021E,70.6,3
2424,1402.0,2186,2022G,75.6,3
2425,1360.0,2009,2023G,74.4,2
2426,2622.0,2086,2024E,83.1,3
2427,2222.0,2120,2023E,83.4,2
2428,1709.0,2004,2022E,67.4,2
2429,2768.0,2118,2024E,86.6,3
2430,2098.0,2057,2024G,53.8,3
2431,1593.0,2072,2024E,77.3,2
2432,1563.0,2061,2023E,75.4,3
2433,1707.0,2084,2022G,91.4,2
2434,2210.0,2123,2024G,79.3,3
2435,2816.0,2004,2024E,78.1,2
2436,2281.0,2154,2024G,72.5,3
2437,1707.0,2086,2022E,75.4,3
2438,2531.0,2051,2024G,77.9,3
2439,2535.0,2001,2024G,76.3,2
2440,1366.0,2014,2024G,74.5,2
2441,2239.0,2128,2024E,59.8,2
2442,2733.0,2002,2024G,79.4,2
2443,2632.0,2002,2024G,100.0,2
2444,2015.0,2005,2024G,84.9,2
2445,1307.0,2121,2022G,88.9,3
2446,1897.0,2189,2023E,63.8,3
2447,1238.0,2084,2021G,64.5,2
2448,2703.0,2087,2024E,73.9,3
2449,1872.0,2009,2024G,84.6,2
2450,2065.0,2008,2024E,76.2,2
2451,1341.0,2160,2022E,64.5,2
2452,1423.0,2180,2021G,88.9,2
2453,1461.0,2024,2022E,95.2,2
2454,1687.0,2089,2023G,63.8,3
2455,1052.0,2026,2022G,86.2,3
2456,1341.0,2014,2024G,77.6,2
2457,1059.0,2032,2022E,68.6,2
2458,1814.0,2147,2022G,71.4,3
2459,1364.0,2154,2022G,82.3,3
2460,1122.0,2013,2024G,77.4,2
2461,1555.0,2071,2024E,77.7,3
2462,1149.0,2050,2021G,71.9,3
2463,1879.0,2003,2022E,65.8,2
2464,1064.0,2012,2023E,84.8,2
2465,1797.0,2168,2024E,80.6,2
2466,1164.0,2056,2021E,87.7,2
2467,1350.0,2161,2023G,77.0,3
2468,1876.0,2181,2022E,69.1,3
2469,1526.0,2029,2023E,92.5,3
2470,1357.0,2169,2024G,77.9,3
2471,1227.0,2107,2024G,84.6,3
2472,1395.0,2183,2021E,61.6,3
2473,2579.0,2053,2024E,58.8,3
2474,1961.0,2019,2023G,89.4,3
2475,1772.0,2124,2023G,71.4,2
2476,1807.0,2150,2022E,86.0,3
2477,1828.0,2002,2022G,60.3,2
2478,2095.0,2007,2024E,81.8,2
2479,1015.0,2044,2024G,73.1,2
2480,1366.0,2168,2023E,67.1,2
2481,1802.0,2160,2023E,76.8,2
2482,1411.0,2184,2021E,76.8,2
2483,1177.0,2002,2021G,89.1,2
2484,2517.0,2018,2024G,90.8,3
2485,2041.0,2060,2024G,80.7,2
2486,2342.0,2158,2024E,75.0,3
2487,2155.0,2089,2024G,83.0,3
2488,2099.0,2059,2024G,65.8,3
2489,1140.0,2003,2021E,83.5,2
2490,1031.0,2038,2023E,77.4,3
2491,1703.0,2097,2024G,55.0,3
2492,1360.0,2010,2023G,88.8,2
2493,1945.0,2007,2024E,88.7,2
2494,1677.0,2003,2022E,72.7,2
2495,1800.0,2168,2024E,66.6,2
2496,1456.0,2029,2023E,81.6,3
2497,1803.0,2146,2022G,68.5,3
2498,2276.0,2005,2024G,85.7,2
2499,2562.0,2056,2024E,68.8,2
2500,2409.0,2190,2024E,67.7,3
2501,1293.0,2140,2024G,69.7,2
2502,1350.0,2167,2023E,71.8,3
2503,1380.0,2145,2021G,87.4,3
2504,1945.0,2032,2024E,74.7,2
2505,1778.0,2126,2023E,72.7,3
2506,1290.0,2128,2022E,80.8,2
2507,1247.0,2010,2023G,78.1,2
2508,1576.0,2008,2023E,75.9,2
2509,1354.0,2163,2023G,86.5,3
2510,1307.0,2127,2022E,91.0,3
2511,1364.0,2165,2023E,72.9,3
2512,1149.0,2057,2022G,79.4,3
2513,1568.0,2064,2023E,68.5,2
2514,1290.0,2016,2024E,91.6,2
2515,1560.0,2071,2024E,65.0,3
2516,1235.0,2094,2022E,64.1,3
2517,2279.0,2001,2023G,75.3,2
2518,1699.0,2102,2024E,68.7,3
2519,1588.0,2065,2024G,62.7,3
2520,1995.0,2002,2023G,82.7,2
2521,1286.0,2142,2024E,66.9,3
2522,1456.0,2002,2022G,78.5,2
2523,1811.0,2010,2024G,77.6,2
2524,1823.0,2164,2024G,69.2,2
2525,2434.0,2018,2024G,84.5,3
2526,1014.0,2007,2022E,75.5,2
2527,2589.0,2054,2024E,72.6,3
2528,1307.0,2001,2021G,82.2,2
2529,1175.0,2093,2022E,81.3,3
2530,1844.0,2012,2024E,74.7,2
2531,1555.0,2008,2023E,88.3,2
2532,1637.0,2104,2024E,64.0,2
2533,1074.0,2033,2023G,63.5,3
2534,2337.0,2153,2024G,59.3,3
2535,1436.0,2009,2023G,72.2,2
2536,1541.0,2001,2022G,81.9,2
2537,2210.0,2118,2023E,100.0,3
2538,1441.0,2180,2021G,88.8,2
2539,1728.0,2114,2022G,75.6,3
2540,2328.0,2153,2024G,80.1,3
2541,1074.0,2037,2023E,78.3,3
2542,2110.0,2057,2024G,86.2,3
2543,1034.0,2028,2022G,76.0,2
2544,1700.0,2090,2023G,77.0,3
2545,1329.0,2170,2024G,85.1,3
2546,1509.0,2010,2024G,75.2,2
2547,2328.0,2145,2023G,71.7,3
2548,1557.0,2007,2023E,93.8,2
2549,2056.0,2003,2023E,75.5,2
2550,1074.0,2005,2022G,92.2,2
2551,1074.0,2019,2021G,71.7,3
2552,1795.0,2008,2023E,76.4,2
2553,1807.0,2168,2024E,77.2,2
2554,1290.0,2118,2021E,88.7,3
2555,1661.0,2087,2022E,72.3,3
2556,1800.0,2158,2023E,63.3,3
2557,1884.0,2004,2022E,82.4,2
2558,1001.0,2025,2022G,93.6,3
2559,1478.0,2039,2024E,79.2,3
2560,1995.0,2030,2024E,75.8,3
2561,2436.0,2001,2024G,89.1,2
2562,1265.0,2143,2024E,87.9,3
2563,1013.0,2032,2022E,78.6,2
2564,1665.0,2094,2023E,72.0,3
2565,2099.0,2053,2023E,72.5,3
2566,1800.0,2001,2022G,70.1,2
2567,2436.0,2024,2024E,88.1,2
2568,1436.0,2185,2022G,87.4,3
2569,1708.0,2002,2022G,75.2,2
2570,2628.0,2081,2024G,75.3,3
2571,1897.0,2006,2023G,68.4,2
2572,2672.0,2086,2024E,76.5,3
2573,1673.0,2099,2024G,88.9,3
2574,1131.0,2009,2023G,89.6,2
2575,2565.0,2055,2024E,79.2,3
2576,1370.0,2012,2023E,63.9,2
2577,1780.0,2122,2023G,87.1,3
2578,1227.0,2109,2024E,71.2,3
2579,1411.0,2185,2022G,74.7,3
2580,2389.0,2186,2024G,78.3,3
2581,1402.0,2196,2023G,85.3,2
2582,1328.0,2001,2021G,62.2,2
2583,2095.0,2062,2024E,78.9,3
2584,2657.0,2081,2024G,77.5,3
2585,2855.0,2002,2024G,59.4,2
2586,1041.0,2014,2024G,70.0,2
2587,1561.0,2072,2024E,76.0,2
2588,2548.0,2052,2024G,78.5,2
2589,2932.0,2177,2024G,59.6,3
2590,2623.0,2002,2024G,93.4,2
2591,1588.0,2066,2024G,64.0,3
2592,2927.0,2178,2024G,84.7,3
2593,2434.0,2002,2024G,85.2,2
2594,2037.0,2002,2023G,85.0,2
2595,2335.0,2149,2023E,70.5,3
2596,1805.0,2148,2022G,72.4,2
2597,2727.0,2113,2024G,91.7,3
2598,1350.0,2171,2024G,81.0,3
2599,1844.0,2156,2023G,71.9,2
2600,1805.0,2010,2024G,88.7,2
2601,2073.0,2058,2024G,82.1,3
2602,2400.0,2178,2023G,82.2,3
2603,1364.0,2155,2022G,82.6,3
2604,2023.0,2049,2023G,81.3,3
2605,1461.0,2018,2022G,76.2,3
2606,1204.0,2007,2022E,84.6,2
2607,2318.0,2152,2023E,76.4,2
2608,1262.0,2127,2022E,67.8,3
2609,1022.0,2029,2022E,77.1,3
2610,1874.0,2183,2022E,79.4,3
2611,1674.0,2091,2023G,75.7,3
2612,1707.0,2100,2024G,80.5,2
2613,1656.0,2097,2024G,66.9,3
2614,1164.0,2009,2023G,87.3,2
2615,1917.0,2190,2023E,73.1,3
2616,2400.0,2192,2024E,72.0,2
2617,1675.0,2095,2023E,76.5,3
2618,1097.0,2078,2024E,78.9,3
2619,2346.0,2002,2023G,73.0,2
2620,1592.0,2059,2023G,69.3,3
2621,1803.0,2150,2022E,70.6,3
2622,1564.0,2003,2022E,79.8,2
2623,1360.0,2156,2022G,76.0,2
2624,2059.0,2008,2024E,77.4,2
2625,2148.0,2007,2024E,72.6,2
2626,1589.0,2052,2022G,70.8,2
2627,1507.0,2025,2023G,88.1,3
2628,1623.0,2007,2023E,83.1,2
2629,1019.0,2037,2023E,71.0,3
2630,1642.0,2098,2024G,91.6,3
2631,1709.0,2090,2023G,75.7,3
2632,2426.0,2023,2024E,71.5,3
2633,2070.0,2053,2023E,66.5,3
2634,1041.0,2039,2023E,76.8,3
2635,2703.0,2083,2024G,76.2,3
2636,2311.0,2153,2024G,62.6,3
2637,2542.0,2056,2024E,79.5,2
2638,1802.0,2002,2022G,91.7,2
2639,1790.0,2006,2023G,80.3,2
2640,1807.0,2145,2022G,70.8,3
2641,1122.0,2007,2022E,79.1,2
2642,2509.0,2023,2024E,76.1,3
2643,1707.0,2092,2023G,74.5,2
2644,1009.0,2037,2023E,77.8,3
2645,1045.0,2010,2023G,88.9,2
2646,2248.0,2124,2024G,78.1,2
2647,1816.0,2009,2024G,95.7,2
2648,1247.0,2013,2024G,67.6,2
2649,1354.0,2158,2022E,70.4,3
2650,1718.0,2130,2024G,75.7,3
2651,2826.0,2151,2024E,78.3,3
2652,2560.0,2002,2024G,82.2,2
2653,2846.0,2003,2024E,93.9,2
2654,1541.0,2057,2023G,75.6,3
2655,1370.0,2006,2022G,66.2,2
2656,1997.0,2029,2024E,80.2,3
2657,1138.0,2054,2021E,86.7,3
2658,1095.0,2063,2022E,63.1,3
2659,1687.0,2010,2024G,77.9,2
2660,2348.0,2160,2024E,88.0,2
2661,1232.0,2104,2023E,83.3,2
2662,1350.0,2012,2023E,83.6,2
2663,2244.0,2008,2024E,90.2,2
2664,1814.0,2166,2024E,63.7,3
2665,2279.0,2004,2023E,91.2,2
2666,1020.0,2009,2023G,97.3,2
2667,1589.0,2068,2024G,79.1,2
2668,1872.0,2190,2023E,83.8,3
2669,1094.0,2067,2023G,68.3,3
2670,2851.0,2150,2024E,61.6,3
2671,1394.0,2194,2023G,76.1,3
2672,2214.0,2001,2023G,75.2,2
2673,1015.0,2026,2022G,79.9,3
2674,1467.0,2006,2023G,63.5,2
2675,1357.0,2012,2023E,91.4,2
2676,2155.0,2008,2024E,81.9,2
2677,1426.0,2183,2021E,85.2,3
2678,2812.0,2003,2024E,78.1,2
2679,1991.0,2028,2024G,76.3,2
2680,1015.0,2022,2021E,78.6,3
2681,1177.0,2106,2024G,97.3,3
2682,2431.0,2020,2024G,95.6,2
2683,2423.0,2181,2023E,67.9,3
2684,1366.0,2175,2024E,62.6,3
2685,1564.0,2059,2023G,74.1,3
2686,1797.0,2005,2023G,81.3,2
2687,1381.0,2168,2023E,76.7,2
2688,1807.0,2166,2024E,74.5,3
2689,2464.0,2017,2024G,90.3,3
2690,1122.0,2004,2021E,67.4,2
2691,2535.0,2051,2024G,72.9,3
2692,1593.0,2067,2024G,65.6,3
2693,1271.0,2141,2024E,57.4,3
2694,1507.0,2040,2024E,62.9,2
2695,1441.0,2186,2022G,79.6,3
2696,1811.0,2009,2024G,84.6,2
2697,1156.0,2050,2021G,74.0,3
2698,1679.0,2084,2022G,84.8,2
2699,1708.0,2100,2024G,72.7,2
2700,1402.0,2003,2021E,81.2,2
2701,1674.0,2103,2024E,82.3,3
2702,1156.0,2064,2022E,72.9,2
2703,1786.0,2120,2022E,77.8,2
2704,1093.0,2075,2024G,84.2,3
2705,2008.0,2001,2023G,89.0,2
2706,2081.0,2003,2023E,74.7,2
2707,2023.0,2004,2023E,76.8,2
2708,1707.0,2085,2022E,80.1,3
2709,2576.0,2054,2024E,63.9,3
2710,1019.0,2020,2021G,91.1,2
2711,1728.0,2126,2023E,73.2,3
2712,1576.0,2051,2022G,76.7,3
2713,1394.0,2184,2021E,70.9,2
2714,1473.0,2040,2024E,83.6,2
2715,1691.0,2103,2024E,62.4,3
2716,1403.0,2184,2021E,87.3,2
2717,1528.0,2017,2022G,72.8,3
2718,1525.0,2007,2023E,83.9,2
2719,1462.0,2036,2024G,65.8,2
2720,1844.0,2166,2024E,65.1,3
2721,1772.0,2005,2023G,85.2,2
2722,1541.0,2006,2023G,69.7,2
2723,1995.0,2026,2024G,71.5,3
2724,1181.0,2089,2022G,82.3,3
2725,1637.0,2086,2022E,75.7,3
2726,2813.0,2148,2024G,61.7,2
2727,2050.0,2063,2024E,86.7,3
2728,1013.0,2007,2022E,85.9,2
2729,1210.0,2105,2024G,61.7,3
2730,2037.0,2055,2023E,81.7,3
2731,2274.0,2113,2023G,76.4,3
2732,1848.0,2146,2022G,70.7,3
2733,1593.0,2001,2022G,71.9,2
2734,2423.0,2006,2024G,86.6,2
2735,2690.0,2004,2024E,100.0,2
2736,1576.0,2067,2024G,86.6,3
2737,1564.0,2061,2023E,70.6,3
2738,1031.0,2030,2022E,78.4,3
2739,1270.0,2121,2022G,75.4,3
2740,2650.0,2083,2024G,73.4,3
2741,1783.0,2114,2022G,75.4,3
2742,1150.0,2076,2024G,67.7,2
2743,1491.0,2009,2024G,67.1,2
2744,1295.0,2125,2022E,79.3,3
2745,1088.0,2009,2023G,88.6,2
2746,1426.0,2208,2024E,78.5,2
2747,1015.0,2035,2023G,75.8,3
2748,1204.0,2109,2024E,77.3,3
2749,1210.0,2112,2024E,73.0,2
2750,2407.0,2184,2023E,73.2,2
2751,1592.0,2061,2023E,61.3,3
2752,2489.0,2024,2024E,78.6,2
2753,1150.0,2065,2023G,55.7,3
2754,1631.0,2098,2024G,69.1,3
2755,1290.0,2014,2024G,79.5,2
2756,1039.0,2006,2022G,66.5,2
2757,1335.0,2013,2024G,84.7,2
2758,1823.0,2001,2022G,70.5,2
2759,1247.0,2103,2023E,87.2,3
2760,1901.0,2182,2022E,82.1,3
2761,2608.0,2055,2024E,54.6,3
2762,1043.0,2041,2024G,76.9,3
2763,1329.0,2157,2022E,79.7,3
2764,1991.0,2007,2024E,81.6,2
2765,1411.0,2201,2024G,74.4,3
2766,2178.0,2091,2024G,78.2,3
2767,1329.0,2014,2024G,83.9,2
2768,1015.0,2034,2023G,82.1,3
2769,1631.0,2083,2022G,75.5,3
2770,1388.0,2204,2024G,91.5,2
2771,2081.0,2051,2023G,79.7,3
2772,1138.0,2064,2022E,74.9,2
2773,2698.0,2085,2024E,75.3,3
2774,1690.0,2092,2023G,91.9,2
2775,1034.0,2014,2024G,86.1,2
2776,1093.0,2014,2024G,88.9,2
2777,2037.0,2051,2023G,83.5,3
2778,2148.0,2092,2024G,67.1,2
2779,1772.0,2127,2023E,79.3,3
2780,1588.0,2009,2024G,81.9,2
2781,1719.0,2126,2023E,81.3,3
2782,1366.0,2158,2022E,69.4,3
2783,1764.0,2007,2023E,77.4,2
2784,2413.0,2006,2024G,84.1,2
2785,1728.0,2117,2022E,73.9,3
2786,2474.0,2003,2024E,87.3,2
2787,2368.0,2002,2023G,84.9,2
2788,1844.0,2003,2022E,76.9,2
2789,1695.0,2101,2024E,65.0,3
2790,1150.0,2063,2022E,56.8,3
2791,1879.0,2002,2022G,71.2,2
2792,2155.0,2094,2024E,70.3,3
2793,1156.0,2056,2021E,73.7,2
2794,2801.0,2003,2024E,88.7,2
2795,2214.0,2117,2023E,60.6,3
2796,1525.0,2038,2024E,83.1,3
2797,1623.0,2062,2023E,83.2,3
2798,1359.0,2148,2021G,83.8,2
2799,1284.0,2119,2021E,77.5,3
2800,1049.0,2001,2021G,80.6,2
2801,2537.0,2052,2024G,59.4,2
2802,1525.0,2029,2023E,84.6,3
2803,1593.0,2049,2022G,69.0,3
2804,2885.0,2181,2024E,71.3,3
2805,1357.0,2165,2023E,93.7,3
2806,1762.0,2009,2024G,86.3,2
2807,1027.0,2003,2021E,75.5,2
2808,1830.0,2006,2023G,64.9,2
2809,1138.0,2005,2022G,95.5,2
2810,1586.0,2069,2024E,64.9,3
2811,1665.0,2095,2023E,59.0,3
2812,2471.0,2003,2024E,73.5,2
2813,1540.0,2027,2023G,76.7,3
2814,1835.0,2009,2024G,75.0,2
2815,1181.0,2098,2023G,80.2,3
2816,1816.0,2003,2022E,79.8,2
2817,2065.0,2001,2023G,75.0,2
2818,2553.0,2052,2024G,70.1,2
2819,2367.0,2185,2024G,72.8,3
2820,1942.0,2020,2023G,59.1,2
2821,2266.0,2118,2023E,84.3,3
2822,1411.0,2008,2022E,85.3,2
2823,2178.0,2003,2023E,69.0,2
2824,1245.0,2011,2023E,87.1,2
2825,1835.0,2006,2023G,65.8,2
2826,1525.0,2012,2024E,77.3,2
2827,2368.0,2186,2024G,93.6,3
2828,1088.0,2007,2022E,84.4,2
2829,2682.0,2001,2024G,71.4,2
2830,1039.0,2001,2021G,65.6,2
2831,1061.0,2017,2021G,86.2,3
2832,2809.0,2150,2024E,84.3,3
2833,1085.0,2001,2021G,83.4,2
2834,2598.0,2056,2024E,67.4,2
2835,1814.0,2146,2022G,59.6,3
2836,1350.0,2163,2023G,77.9,3
2837,2015.0,2026,2024G,89.1,3
2838,2517.0,2003,2024E,87.6,2
2839,2368.0,2192,2024E,92.5,2
2840,1717.0,2129,2024G,69.6,3
2841,1307.0,2014,2024G,81.3,2
2842,1709.0,2007,2023E,76.4,2
2843,2103.0,2005,2024G,72.3,2
2844,2066.0,2061,2024E,73.0,3
2845,2504.0,2019,2024G,89.2,3
2846,1673.0,2008,2023E,76.1,2
2847,1703.0,2002,2022G,88.7,2
2848,2565.0,2054,2024E,74.4,3
2849,1140.0,2011,2023E,76.8,2
2850,2027.0,2050,2023G,100.0,3
2851,2125.0,2001,2023G,78.3,2
2852,2693.0,2086,2024E,79.6,3
2853,1388.0,2183,2021E,97.9,3
2854,1088.0,2077,2024E,77.9,3
2855,2680.0,2002,2024G,74.5,2
2856,1616.0,2069,2024E,74.9,3
2857,1598.0,2072,2024E,64.5,2
2858,1959.0,2021,2023E,72.0,3
2859,1366.0,2156,2022G,80.3,2
2860,1381.0,2010,2023G,79.9,2
2861,2410.0,2001,2023G,69.6,2
2862,1400.0,2201,2024G,71.6,3
2863,2731.0,2115,2024G,83.7,3
2864,2367.0,2005,2024G,77.0,2
2865,1551.0,2051,2022G,60.4,3
2866,2852.0,2001,2024G,80.7,2
2867,2092.0,2062,2024E,67.6,3
2868,2829.0,2147,2024G,78.7,3
2869,2577.0,2004,2024E,79.9,2
2870,1665.0,2104,2024E,66.5,2
2871,2740.0,2113,2024G,72.0,3
2872,2843.0,2145,2024G,88.8,3
2873,1481.0,2033,2024G,71.4,3
2874,2095.0,2061,2024E,80.2,3
2875,2208.0,2113,2023G,96.5,3
2876,1544.0,2063,2023E,72.6,3
2877,2310.0,2154,2024G,77.3,3
2878,2311.0,2152,2023E,67.9,2
2879,2126.0,2006,2024G,88.6,2
2880,1802.0,2009,2024G,85.5,2
2881,2939.0,2180,2024G,72.9,2
2882,1441.0,2185,2022G,80.4,3
2883,1400.0,2004,2021E,77.1,2
2884,2755.0,2113,2024G,80.7,3
2885,1031.0,2031,2022E,77.6,3
2886,1631.0,2004,2022E,77.4,2
2887,1717.0,2123,2023G,85.3,3
2888,1507.0,2001,2022G,82.0,2
2889,1848.0,2145,2022G,72.0,3
2890,1402.0,2185,2022G,79.9,3
2891,1874.0,2004,2022E,95.1,2
2892,2579.0,2054,2024E,80.4,3
2893,2070.0,2051,2023G,89.8,3
2894,1690.0,2084,2022G,88.7,2
2895,2043.0,2058,2024G,74.9,3
2896,1835.0,2150,2022E,72.6,3
2897,1094.0,2014,2024G,73.6,2
2898,2043.0,2006,2024G,83.7,2
2899,2657.0,2003,2024E,71.3,2
2900,1085.0,2028,2022G,65.5,2
2901,2476.0,2003,2024E,91.1,2
2902,1746.0,2001,2022G,74.5,2
2903,2098.0,2002,2023G,56.0,2
2904,1790.0,2163,2024G,76.1,3
2905,1781.0,2010,2024G,82.5,2
2906,1174.0,2085,2021E,89.2,3
2907,1593.0,2054,2022E,73.9,3
2908,1274.0,2140,2024G,86.1,2
2909,1828.0,2005,2023G,68.8,2
2910,1551.0,2002,2022G,85.4,2
2911,1709.0,2091,2023G,70.2,3
2912,1705.0,2011,2024E,71.8,2
2913,1235.0,2011,2023E,80.3,2
2914,1394.0,2180,2021G,74.1,2
2915,2132.0,2089,2024G,86.9,3
2916,1633.0,2001,2022G,73.1,2
2917,1001.0,2036,2023G,81.7,2
2918,1411.0,2012,2023E,83.5,2
2919,1879.0,2008,2023E,67.5,2
2920,1610.0,2064,2023E,79.9,2
2921,2244.0,2005,2024G,78.9,2
2922,2047.0,2054,2023E,95.6,3
2923,2059.0,2003,2023E,59.3,2
2924,1802.0,2167,2024E,78.1,3
2925,1456.0,2021,2022E,88.5,3
2926,1779.0,2128,2023E,69.0,2
2927,2196.0,2091,2024G,73.3,3
2928,2200.0,2002,2023G,73.7,2
2929,1374.0,2010,2023G,73.1,2
2930,1394.0,2182,2021E,81.0,3
2931,2352.0,2001,2023G,81.3,2
2932,2346.0,2155,2024G,73.5,3
2933,1150.0,2064,2022E,78.0,2
2934,1403.0,2182,2021E,82.4,3
2935,2538.0,2053,2024E,94.6,3
2936,1093.0,2015,2024E,83.4,6
2937,1252.0,2114,2021G,74.2,3
2938,2403.0,2184,2023E,60.6,2
2939,1772.0,2010,2024G,86.8,2
2940,2340.0,2156,2024G,100.0,2
2941,1295.0,2127,2022E,85.7,3
2942,2835.0,2149,2024E,68.4,3
2943,2719.0,2118,2024E,79.7,3
2944,2324.0,2153,2024G,67.8,3
2945,1807.0,2010,2024G,77.5,2
2946,1876.0,2185,2023G,72.9,3
2947,1462.0,2028,2023G,62.6,2
2948,2337.0,2147,2023G,74.6,3
2949,2389.0,2006,2024G,79.5,2
2950,1027.0,2044,2024G,71.3,2
2951,1052.0,2002,2021G,94.8,2
2952,2008.0,2004,2023E,87.5,2
2953,1020.0,2007,2022E,92.5,2
2954,2281.0,2004,2023E,80.1,2
2955,1022.0,2044,2024G,79.3,2
2956,1700.0,2084,2022G,88.0,2
2957,2665.0,2002,2024G,70.1,2
2958,2292.0,2158,2024E,72.8,3
2959,1917.0,2010,2024G,85.6,2
2960,1661.0,2009,2024G,69.3,2
2961,2065.0,2051,2023G,73.2,3
2962,1699.0,2098,2024G,82.4,3
2963,1525.0,2025,2023G,68.0,3
2964,2092.0,2001,2023G,69.5,2
2965,1665.0,2096,2023E,64.9,2
2966,1491.0,2030,2023E,67.5,3
2967,1150.0,2015,2024E,67.3,6
2968,2098.0,2006,2024G,75.1,2
2969,1175.0,2091,2022G,74.3,3
2970,2208.0,2121,2024G,84.9,3
2971,1959.0,2005,2024G,80.3,2
2972,1828.0,2150,2022E,73.5,3
2973,1265.0,2133,2023E,78.3,3
2974,2730.0,2113,2024G,74.0,3
2975,1762.0,2002,2022G,77.1,2
2976,1295.0,2113,2021G,79.6,3
2977,2329.0,2146,2023G,75.5,3
2978,2693.0,2003,2024E,86.6,2
2979,2508.0,2022,2024E,70.7,3
2980,1324.0,2154,2022G,81.3,3
2981,2426.0,2003,2024E,82.2,2
2982,1805.0,2004,2022E,81.8,2
2983,2208.0,2006,2024G,72.9,2
2984,1284.0,2120,2021E,66.7,2
2985,1718.0,2134,2024E,76.8,3
2986,1370.0,2172,2024G,68.5,2
2987,1423.0,2202,2024G,71.6,3
2988,1816.0,2167,2024E,91.6,3
2989,1274.0,2007,2022E,87.6,2
2990,1009.0,2018,2021G,71.2,3
2991,2367.0,2187,2024G,85.3,3
2992,2348.0,2159,2024E,76.4,3
2993,1290.0,2140,2024G,91.7,2
2994,2066.0,2057,2024G,72.3,3
2995,1576.0,2059,2023G,82.1,3
2996,1369.0,2011,2023E,73.1,2
2997,2191.0,2087,2023E,71.8,3
2998,1335.0,2005,2022G,64.6,2
2999,2403.0,2180,2023G,68.3,2
3000,2434.0,2004,2024E,69.8,2
3001,1360.0,2170,2024G,61.2,3
3002,1703.0,2009,2024G,60.7,2
3003,1009.0,2046,2024E,78.5,3
3004,1019.0,2039,2023E,90.8,3
3005,2402.0,2182,2023E,74.3,3
3006,1350.0,2008,2022E,87.6,2
3007,1441.0,2013,2024G,97.1,2
3008,1381.0,2008,2022E,81.3,2
3009,2073.0,2062,2024E,80.2,3
3010,2927.0,2183,2024E,84.1,3
3011,1117.0,2011,2023E,58.8,2
3012,1481.0,2007,2023E,87.1,2
3013,2004.0,2007,2024E,74.4,2
3014,1174.0,2089,2022G,83.8,3
3015,2104.0,2053,2023E,85.2,3
3016,1584.0,2068,2024G,71.3,2
3017,2266.0,2119,2023E,72.4,3
3018,1022.0,2037,2023E,81.4,3
3019,2056.0,2007,2024E,71.9,2
3020,1717.0,2003,2022E,51.0,2
3021,1777.0,2004,2022E,87.0,2
3022,2088.0,2049,2023G,54.3,3
3023,1563.0,2057,2023G,78.9,3
3024,2322.0,2145,2023G,88.3,3
3025,2103.0,2058,2024G,72.1,3
3026,1357.0,2153,2022G,91.7,3
3027,1719.0,2011,2024E,73.5,2
3028,1693.0,2082,2022G,85.6,3
3029,2322.0,2160,2024E,69.6,2
3030,2395.0,2007,2024E,79.6,2
3031,1355.0,2014,2024G,100.0,2
3032,2297.0,2155,2024G,67.5,3
3033,2250.0,2005,2024G,83.2,2
3034,1642.0,2093,2023E,72.2,3
3035,1009.0,2015,2024E,72.8,6
3036,1786.0,2127,2023E,74.6,3
3037,1478.0,2036,2024G,76.1,2
3038,2897.0,2182,2024E,69.7,3
3039,1097.0,2057,2022G,86.4,3
3040,1938.0,2003,2023E,97.2,2
3041,1140.0,2056,2021E,76.0,2
3042,1945.0,2031,2024E,60.2,3
3043,1790.0,2148,2022G,79.8,2
3044,1803.0,2152,2022E,77.5,2
3045,1360.0,2162,2023G,78.5,3
3046,1045.0,2047,2024E,63.2,3
3047,2724.0,2003,2024E,80.5,2
3048,2740.0,2003,2024E,87.0,2
3049,2070.0,2001,2023G,87.0,2
3050,1061.0,2006,2022G,91.1,2
3051,1541.0,2005,2023G,80.8,2
3052,1834.0,2003,2022E,73.6,2
3053,1293.0,2127,2022E,68.1,3
3054,2830.0,2146,2024G,79.0,3
3055,1138.0,2071,2023E,79.8,3
3056,1676.0,2010,2024G,89.7,2
3057,1138.0,2070,2023E,80.1,3
3058,1623.0,2067,2024G,88.0,3
3059,2801.0,2146,2024G,67.6,3
3060,1359.0,2171,2024G,86.6,3
3061,2239.0,2008,2024E,70.8,2
3062,1897.0,2197,2024E,82.8,3
3063,1777.0,2006,2023G,74.0,2
3064,1691.0,2088,2022E,79.4,2
3065,1707.0,2006,2023G,83.2,2
3066,1917.0,2182,2022E,73.6,3
3067,1719.0,2008,2023E,80.0,2
3068,1466.0,2027,2023G,64.0,3
3069,1570.0,2001,2022G,80.9,2
3070,2335.0,2159,2024E,66.6,3
3071,1695.0,2095,2023E,83.9,3
3072,1786.0,2005,2023G,80.2,2
3073,1131.0,2056,2021E,90.7,2
3074,2149.0,2092,2024G,73.1,2
3075,2212.0,2122,2024G,81.8,3
3076,1679.0,2012,2024E,89.9,2
3077,2715.0,2085,2024E,76.2,3
3078,1232.0,2012,2023E,74.9,2
3079,1286.0,2131,2023G,68.2,3
3080,1540.0,2036,2024G,84.9,2
3081,2413.0,2178,2023G,78.4,3
3082,2423.0,2182,2023E,74.3,3
3083,2398.0,2005,2024G,88.3,2
3084,2261.0,2007,2024E,68.7,2
3085,1160.0,2013,2024G,83.0,2
3086,1164.0,2062,2022E,71.1,3
3087,2812.0,2149,2024E,77.6,3
3088,1295.0,2008,2022E,76.0,2
3089,1795.0,2005,2023G,83.3,2
3090,2760.0,2113,2024G,81.3,3
3091,1486.0,2024,2022E,80.4,2
3092,2398.0,2004,2023E,74.1,2
3093,1013.0,2029,2022E,84.6,3
3094,2731.0,2116,2024G,81.5,2
3095,1022.0,2039,2023E,75.9,3
3096,1284.0,2113,2021G,76.8,3
3097,1456.0,2027,2023G,71.2,3
3098,1708.0,2089,2023G,82.2,3
3099,2611.0,2003,2024E,76.5,2
3100,2329.0,2004,2023E,72.4,2
3101,2340.0,2155,2024G,88.9,3
3102,2531.0,2052,2024G,65.9,2
3103,2423.0,2190,2024E,56.8,3
3104,1015.0,2010,2023G,88.4,2
3105,1509.0,2012,2024E,75.9,2
3106,2311.0,2154,2024G,68.8,3
3107,1397.0,2187,2022G,73.1,3
3108,1481.0,2038,2024E,60.1,3
3109,2050.0,2060,2024G,72.6,2
3110,1274.0,2008,2022E,76.3,2
3111,2095.0,2055,2023E,80.2,3
3112,1095.0,2058,2022G,69.1,3
3113,1592.0,2053,2022E,77.4,3
3114,1019.0,2012,2023E,95.6,2
3115,1597.0,2057,2023G,71.0,3
3116,1848.0,2164,2024G,63.6,2
3117,1274.0,2014,2024G,86.2,2
3118,2267.0,2004,2023E,74.9,2
3119,2482.0,2023,2024E,90.1,3
3120,1247.0,2088,2021E,76.0,2
3121,2346.0,2154,2024G,68.2,3
3122,1474.0,2007,2023E,76.8,2
3123,1823.0,2009,2024G,69.2,2
3124,1394.0,2189,2022E,90.1,3
3125,1059.0,2021,2021E,53.9,3
3126,1491.0,2029,2023E,68.8,3
3127,1094.0,2066,2023G,55.4,3
3128,1783.0,2119,2022E,68.9,3
3129,2066.0,2063,2024E,67.6,3
3130,2073.0,2003,2023E,71.4,2
3131,1262.0,2013,2024G,86.2,2
3132,1616.0,2053,2022E,82.7,3
3133,1762.0,2121,2023G,92.5,3
3134,1380.0,2010,2023G,80.4,2
3135,1584.0,2069,2024E,65.3,3
3136,2059.0,2055,2023E,67.1,3
3137,1160.0,2074,2024G,64.8,3
3138,1707.0,2012,2024E,90.7,2
3139,2825.0,2146,2024G,82.3,3
3140,1557.0,2062,2023E,91.5,3
3141,1117.0,2058,2022G,61.0,3
3142,1478.0,2025,2023G,71.3,3
3143,1022.0,2042,2024G,71.4,3
3144,2822.0,2002,2024G,75.2,2
3145,2943.0,2179,2024G,89.0,3
3146,1164.0,2066,2023G,77.2,3
3147,1426.0,2011,2023E,98.2,2
3148,2139.0,2087,2023E,70.9,3
3149,1093.0,2010,2023G,77.2,2
3150,1890.0,2195,2024G,94.2,3
3151,1848.0,2157,2023E,74.6,3
3152,2761.0,2114,2024G,81.0,3
3153,2403.0,2185,2024G,77.6,3
3154,1031.0,2008,2022E,92.0,2
3155,1586.0,2007,2023E,89.4,2
3156,2250.0,2118,2023E,71.9,3
3157,1394.0,2201,2024G,65.8,3
3158,2267.0,2002,2023G,77.1,2
3159,1317.0,2134,2023E,65.1,3
3160,1799.0,2150,2022E,78.1,3
3161,1031.0,2010,2023G,78.4,2
3162,2196.0,2006,2024G,72.0,2
3163,2213.0,2005,2024G,90.4,2
3164,1235.0,2095,2022E,78.9,3
3165,1388.0,2190,2022E,84.5,3
3166,1374.0,2149,2021E,73.9,3
3167,1265.0,2137,2024G,79.2,3
3168,2337.0,2150,2023E,78.1,3
3169,1397.0,2178,2021G,72.9,3
3170,1247.0,2106,2024G,64.4,3
3171,1687.0,2008,2023E,69.9,2
3172,1772.0,2120,2022E,91.6,2
3173,2389.0,2004,2023E,82.5,2
3174,1945.0,2017,2023G,72.4,3
3175,1795.0,2157,2023E,80.0,3
3176,1677.0,2010,2024G,72.8,2
3177,1811.0,2150,2022E,65.1,3
3178,2431.0,2001,2024G,100.0,2
3179,2078.0,2053,2023E,73.4,3
3180,1456.0,2030,2023E,88.1,3
3181,1814.0,2002,2022G,68.5,2
3182,2402.0,2188,2024G,80.7,2
3183,1140.0,2067,2023G,85.5,3
3184,2730.0,2003,2024E,70.1,2
3185,1991.0,2008,2024E,92.7,2
3186,1357.0,2016,2024E,86.9,2
3187,2706.0,2088,2024E,84.3,2
3188,1093.0,2055,2021E,81.5,3
3189,1544.0,2054,2022E,79.2,3
3190,1013.0,2014,2024G,85.4,2
3191,2346.0,2147,2023G,83.6,3
3192,1901.0,2199,2024E,68.0,3
3193,2464.0,2020,2024G,87.5,2
3194,1940.0,2023,2023E,64.1,3
3195,1181.0,2101,2023E,68.8,3
3196,2734.0,2119,2024E,78.2,3
3197,2395.0,2185,2024G,68.3,3
3198,1400.0,2199,2023E,82.7,3
3199,1587.0,2051,2022G,74.7,3
3200,1474.0,2025,2023G,77.1,3
3201,1292.0,2138,2024G,77.4,3
3202,1884.0,2193,2024G,80.9,3
3203,2297.0,2146,2023G,85.3,3
3204,1052.0,2044,2024G,67.9,2
3205,1961.0,2028,2024G,83.2,2
3206,1020.0,2018,2021G,78.8,3
3207,1563.0,2053,2022E,66.5,3
3208,1456.0,2031,2023E,88.4,3
3209,2426.0,2020,2024G,80.3,2
3210,1466.0,2021,2022E,68.1,3
3211,1270.0,2131,2023G,74.6,3
3212,2078.0,2007,2024E,71.8,2
3213,1349.0,2145,2021G,64.5,3
3214,2580.0,2051,2024G,77.7,3
3215,1610.0,2057,2023G,91.8,3
3216,2200.0,2005,2024G,72.6,2
3217,1117.0,2007,2022E,70.6,2
3218,1961.0,2002,2023G,70.0,2
3219,2382.0,2179,2023G,77.9,3
3220,2877.0,2183,2024E,92.1,3
3221,1359.0,2012,2023E,80.9,2
3222,2210.0,2114,2023G,92.8,3
3223,2395.0,2008,2024E,72.3,2
3224,1039.0,2027,2022G,59.5,3
3225,1061.0,2008,2022E,69.4,2
3226,2602.0,2053,2024E,78.8,3
3227,1020.0,2011,2023E,95.1,2
3228,1232.0,2081,2021G,75.5,3
3229,1177.0,2091,2022G,77.7,3
3230,1015.0,2015,2024E,84.7,6
3231,2504.0,2002,2024G,74.6,2
3232,1049.0,2008,2022E,78.4,2
3233,2501.0,2024,2024E,74.9,2
3234,2073.0,2050,2023G,79.7,3
3235,1095.0,2076,2024G,60.3,2
3236,1284.0,2013,2024G,75.0,2
3237,1876.0,2002,2022G,58.6,2
3238,1210.0,2085,2021E,55.5,3
3239,1175.0,2088,2021E,77.5,2
3240,2027.0,2060,2024G,74.5,2
3241,2037.0,2056,2023E,84.9,2
3242,1844.0,2149,2022E,70.3,3
3243,1160.0,2080,2024E,66.4,2
3244,2509.0,2022,2024E,64.9,3
3245,1085.0,2031,2022E,73.0,3
3246,2117.0,2001,2023G,79.2,2
3247,1015.0,2025,2022G,69.0,3
3248,2407.0,2007,2024E,76.4,2
3249,1175.0,2090,2022G,73.0,3
3250,2542.0,2050,2024G,85.9,3
3251,1772.0,2125,2023E,82.9,3
3252,1848.0,2003,2022E,66.3,2
3253,1544.0,2066,2024G,66.0,3
3254,1593.0,2010,2024G,66.8,2
3255,2368.0,2007,2024E,68.8,2
3256,1593.0,2070,2024E,47.0,3
3257,1563.0,2072,2024E,62.6,2
3258,1043.0,2023,2021E,81.0,3
3259,2279.0,2127,2024E,79.2,3
3260,2179.0,2085,2023E,90.0,3
3261,1388.0,2186,2022G,80.6,3
3262,1014.0,2041,2024G,83.8,3
3263,1598.0,2008,2023E,84.2,2
3264,1586.0,2053,2022E,82.8,3
3265,1400.0,2187,2022G,65.2,3
3266,1563.0,2012,2024E,71.5,2
3267,2155.0,2091,2024G,87.4,3
3268,1175.0,2109,2024E,77.2,3
3269,2342.0,2151,2023E,95.9,3
3270,2398.0,2003,2023E,72.5,2
3271,1462.0,2024,2022E,76.2,2
3272,1204.0,2103,2023E,63.9,3
3273,1174.0,2003,2021E,84.1,2
3274,1790.0,2167,2024E,86.2,3
3275,2091.0,2051,2023G,80.6,3
3276,1094.0,2070,2023E,73.3,3
3277,2740.0,2116,2024G,88.5,2
3278,2839.0,2149,2024E,71.4,3
3279,1834.0,2011,2024E,90.2,2
3280,1020.0,2042,2024G,87.0,3
3281,2231.0,2128,2024E,70.5,2
3282,1709.0,2094,2023E,70.4,3
3283,1059.0,2027,2022G,79.0,3
3284,1059.0,2039,2023E,68.4,3
3285,1795.0,2003,2022E,69.3,2
3286,1224.0,2083,2021G,80.0,3
3287,2822.0,2150,2024E,84.0,3
3288,1568.0,2004,2022E,68.2,2
3289,1397.0,2011,2023E,84.1,2
3290,1034.0,2024,2021E,69.2,2
3291,2477.0,2019,2024G,74.8,3
3292,2107.0,2003,2023E,81.1,2
3293,2077.0,2057,2024G,88.1,3
3294,1828.0,2012,2024E,78.5,2
3295,1834.0,2156,2023G,81.1,2
3296,1763.0,2121,2023G,86.0,3
3297,1718.0,2129,2024G,68.4,3
3298,1364.0,2004,2021E,84.7,2
3299,2431.0,2002,2024G,76.5,2
3300,1876.0,2190,2023E,77.6,3
3301,1661.0,2086,2022E,82.0,3
3302,1395.0,2006,2022G,65.2,2
3303,2222.0,2118,2023E,76.3,3
3304,2065.0,2063,2024E,80.2,3
3305,1019.0,2022,2021E,93.8,3
3306,1555.0,2050,2022G,100.0,3
3307,2175.0,2092,2024G,72.3,2
3308,1284.0,2136,2023E,78.8,2
3309,1426.0,2010,2023G,88.0,2
3310,2833.0,2148,2024G,65.6,2
3311,1069.0,2029,2022E,75.8,3
3312,1700.0,2091,2023G,80.2,3
3313,1210.0,2100,2023G,62.8,2
3314,1570.0,2010,2024G,68.6,2
3315,2733.0,2003,2024E,91.1,2
3316,1370.0,2003,2021E,68.0,2
3317,2352.0,2008,2024E,85.8,2
3318,1661.0,2099,2024G,60.5,3
3319,1061.0,2024,2021E,84.4,2
3320,1656.0,2012,2024E,74.1,2
3321,1637.0,2097,2024G,53.3,3
3322,2182.0,2086,2023E,64.4,3
3323,2489.0,2021,2024E,70.7,3
3324,2210.0,2001,2023G,82.3,2
3325,2196.0,2003,2023E,75.8,2
3326,1685.0,2081,2022G,87.4,3
3327,1022.0,2028,2022G,68.3,2
3328,1138.0,2016,2024E,85.7,2
3329,1814.0,2003,2022E,71.8,2
3330,1097.0,2056,2021E,80.0,2
3331,2898.0,2182,2024E,67.7,3
3332,1349.0,2173,2024E,65.6,3
3333,1177.0,2095,2022E,89.8,3
3334,2314.0,2145,2023G,71.4,3
3335,1821.0,2149,2022E,73.3,3
3336,1507.0,2012,2024E,77.0,2
3337,1623.0,2072,2024E,78.3,2
3338,2107.0,2004,2023E,82.5,2
3339,1023.0,2018,2021G,78.2,3
3340,1271.0,2130,2023G,54.7,3
3341,2387.0,2003,2023E,71.5,2
3342,1271.0,2122,2022G,65.9,3
3343,1174.0,2101,2023E,95.1,3
3344,2125.0,2008,2024E,77.9,2
3345,2337.0,2152,2023E,79.1,2
3346,1175.0,2010,2023G,80.2,2
3347,2239.0,2004,2023E,80.1,2
3348,2602.0,2004,2024E,70.8,2
3349,1292.0,2004,2021E,93.1,2
3350,2339.0,2006,2024G,69.4,2
3351,1777.0,2011,2024E,83.8,2
3352,1707.0,2081,2022G,80.2,3
3353,1633.0,2101,2024E,73.8,3
3354,2900.0,2002,2024G,77.0,2
3355,1467.0,2007,2023E,89.2,2
3356,2092.0,2051,2023G,85.2,3
3357,1295.0,2114,2021G,77.4,3
3358,2310.0,2158,2024E,74.0,3
3359,2037.0,2063,2024E,79.1,3
3360,2628.0,2001,2024G,77.0,2
3361,1208.0,2084,2021G,90.7,2
3362,1588.0,2057,2023G,73.5,3
3363,2672.0,2081,2024G,64.4,3
3364,1150.0,2071,2023E,77.8,3
3365,1350.0,2154,2022G,76.1,3
3366,1597.0,2011,2024E,82.7,2
3367,2702.0,2083,2024G,65.2,3
3368,1357.0,2162,2023G,93.4,3
3369,1400.0,2208,2024E,69.1,2
3370,2196.0,2096,2024E,64.5,2
3371,1367.0,2005,2022G,63.4,2
3372,2050.0,2061,2024E,80.0,3
3373,2110.0,2063,2024E,74.5,3
3374,1093.0,2051,2021G,88.3,3
3375,1061.0,2028,2022G,70.3,2
3376,2578.0,2055,2024E,62.6,3
3377,1763.0,2114,2022G,82.8,3
3378,1922.0,2179,2022G,73.0,3
3379,1959.0,2004,2023E,83.9,2
3380,2059.0,2061,2024E,64.3,3
3381,2474.0,2021,2024E,77.1,3
3382,2222.0,2005,2024G,89.8,2
3383,1394.0,2006,2022G,75.4,2
3384,1224.0,2081,2021G,74.6,3
3385,2616.0,2001,2024G,78.4,2
3386,1025.0,2041,2024G,80.6,3
3387,1592.0,2011,2024E,72.6,2
3388,1350.0,2168,2023E,73.8,2
3389,2504.0,2021,2024E,74.6,3
3390,1800.0,2008,2023E,78.6,2
3391,2339.0,2159,2024E,82.2,3
3392,2043.0,2050,2023G,86.6,3
3393,2542.0,2054,2024E,91.9,3
3394,2715.0,2086,2024E,77.2,3
3395,1247.0,2083,2021G,82.5,3
3396,1093.0,2049,2021G,73.6,3
3397,1374.0,2175,2024E,79.9,3
3398,2109.0,2005,2024G,80.9,2
3399,1250.0,2083,2021G,68.6,3
3400,1631.0,2097,2024G,66.8,3
3401,1675.0,2003,2022E,78.1,2
3402,1695.0,2082,2022G,81.5,3
3403,1360.0,2146,2021G,71.7,3
3404,1022.0,2012,2023E,68.5,2
3405,2179.0,2092,2024G,92.6,2
3406,2335.0,2148,2023G,62.6,2
3407,1293.0,2126,2022E,82.0,3
3408,1025.0,2048,2024E,72.0,2
3409,1020.0,2014,2024G,81.8,2
3410,1360.0,2006,2022G,68.3,2
3411,1061.0,2010,2023G,91.0,2
3412,1661.0,2096,2023E,64.0,2
3413,1441.0,2014,2024G,91.7,2
3414,2483.0,2019,2024G,86.6,3
3415,1355.0,2169,2024G,83.5,3
3416,2560.0,2004,2024E,87.5,2
3417,1811.0,2001,2022G,73.3,2
3418,1045.0,2004,2021E,94.7,2
3419,1703.0,2008,2023E,74.7,2
3420,1290.0,2007,2022E,84.5,2
3421,1872.0,2182,2022E,66.6,3
3422,1528.0,2007,2023E,82.6,2
3423,1587.0,2063,2023E,67.1,3
3424,1746.0,2122,2023G,69.7,3
3425,2091.0,2054,2023E,75.3,3
3426,2140.0,2006,2024G,83.9,2
3427,1025.0,2019,2021G,71.9,3
3428,1160.0,2010,2023G,65.9,2
3429,2250.0,2001,2023G,80.7,2
3430,1685.0,2098,2024G,70.4,3
3431,2387.0,2005,2024G,88.3,2
3432,1528.0,2020,2022G,73.3,2
3433,1411.0,2202,2024G,73.0,3
3434,2804.0,2152,2024E,75.4,2
3435,1687.0,2083,2022G,63.9,3
3436,1335.0,2174,2024E,66.5,3
3437,2489.0,2022,2024E,81.9,3
3438,2724.0,2115,2024G,83.1,3
3439,1295.0,2004,2021E,74.3,2
3440,2155.0,2082,2023G,68.3,3
3441,1677.0,2104,2024E,76.6,2
3442,1052.0,2043,2024G,68.1,3
3443,1069.0,2031,2022E,87.6,3
3444,1616.0,2061,2023E,62.0,3
3445,1637.0,2095,2023E,64.1,3
3446,2846.0,2145,2024G,75.7,3
3447,1616.0,2051,2022G,82.9,3
3448,2368.0,2006,2024G,89.5,2
3449,2542.0,2003,2024E,76.3,2
3450,1816.0,2165,2024E,82.4,3
3451,2182.0,2091,2024G,65.1,3
3452,1874.0,2177,2022G,88.2,3
3453,1349.0,2153,2022G,68.6,3
3454,2623.0,2082,2024G,75.3,3
3455,1441.0,2187,2022G,81.5,3
3456,1772.0,2012,2024E,84.0,2
3457,1746.0,2124,2023G,75.1,2
3458,1564.0,2063,2023E,79.0,3
3459,2821.0,2149,2024E,75.2,3
3460,1397.0,2016,2024E,74.3,2
3461,1364.0,2157,2022E,73.4,3
3462,1059.0,2020,2021G,69.9,2
3463,2906.0,2182,2024E,68.5,3
3464,1324.0,2149,2021E,79.3,3
3465,1052.0,2045,2024E,86.4,3
3466,1876.0,2001,2022G,82.5,2
3467,1557.0,2051,2022G,81.3,3
3468,1676.0,2003,2022E,84.8,2
3469,1800.0,2151,2022E,69.8,3
3470,1674.0,2094,2023E,79.9,3
3471,1474.0,2032,2023E,76.1,2
3472,1568.0,2067,2024G,54.4,3
3473,2109.0,2007,2024E,63.9,2
3474,1814.0,2009,2024G,58.6,2
3475,2099.0,2049,2023G,65.7,3
3476,2322.0,2154,2024G,94.2,3
3477,1023.0,2035,2023G,83.6,3
3478,2572.0,2002,2024G,82.4,2
3479,2940.0,2002,2024G,68.4,2
3480,1780.0,2119,2022E,62.5,3
3481,2844.0,2145,2024G,75.1,3
3482,2407.0,2189,2024E,67.2,3
3483,2749.0,2117,2024E,65.7,3
3484,1397.0,2195,2023G,78.1,3
3485,1232.0,2095,2022E,80.3,3
3486,2681.0,2086,2024E,74.2,3
3487,1394.0,2179,2021G,73.4,3
3488,2471.0,2019,2024G,70.0,3
3489,1093.0,2078,2024E,74.3,3
3490,1001.0,2008,2022E,81.8,2
3491,1265.0,2005,2022G,74.8,2
3492,2413.0,2181,2023E,73.0,3
3493,1295.0,2141,2024E,56.3,3
3494,1049.0,2037,2023E,64.2,3
3495,2078.0,2052,2023G,72.7,2
3496,1403.0,2002,2021G,76.6,2
3497,2595.0,2052,2024G,83.2,2
3498,2027.0,2055,2023E,78.5,3
3499,1324.0,2009,2023G,94.3,2
3500,2906.0,2183,2024E,74.2,3
3501,2877.0,2001,2024G,86.0,2
3502,1491.0,2025,2023G,55.7,3
3503,2423.0,2004,2023E,81.0,2
3504,1462.0,2018,2022G,57.2,3
3505,2109.0,2008,2024E,65.4,2
3506,1160.0,2055,2021E,77.1,3
3507,1177.0,2001,2021G,86.0,2
3508,2178.0,2085,2023E,74.8,3
3509,1328.0,2176,2024E,40.4,2
3510,1224.0,2009,2023G,65.8,2
3511,1764.0,2135,2024E,67.4,3
3512,2537.0,2051,2024G,67.1,3
3513,1762.0,2135,2024E,84.4,3
3514,2576.0,2056,2024E,67.5,2
3515,1069.0,2024,2021E,88.0,2
3516,1764.0,2133,2024E,83.7,3
3517,1052.0,2024,2021E,67.6,2
3518,1555.0,2068,2024G,84.9,2
3519,1052.0,2036,2023G,80.4,2
3520,2577.0,2053,2024E,82.6,3
3521,2081.0,2053,2023E,79.9,3
3522,1779.0,2123,2023G,78.6,3
3523,2548.0,2054,2024E,91.8,3
3524,2421.0,2007,2024E,68.2,2
3525,1354.0,2151,2021E,87.2,3
3526,2091.0,2008,2024E,81.1,2
3527,1709.0,2002,2022G,65.7,2
3528,1270.0,2016,2024E,71.3,2
3529,1762.0,2128,2023E,85.2,2
3530,1149.0,2059,2022G,72.9,3
3531,1370.0,2158,2022E,60.9,3
3532,2632.0,2003,2024E,98.0,2
3533,1597.0,2002,2022G,83.7,2
3534,2088.0,2006,2024G,83.5,2
3535,1656.0,2082,2022G,83.1,3
3536,1025.0,2009,2023G,68.0,2
3537,1122.0,2006,2022G,74.4,2
3538,1252.0,2120,2021E,63.4,2
3539,2052.0,2007,2024E,75.7,2
3540,1478.0,2017,2022G,79.9,3
3541,1597.0,2054,2022E,63.3,3
3542,2501.0,2019,2024G,54.5,3
3543,1357.0,2145,2021G,86.5,3
3544,1467.0,2009,2024G,85.0,2
3545,1474.0,2030,2023E,73.8,3
3546,2342.0,2152,2023E,95.0,2
3547,2812.0,2146,2024G,86.3,3
3548,1085.0,2038,2023E,66.1,3
3549,1001.0,2021,2021E,82.5,3
3550,1381.0,2170,2024G,84.5,3
3551,1009.0,2013,2024G,76.0,2
3552,2489.0,2023,2024E,81.0,3
3553,1149.0,2077,2024E,71.8,3
3554,1616.0,2012,2024E,85.9,2
3555,2098.0,2052,2023G,62.9,2
3556,2106.0,2054,2023E,75.1,3
3557,1175.0,2095,2022E,86.9,3
3558,1597.0,2001,2022G,86.9,2
3559,1886.0,2198,2024E,73.4,3
3560,1762.0,2005,2023G,100.0,2
3561,2077.0,2062,2024E,78.9,3
3562,2125.0,2087,2023E,70.4,3
3563,1473.0,2006,2023G,83.1,2
3564,1486.0,2034,2024G,75.6,3
3565,2297.0,2006,2024G,75.6,2
3566,1938.0,2007,2024E,81.5,2
3567,1324.0,2163,2023G,86.5,3
3568,2882.0,2180,2024G,60.8,2
3569,2073.0,2001,2023G,79.3,2
3570,2340.0,2008,2024E,85.6,2
3571,1631.0,2009,2024G,84.7,2
3572,1633.0,2003,2022E,73.4,2
3573,2801.0,2149,2024E,78.3,3
3574,2311.0,2146,2023G,79.2,3
3575,1013.0,2026,2022G,61.3,3
3576,1015.0,2009,2023G,74.8,2
3577,1805.0,2166,2024E,66.2,3
3578,2885.0,2179,2024G,75.8,3
3579,1802.0,2005,2023G,93.0,2
3580,1589.0,2012,2024E,73.7,2
3581,2213.0,2004,2023E,88.1,2
3582,1031.0,2016,2024E,73.0,2
3583,1568.0,2068,2024G,63.0,2
3584,1411.0,2181,2021E,70.5,3
3585,2091.0,2005,2024G,70.3,2
3586,2133.0,2087,2023E,89.8,3
3587,1805.0,2006,2023G,65.9,2
3588,1587.0,2070,2024E,83.3,3
3589,2098.0,2061,2024E,70.4,3
3590,2328.0,2146,2023G,49.0,3
3591,1364.0,2174,2024E,66.7,3
3592,1085.0,2041,2024G,68.1,3
3593,1623.0,2006,2023G,93.5,2
3594,1262.0,2001,2021G,92.8,2
3595,1803.0,2163,2024G,61.2,3
3596,1235.0,2097,2023G,70.5,3
3597,2426.0,2022,2024E,66.6,3
3598,1779.0,2114,2022G,75.5,3
3599,1473.0,2033,2024G,87.4,3
3600,2835.0,2003,2024E,81.3,2
3601,2314.0,2158,2024E,63.2,3
3602,1593.0,2061,2023E,55.7,3
3603,1886.0,2177,2022G,82.8,3
3604,1633.0,2090,2023G,63.3,3
3605,1661.0,2082,2022G,94.4,3
3606,2266.0,2126,2024E,76.4,3
3607,2281.0,2155,2024G,72.6,3
3608,1059.0,2037,2023E,85.7,3
3609,1544.0,2058,2023G,77.6,3
3610,2839.0,2151,2024E,69.1,3
3611,2004.0,2029,2024E,79.9,3
3612,1265.0,2014,2024G,75.5,2
3613,2427.0,2024,2024E,81.5,2
3614,1025.0,2011,2023E,76.8,2
3615,2755.0,2114,2024G,77.1,3
3616,1411.0,2191,2022E,71.9,3
3617,1088.0,2008,2022E,80.1,2
3618,1317.0,2012,2023E,81.9,2
3619,1250.0,2104,2023E,65.9,2
3620,1540.0,2012,2024E,88.9,2
3621,2898.0,2179,2024G,84.8,3
3622,1074.0,2003,2021E,73.9,2
3623,2437.0,2018,2024G,81.9,3
3624,1802.0,2152,2022E,83.8,2
3625,1587.0,2002,2022G,82.6,2
3626,1349.0,2164,2023G,61.8,2
3627,2149.0,2007,2024E,73.2,2
3628,2125.0,2093,2024E,80.6,3
3629,1174.0,2092,2022G,77.7,2
3630,1668.0,2001,2022G,71.7,2
3631,2243.0,2123,2024G,76.3,3
3632,1175.0,2101,2023E,72.2,3
3633,1349.0,2011,2023E,87.1,2
3634,1491.0,2038,2024E,64.5,3
3635,2816.0,2148,2024G,69.5,2
3636,1041.0,2022,2021E,86.5,3
3637,1700.0,2102,2024E,76.7,3
3638,1610.0,2054,2022E,84.9,3
3639,1799.0,2004,2022E,70.6,2
3640,1210.0,2004,2021E,68.7,2
3641,2622.0,2003,2024E,82.9,2
3642,1370.0,2161,2023G,65.3,3
3643,1317.0,2009,2023G,75.1,2
3644,1324.0,2167,2023E,70.0,3
3645,1603.0,2008,2023E,91.7,2
3646,2320.0,2159,2024E,70.2,3
3647,1087.0,2016,2024E,79.0,2
3648,1039.0,2028,2022G,61.5,2
3649,1181.0,2015,2024E,69.7,6
3650,1271.0,2008,2022E,69.9,2
3651,1370.0,2163,2023G,66.0,3
3652,1354.0,2165,2023E,76.7,3
3653,1176.0,2104,2023E,90.1,2
3654,2297.0,2153,2024G,77.9,3
3655,2276.0,2115,2023G,67.3,3
3656,1772.0,2007,2023E,88.1,2
3657,2939.0,2182,2024E,75.5,3
3658,1364.0,2006,2022G,82.2,2
3659,1381.0,2013,2024G,83.6,2
3660,1799.0,2165,2024E,61.7,3
3661,1025.0,2013,2024G,73.2,2
3662,2781.0,2003,2024E,67.3,2
3663,1122.0,2003,2021E,67.5,2
3664,1245.0,2086,2021E,88.1,3
3665,1576.0,2052,2022G,77.0,2
3666,1592.0,2051,2022G,77.8,3
3667,1811.0,2002,2022G,86.0,2
3668,1354.0,2159,2022E,96.1,3
3669,2446.0,2019,2024G,80.4,3
3670,1208.0,2097,2023G,68.1,3
3671,2095.0,2005,2024G,81.9,2
3672,2125.0,2006,2024G,71.1,2
3673,1598.0,2060,2023G,82.6,2
3674,2900.0,2181,2024E,76.4,3
3675,1027.0,2039,2023E,72.1,3
3676,2866.0,2150,2024E,70.5,3
3677,2340.0,2145,2023G,100.0,3
3678,1069.0,2021,2021E,79.1,3
3679,1097.0,2068,2023G,62.7,2
3680,1131.0,2013,2024G,81.2,2
3681,1380.0,2169,2024G,91.4,3
3682,2431.0,2017,2024G,81.5,3
3683,1366.0,2013,2024G,69.1,2
3684,2395.0,2179,2023G,72.4,3
3685,1014.0,2045,2024E,95.0,3
3686,1814.0,2012,2024E,75.2,2
3687,1551.0,2071,2024E,68.8,3
3688,1059.0,2012,2023E,80.6,2
3689,2012.0,2019,2023G,64.5,3
3690,1589.0,2071,2024E,64.6,3
3691,2318.0,2146,2023G,71.7,3
3692,1561.0,2060,2023G,77.8,2
3693,2077.0,2053,2023E,78.8,3
3694,1031.0,2018,2021G,69.0,3
3695,1940.0,2002,2023G,82.0,2
3696,1623.0,2002,2022G,85.2,2
3697,2008.0,2002,2023G,95.3,2
3698,1069.0,2010,2023G,86.2,2
3699,1937.0,2002,2023G,79.0,2
3700,1897.0,2182,2022E,54.0,3
3701,1388.0,2007,2022E,88.0,2
3702,1461.0,2032,2023E,87.9,2
3703,1093.0,2054,2021E,72.5,3
3704,1369.0,2159,2022E,60.6,3
3705,1717.0,2009,2024G,76.1,2
3706,1997.0,2030,2024E,62.5,3
3707,1886.0,2189,2023E,84.1,3
3708,1150.0,2002,2021G,76.1,2
3709,1461.0,2029,2023E,94.1,3
3710,2434.0,2023,2024E,75.6,3
3711,1814.0,2157,2023E,68.3,3
3712,1274.0,2011,2023E,85.6,2
3713,1097.0,2007,2022E,74.8,2
3714,2755.0,2002,2024G,83.8,2
3715,2107.0,2055,2023E,83.4,3
3716,2672.0,2085,2024E,74.3,3
3717,1208.0,2087,2021E,86.7,3
3718,1886.0,2196,2024G,83.4,2
3719,2148.0,2089,2024G,78.5,3
3720,2056.0,2055,2023E,74.1,3
3721,1250.0,2094,2022E,76.6,3
3722,1335.0,2149,2021E,66.5,3
3723,1690.0,2081,2022G,75.0,3
3724,1235.0,2009,2023G,70.6,2
3725,1088.0,2064,2022E,83.4,2
3726,1262.0,2122,2022G,72.0,3
3727,1402.0,2204,2024G,75.6,2
3728,1400.0,2005,2022G,65.2,2
3729,2066.0,2002,2023G,83.6,2
3730,1797.0,2156,2023G,89.1,2
3731,1324.0,2015,2024E,84.8,6
3732,2342.0,2160,2024E,77.1,2
3733,1250.0,2007,2022E,75.3,2
3734,2501.0,2002,2024G,81.1,2
3735,1097.0,2009,2023G,80.0,2
3736,1713.0,2097,2024G,60.9,3
3737,1250.0,2084,2021G,65.6,2
3738,2320.0,2154,2024G,76.7,3
3739,1150.0,2009,2023G,71.3,2
3740,1675.0,2098,2024G,77.8,3
3741,1252.0,2131,2023G,73.3,3
3742,1328.0,2007,2022E,64.4,2
3743,1271.0,2013,2024G,85.9,2
3744,1204.0,2008,2022E,78.7,2
3745,1138.0,2060,2022G,89.6,2
3746,1473.0,2030,2023E,76.0,3
3747,1245.0,2095,2022E,79.0,3
3748,1349.0,2014,2024G,80.2,2
3749,2311.0,2160,2024E,74.8,2
3750,1009.0,2042,2024G,58.1,3
3751,2266.0,2003,2023E,86.5,2
3752,1027.0,2028,2022G,82.5,2
3753,1560.0,2050,2022G,72.9,3
3754,1252.0,2129,2023G,65.3,3
3755,2866.0,2148,2024G,73.5,2
3756,2429.0,2019,2024G,78.6,3
3757,1685.0,2006,2023G,56.3,2
3758,2012.0,2024,2023E,73.2,2
3759,2107.0,2058,2024G,72.4,3
3760,2714.0,2002,2024G,92.7,2
3761,2078.0,2055,2023E,64.6,3
3762,2768.0,2002,2024G,87.0,2
3763,2888.0,2177,2024G,66.0,3
3764,1811.0,2148,2022G,89.2,2
3765,1210.0,2106,2024G,58.7,3
3766,1085.0,2027,2022G,89.2,3
3767,1293.0,2137,2024G,80.4,3
3768,1656.0,2010,2024G,83.2,2
3769,2477.0,2004,2024E,73.7,2
3770,1087.0,2071,2023E,92.9,3
3771,1360.0,2164,2023G,75.8,2
3772,2407.0,2190,2024E,74.4,3
3773,1922.0,2200,2024E,63.2,2
3774,2398.0,2186,2024G,72.4,3
3775,1175.0,2009,2023G,92.0,2
3776,1616.0,2057,2023G,87.8,3
3777,1034.0,2044,2024G,79.0,2
3778,1917.0,2002,2022G,80.4,2
3779,1821.0,2156,2023G,81.8,2
3780,1816.0,2007,2023E,67.0,2
3781,2250.0,2004,2023E,91.9,2
3782,2489.0,2017,2024G,68.3,3
3783,1027.0,2007,2022E,81.4,2
3784,2927.0,2180,2024G,100.0,2
3785,1780.0,2134,2024E,78.2,3
3786,1117.0,2067,2023G,64.2,3
3787,1656.0,2007,2023E,70.1,2
3788,1388.0,2006,2022G,87.4,2
3789,1461.0,2033,2024G,82.5,3
3790,2804.0,2149,2024E,67.8,3
3791,1597.0,2004,2022E,85.2,2
3792,2860.0,2145,2024G,70.5,3
3793,1250.0,2003,2021E,76.1,2
3794,1676.0,2089,2023G,81.7,3
3795,1160.0,2049,2021G,72.2,3
3796,1027.0,2023,2021E,71.8,3
3797,1411.0,2198,2023E,80.7,3
3798,2940.0,2004,2024E,58.2,2
3799,2149.0,2095,2024E,65.5,3
3800,1411.0,2005,2022G,96.8,2
3801,1045.0,2015,2024E,87.4,6
3802,1872.0,2183,2022E,77.6,3
3803,1023.0,2014,2024G,73.9,2
3804,2148.0,2081,2023G,82.3,3
3805,1631.0,2087,2022E,65.5,3
3806,1603.0,2006,2023G,84.6,2
3807,1563.0,2059,2023G,74.2,3
3808,1834.0,2005,2023G,95.2,2
3809,2056.0,2001,2023G,61.3,2
3810,1509.0,2021,2022E,80.9,3
3811,2812.0,2151,2024E,77.2,3
3812,1995.0,2022,2023E,70.8,3
3813,1561.0,2052,2022G,79.4,2
3814,1834.0,2152,2022E,85.8,2
3815,1587.0,2069,2024E,78.6,3
3816,2027.0,2056,2023E,94.4,2
3817,2208.0,2126,2024E,86.3,3
3818,1367.0,2009,2023G,75.9,2
3819,1095.0,2059,2022G,67.4,3
3820,1366.0,2171,2024G,72.9,3
3821,2073.0,2051,2023G,77.4,3
3822,1509.0,2039,2024E,71.5,3
3823,2103.0,2052,2023G,68.0,2
3824,1811.0,2165,2024E,60.0,3
3825,1674.0,2007,2023E,76.8,2
3826,1661.0,2092,2023G,54.1,2
3827,2370.0,2178,2023G,75.5,3
3828,1780.0,2136,2024E,68.2,2
3829,1366.0,2010,2023G,75.2,2
3830,1274.0,2138,2024G,75.8,3
3831,1709.0,2104,2024E,86.8,2
3832,1286.0,2119,2021E,64.6,3
3833,1779.0,2008,2023E,68.1,2
3834,1805.0,2150,2022E,57.1,3
3835,2310.0,2152,2023E,87.2,2
3836,2632.0,2084,2024G,97.0,2
3837,1403.0,2183,2021E,82.6,3
3838,1589.0,2057,2023G,65.3,3
3839,2267.0,2124,2024G,72.3,2
3840,2088.0,2003,2023E,82.8,2
3841,1295.0,2137,2024G,60.4,3
3842,1807.0,2160,2023E,67.1,2
3843,1708.0,2011,2024E,86.6,2
3844,2103.0,2006,2024G,77.3,2
3845,1395.0,2203,2024G,59.8,3
3846,1341.0,2015,2024E,60.0,6
3847,1597.0,2067,2024G,58.5,3
3848,2690.0,2087,2024E,83.0,3
3849,1718.0,2010,2024G,75.2,2
3850,2471.0,2020,2024G,79.9,2
3851,2829.0,2003,2024E,77.4,2
3852,1961.0,2027,2024G,80.3,3
3853,1540.0,2018,2022G,93.7,3
3854,2342.0,2149,2023E,67.4,3
3855,1632.0,2098,2024G,80.0,3
3856,1473.0,2011,2024E,95.8,2
3857,2690.0,2001,2024G,95.4,2
3858,1262.0,2143,2024E,83.4,3
3859,1210.0,2005,2022G,70.5,2
3860,1041.0,2033,2023G,83.8,3
3861,2274.0,2123,2024G,65.2,3
3862,1023.0,2019,2021G,74.0,3
3863,1150.0,2072,2023E,65.0,2
3864,1805.0,2008,2023E,87.8,2
3865,2056.0,2050,2023G,74.5,3
3866,1679.0,2095,2023E,86.0,3
3867,2004.0,2008,2024E,73.0,2
3868,2830.0,2002,2024G,82.0,2
3869,2689.0,2081,2024G,75.2,3
3870,2698.0,2088,2024E,63.5,2
3871,2191.0,2003,2023E,75.7,2
3872,1799.0,2146,2022G,54.4,3
3873,2852.0,2003,2024E,83.0,2
3874,1397.0,2182,2021E,77.8,3
3875,1764.0,2130,2024G,80.1,3
3876,1069.0,2028,2022G,69.7,2
3877,1369.0,2003,2021E,72.0,2
3878,2760.0,2002,2024G,75.3,2
3879,1830.0,2005,2023G,71.1,2
3880,1181.0,2011,2023E,75.6,2
3881,2274.0,2119,2023E,73.8,3
3882,2508.0,2023,2024E,82.2,3
3883,1637.0,2004,2022E,73.2,2
3884,1204.0,2012,2023E,80.4,2
3885,1329.0,2174,2024E,74.4,3
3886,2117.0,2090,2024G,75.9,3
3887,1811.0,2008,2023E,79.6,2
3888,1245.0,2103,2023E,79.8,3
3889,1790.0,2011,2024E,88.5,2
3890,1138.0,2007,2022E,92.3,2
3891,1802.0,2004,2022E,81.8,2
3892,2598.0,2052,2024G,48.1,2
3893,1052.0,2032,2022E,82.4,2
3894,2037.0,2004,2023E,77.4,2
3895,2091.0,2064,2024E,74.6,2
3896,1329.0,2163,2023G,77.3,3
3897,1772.0,2119,2022E,70.2,3
3898,1001.0,2018,2021G,89.4,3
3899,1807.0,2165,2024E,81.3,3
3900,1140.0,2053,2021E,91.5,3
3901,1690.0,2094,2023E,76.7,3
3902,2387.0,2183,2023E,85.3,3
3903,1059.0,2013,2024G,75.3,2
3904,2140.0,2002,2023G,77.9,2
3905,1938.0,2026,2024G,78.3,3
3906,1175.0,2094,2022E,85.6,3
3907,1774.0,2009,2024G,81.0,2
3908,1456.0,2026,2023G,72.1,3
3909,2483.0,2018,2024G,63.7,3
3910,1526.0,2039,2024E,88.1,3
3911,1668.0,2008,2023E,83.5,2
3912,2531.0,2054,2024E,76.8,3
3913,1790.0,2001,2022G,70.5,2
3914,1059.0,2036,2023G,70.1,2
3915,2103.0,2003,2023E,71.7,2
3916,1262.0,2115,2021G,93.0,3
3917,1360.0,2174,2024E,86.0,3
3918,1872.0,2189,2023E,78.3,3
3919,1478.0,2029,2023E,77.2,3
3920,1803.0,2147,2022G,72.0,3
3921,1677.0,2093,2023E,79.9,3
3922,1561.0,2055,2022E,87.2,3
3923,2579.0,2004,2024E,89.7,2
3924,2608.0,2003,2024E,81.8,2
3925,1049.0,2011,2023E,78.3,2
3926,1176.0,2003,2021E,96.4,2
3927,2426.0,2004,2024E,62.5,2
3928,1232.0,2084,2021G,77.5,2
3929,1097.0,2071,2023E,77.9,3
3930,1366.0,2148,2021G,87.0,2
3931,2495.0,2022,2024E,87.3,3
3932,2821.0,2148,2024G,75.8,2
3933,2830.0,2004,2024E,66.9,2
3934,1400.0,2180,2021G,76.5,2
3935,2290.0,2005,2024G,70.2,2
3936,1705.0,2006,2023G,90.1,2
3937,1295.0,2115,2021G,71.1,3
3938,2078.0,2004,2023E,70.9,2
3939,1557.0,2067,2024G,74.0,3
3940,1872.0,2185,2023G,78.5,3
3941,1603.0,2001,2022G,75.5,2
3942,1022.0,2001,2021G,85.8,2
3943,2578.0,2004,2024E,71.6,2
3944,1227.0,2012,2023E,73.9,2
3945,2395.0,2183,2023E,68.0,3
3946,1764.0,2128,2023E,65.3,2
3947,1835.0,2004,2022E,63.9,2
3948,1394.0,2012,2023E,96.7,2
3949,2213.0,2115,2023G,76.4,3
3950,2508.0,2002,2024G,86.8,2
3951,2279.0,2121,2024G,89.7,3
3952,2208.0,2115,2023G,89.4,3
3953,1286.0,2010,2023G,79.1,2
3954,1783.0,2113,2022G,96.4,3
3955,1674.0,2088,2022E,78.0,2
3956,1350.0,2164,2023G,77.6,2
3957,2370.0,2186,2024G,60.1,3
3958,1763.0,2134,2024E,85.0,3
3959,1131.0,2065,2023G,79.1,3
3960,1713.0,2009,2024G,81.8,2
3961,1708.0,2001,2022G,88.2,2
3962,1563.0,2065,2024G,67.4,3
3963,1045.0,2023,2021E,95.9,3
3964,1897.0,2181,2022E,66.0,3
3965,2125.0,2095,2024E,78.1,3
3966,1834.0,2157,2023E,87.6,3
3967,1811.0,2158,2023E,68.3,3
3968,1728.0,2124,2023G,81.5,2
3969,1061.0,2020,2021G,91.0,2
3970,1009.0,2045,2024E,69.3,3
3971,1799.0,2002,2022G,66.9,2
3972,2248.0,2117,2023E,77.3,3
3973,2208.0,2005,2024G,78.2,2
3974,2210.0,2113,2023G,79.5,3
3975,1884.0,2177,2022G,80.9,3
3976,1247.0,2005,2022G,80.9,2
3977,1270.0,2007,2022E,70.1,2
3978,1397.0,2183,2021E,84.4,3
3979,1598.0,2067,2024G,96.6,3
3980,2426.0,2001,2024G,79.3,2
3981,2844.0,2146,2024G,79.7,3
3982,1661.0,2011,2024E,80.0,2
3983,1349.0,2148,2021G,68.2,2
3984,1576.0,2057,2023G,67.1,3
3985,1423.0,2200,2023E,97.0,2
3986,1872.0,2003,2022E,75.2,2
3987,1174.0,2091,2022G,83.8,3
3988,1461.0,2030,2023E,76.4,3
3989,2297.0,2004,2023E,82.4,2
3990,1039.0,2018,2021G,63.5,3
3991,2335.0,2147,2023G,71.1,3
3992,1673.0,2097,2024G,75.1,3
3993,2274.0,2001,2023G,81.4,2
3994,1560.0,2009,2024G,81.3,2
3995,1942.0,2022,2023E,75.3,3
3996,2214.0,2127,2024E,72.3,3
3997,2290.0,2151,2023E,78.3,3
3998,1656.0,2099,2024G,72.4,3
3999,1403.0,2001,2021G,86.5,2
4000,2148.0,2090,2024G,75.1,3
4001,2292.0,2149,2023E,63.8,3
4002,1576.0,2054,2022E,72.3,3
4003,1876.0,2184,2022E,76.6,2
4004,1208.0,2098,2023G,94.5,3
4005,2694.0,2001,2024G,81.8,2
4006,1049.0,2025,2022G,78.3,3
4007,1329.0,2149,2021E,84.8,3
4008,2474.0,2022,2024E,81.7,3
4009,1675.0,2092,2023G,73.0,2
4010,1020.0,2041,2024G,78.0,3
4011,2015.0,2028,2024G,98.4,2
4012,1400.0,2178,2021G,78.1,3
4013,1790.0,2007,2023E,72.9,2
4014,1292.0,2124,2022G,84.4,2
4015,1335.0,2162,2023G,77.4,3
4016,1603.0,2066,2024G,83.5,3
4017,2047.0,2063,2024E,79.8,3
4018,1045.0,2005,2022G,92.9,2
4019,2763.0,2004,2024E,79.0,2
4020,2476.0,2001,2024G,84.7,2
4021,1388.0,2011,2023E,91.6,2
4022,2314.0,2156,2024G,79.3,2
4023,1043.0,2012,2023E,77.2,2
4024,1354.0,2176,2024E,72.5,2
4025,1395.0,2003,2021E,70.3,2
4026,2346.0,2158,2024E,71.8,3
4027,2407.0,2191,2024E,63.5,3
4028,1009.0,2005,2022G,60.8,2
4029,1366.0,2001,2021G,79.4,2
4030,1555.0,2057,2023G,80.0,3
4031,1069.0,2018,2021G,86.8,3
4032,1557.0,2056,2022E,87.5,2
4033,2818.0,2148,2024G,68.4,2
4034,1388.0,2014,2024G,90.4,2
4035,1224.0,2098,2023G,77.0,3
4036,2436.0,2019,2024G,89.5,3
4037,2652.0,2083,2024G,65.8,3
4038,1039.0,2030,2022E,59.9,3
4039,1890.0,2007,2023E,79.0,2
4040,1823.0,2145,2022G,70.8,3
4041,1369.0,2149,2021E,78.4,3
4042,1290.0,2012,2023E,96.2,2
4043,2858.0,2003,2024E,71.3,2
4044,2276.0,2121,2024G,76.4,3
4045,1728.0,2006,2023G,86.1,2
4046,1369.0,2151,2021E,72.9,3
4047,1381.0,2163,2023G,75.4,3
4048,2898.0,2177,2024G,74.1,3
4049,1676.0,2082,2022G,85.8,3
4050,1544.0,2055,2022E,87.1,3
4051,1293.0,2003,2021E,75.7,2
4052,2155.0,2005,2024G,82.6,2
4053,1673.0,2084,2022G,83.2,2
4054,2244.0,2114,2023G,79.2,3
4055,1509.0,2011,2024E,79.0,2
4056,1677.0,2089,2023G,73.3,3
4057,1544.0,2057,2023G,78.4,3
4058,1061.0,2041,2024G,74.4,3
4059,1991.0,2002,2023G,78.9,2
4060,1069.0,2025,2022G,75.7,3
4061,1350.0,2147,2021G,83.2,3
4062,1665.0,2100,2024G,74.9,2
4063,2088.0,2057,2024G,76.9,3
4064,1329.0,2172,2024G,70.1,2
4065,1176.0,2016,2024E,94.7,2
4066,1176.0,2091,2022G,81.0,3
4067,1526.0,2024,2022E,68.3,2
4068,1679.0,2006,2023G,85.9,2
4069,1707.0,2097,2024G,75.5,3
4070,1045.0,2001,2021G,86.7,2
4071,1708.0,2009,2024G,69.6,2
4072,1397.0,2008,2022E,82.8,2
4073,2337.0,2005,2024G,91.3,2
4074,2476.0,2017,2024G,76.6,3
4075,1507.0,2036,2024G,71.7,2
4076,1677.0,2088,2022E,87.7,2
4077,1290.0,2001,2021G,78.9,2
4078,1059.0,2008,2022E,69.3,2
4079,2267.0,2113,2023G,76.8,3
4080,1668.0,2098,2024G,69.8,3
4081,1426.0,2190,2022E,89.6,3
4082,2339.0,2150,2023E,74.2,3
4083,1041.0,2003,2021E,97.5,2
4084,2719.0,2120,2024E,76.5,2
4085,1568.0,2053,2022E,71.5,3
4086,2325.0,2008,2024E,82.7,2
4087,2923.0,2004,2024E,70.7,2
4088,1245.0,2104,2023E,73.9,2
4089,2421.0,2189,2024E,84.0,3
4090,1324.0,2166,2023E,76.3,3
4091,1478.0,2031,2023E,77.9,3
4092,1426.0,2015,2024E,89.6,6
4093,1307.0,2132,2023G,81.0,2
4094,2734.0,2118,2024E,77.7,3
4095,1023.0,2020,2021G,70.5,2
4096,2047.0,2061,2024E,87.6,3
4097,2248.0,2003,2023E,77.3,2
4098,1074.0,2029,2022E,66.1,3
4099,1292.0,2141,2024E,93.5,3
4100,1366.0,2159,2022E,82.4,3
4101,1491.0,2007,2023E,60.4,2
4102,1699.0,2092,2023G,70.5,2
4103,2906.0,2178,2024G,66.0,3
4104,2070.0,2060,2024G,69.4,2
4105,1160.0,2056,2021E,86.4,2
4106,2781.0,2119,2024E,87.6,3
4107,1557.0,2066,2024G,80.4,3
4108,1587.0,2062,2023E,75.4,3
4109,2490.0,2002,2024G,94.9,2
4110,2409.0,2179,2023G,69.5,3
4111,1357.0,2170,2024G,79.0,3
4112,2243.0,2117,2023E,74.8,3
4113,1149.0,2068,2023G,88.1,2
4114,2106.0,2050,2023G,70.7,3
4115,1423.0,2197,2023E,85.6,3
4116,1394.0,2008,2022E,87.0,2
4117,1555.0,2001,2022G,92.1,2
4118,1274.0,2127,2022E,83.2,3
4119,1834.0,2160,2023E,64.1,2
4120,1238.0,2003,2021E,72.9,2
4121,1400.0,2015,2024E,79.4,6
4122,2395.0,2191,2024E,76.0,3
4123,1879.0,2192,2023E,57.2,2
4124,1350.0,2158,2022E,80.7,3
4125,1022.0,2023,2021E,70.1,3
4126,2387.0,2008,2024E,73.3,2
4127,1284.0,2004,2021E,80.4,2
4128,2320.0,2150,2023E,68.7,3
4129,1959.0,2003,2023E,83.8,2
4130,1778.0,2124,2023G,70.9,2
4131,1586.0,2065,2024G,60.2,3
4132,2665.0,2001,2024G,90.3,2
4133,1746.0,2120,2022E,63.7,2
4134,1491.0,2027,2023G,60.3,3
4135,1774.0,2113,2022G,72.6,3
4136,1031.0,2007,2022E,77.2,2
4137,1204.0,2006,2022G,72.8,2
4138,1940.0,2020,2023G,82.7,2
4139,2050.0,2064,2024E,66.1,2
4140,2927.0,2181,2024E,88.1,3
4141,1799.0,2161,2024G,69.3,3
4142,1284.0,2002,2021G,80.8,2
4143,1886.0,2188,2023G,78.0,2
4144,2239.0,2116,2023G,88.1,2
4145,1781.0,2117,2022E,89.1,3
4146,1355.0,2010,2023G,72.6,2
4147,1474.0,2027,2023G,70.7,3
4148,1642.0,2097,2024G,68.3,3
4149,1551.0,2050,2022G,72.4,3
4150,1357.0,2166,2023E,81.0,3
4151,1597.0,2062,2023E,76.6,3
4152,1426.0,2206,2024E,81.4,3
4153,2932.0,2182,2024E,55.7,3
4154,2148.0,2091,2024G,72.2,3
4155,1525.0,2021,2022E,80.9,3
4156,1922.0,2199,2024E,64.7,3
4157,1274.0,2015,2024E,73.7,6
4158,2310.0,2160,2024E,92.4,2
4159,1876.0,2199,2024E,68.4,3
4160,1797.0,2152,2022E,73.0,2
4161,2059.0,2002,2023G,68.7,2
4162,1328.0,2013,2024G,68.6,2
4163,2148.0,2084,2023G,63.7,2
4164,2616.0,2055,2024E,65.0,3
4165,1436.0,2207,2024E,80.6,3
4166,2781.0,2002,2024G,74.0,2
4167,1380.0,2162,2023G,76.1,3
4168,1317.0,2127,2022E,75.7,3
4169,1560.0,2001,2022G,82.8,2
4170,1800.0,2147,2022G,85.6,3
4171,2056.0,2008,2024E,61.9,2
4172,2274.0,2124,2024G,71.8,2
4173,2071.0,2050,2023G,87.0,3
4174,1637.0,2002,2022G,59.8,2
4175,1713.0,2001,2022G,71.5,2
4176,1940.0,2030,2024E,70.0,3
4177,1181.0,2109,2024E,71.5,3
4178,2748.0,2115,2024G,82.9,3
4179,2110.0,2055,2023E,88.5,3
4180,1271.0,2144,2024E,52.0,2
4181,1774.0,2135,2024E,91.8,3
4182,1045.0,2045,2024E,82.4,3
4183,2577.0,2055,2024E,78.9,3
4184,2106.0,2056,2023E,88.1,2
4185,1676.0,2102,2024E,67.0,3
4186,1478.0,2001,2022G,76.2,2
4187,1598.0,2068,2024G,83.1,2
4188,2325.0,2160,2024E,76.1,2
4189,2731.0,2002,2024G,79.8,2
4190,1224.0,2016,2024E,92.2,2
4191,1022.0,2021,2021E,78.6,3
4192,1564.0,2067,2024G,75.9,3
4193,2329.0,2008,2024E,93.5,2
4194,1001.0,2042,2024G,82.8,3
4195,1467.0,2035,2024G,63.2,3
4196,1369.0,2153,2022G,78.4,3
4197,1719.0,2123,2023G,71.1,3
4198,2553.0,2001,2024G,73.0,2
4199,1049.0,2002,2021G,84.6,2
4200,1719.0,2120,2022E,77.5,2
4201,1466.0,2010,2024G,96.3,2
4202,1563.0,2007,2023E,74.0,2
4203,2490.0,2003,2024E,91.8,2
4204,2714.0,2003,2024E,91.5,2
4205,1705.0,2088,2022E,69.8,2
4206,1665.0,2004,2022E,73.5,2
4207,2501.0,2003,2024E,74.6,2
4208,1426.0,2016,2024E,90.0,2
4209,2748.0,2114,2024G,72.8,3
4210,1138.0,2067,2023G,91.5,3
4211,1284.0,2115,2021G,72.4,3
4212,2133.0,2007,2024E,88.2,2
4213,2065.0,2059,2024G,78.7,3
4214,1695.0,2005,2023G,88.7,2
4215,1699.0,2002,2022G,74.3,2
4216,1589.0,2065,2024G,55.5,3
4217,1674.0,2084,2022G,81.0,2
4218,2043.0,2008,2024E,80.8,2
4219,1354.0,2147,2021G,85.5,3
4220,1232.0,2108,2024G,68.0,2
4221,1786.0,2007,2023E,64.6,2
4222,1069.0,2032,2022E,78.0,2
4223,1367.0,2013,2024G,80.0,2
4224,1461.0,2020,2022G,79.8,2
4225,1265.0,2134,2023E,92.0,3
4226,2191.0,2085,2023E,82.1,3
4227,2132.0,2001,2023G,75.3,2
4228,1290.0,2143,2024E,82.9,3
4229,1707.0,2007,2023E,81.5,2
4230,2008.0,2028,2024G,93.8,2
4231,2724.0,2001,2024G,93.2,2
4232,1204.0,2110,2024E,80.0,3
4233,1986.0,2025,2024G,73.0,3
4234,1848.0,2162,2024G,74.4,3
4235,2882.0,2182,2024E,68.9,3
4236,1830.0,2009,2024G,54.0,2
4237,2562.0,2049,2024G,66.2,3
4238,1138.0,2077,2024E,69.8,3
4239,1140.0,2071,2023E,81.8,3
4240,1719.0,2130,2024G,80.8,3
4241,1642.0,2087,2022E,82.2,3
4242,1175.0,2099,2023G,83.2,3
4243,2125.0,2091,2024G,82.9,3
4244,1821.0,2004,2022E,78.9,2
4245,1087.0,2003,2021E,82.8,2
4246,1679.0,2087,2022E,76.5,3
4247,1509.0,2017,2022G,90.6,3
4248,1691.0,2004,2022E,77.9,2
4249,1156.0,2015,2024E,73.0,6
4250,2095.0,2053,2023E,90.7,3
4251,2342.0,2005,2024G,83.4,2
4252,1341.0,2153,2022G,75.9,3
4253,1961.0,2022,2023E,78.6,3
4254,1001.0,2034,2023G,77.9,3
4255,1603.0,2065,2024G,85.6,3
4256,1589.0,2050,2022G,69.4,3
4257,2927.0,2003,2024E,87.0,2
4258,1210.0,2110,2024E,61.4,3
4259,1049.0,2036,2023G,73.7,2
4260,1094.0,2058,2022G,57.1,3
4261,2348.0,2155,2024G,79.0,3
4262,2407.0,2179,2023G,76.1,3
4263,1474.0,2010,2024G,87.3,2
4264,2382.0,2002,2023G,85.8,2
4265,2140.0,2086,2023E,69.5,3
4266,1250.0,2088,2021E,61.4,2
4267,2109.0,2060,2024G,81.9,2
4268,2212.0,2126,2024E,64.7,3
4269,1250.0,2103,2023E,58.7,3
4270,1486.0,2009,2024G,75.1,2
4271,1061.0,2022,2021E,79.7,3
4272,1568.0,2055,2022E,59.9,3
4273,2325.0,2001,2023G,91.4,2
4274,2434.0,2020,2024G,89.5,2
4275,2342.0,2001,2023G,71.1,2
4276,1034.0,2005,2022G,86.2,2
4277,1467.0,2018,2022G,68.8,3
4278,1204.0,2112,2024E,62.9,2
4279,1138.0,2051,2021G,89.6,3
4280,2398.0,2192,2024E,78.8,2
4281,1355.0,2153,2022G,88.7,3
4282,1610.0,2058,2023G,83.6,3
4283,2103.0,2063,2024E,68.0,3
4284,2589.0,2052,2024G,70.0,2
4285,1025.0,2045,2024E,66.3,3
4286,1690.0,2009,2024G,95.9,2
4287,2560.0,2049,2024G,70.4,3
4288,1699.0,2081,2022G,82.1,3
4289,2387.0,2188,2024G,85.5,2
4290,1717.0,2128,2023E,78.5,2
4291,1177.0,2083,2021G,80.1,3
4292,2140.0,2005,2024G,87.1,2
4293,2407.0,2005,2024G,63.2,2
4294,1544.0,2051,2022G,90.6,3
4295,1403.0,2196,2023G,78.6,2
4296,1540.0,2034,2024G,91.3,3
4297,1780.0,2116,2022G,64.7,2
4298,1786.0,2123,2023G,73.4,3
4299,1509.0,2031,2023E,75.3,3
4300,2027.0,2057,2024G,84.1,3
4301,2697.0,2088,2024E,73.1,2
4302,1019.0,2014,2024G,93.1,2
4303,1897.0,2011,2024E,71.5,2
4304,2843.0,2004,2024E,82.1,2
4305,2140.0,2081,2023G,75.7,3
4306,2318.0,2001,2023G,76.5,2
4307,1131.0,2055,2021E,85.5,3
4308,1122.0,2071,2023E,68.3,3
4309,1708.0,2003,2022E,72.6,2
4310,1341.0,2001,2021G,74.5,2
4311,1034.0,2046,2024E,83.1,3
4312,2224.0,2125,2024E,70.0,3
4313,2413.0,2005,2024G,76.3,2
4314,1164.0,2008,2022E,82.2,2
4315,1149.0,2010,2023G,81.3,2
4316,2318.0,2154,2024G,70.6,3
4317,1359.0,2008,2022E,85.2,2
4318,1632.0,2003,2022E,85.3,2
4319,1370.0,2146,2021G,70.6,3
4320,2565.0,2052,2024G,83.9,2
4321,1140.0,2069,2023E,85.9,3
4322,1388.0,2207,2024E,94.5,3
4323,1034.0,2009,2023G,87.1,2
4324,2672.0,2083,2024G,80.3,3
4325,1013.0,2043,2024G,79.2,3
4326,1061.0,2039,2023E,85.3,3
4327,2832.0,2001,2024G,72.4,2
4328,1359.0,2013,2024G,93.5,2
4329,1423.0,2187,2022G,79.4,3
4330,1777.0,2129,2024G,74.1,3
4331,1668.0,2002,2022G,75.9,2
4332,1462.0,2009,2024G,79.7,2
4333,2693.0,2001,2024G,74.2,2
4334,1286.0,2120,2021E,78.8,2
4335,1181.0,2005,2022G,70.0,2
4336,1481.0,2018,2022G,78.4,3
4337,1360.0,2145,2021G,78.9,3
4338,2342.0,2002,2023G,78.5,2
4339,2310.0,2002,2023G,87.9,2
4340,1232.0,2091,2022G,78.3,3
4341,1324.0,2013,2024G,75.5,2
4342,1884.0,2199,2024E,77.9,3
4343,1034.0,2045,2024E,87.8,3
4344,1705.0,2104,2024E,78.7,2
4345,1093.0,2013,2024G,83.7,2
4346,2149.0,2005,2024G,62.1,2
4347,1541.0,2068,2024G,67.6,2
4348,1901.0,2183,2022E,85.3,3
4349,2310.0,2153,2024G,75.3,3
4350,2133.0,2001,2023G,91.0,2
4351,1122.0,2076,2024G,62.2,2
4352,2149.0,2093,2024E,60.2,3
4353,2821.0,2003,2024E,85.3,2
4354,1149.0,2080,2024E,68.2,2
4355,1156.0,2054,2021E,77.6,3
4356,1411.0,2014,2024G,79.9,2
4357,1355.0,2002,2021G,100.0,2
4358,1250.0,2082,2021G,67.0,3
4359,2008.0,2021,2023E,88.0,3
4360,2657.0,2086,2024E,83.5,3
4361,1525.0,2039,2024E,86.1,3
4362,2531.0,2050,2024G,77.0,3
4363,1232.0,2016,2024E,77.5,2
4364,1777.0,2133,2024E,80.9,3
4365,1290.0,2133,2023E,81.7,3
4366,1023.0,2006,2022G,79.0,2
4367,1181.0,2110,2024E,69.5,3
4368,2437.0,2023,2024E,88.7,3
4369,1717.0,2126,2023E,82.8,3
4370,1423.0,2190,2022E,94.0,3
4371,2248.0,2126,2024E,77.7,3
4372,1695.0,2009,2024G,66.9,2
4373,1252.0,2125,2022E,69.9,3
4374,2423.0,2002,2023G,57.5,2
4375,2423.0,2179,2023G,66.3,3
4376,1922.0,2189,2023E,87.0,3
4377,1149.0,2049,2021G,83.6,3
4378,1593.0,2062,2023E,58.0,3
4379,1584.0,2050,2022G,74.6,3
4380,2250.0,2119,2023E,79.6,3
4381,2866.0,2002,2024G,66.6,2
4382,2107.0,2052,2023G,100.0,2
4383,1395.0,2009,2023G,58.1,2
4384,1507.0,2031,2023E,74.1,3
4385,2290.0,2160,2024E,77.3,2
4386,1307.0,2123,2022G,79.5,3
4387,1623.0,2060,2023G,81.6,2
4388,2342.0,2153,2024G,69.0,3
4389,2348.0,2158,2024E,74.6,3
4390,2276.0,2006,2024G,81.9,2
4391,1610.0,2008,2023E,70.6,2
4392,1834.0,2162,2024G,71.0,3
4393,1328.0,2012,2023E,66.8,2
4394,1290.0,2124,2022G,92.4,2
4395,2325.0,2150,2023E,78.5,3
4396,1175.0,2098,2023G,90.1,3
4397,2748.0,2116,2024G,66.5,2
4398,1642.0,2001,2022G,82.3,2
4399,2335.0,2005,2024G,75.9,2
4400,2248.0,2113,2023G,80.2,3
4401,1830.0,2151,2022E,76.1,3
4402,2325.0,2146,2023G,82.3,3
4403,1623.0,2053,2022E,78.3,3
4404,1364.0,2166,2023E,65.0,3
4405,2731.0,2117,2024E,72.0,3
4406,1045.0,2031,2022E,87.0,3
4407,2595.0,2056,2024E,85.0,2
4408,1293.0,2128,2022E,75.3,2
4409,2175.0,2084,2023G,69.6,2
4410,2932.0,2184,2024E,67.6,2
4411,2130.0,2093,2024E,63.5,3
4412,2126.0,2090,2024G,66.6,3
4413,1564.0,2010,2024G,84.9,2
4414,2474.0,2020,2024G,84.9,2
4415,2250.0,2006,2024G,63.2,2
4416,2106.0,2008,2024E,77.3,2
4417,2043.0,2055,2023E,81.6,3
4418,1823.0,2159,2023E,70.2,3
4419,1632.0,2101,2024E,74.4,3
4420,1015.0,2042,2024G,62.2,3
4421,2652.0,2003,2024E,59.3,2
4422,2231.0,2120,2023E,82.0,2
4423,1252.0,2142,2024E,61.0,3
4424,2209.0,2002,2023G,80.6,2
4425,1693.0,2098,2024G,99.2,3
4426,1676.0,2101,2024E,87.0,3
4427,1370.0,2157,2022E,88.8,3
4428,2348.0,2149,2023E,73.5,3
4429,2066.0,2003,2023E,70.3,2
4430,1598.0,2051,2022G,97.1,3
4431,2538.0,2003,2024E,90.2,2
4432,1610.0,2069,2024E,73.2,3
4433,2697.0,2084,2024G,74.2,2
4434,1603.0,2002,2022G,81.6,2
4435,2457.0,2024,2024E,76.3,2
4436,1088.0,2011,2023E,95.0,2
4437,1354.0,2150,2021E,85.8,3
4438,1265.0,2138,2024G,86.7,3
4439,1632.0,2097,2024G,70.4,3
4440,1940.0,2018,2023G,69.9,3
4441,1370.0,2005,2022G,82.9,2
4442,1350.0,2145,2021G,95.2,3
4443,1507.0,2019,2022G,75.9,3
4444,2178.0,2005,2024G,90.4,2
4445,1041.0,2031,2022E,68.7,3
4446,2900.0,2177,2024G,74.5,3
4447,1541.0,2003,2022E,79.4,2
4448,1570.0,2055,2022E,63.5,3
4449,2715.0,2002,2024G,88.2,2
4450,2467.0,2002,2024G,91.6,2
4451,2436.0,2018,2024G,88.3,3
4452,1679.0,2098,2024G,77.4,3
4453,2509.0,2001,2024G,76.3,2
4454,1802.0,2003,2022E,86.6,2
4455,2081.0,2007,2024E,87.9,2
4456,1922.0,2005,2023G,65.6,2
4457,1150.0,2077,2024E,67.3,3
4458,1945.0,2022,2023E,74.1,3
4459,2133.0,2081,2023G,74.4,3
4460,1764.0,2124,2023G,81.8,2
4461,2421.0,2180,2023G,88.3,2
4462,2071.0,2052,2023G,87.4,2
4463,1781.0,2127,2023E,72.5,3
4464,1403.0,2192,2022E,95.2,2
4465,1830.0,2004,2022E,85.9,2
4466,1380.0,2015,2024E,90.4,6
4467,2140.0,2092,2024G,67.9,2
4468,1779.0,2113,2022G,76.9,3
4469,1085.0,2040,2023E,75.2,2
4470,1411.0,2013,2024G,89.9,2
4471,2508.0,2001,2024G,86.3,2
4472,1560.0,2057,2023G,82.7,3
4473,1208.0,2085,2021E,70.9,3
4474,2389.0,2007,2024E,95.0,2
4475,1355.0,2001,2021G,100.0,2
4476,2572.0,2052,2024G,86.5,2
4477,2595.0,2053,2024E,75.5,3
4478,1395.0,2190,2022E,59.8,3
4479,1709.0,2093,2023E,78.7,3
4480,2809.0,2151,2024E,76.1,3
4481,2276.0,2123,2024G,81.4,3
4482,1052.0,2034,2023G,82.2,3
4483,2224.0,2120,2023E,81.9,2
4484,1668.0,2093,2023E,75.7,3
4485,1603.0,2005,2023G,83.8,2
4486,2299.0,2001,2023G,90.0,2
4487,1800.0,2146,2022G,74.5,3
4488,1823.0,2008,2023E,86.4,2
4489,1563.0,2050,2022G,76.9,3
4490,2267.0,2126,2024E,76.6,3
4491,1023.0,2029,2022E,66.4,3
4492,2314.0,2159,2024E,82.2,3
4493,1380.0,2007,2022E,71.8,2
4494,2370.0,2192,2024E,69.0,2
4495,2012.0,2032,2024E,60.6,2
4496,2801.0,2152,2024E,79.5,2
4497,1388.0,2005,2022G,84.2,2
4498,2421.0,2190,2024E,74.3,3
4499,2222.0,2003,2023E,71.4,2
4500,1783.0,2128,2023E,83.8,2
4501,1394.0,2190,2022E,82.2,3
4502,1561.0,2061,2023E,76.8,3
4503,2860.0,2152,2024E,70.5,2
4504,2913.0,2177,2024G,89.5,3
4505,1695.0,2087,2022E,89.1,3
4506,2109.0,2053,2023E,70.7,3
4507,2047.0,2006,2024G,89.1,2
4508,1709.0,2011,2024E,78.7,2
4509,1335.0,2007,2022E,57.9,2
4510,1886.0,2194,2024G,92.8,3
4511,1359.0,2146,2021G,77.3,3
4512,1370.0,2155,2022G,73.6,3
4513,1901.0,2179,2022G,84.6,3
4514,1807.0,2157,2023E,88.0,3
4515,1031.0,2037,2023E,79.0,3
4516,2130.0,2089,2024G,61.2,3
4517,1247.0,2086,2021E,76.2,3
4518,1403.0,2193,2023G,67.8,3
4519,1441.0,2177,2021G,81.0,3
4520,1816.0,2150,2022E,75.1,3
4521,2457.0,2003,2024E,67.7,2
4522,2616.0,2002,2024G,72.7,2
4523,1286.0,2143,2024E,74.4,3
4524,2337.0,2004,2023E,77.3,2
4525,1245.0,2014,2024G,87.9,2
4526,2077.0,2004,2023E,79.7,2
4527,1262.0,2133,2023E,84.1,3
4528,1359.0,2005,2022G,81.9,2
4529,1959.0,2001,2023G,65.2,2
4530,2214.0,2122,2024G,67.9,3
4531,1674.0,2009,2024G,80.8,2
4532,1922.0,2177,2022G,67.2,3
4533,2855.0,2001,2024G,80.2,2
4534,2325.0,2002,2023G,87.4,2
4535,1360.0,2004,2021E,75.2,2
4536,2077.0,2008,2024E,84.0,2
4537,2179.0,2087,2023E,93.3,3
4538,1588.0,2060,2023G,75.6,2
4539,1403.0,2185,2022G,81.1,3
4540,2409.0,2187,2024G,71.4,3
4541,2083.0,2050,2023G,80.6,3
4542,1557.0,2058,2023G,81.7,3
4543,1245.0,2002,2021G,91.6,2
4544,1570.0,2051,2022G,71.0,3
4545,2829.0,2152,2024E,69.9,2
4546,1623.0,2065,2024G,85.9,3
4547,1708.0,2082,2022G,87.3,3
4548,2348.0,2151,2023E,86.8,3
4549,2023.0,2051,2023G,88.5,3
4550,2697.0,2001,2024G,71.1,2
4551,1945.0,2019,2023G,95.6,3
4552,1823.0,2148,2022G,62.3,2
4553,2182.0,2093,2024E,62.5,3
4554,1174.0,2084,2021G,100.0,2
4555,1526.0,2034,2024G,83.2,3
4556,2735.0,2004,2024E,87.1,2
4557,1656.0,2102,2024E,77.4,3
4558,1436.0,2205,2024E,90.7,3
4559,1551.0,2005,2023G,87.5,2
4560,2877.0,2182,2024E,78.9,3
4561,2395.0,2182,2023E,63.4,3
4562,1156.0,2003,2021E,71.1,2
4563,1616.0,2055,2022E,75.2,3
4564,1687.0,2086,2022E,65.1,3
4565,1462.0,2040,2024E,63.1,2
4566,1874.0,2199,2024E,78.9,3
4567,2846.0,2151,2024E,86.2,3
4568,1876.0,2003,2022E,82.5,2
4569,2548.0,2002,2024G,75.8,2
4570,1122.0,2077,2024E,71.7,3
4571,1013.0,2018,2021G,81.6,3
4572,1705.0,2100,2024G,70.3,2
4573,2482.0,2018,2024G,91.5,3
4574,1555.0,2052,2022G,100.0,2
4575,1679.0,2093,2023E,87.0,3
4576,1486.0,2017,2022G,61.7,3
4577,2367.0,2190,2024E,87.3,3
4578,1616.0,2001,2022G,85.3,2
4579,1623.0,2059,2023G,67.5,3
4580,1177.0,2099,2023G,81.1,3
4581,1350.0,2150,2021E,67.4,3
4582,1019.0,2007,2022E,85.3,2
4583,1204.0,2087,2021E,69.4,3
4584,2267.0,2006,2024G,83.0,2
4585,1995.0,2001,2023G,66.9,2
4586,1224.0,2107,2024G,74.5,3
4587,1526.0,2026,2023G,78.2,3
4588,1210.0,2007,2022E,70.1,2
4589,1803.0,2154,2023G,54.6,3
4590,1284.0,2010,2023G,83.7,2
4591,1676.0,2096,2023E,84.1,2
4592,1426.0,2188,2022G,95.1,2
4593,1677.0,2102,2024E,77.5,3
4594,1027.0,2040,2023E,89.9,2
4595,1807.0,2007,2023E,80.4,2
4596,2071.0,2003,2023E,84.6,2
4597,2274.0,2118,2023E,71.1,3
4598,2846.0,2002,2024G,80.3,2
4599,1874.0,2001,2022G,83.8,2
4600,2851.0,2147,2024G,97.3,3
4601,2279.0,2114,2023G,90.6,3
4602,2888.0,2004,2024E,76.5,2
4603,2897.0,2184,2024E,76.3,2
4604,2504.0,2003,2024E,80.0,2
4605,2043.0,2056,2023E,75.0,2
4606,2310.0,2005,2024G,80.7,2
4607,1349.0,2154,2022G,77.1,3
4608,2340.0,2006,2024G,84.9,2
4609,1995.0,2008,2024E,75.1,2
4610,1049.0,2013,2024G,81.2,2
4611,1778.0,2115,2022G,79.1,3
4612,1466.0,2024,2022E,84.3,2
4613,1456.0,2005,2023G,91.8,2
4614,1045.0,2041,2024G,85.7,3
4615,1094.0,2011,2023E,75.3,2
4616,2299.0,2148,2023G,88.2,2
4617,2580.0,2004,2024E,70.4,2
4618,1709.0,2003,2022E,65.2,2
4619,2715.0,2081,2024G,77.1,3
4620,1560.0,2004,2022E,87.9,2
4621,2056.0,2063,2024E,59.0,3
4622,2041.0,2002,2023G,68.2,2
4623,2809.0,2003,2024E,87.4,2
4624,2267.0,2119,2023E,78.3,3
4625,2325.0,2153,2024G,77.4,3
4626,1544.0,2070,2024E,91.2,3
4627,2117.0,2092,2024G,66.3,2
4628,2839.0,2145,2024G,73.8,3
4629,1940.0,2017,2023G,71.2,3
4630,1940.0,2032,2024E,80.1,2
4631,1235.0,2112,2024E,74.6,2
4632,1088.0,2013,2024G,76.7,2
4633,2191.0,2096,2024E,79.3,2
4634,2092.0,2061,2024E,77.9,3
4635,2299.0,2008,2024E,77.8,2
4636,1064.0,2040,2023E,68.7,2
4637,1001.0,2045,2024E,89.0,3
4638,2897.0,2004,2024E,81.9,2
4639,1986.0,2018,2023G,79.0,3
4640,1676.0,2097,2024G,81.2,3
4641,1823.0,2167,2024E,63.4,3
4642,1395.0,2188,2022G,73.0,2
4643,1467.0,2028,2023G,82.9,2
4644,2897.0,2001,2024G,73.8,2
4645,1746.0,2118,2022E,69.8,3
4646,2107.0,2054,2023E,76.1,3
4647,2740.0,2120,2024E,70.4,2
4648,2340.0,2160,2024E,92.7,2
4649,2939.0,2004,2024E,82.0,2
4650,2913.0,2183,2024E,85.3,3
4651,1876.0,2187,2023G,72.6,3
4652,1043.0,2021,2021E,91.6,3
4653,2037.0,2064,2024E,81.0,2
4654,1507.0,2010,2024G,94.2,2
4655,1795.0,2010,2024G,84.4,2
4656,1633.0,2102,2024E,64.1,3
4657,2106.0,2055,2023E,69.2,3
4658,1717.0,2121,2023G,67.6,3
4659,1367.0,2159,2022E,92.2,3
4660,1293.0,2124,2022G,71.0,2
4661,1797.0,2149,2022E,90.7,3
4662,2224.0,2005,2024G,98.9,2
4663,1764.0,2116,2022G,81.9,2
4664,1271.0,2120,2021E,74.3,2
4665,1563.0,2063,2023E,76.5,3
4666,2628.0,2084,2024G,75.1,2
4667,2337.0,2008,2024E,72.7,2
4668,2139.0,2004,2023E,84.4,2
4669,1901.0,2003,2022E,85.4,2
4670,1456.0,2004,2022E,86.6,2
4671,2140.0,2083,2023G,76.8,3
4672,2290.0,2155,2024G,74.1,3
4673,2325.0,2155,2024G,72.9,3
4674,1593.0,2058,2023G,67.9,3
4675,2078.0,2051,2023G,65.9,3
4676,1014.0,2025,2022G,84.9,3
4677,1150.0,2001,2021G,73.0,2
4678,2421.0,2001,2023G,88.2,2
4679,1486.0,2032,2023E,68.5,2
4680,2652.0,2082,2024G,59.7,3
4681,2851.0,2149,2024E,70.2,3
4682,1329.0,2152,2021E,69.5,2
4683,2706.0,2086,2024E,85.2,3
4684,1675.0,2084,2022G,80.5,2
4685,1329.0,2145,2021G,81.2,3
4686,2761.0,2120,2024E,79.1,2
4687,1423.0,2204,2024G,62.1,2
4688,2297.0,2149,2023E,92.2,3
4689,1691.0,2003,2022E,74.3,2
4690,2182.0,2007,2024E,67.4,2
4691,1140.0,2001,2021G,74.1,2
4692,1140.0,2072,2023E,86.8,2
4693,1329.0,2164,2023G,69.1,2
4694,1795.0,2159,2023E,83.6,3
4695,1679.0,2104,2024E,77.8,2
4696,2719.0,2115,2024G,70.9,3
4697,1140.0,2051,2021G,85.1,3
4698,1238.0,2005,2022G,64.8,2
4699,1013.0,2046,2024E,79.7,3
4700,1357.0,2010,2023G,91.5,2
4701,1661.0,2104,2024E,48.2,2
4702,1039.0,2013,2024G,68.5,2
4703,1265.0,2004,2021E,68.4,2
4704,1131.0,2064,2022E,79.1,2
4705,2139.0,2086,2023E,88.8,3
4706,2698.0,2086,2024E,67.7,3
4707,1097.0,2010,2023G,90.4,2
4708,1031.0,2042,2024G,77.5,3
4709,2008.0,2007,2024E,96.8,2
4710,1805.0,2159,2023E,70.4,3
4711,2724.0,2118,2024E,80.0,3
4712,1270.0,2124,2022G,71.4,2
4713,1975.0,2023,2023E,98.9,3
4714,2095.0,2051,2023G,83.1,3
4715,1587.0,2006,2023G,70.3,2
4716,1369.0,2174,2024E,65.2,3
4717,1797.0,2158,2023E,75.2,3
4718,1013.0,2039,2023E,86.7,3
4719,2398.0,2177,2023G,85.0,3
4720,2724.0,2120,2024E,81.9,2
4721,1799.0,2166,2024E,58.6,3
4722,1400.0,2183,2021E,75.7,3
4723,1790.0,2152,2022E,66.3,2
4724,2047.0,2055,2023E,79.6,3
4725,1271.0,2127,2022E,67.9,3
4726,2073.0,2004,2023E,83.5,2
4727,2099.0,2003,2023E,76.3,2
4728,1685.0,2083,2022G,63.5,3
4729,1224.0,2004,2021E,77.5,2
4730,1561.0,2011,2024E,79.4,2
4731,1588.0,2052,2022G,78.1,2
4732,1633.0,2009,2024G,79.6,2
4733,2126.0,2083,2023G,66.8,3
4734,1052.0,2046,2024E,80.9,3
4735,2047.0,2052,2023G,84.3,2
4736,1087.0,2012,2023E,86.9,2
4737,1901.0,2185,2023G,94.5,3
4738,1013.0,2001,2021G,89.3,2
4739,1045.0,2006,2022G,86.3,2
4740,1486.0,2026,2023G,82.6,3
4741,1945.0,2028,2024G,87.2,2
4742,1295.0,2011,2023E,71.9,2
4743,1397.0,2009,2023G,77.5,2
4744,1262.0,2009,2023G,84.5,2
4745,1025.0,2028,2022G,72.1,2
4746,2290.0,2006,2024G,86.8,2
4747,1557.0,2055,2022E,91.5,3
4748,1039.0,2046,2024E,47.7,3
4749,1576.0,2063,2023E,78.6,3
4750,1025.0,2004,2021E,80.2,2
4751,1041.0,2004,2021E,90.0,2
4752,1637.0,2089,2023G,68.7,3
4753,1064.0,2010,2023G,64.5,2
4754,1369.0,2001,2021G,80.2,2
4755,1940.0,2025,2024G,67.2,3
4756,2339.0,2147,2023G,70.9,3
4757,2342.0,2147,2023G,73.4,3
4758,1031.0,2022,2021E,66.9,3
4759,2572.0,2056,2024E,91.7,2
4760,1986.0,2020,2023G,79.9,2
4761,1369.0,2166,2023E,67.4,3
4762,1593.0,2069,2024E,68.2,3
4763,1848.0,2159,2023E,72.6,3
4764,2342.0,2006,2024G,73.7,2
4765,1922.0,2185,2023G,70.9,3
4766,1886.0,2009,2024G,81.3,2
4767,2852.0,2145,2024G,78.8,3
4768,2833.0,2146,2024G,79.4,3
4769,1149.0,2062,2022E,82.3,3
4770,2132.0,2087,2023E,81.7,3
4771,1290.0,2002,2021G,96.5,2
4772,2727.0,2119,2024E,78.4,3
4773,2008.0,2023,2023E,84.2,3
4774,1349.0,2156,2022G,72.4,2
4775,1637.0,2094,2023E,78.8,3
4776,2325.0,2154,2024G,90.4,3
4777,2310.0,2155,2024G,88.4,3
4778,1400.0,2184,2021E,80.6,2
4779,1374.0,2003,2021E,71.5,2
4780,2370.0,2184,2023E,85.9,2
4781,1064.0,2007,2022E,67.3,2
4782,1284.0,2132,2023G,71.3,2
4783,1394.0,2199,2023E,70.3,3
4784,1349.0,2171,2024G,70.2,3
4785,1555.0,2064,2023E,83.4,2
4786,2106.0,2001,2023G,68.4,2
4787,1019.0,2043,2024G,69.9,3
4788,1805.0,2162,2024G,72.9,3
4789,1486.0,2023,2022E,69.4,3
4790,1803.0,2156,2023G,62.5,2
4791,1728.0,2115,2022G,80.1,3
4792,2071.0,2005,2024G,78.4,2
4793,1381.0,2007,2022E,84.8,2
4794,1467.0,2036,2024G,77.0,2
4795,1131.0,2074,2024G,73.0,3
4796,1341.0,2170,2024G,71.7,3
4797,1232.0,2106,2024G,64.7,3
4798,1713.0,2089,2023G,69.5,3
4799,1564.0,2004,2022E,87.9,2
4800,1328.0,2158,2022E,71.0,3
4801,2897.0,2179,2024G,79.5,3
4802,1746.0,2126,2023E,67.1,3
4803,1041.0,2027,2022G,69.9,3
4804,2763.0,2115,2024G,88.0,3
4805,1780.0,2133,2024E,68.8,3
4806,2916.0,2002,2024G,77.7,2
4807,1879.0,2007,2023E,63.4,2
4808,1786.0,2121,2023G,86.7,3
4809,1423.0,2189,2022E,82.7,3
4810,1779.0,2010,2024G,77.3,2
4811,1708.0,2083,2022G,83.5,3
4812,1324.0,2005,2022G,78.8,2
4813,1805.0,2152,2022E,82.5,2
4814,1481.0,2031,2023E,73.0,3
4815,1778.0,2128,2023E,65.7,2
4816,1674.0,2092,2023G,78.6,2
4817,2763.0,2119,2024E,76.9,3
4818,1094.0,2054,2021E,63.0,3
4819,1995.0,2027,2024G,58.9,3
4820,1772.0,2135,2024E,77.1,3
4821,1045.0,2027,2022G,85.1,3
4822,1265.0,2131,2023G,67.1,3
4823,1232.0,2097,2023G,76.2,3
4824,1478.0,2020,2022G,89.1,2
4825,2231.0,2124,2024G,80.3,2
4826,1402.0,2208,2024E,82.2,2
4827,1821.0,2012,2024E,89.9,2
4828,1713.0,2103,2024E,66.7,3
4829,2698.0,2082,2024G,88.8,3
4830,2489.0,2001,2024G,82.0,2
4831,1568.0,2007,2023E,69.8,2
4832,1370.0,2015,2024E,92.3,6
4833,1265.0,2003,2021E,84.3,2
4834,1876.0,2189,2023E,70.2,3
4835,2047.0,2057,2024G,96.2,3
4836,1610.0,2053,2022E,85.3,3
4837,1917.0,2003,2022E,76.2,2
4838,1799.0,2154,2023G,67.5,3
4839,2179.0,2094,2024E,100.0,3
4840,1027.0,2037,2023E,66.0,3
4841,2107.0,2007,2024E,89.9,2
4842,2224.0,2006,2024G,87.6,2
4843,2295.0,2148,2023G,77.5,2
4844,1668.0,2006,2023G,72.0,2
4845,1027.0,2002,2021G,74.2,2
4846,1164.0,2001,2021G,78.6,2
4847,1149.0,2002,2021G,98.6,2
4848,2155.0,2090,2024G,86.7,3
4849,1816.0,2153,2023G,86.7,3
4850,1049.0,2043,2024G,73.2,3
4851,1317.0,2014,2024G,66.2,2
4852,2489.0,2019,2024G,78.7,3
4853,1800.0,2148,2022G,75.9,2
4854,1884.0,2005,2023G,84.3,2
4855,1181.0,2104,2023E,70.1,2
4856,1800.0,2160,2023E,70.4,2
4857,2066.0,2055,2023E,75.5,3
4858,1317.0,2013,2024G,76.7,2
4859,1360.0,2171,2024G,67.8,3
4860,1441.0,2203,2024G,70.4,3
4861,1876.0,2004,2022E,75.7,2
4862,2274.0,2006,2024G,72.3,2
4863,2175.0,2003,2023E,64.4,2
4864,1772.0,2136,2024E,80.4,2
4865,2109.0,2001,2023G,73.9,2
4866,1329.0,2169,2024G,78.9,3
4867,2041.0,2055,2023E,77.5,3
4868,2083.0,2054,2023E,72.5,3
4869,2052.0,2059,2024G,75.7,3
4870,2132.0,2006,2024G,81.2,2
4871,1848.0,2148,2022G,77.0,2
4872,1917.0,2192,2023E,86.8,2
4873,1041.0,2046,2024E,67.6,3
4874,1544.0,2007,2023E,87.0,2
4875,1593.0,2011,2024E,65.4,2
4876,1270.0,2117,2021E,72.6,3
4877,1164.0,2072,2023E,68.1,2
4878,1238.0,2108,2024G,61.7,2
4879,1349.0,2152,2021E,73.9,2
4880,1270.0,2141,2024E,68.5,3
4881,1790.0,2008,2023E,77.3,2
4882,1095.0,2078,2024E,64.2,3
4883,2531.0,2001,2024G,70.8,2
4884,1095.0,2075,2024G,59.2,3
4885,1699.0,2104,2024E,65.5,2
4886,2457.0,2022,2024E,81.8,3
4887,1354.0,2153,2022G,81.8,3
4888,1587.0,2068,2024G,67.7,2
4889,2314.0,2007,2024E,69.6,2
4890,1023.0,2030,2022E,71.7,3
4891,2553.0,2049,2024G,70.0,3
4892,1876.0,2196,2024G,66.2,2
4893,1563.0,2070,2024E,82.9,3
4894,1381.0,2167,2023E,86.6,3
4895,1400.0,2197,2023E,61.4,3
4896,1366.0,2161,2023G,79.5,3
4897,1561.0,2069,2024E,70.4,3
4898,1474.0,2020,2022G,80.9,2
4899,2932.0,2183,2024E,56.1,3
4900,1262.0,2010,2023G,85.6,2
4901,1013.0,2009,2023G,94.7,2
4902,1085.0,2018,2021G,70.7,3
4903,1961.0,2021,2023E,80.0,3
4904,1642.0,2083,2022G,75.3,3
4905,1795.0,2158,2023E,84.6,3
4906,1245.0,2015,2024E,80.6,6
4907,2335.0,2146,2023G,79.2,3
4908,1369.0,2147,2021G,71.5,3
4909,1001.0,2039,2023E,93.2,3
4910,1564.0,2072,2024E,79.1,2
4911,1848.0,2152,2022E,68.7,2
4912,1456.0,2009,2024G,79.3,2
4913,1802.0,2011,2024E,91.7,2
4914,2421.0,2179,2023G,73.7,3
4915,1717.0,2117,2022E,69.5,3
4916,1227.0,2089,2022G,77.5,3
4917,2939.0,2181,2024E,85.0,3
4918,1085.0,2002,2021G,76.6,2
4919,1708.0,2012,2024E,98.7,2
4920,2487.0,2020,2024G,70.9,2
4921,1718.0,2001,2022G,80.1,2
4922,2829.0,2148,2024G,61.8,2
4923,1295.0,2007,2022E,82.4,2
4924,2398.0,2178,2023G,70.8,3
4925,1603.0,2011,2024E,100.0,2
4926,2382.0,2004,2023E,85.2,2
4927,1227.0,2016,2024E,79.8,2
4928,1695.0,2097,2024G,80.6,3
4929,1149.0,2074,2024G,79.2,3
4930,2239.0,2119,2023E,75.9,3
4931,2222.0,2116,2023G,76.6,2
4932,2224.0,2008,2024E,91.6,2
4933,1402.0,2197,2023E,77.4,3
4934,2318.0,2002,2023G,82.3,2
4935,1937.0,2027,2024G,80.6,3
4936,1045.0,2030,2022E,80.0,3
4937,2761.0,2115,2024G,84.8,3
4938,1235.0,2007,2022E,77.6,2
4939,2580.0,2056,2024E,79.3,2
4940,2322.0,2001,2023G,88.2,2
4941,1140.0,2079,2024E,66.2,3
4942,1164.0,2011,2023E,88.4,2
4943,2292.0,2003,2023E,75.6,2
4944,1208.0,2013,2024G,79.2,2
4945,2004.0,2032,2024E,55.8,2
4946,2175.0,2083,2023G,70.2,3
4947,1778.0,2114,2022G,67.3,3
4948,1181.0,2007,2022E,80.2,2
4949,2900.0,2182,2024E,70.0,3
4950,1341.0,2011,2023E,79.9,2
4951,1797.0,2012,2024E,87.5,2
4952,2200.0,2084,2023G,68.9,2
4953,1703.0,2100,2024G,78.6,2
4954,2579.0,2049,2024G,77.1,3
4955,1177.0,2004,2021E,100.0,2
4956,2400.0,2184,2023E,86.2,2
4957,1467.0,2001,2022G,68.5,2
4958,1665.0,2084,2022G,74.6,2
4959,1381.0,2176,2024E,81.0,2
4960,2320.0,2153,2024G,72.8,3
4961,1557.0,2071,2024E,84.0,3
4962,1031.0,2024,2021E,81.3,2
4963,2329.0,2001,2023G,76.7,2
4964,2008.0,2032,2024E,94.2,2
4965,1034.0,2015,2024E,95.8,6
4966,2059.0,2064,2024E,70.2,2
4967,1388.0,2199,2023E,89.5,3
4968,1426.0,2185,2022G,84.1,3
4969,1884.0,2188,2023G,80.1,2
4970,1661.0,2089,2023G,59.0,3
4971,2200.0,2088,2023E,71.9,2
4972,2224.0,2128,2024E,80.8,2
4973,2077.0,2050,2023G,86.5,3
4974,2318.0,2153,2024G,80.1,3
4975,1174.0,2001,2021G,91.6,2
4976,2818.0,2147,2024G,78.7,3
4977,2178.0,2092,2024G,80.1,2
4978,2189.0,2091,2024G,94.1,3
4979,1603.0,2051,2022G,87.8,3
4980,1149.0,2066,2023G,88.7,3
4981,1232.0,2100,2023G,73.8,2
4982,1164.0,2071,2023E,86.1,3
4983,1589.0,2001,2022G,67.2,2
4984,2214.0,2002,2023G,60.1,2
4985,2760.0,2115,2024G,90.5,3
4986,1879.0,2184,2022E,66.9,2
4987,2103.0,2064,2024E,66.8,2
4988,1708.0,2005,2023G,87.9,2
4989,2295.0,2151,2023E,95.8,3
4990,1555.0,2065,2024G,83.3,3
4991,1598.0,2001,2022G,93.7,2
4992,1265.0,2011,2023E,89.8,2
4993,1699.0,2087,2022E,68.9,3
4994,1247.0,2001,2021G,72.9,2
4995,1848.0,2149,2022E,62.4,3
4996,2818.0,2004,2024E,78.7,2
4997,1292.0,2114,2021G,80.3,3
4998,1208.0,2003,2021E,74.0,2
4999,1247.0,2102,2023E,65.9,3
5000,1423.0,2009,2023G,100.0,2
900001,888888.0,2012,2023E,73.9,2
900002,1354.0,777777,2021G,100.0,2
900003,2898.0,2180,2024G,93.3,2
900004,1922.0,2011,2024E,145.0,2
900005,1001.0,2027,2022G,-10.0,3
900006,,2115,2024G,88.7,3
900007,1150.0,2061,2099X,58.3,3
